[2025-08-13 13:32:46] ERROR - trueAlign.shift - shift_templates:2030 - Shift templates error: Cannot resolve keyword 'is_template' into field. Choices are: assignments, attendance, break_duration, created_at, custom_work_days, end_time, grace_period, id, is_active, name, shift_duration, start_time, updated_at, work_days
[2025-08-13 13:32:46] ERROR - trueAlign.shift - shift_settings:1988 - Shift settings error: shift/settings/index.html
[2025-08-13 13:32:50] ERROR - django.request - log_response:241 - Internal Server Error: /shift/assignments/assign/
Traceback (most recent call last):
  File "/opt/anaconda3/envs/aps/lib/python3.10/site-packages/django/core/handlers/exception.py", line 55, in inner
    response = get_response(request)
  File "/opt/anaconda3/envs/aps/lib/python3.10/site-packages/django/core/handlers/base.py", line 197, in _get_response
    response = wrapped_callback(request, *callback_args, **callback_kwargs)
  File "/opt/anaconda3/envs/aps/lib/python3.10/site-packages/django/contrib/auth/decorators.py", line 23, in _wrapper_view
    return view_func(request, *args, **kwargs)
  File "/Users/harshalsmac/WORK/ardur/ardurHome/trueAlign/shift/decorators.py", line 53, in wrapper_func
    return view_func(request, *args, **kwargs)
  File "/Users/harshalsmac/WORK/ardur/ardurHome/trueAlign/shift/views.py", line 461, in assign_shift
    return render(request, 'shift/assign_form.html', context)
  File "/opt/anaconda3/envs/aps/lib/python3.10/site-packages/django/shortcuts.py", line 25, in render
    content = loader.render_to_string(template_name, context, request, using=using)
  File "/opt/anaconda3/envs/aps/lib/python3.10/site-packages/django/template/loader.py", line 61, in render_to_string
    template = get_template(template_name, using=using)
  File "/opt/anaconda3/envs/aps/lib/python3.10/site-packages/django/template/loader.py", line 19, in get_template
    raise TemplateDoesNotExist(template_name, chain=chain)
django.template.exceptions.TemplateDoesNotExist: shift/assign_form.html
[2025-08-13 13:32:52] ERROR - django.request - log_response:241 - Internal Server Error: /shift/assignments/bulk/
Traceback (most recent call last):
  File "/opt/anaconda3/envs/aps/lib/python3.10/site-packages/django/core/handlers/exception.py", line 55, in inner
    response = get_response(request)
  File "/opt/anaconda3/envs/aps/lib/python3.10/site-packages/django/core/handlers/base.py", line 197, in _get_response
    response = wrapped_callback(request, *callback_args, **callback_kwargs)
  File "/opt/anaconda3/envs/aps/lib/python3.10/site-packages/django/contrib/auth/decorators.py", line 23, in _wrapper_view
    return view_func(request, *args, **kwargs)
  File "/Users/harshalsmac/WORK/ardur/ardurHome/trueAlign/shift/decorators.py", line 53, in wrapper_func
    return view_func(request, *args, **kwargs)
  File "/Users/harshalsmac/WORK/ardur/ardurHome/trueAlign/shift/views.py", line 523, in bulk_assign_shift
    return render(request, 'shift/bulk_assign_form.html', context)
  File "/opt/anaconda3/envs/aps/lib/python3.10/site-packages/django/shortcuts.py", line 25, in render
    content = loader.render_to_string(template_name, context, request, using=using)
  File "/opt/anaconda3/envs/aps/lib/python3.10/site-packages/django/template/loader.py", line 61, in render_to_string
    template = get_template(template_name, using=using)
  File "/opt/anaconda3/envs/aps/lib/python3.10/site-packages/django/template/loader.py", line 19, in get_template
    raise TemplateDoesNotExist(template_name, chain=chain)
django.template.exceptions.TemplateDoesNotExist: shift/bulk_assign_form.html
[2025-08-13 13:32:53] ERROR - django.request - log_response:241 - Internal Server Error: /shift/assignments/upload/
Traceback (most recent call last):
  File "/opt/anaconda3/envs/aps/lib/python3.10/site-packages/django/core/handlers/exception.py", line 55, in inner
    response = get_response(request)
  File "/opt/anaconda3/envs/aps/lib/python3.10/site-packages/django/core/handlers/base.py", line 197, in _get_response
    response = wrapped_callback(request, *callback_args, **callback_kwargs)
  File "/opt/anaconda3/envs/aps/lib/python3.10/site-packages/django/contrib/auth/decorators.py", line 23, in _wrapper_view
    return view_func(request, *args, **kwargs)
  File "/Users/harshalsmac/WORK/ardur/ardurHome/trueAlign/shift/decorators.py", line 53, in wrapper_func
    return view_func(request, *args, **kwargs)
  File "/Users/harshalsmac/WORK/ardur/ardurHome/trueAlign/shift/views.py", line 905, in csv_upload_assignments
    return render(request, 'shift/csv_upload_form.html', context)
  File "/opt/anaconda3/envs/aps/lib/python3.10/site-packages/django/shortcuts.py", line 25, in render
    content = loader.render_to_string(template_name, context, request, using=using)
  File "/opt/anaconda3/envs/aps/lib/python3.10/site-packages/django/template/loader.py", line 61, in render_to_string
    template = get_template(template_name, using=using)
  File "/opt/anaconda3/envs/aps/lib/python3.10/site-packages/django/template/loader.py", line 19, in get_template
    raise TemplateDoesNotExist(template_name, chain=chain)
django.template.exceptions.TemplateDoesNotExist: shift/csv_upload_form.html
[2025-08-13 13:32:59] ERROR - trueAlign.shift - user_shift_calendar:630 - Calendar error for user None: shift/calendar.html
[2025-08-13 13:33:01] ERROR - trueAlign.shift - shift_schedule_view:669 - Schedule view error: ShiftService.get_shift_schedule_for_date() takes 2 positional arguments but 3 were given
[2025-08-13 13:33:02] ERROR - trueAlign.shift - holiday_list:705 - Holiday list error: shift/holiday_list.html
[2025-08-13 13:33:02] ERROR - django.request - log_response:241 - Internal Server Error: /shift/holidays/
Traceback (most recent call last):
  File "/Users/harshalsmac/WORK/ardur/ardurHome/trueAlign/shift/views.py", line 702, in holiday_list
    return render(request, 'shift/holiday_list.html', context)
  File "/opt/anaconda3/envs/aps/lib/python3.10/site-packages/django/shortcuts.py", line 25, in render
    content = loader.render_to_string(template_name, context, request, using=using)
  File "/opt/anaconda3/envs/aps/lib/python3.10/site-packages/django/template/loader.py", line 61, in render_to_string
    template = get_template(template_name, using=using)
  File "/opt/anaconda3/envs/aps/lib/python3.10/site-packages/django/template/loader.py", line 19, in get_template
    raise TemplateDoesNotExist(template_name, chain=chain)
django.template.exceptions.TemplateDoesNotExist: shift/holiday_list.html

During handling of the above exception, another exception occurred:

Traceback (most recent call last):
  File "/opt/anaconda3/envs/aps/lib/python3.10/site-packages/django/core/handlers/exception.py", line 55, in inner
    response = get_response(request)
  File "/opt/anaconda3/envs/aps/lib/python3.10/site-packages/django/core/handlers/base.py", line 197, in _get_response
    response = wrapped_callback(request, *callback_args, **callback_kwargs)
  File "/opt/anaconda3/envs/aps/lib/python3.10/site-packages/django/contrib/auth/decorators.py", line 23, in _wrapper_view
    return view_func(request, *args, **kwargs)
  File "/Users/harshalsmac/WORK/ardur/ardurHome/trueAlign/shift/views.py", line 707, in holiday_list
    return render(request, 'shift/holiday_list.html', {'holidays': []})
  File "/opt/anaconda3/envs/aps/lib/python3.10/site-packages/django/shortcuts.py", line 25, in render
    content = loader.render_to_string(template_name, context, request, using=using)
  File "/opt/anaconda3/envs/aps/lib/python3.10/site-packages/django/template/loader.py", line 61, in render_to_string
    template = get_template(template_name, using=using)
  File "/opt/anaconda3/envs/aps/lib/python3.10/site-packages/django/template/loader.py", line 19, in get_template
    raise TemplateDoesNotExist(template_name, chain=chain)
django.template.exceptions.TemplateDoesNotExist: shift/holiday_list.html
[2025-08-13 13:33:40] ERROR - django.request - log_response:241 - Internal Server Error: /shift/assignments/upload/
Traceback (most recent call last):
  File "/opt/anaconda3/envs/aps/lib/python3.10/site-packages/django/core/handlers/exception.py", line 55, in inner
    response = get_response(request)
  File "/opt/anaconda3/envs/aps/lib/python3.10/site-packages/django/core/handlers/base.py", line 197, in _get_response
    response = wrapped_callback(request, *callback_args, **callback_kwargs)
  File "/opt/anaconda3/envs/aps/lib/python3.10/site-packages/django/contrib/auth/decorators.py", line 23, in _wrapper_view
    return view_func(request, *args, **kwargs)
  File "/Users/harshalsmac/WORK/ardur/ardurHome/trueAlign/shift/decorators.py", line 53, in wrapper_func
    return view_func(request, *args, **kwargs)
  File "/Users/harshalsmac/WORK/ardur/ardurHome/trueAlign/shift/views.py", line 905, in csv_upload_assignments
    return render(request, 'shift/csv_upload_form.html', context)
  File "/opt/anaconda3/envs/aps/lib/python3.10/site-packages/django/shortcuts.py", line 25, in render
    content = loader.render_to_string(template_name, context, request, using=using)
  File "/opt/anaconda3/envs/aps/lib/python3.10/site-packages/django/template/loader.py", line 61, in render_to_string
    template = get_template(template_name, using=using)
  File "/opt/anaconda3/envs/aps/lib/python3.10/site-packages/django/template/loader.py", line 19, in get_template
    raise TemplateDoesNotExist(template_name, chain=chain)
django.template.exceptions.TemplateDoesNotExist: shift/csv_upload_form.html
[2025-08-13 13:35:23] ERROR - trueAlign.shift - shift_schedule_view:669 - Schedule view error: ShiftService.get_shift_schedule_for_date() takes 2 positional arguments but 3 were given
[2025-08-13 13:37:12] INFO - django.utils.autoreload - trigger_reload:266 - /Users/harshalsmac/WORK/ardur/ardurHome/trueAlign/shift/views.py changed, reloading.
[2025-08-13 13:37:17] INFO - django.utils.autoreload - run_with_reloader:668 - Watching for file changes with StatReloader
[2025-08-13 13:38:02] INFO - django.utils.autoreload - trigger_reload:266 - /Users/harshalsmac/WORK/ardur/ardurHome/trueAlign/shift/views.py changed, reloading.
[2025-08-13 13:38:04] INFO - django.utils.autoreload - run_with_reloader:668 - Watching for file changes with StatReloader
[2025-08-13 13:38:47] ERROR - trueAlign.shift - api_user_shift_status:1089 - API user status error: 'ShiftMaster' object has no attribute 'shift'
[2025-08-13 13:38:47] ERROR - django.request - log_response:241 - Internal Server Error: /shift/api/users/9/status/
[2025-08-13 13:38:50] ERROR - trueAlign.shift - api_shift_details:1017 - API shift details error: 'ShiftMaster' object has no attribute 'description'
[2025-08-13 13:38:50] ERROR - django.request - log_response:241 - Internal Server Error: /shift/api/shifts/1/
[2025-08-13 13:38:52] ERROR - trueAlign.shift - api_check_conflicts:1268 - API check conflicts error: No User matches the given query.
[2025-08-13 13:38:52] ERROR - django.request - log_response:241 - Internal Server Error: /shift/api/conflicts/check/
[2025-08-13 13:38:54] ERROR - trueAlign.shift - api_check_conflicts:1268 - API check conflicts error: No User matches the given query.
[2025-08-13 13:38:54] ERROR - django.request - log_response:241 - Internal Server Error: /shift/api/conflicts/check/
[2025-08-13 13:39:06] ERROR - trueAlign.shift - api_shift_details:1017 - API shift details error: 'ShiftMaster' object has no attribute 'description'
[2025-08-13 13:39:06] ERROR - django.request - log_response:241 - Internal Server Error: /shift/api/shifts/1/
[2025-08-13 13:39:31] ERROR - trueAlign.shift - api_shift_details:1017 - API shift details error: 'ShiftMaster' object has no attribute 'description'
[2025-08-13 13:39:31] ERROR - django.request - log_response:241 - Internal Server Error: /shift/api/shifts/1/
[2025-08-13 13:43:38] INFO - django.utils.autoreload - trigger_reload:266 - /Users/harshalsmac/WORK/ardur/ardurHome/trueAlign/shift/views.py changed, reloading.
[2025-08-13 13:43:39] INFO - django.utils.autoreload - run_with_reloader:668 - Watching for file changes with StatReloader
[2025-08-13 13:43:52] INFO - django.utils.autoreload - trigger_reload:266 - /Users/harshalsmac/WORK/ardur/ardurHome/trueAlign/shift/urls.py changed, reloading.
[2025-08-13 13:43:53] INFO - django.utils.autoreload - run_with_reloader:668 - Watching for file changes with StatReloader
[2025-08-13 13:45:01] ERROR - django.request - log_response:241 - Internal Server Error: /shift/assignments/bulk/
Traceback (most recent call last):
  File "/opt/anaconda3/envs/aps/lib/python3.10/site-packages/django/core/handlers/exception.py", line 55, in inner
    response = get_response(request)
  File "/opt/anaconda3/envs/aps/lib/python3.10/site-packages/django/core/handlers/base.py", line 197, in _get_response
    response = wrapped_callback(request, *callback_args, **callback_kwargs)
  File "/opt/anaconda3/envs/aps/lib/python3.10/site-packages/django/contrib/auth/decorators.py", line 23, in _wrapper_view
    return view_func(request, *args, **kwargs)
  File "/Users/harshalsmac/WORK/ardur/ardurHome/trueAlign/shift/decorators.py", line 53, in wrapper_func
    return view_func(request, *args, **kwargs)
  File "/Users/harshalsmac/WORK/ardur/ardurHome/trueAlign/shift/views.py", line 589, in bulk_assign_shift
    return render(request, 'shift/bulk_assign_form.html', context)
  File "/opt/anaconda3/envs/aps/lib/python3.10/site-packages/django/shortcuts.py", line 25, in render
    content = loader.render_to_string(template_name, context, request, using=using)
  File "/opt/anaconda3/envs/aps/lib/python3.10/site-packages/django/template/loader.py", line 61, in render_to_string
    template = get_template(template_name, using=using)
  File "/opt/anaconda3/envs/aps/lib/python3.10/site-packages/django/template/loader.py", line 19, in get_template
    raise TemplateDoesNotExist(template_name, chain=chain)
django.template.exceptions.TemplateDoesNotExist: shift/bulk_assign_form.html
[2025-08-13 13:45:50] ERROR - django.request - log_response:241 - Internal Server Error: /shift/assignments/bulk/
Traceback (most recent call last):
  File "/opt/anaconda3/envs/aps/lib/python3.10/site-packages/django/core/handlers/exception.py", line 55, in inner
    response = get_response(request)
  File "/opt/anaconda3/envs/aps/lib/python3.10/site-packages/django/core/handlers/base.py", line 197, in _get_response
    response = wrapped_callback(request, *callback_args, **callback_kwargs)
  File "/opt/anaconda3/envs/aps/lib/python3.10/site-packages/django/contrib/auth/decorators.py", line 23, in _wrapper_view
    return view_func(request, *args, **kwargs)
  File "/Users/harshalsmac/WORK/ardur/ardurHome/trueAlign/shift/decorators.py", line 53, in wrapper_func
    return view_func(request, *args, **kwargs)
  File "/Users/harshalsmac/WORK/ardur/ardurHome/trueAlign/shift/views.py", line 589, in bulk_assign_shift
    return render(request, 'shift/bulk_assign_form.html', context)
  File "/opt/anaconda3/envs/aps/lib/python3.10/site-packages/django/shortcuts.py", line 25, in render
    content = loader.render_to_string(template_name, context, request, using=using)
  File "/opt/anaconda3/envs/aps/lib/python3.10/site-packages/django/template/loader.py", line 61, in render_to_string
    template = get_template(template_name, using=using)
  File "/opt/anaconda3/envs/aps/lib/python3.10/site-packages/django/template/loader.py", line 19, in get_template
    raise TemplateDoesNotExist(template_name, chain=chain)
django.template.exceptions.TemplateDoesNotExist: shift/bulk_assign_form.html
[2025-08-13 13:47:37] INFO - django.utils.autoreload - run_with_reloader:668 - Watching for file changes with StatReloader
[2025-08-13 13:47:52] ERROR - trueAlign.shift - conflict_dashboard:2127 - Conflict dashboard error: ConflictDetector.check_assignment_conflicts() got an unexpected keyword argument 'user_id'
[2025-08-13 13:48:00] ERROR - trueAlign.shift - shift_settings:2054 - Shift settings error: shift/settings/index.html
[2025-08-13 13:48:04] ERROR - trueAlign.shift - report_assignments:1839 - Report assignments error: shift/reports/assignments.html
[2025-08-13 13:56:43] ERROR - trueAlign.shift - shift_dashboard:106 - Dashboard error for user 6: Invalid block tag on line 547: 'endfor', expected 'elif', 'else' or 'endif'. Did you forget to register or load this tag?
[2025-08-13 13:56:43] ERROR - django.request - log_response:241 - Internal Server Error: /shift/
Traceback (most recent call last):
  File "/opt/anaconda3/envs/aps/lib/python3.10/site-packages/django/template/base.py", line 502, in parse
    compile_func = self.tags[command]
KeyError: 'endfor'

During handling of the above exception, another exception occurred:

Traceback (most recent call last):
  File "/Users/harshalsmac/WORK/ardur/ardurHome/trueAlign/shift/views.py", line 103, in shift_dashboard
    return render(request, 'shift/dashboard.html', context)
  File "/opt/anaconda3/envs/aps/lib/python3.10/site-packages/django/shortcuts.py", line 25, in render
    content = loader.render_to_string(template_name, context, request, using=using)
  File "/opt/anaconda3/envs/aps/lib/python3.10/site-packages/django/template/loader.py", line 62, in render_to_string
    return template.render(context, request)
  File "/opt/anaconda3/envs/aps/lib/python3.10/site-packages/django/template/backends/django.py", line 61, in render
    return self.template.render(context)
  File "/opt/anaconda3/envs/aps/lib/python3.10/site-packages/django/template/base.py", line 171, in render
    return self._render(context)
  File "/opt/anaconda3/envs/aps/lib/python3.10/site-packages/django/template/base.py", line 163, in _render
    return self.nodelist.render(context)
  File "/opt/anaconda3/envs/aps/lib/python3.10/site-packages/django/template/base.py", line 1000, in render
    return SafeString("".join([node.render_annotated(context) for node in self]))
  File "/opt/anaconda3/envs/aps/lib/python3.10/site-packages/django/template/base.py", line 1000, in <listcomp>
    return SafeString("".join([node.render_annotated(context) for node in self]))
  File "/opt/anaconda3/envs/aps/lib/python3.10/site-packages/django/template/base.py", line 961, in render_annotated
    return self.render(context)
  File "/opt/anaconda3/envs/aps/lib/python3.10/site-packages/django/template/loader_tags.py", line 134, in render
    compiled_parent = self.get_parent(context)
  File "/opt/anaconda3/envs/aps/lib/python3.10/site-packages/django/template/loader_tags.py", line 131, in get_parent
    return self.find_template(parent, context)
  File "/opt/anaconda3/envs/aps/lib/python3.10/site-packages/django/template/loader_tags.py", line 109, in find_template
    template, origin = context.template.engine.find_template(
  File "/opt/anaconda3/envs/aps/lib/python3.10/site-packages/django/template/engine.py", line 159, in find_template
    template = loader.get_template(name, skip=skip)
  File "/opt/anaconda3/envs/aps/lib/python3.10/site-packages/django/template/loaders/cached.py", line 57, in get_template
    template = super().get_template(template_name, skip)
  File "/opt/anaconda3/envs/aps/lib/python3.10/site-packages/django/template/loaders/base.py", line 28, in get_template
    return Template(
  File "/opt/anaconda3/envs/aps/lib/python3.10/site-packages/django/template/base.py", line 154, in __init__
    self.nodelist = self.compile_nodelist()
  File "/opt/anaconda3/envs/aps/lib/python3.10/site-packages/django/template/base.py", line 196, in compile_nodelist
    return parser.parse()
  File "/opt/anaconda3/envs/aps/lib/python3.10/site-packages/django/template/base.py", line 510, in parse
    raise self.error(token, e)
  File "/opt/anaconda3/envs/aps/lib/python3.10/site-packages/django/template/base.py", line 508, in parse
    compiled_result = compile_func(self, token)
  File "/opt/anaconda3/envs/aps/lib/python3.10/site-packages/django/template/defaulttags.py", line 961, in do_if
    nodelist = parser.parse(("elif", "else", "endif"))
  File "/opt/anaconda3/envs/aps/lib/python3.10/site-packages/django/template/base.py", line 510, in parse
    raise self.error(token, e)
  File "/opt/anaconda3/envs/aps/lib/python3.10/site-packages/django/template/base.py", line 508, in parse
    compiled_result = compile_func(self, token)
  File "/opt/anaconda3/envs/aps/lib/python3.10/site-packages/django/template/defaulttags.py", line 861, in do_for
    nodelist_loop = parser.parse(
  File "/opt/anaconda3/envs/aps/lib/python3.10/site-packages/django/template/base.py", line 510, in parse
    raise self.error(token, e)
  File "/opt/anaconda3/envs/aps/lib/python3.10/site-packages/django/template/base.py", line 508, in parse
    compiled_result = compile_func(self, token)
  File "/opt/anaconda3/envs/aps/lib/python3.10/site-packages/django/template/defaulttags.py", line 969, in do_if
    nodelist = parser.parse(("elif", "else", "endif"))
  File "/opt/anaconda3/envs/aps/lib/python3.10/site-packages/django/template/base.py", line 504, in parse
    self.invalid_block_tag(token, command, parse_until)
  File "/opt/anaconda3/envs/aps/lib/python3.10/site-packages/django/template/base.py", line 555, in invalid_block_tag
    raise self.error(
django.template.exceptions.TemplateSyntaxError: Invalid block tag on line 547: 'endfor', expected 'elif', 'else' or 'endif'. Did you forget to register or load this tag?

During handling of the above exception, another exception occurred:

Traceback (most recent call last):
  File "/opt/anaconda3/envs/aps/lib/python3.10/site-packages/django/template/base.py", line 502, in parse
    compile_func = self.tags[command]
KeyError: 'endfor'

During handling of the above exception, another exception occurred:

Traceback (most recent call last):
  File "/opt/anaconda3/envs/aps/lib/python3.10/site-packages/django/core/handlers/exception.py", line 55, in inner
    response = get_response(request)
  File "/opt/anaconda3/envs/aps/lib/python3.10/site-packages/django/core/handlers/base.py", line 197, in _get_response
    response = wrapped_callback(request, *callback_args, **callback_kwargs)
  File "/opt/anaconda3/envs/aps/lib/python3.10/site-packages/django/contrib/auth/decorators.py", line 23, in _wrapper_view
    return view_func(request, *args, **kwargs)
  File "/Users/harshalsmac/WORK/ardur/ardurHome/trueAlign/shift/views.py", line 108, in shift_dashboard
    return render(request, 'shift/dashboard.html', {'error': True})
  File "/opt/anaconda3/envs/aps/lib/python3.10/site-packages/django/shortcuts.py", line 25, in render
    content = loader.render_to_string(template_name, context, request, using=using)
  File "/opt/anaconda3/envs/aps/lib/python3.10/site-packages/django/template/loader.py", line 62, in render_to_string
    return template.render(context, request)
  File "/opt/anaconda3/envs/aps/lib/python3.10/site-packages/django/template/backends/django.py", line 61, in render
    return self.template.render(context)
  File "/opt/anaconda3/envs/aps/lib/python3.10/site-packages/django/template/base.py", line 171, in render
    return self._render(context)
  File "/opt/anaconda3/envs/aps/lib/python3.10/site-packages/django/template/base.py", line 163, in _render
    return self.nodelist.render(context)
  File "/opt/anaconda3/envs/aps/lib/python3.10/site-packages/django/template/base.py", line 1000, in render
    return SafeString("".join([node.render_annotated(context) for node in self]))
  File "/opt/anaconda3/envs/aps/lib/python3.10/site-packages/django/template/base.py", line 1000, in <listcomp>
    return SafeString("".join([node.render_annotated(context) for node in self]))
  File "/opt/anaconda3/envs/aps/lib/python3.10/site-packages/django/template/base.py", line 961, in render_annotated
    return self.render(context)
  File "/opt/anaconda3/envs/aps/lib/python3.10/site-packages/django/template/loader_tags.py", line 134, in render
    compiled_parent = self.get_parent(context)
  File "/opt/anaconda3/envs/aps/lib/python3.10/site-packages/django/template/loader_tags.py", line 131, in get_parent
    return self.find_template(parent, context)
  File "/opt/anaconda3/envs/aps/lib/python3.10/site-packages/django/template/loader_tags.py", line 109, in find_template
    template, origin = context.template.engine.find_template(
  File "/opt/anaconda3/envs/aps/lib/python3.10/site-packages/django/template/engine.py", line 159, in find_template
    template = loader.get_template(name, skip=skip)
  File "/opt/anaconda3/envs/aps/lib/python3.10/site-packages/django/template/loaders/cached.py", line 57, in get_template
    template = super().get_template(template_name, skip)
  File "/opt/anaconda3/envs/aps/lib/python3.10/site-packages/django/template/loaders/base.py", line 28, in get_template
    return Template(
  File "/opt/anaconda3/envs/aps/lib/python3.10/site-packages/django/template/base.py", line 154, in __init__
    self.nodelist = self.compile_nodelist()
  File "/opt/anaconda3/envs/aps/lib/python3.10/site-packages/django/template/base.py", line 196, in compile_nodelist
    return parser.parse()
  File "/opt/anaconda3/envs/aps/lib/python3.10/site-packages/django/template/base.py", line 510, in parse
    raise self.error(token, e)
  File "/opt/anaconda3/envs/aps/lib/python3.10/site-packages/django/template/base.py", line 508, in parse
    compiled_result = compile_func(self, token)
  File "/opt/anaconda3/envs/aps/lib/python3.10/site-packages/django/template/defaulttags.py", line 961, in do_if
    nodelist = parser.parse(("elif", "else", "endif"))
  File "/opt/anaconda3/envs/aps/lib/python3.10/site-packages/django/template/base.py", line 510, in parse
    raise self.error(token, e)
  File "/opt/anaconda3/envs/aps/lib/python3.10/site-packages/django/template/base.py", line 508, in parse
    compiled_result = compile_func(self, token)
  File "/opt/anaconda3/envs/aps/lib/python3.10/site-packages/django/template/defaulttags.py", line 861, in do_for
    nodelist_loop = parser.parse(
  File "/opt/anaconda3/envs/aps/lib/python3.10/site-packages/django/template/base.py", line 510, in parse
    raise self.error(token, e)
  File "/opt/anaconda3/envs/aps/lib/python3.10/site-packages/django/template/base.py", line 508, in parse
    compiled_result = compile_func(self, token)
  File "/opt/anaconda3/envs/aps/lib/python3.10/site-packages/django/template/defaulttags.py", line 969, in do_if
    nodelist = parser.parse(("elif", "else", "endif"))
  File "/opt/anaconda3/envs/aps/lib/python3.10/site-packages/django/template/base.py", line 504, in parse
    self.invalid_block_tag(token, command, parse_until)
  File "/opt/anaconda3/envs/aps/lib/python3.10/site-packages/django/template/base.py", line 555, in invalid_block_tag
    raise self.error(
django.template.exceptions.TemplateSyntaxError: Invalid block tag on line 547: 'endfor', expected 'elif', 'else' or 'endif'. Did you forget to register or load this tag?
[2025-08-13 14:01:54] ERROR - django.request - log_response:241 - Internal Server Error: /shift/assignments/upload/
Traceback (most recent call last):
  File "/opt/anaconda3/envs/aps/lib/python3.10/site-packages/django/core/handlers/exception.py", line 55, in inner
    response = get_response(request)
  File "/opt/anaconda3/envs/aps/lib/python3.10/site-packages/django/core/handlers/base.py", line 197, in _get_response
    response = wrapped_callback(request, *callback_args, **callback_kwargs)
  File "/opt/anaconda3/envs/aps/lib/python3.10/site-packages/django/contrib/auth/decorators.py", line 23, in _wrapper_view
    return view_func(request, *args, **kwargs)
  File "/Users/harshalsmac/WORK/ardur/ardurHome/trueAlign/shift/decorators.py", line 53, in wrapper_func
    return view_func(request, *args, **kwargs)
  File "/Users/harshalsmac/WORK/ardur/ardurHome/trueAlign/shift/views.py", line 971, in csv_upload_assignments
    return render(request, 'shift/csv_upload_form.html', context)
  File "/opt/anaconda3/envs/aps/lib/python3.10/site-packages/django/shortcuts.py", line 25, in render
    content = loader.render_to_string(template_name, context, request, using=using)
  File "/opt/anaconda3/envs/aps/lib/python3.10/site-packages/django/template/loader.py", line 61, in render_to_string
    template = get_template(template_name, using=using)
  File "/opt/anaconda3/envs/aps/lib/python3.10/site-packages/django/template/loader.py", line 19, in get_template
    raise TemplateDoesNotExist(template_name, chain=chain)
django.template.exceptions.TemplateDoesNotExist: shift/csv_upload_form.html
[2025-08-13 14:15:55] INFO - django.utils.autoreload - trigger_reload:266 - /Users/harshalsmac/WORK/ardur/ardurHome/trueAlign/shift/services.py changed, reloading.
[2025-08-13 14:15:59] INFO - django.utils.autoreload - run_with_reloader:668 - Watching for file changes with StatReloader
[2025-08-13 14:16:46] INFO - django.utils.autoreload - trigger_reload:266 - /Users/harshalsmac/WORK/ardur/ardurHome/trueAlign/shift/services.py changed, reloading.
[2025-08-13 14:16:47] INFO - django.utils.autoreload - run_with_reloader:668 - Watching for file changes with StatReloader
[2025-08-13 14:17:43] INFO - django.utils.autoreload - trigger_reload:266 - /Users/harshalsmac/WORK/ardur/ardurHome/trueAlign/shift/services.py changed, reloading.
[2025-08-13 14:17:45] INFO - django.utils.autoreload - run_with_reloader:668 - Watching for file changes with StatReloader
[2025-08-13 14:18:15] INFO - django.utils.autoreload - trigger_reload:266 - /Users/harshalsmac/WORK/ardur/ardurHome/trueAlign/shift/services.py changed, reloading.
[2025-08-13 14:18:16] INFO - django.utils.autoreload - run_with_reloader:668 - Watching for file changes with StatReloader
[2025-08-13 14:18:42] INFO - django.utils.autoreload - trigger_reload:266 - /Users/harshalsmac/WORK/ardur/ardurHome/trueAlign/shift/services.py changed, reloading.
[2025-08-13 14:18:43] INFO - django.utils.autoreload - run_with_reloader:668 - Watching for file changes with StatReloader
[2025-08-13 14:18:56] INFO - django.utils.autoreload - trigger_reload:266 - /Users/harshalsmac/WORK/ardur/ardurHome/trueAlign/shift/services.py changed, reloading.
[2025-08-13 14:18:57] INFO - django.utils.autoreload - run_with_reloader:668 - Watching for file changes with StatReloader
[2025-08-13 14:19:34] INFO - django.utils.autoreload - trigger_reload:266 - /Users/harshalsmac/WORK/ardur/ardurHome/trueAlign/shift/services.py changed, reloading.
[2025-08-13 14:19:36] INFO - django.utils.autoreload - run_with_reloader:668 - Watching for file changes with StatReloader
[2025-08-13 14:20:10] INFO - django.utils.autoreload - trigger_reload:266 - /Users/harshalsmac/WORK/ardur/ardurHome/trueAlign/shift/services.py changed, reloading.
[2025-08-13 14:20:11] INFO - django.utils.autoreload - run_with_reloader:668 - Watching for file changes with StatReloader
[2025-08-13 14:20:39] INFO - django.utils.autoreload - trigger_reload:266 - /Users/harshalsmac/WORK/ardur/ardurHome/trueAlign/shift/services.py changed, reloading.
[2025-08-13 14:20:40] INFO - django.utils.autoreload - run_with_reloader:668 - Watching for file changes with StatReloader
[2025-08-13 14:21:12] INFO - django.utils.autoreload - trigger_reload:266 - /Users/harshalsmac/WORK/ardur/ardurHome/trueAlign/shift/urls.py changed, reloading.
[2025-08-13 14:21:13] INFO - django.utils.autoreload - run_with_reloader:668 - Watching for file changes with StatReloader
[2025-08-13 14:21:18] INFO - trueAlign.shift.services - get_all_shifts:441 - get_all_shifts completed in 0.62ms
[2025-08-13 14:33:23] INFO - django.utils.autoreload - trigger_reload:266 - /Users/harshalsmac/WORK/ardur/ardurHome/trueAlign/shift/forms.py changed, reloading.
[2025-08-13 14:33:25] INFO - django.utils.autoreload - run_with_reloader:668 - Watching for file changes with StatReloader
[2025-08-13 14:33:58] INFO - django.utils.autoreload - trigger_reload:266 - /Users/harshalsmac/WORK/ardur/ardurHome/trueAlign/models.py changed, reloading.
[2025-08-13 14:34:00] INFO - django.utils.autoreload - run_with_reloader:668 - Watching for file changes with StatReloader
[2025-08-13 14:34:12] INFO - django.utils.autoreload - trigger_reload:266 - /Users/harshalsmac/WORK/ardur/ardurHome/trueAlign/models.py changed, reloading.
[2025-08-13 14:34:14] INFO - django.utils.autoreload - run_with_reloader:668 - Watching for file changes with StatReloader
[2025-08-13 14:35:14] INFO - django.utils.autoreload - trigger_reload:266 - /Users/harshalsmac/WORK/ardur/ardurHome/trueAlign/shift/views.py changed, reloading.
[2025-08-13 14:35:16] INFO - django.utils.autoreload - run_with_reloader:668 - Watching for file changes with StatReloader
[2025-08-13 14:36:05] INFO - django.utils.autoreload - trigger_reload:266 - /Users/harshalsmac/WORK/ardur/ardurHome/trueAlign/shift/views.py changed, reloading.
[2025-08-13 14:36:06] INFO - django.utils.autoreload - run_with_reloader:668 - Watching for file changes with StatReloader
[2025-08-13 14:36:27] INFO - django.utils.autoreload - trigger_reload:266 - /Users/harshalsmac/WORK/ardur/ardurHome/trueAlign/shift/views.py changed, reloading.
[2025-08-13 14:36:28] INFO - django.utils.autoreload - run_with_reloader:668 - Watching for file changes with StatReloader
[2025-08-13 14:44:26] INFO - django.utils.autoreload - trigger_reload:266 - /Users/harshalsmac/WORK/ardur/ardurHome/trueAlign/shift/views.py changed, reloading.
[2025-08-13 14:44:28] INFO - django.utils.autoreload - run_with_reloader:668 - Watching for file changes with StatReloader
[2025-08-13 14:45:45] INFO - django.utils.autoreload - trigger_reload:266 - /Users/harshalsmac/WORK/ardur/ardurHome/trueAlign/shift/views.py changed, reloading.
[2025-08-13 14:45:49] INFO - django.utils.autoreload - run_with_reloader:668 - Watching for file changes with StatReloader
[2025-08-13 14:46:03] INFO - django.utils.autoreload - trigger_reload:266 - /Users/harshalsmac/WORK/ardur/ardurHome/trueAlign/shift/views.py changed, reloading.
[2025-08-13 14:46:06] INFO - django.utils.autoreload - run_with_reloader:668 - Watching for file changes with StatReloader
[2025-08-13 14:46:20] INFO - django.utils.autoreload - trigger_reload:266 - /Users/harshalsmac/WORK/ardur/ardurHome/trueAlign/shift/views.py changed, reloading.
[2025-08-13 14:46:21] INFO - django.utils.autoreload - run_with_reloader:668 - Watching for file changes with StatReloader
[2025-08-13 14:47:20] INFO - django.utils.autoreload - trigger_reload:266 - /Users/harshalsmac/WORK/ardur/ardurHome/trueAlign/shift/views.py changed, reloading.
[2025-08-13 14:47:24] INFO - django.utils.autoreload - run_with_reloader:668 - Watching for file changes with StatReloader
[2025-08-13 14:47:55] INFO - django.utils.autoreload - trigger_reload:266 - /Users/harshalsmac/WORK/ardur/ardurHome/trueAlign/shift/views.py changed, reloading.
[2025-08-13 14:47:59] INFO - django.utils.autoreload - run_with_reloader:668 - Watching for file changes with StatReloader
[2025-08-13 14:48:51] INFO - django.utils.autoreload - trigger_reload:266 - /Users/harshalsmac/WORK/ardur/ardurHome/trueAlign/shift/views.py changed, reloading.
[2025-08-13 14:48:55] INFO - django.utils.autoreload - run_with_reloader:668 - Watching for file changes with StatReloader
[2025-08-13 14:49:40] INFO - django.utils.autoreload - trigger_reload:266 - /Users/harshalsmac/WORK/ardur/ardurHome/trueAlign/shift/views.py changed, reloading.
[2025-08-13 14:49:43] INFO - django.utils.autoreload - run_with_reloader:668 - Watching for file changes with StatReloader
[2025-08-13 14:50:09] INFO - django.utils.autoreload - trigger_reload:266 - /Users/harshalsmac/WORK/ardur/ardurHome/trueAlign/shift/views.py changed, reloading.
[2025-08-13 14:50:10] INFO - django.utils.autoreload - run_with_reloader:668 - Watching for file changes with StatReloader
[2025-08-13 14:50:38] INFO - django.utils.autoreload - trigger_reload:266 - /Users/harshalsmac/WORK/ardur/ardurHome/trueAlign/shift/views.py changed, reloading.
[2025-08-13 14:50:41] INFO - django.utils.autoreload - run_with_reloader:668 - Watching for file changes with StatReloader
[2025-09-03 13:04:16] INFO - django.utils.autoreload - run_with_reloader:668 - Watching for file changes with StatReloader
[2025-09-03 13:04:31] ERROR - trueAlign.core.middleware - _create_new_session_throttled:283 - Error creating/getting session: "Attempt to overwrite 'message' in LogRecord"
[2025-09-03 13:22:57] INFO - django.utils.autoreload - run_with_reloader:668 - Watching for file changes with StatReloader
[2025-09-06 09:52:36] INFO - django.utils.autoreload - run_with_reloader:668 - Watching for file changes with StatReloader
[2025-09-06 09:54:35] ERROR - django.request - log_response:241 - Internal Server Error: /dashboard/
Traceback (most recent call last):
  File "/opt/anaconda3/envs/aps/lib/python3.10/site-packages/django/template/base.py", line 502, in parse
    compile_func = self.tags[command]
KeyError: 'endblock'

During handling of the above exception, another exception occurred:

Traceback (most recent call last):
  File "/Users/harshalsmac/WORK/ardur/ardurHome/trueAlign/core/views.py", line 799, in dashboard_view
    return render(request, 'dashboard.html', context)
  File "/opt/anaconda3/envs/aps/lib/python3.10/site-packages/django/shortcuts.py", line 25, in render
    content = loader.render_to_string(template_name, context, request, using=using)
  File "/opt/anaconda3/envs/aps/lib/python3.10/site-packages/django/template/loader.py", line 61, in render_to_string
    template = get_template(template_name, using=using)
  File "/opt/anaconda3/envs/aps/lib/python3.10/site-packages/django/template/loader.py", line 15, in get_template
    return engine.get_template(template_name)
  File "/opt/anaconda3/envs/aps/lib/python3.10/site-packages/django/template/backends/django.py", line 33, in get_template
    return Template(self.engine.get_template(template_name), self)
  File "/opt/anaconda3/envs/aps/lib/python3.10/site-packages/django/template/engine.py", line 177, in get_template
    template, origin = self.find_template(template_name)
  File "/opt/anaconda3/envs/aps/lib/python3.10/site-packages/django/template/engine.py", line 159, in find_template
    template = loader.get_template(name, skip=skip)
  File "/opt/anaconda3/envs/aps/lib/python3.10/site-packages/django/template/loaders/cached.py", line 57, in get_template
    template = super().get_template(template_name, skip)
  File "/opt/anaconda3/envs/aps/lib/python3.10/site-packages/django/template/loaders/base.py", line 28, in get_template
    return Template(
  File "/opt/anaconda3/envs/aps/lib/python3.10/site-packages/django/template/base.py", line 154, in __init__
    self.nodelist = self.compile_nodelist()
  File "/opt/anaconda3/envs/aps/lib/python3.10/site-packages/django/template/base.py", line 196, in compile_nodelist
    return parser.parse()
  File "/opt/anaconda3/envs/aps/lib/python3.10/site-packages/django/template/base.py", line 510, in parse
    raise self.error(token, e)
  File "/opt/anaconda3/envs/aps/lib/python3.10/site-packages/django/template/base.py", line 508, in parse
    compiled_result = compile_func(self, token)
  File "/opt/anaconda3/envs/aps/lib/python3.10/site-packages/django/template/loader_tags.py", line 295, in do_extends
    nodelist = parser.parse()
  File "/opt/anaconda3/envs/aps/lib/python3.10/site-packages/django/template/base.py", line 510, in parse
    raise self.error(token, e)
  File "/opt/anaconda3/envs/aps/lib/python3.10/site-packages/django/template/base.py", line 508, in parse
    compiled_result = compile_func(self, token)
  File "/opt/anaconda3/envs/aps/lib/python3.10/site-packages/django/template/loader_tags.py", line 234, in do_block
    nodelist = parser.parse(("endblock",))
  File "/opt/anaconda3/envs/aps/lib/python3.10/site-packages/django/template/base.py", line 510, in parse
    raise self.error(token, e)
  File "/opt/anaconda3/envs/aps/lib/python3.10/site-packages/django/template/base.py", line 508, in parse
    compiled_result = compile_func(self, token)
  File "/opt/anaconda3/envs/aps/lib/python3.10/site-packages/django/template/defaulttags.py", line 969, in do_if
    nodelist = parser.parse(("elif", "else", "endif"))
  File "/opt/anaconda3/envs/aps/lib/python3.10/site-packages/django/template/base.py", line 504, in parse
    self.invalid_block_tag(token, command, parse_until)
  File "/opt/anaconda3/envs/aps/lib/python3.10/site-packages/django/template/base.py", line 555, in invalid_block_tag
    raise self.error(
django.template.exceptions.TemplateSyntaxError: Invalid block tag on line 426: 'endblock', expected 'elif', 'else' or 'endif'. Did you forget to register or load this tag?

During handling of the above exception, another exception occurred:

Traceback (most recent call last):
  File "/opt/anaconda3/envs/aps/lib/python3.10/site-packages/django/template/base.py", line 502, in parse
    compile_func = self.tags[command]
KeyError: 'endblock'

During handling of the above exception, another exception occurred:

Traceback (most recent call last):
  File "/opt/anaconda3/envs/aps/lib/python3.10/site-packages/django/core/handlers/exception.py", line 55, in inner
    response = get_response(request)
  File "/opt/anaconda3/envs/aps/lib/python3.10/site-packages/django/core/handlers/base.py", line 197, in _get_response
    response = wrapped_callback(request, *callback_args, **callback_kwargs)
  File "/opt/anaconda3/envs/aps/lib/python3.10/site-packages/django/contrib/auth/decorators.py", line 23, in _wrapper_view
    return view_func(request, *args, **kwargs)
  File "/Users/harshalsmac/WORK/ardur/ardurHome/trueAlign/core/views.py", line 804, in dashboard_view
    return render(request, 'dashboard.html', {
  File "/opt/anaconda3/envs/aps/lib/python3.10/site-packages/django/shortcuts.py", line 25, in render
    content = loader.render_to_string(template_name, context, request, using=using)
  File "/opt/anaconda3/envs/aps/lib/python3.10/site-packages/django/template/loader.py", line 61, in render_to_string
    template = get_template(template_name, using=using)
  File "/opt/anaconda3/envs/aps/lib/python3.10/site-packages/django/template/loader.py", line 15, in get_template
    return engine.get_template(template_name)
  File "/opt/anaconda3/envs/aps/lib/python3.10/site-packages/django/template/backends/django.py", line 33, in get_template
    return Template(self.engine.get_template(template_name), self)
  File "/opt/anaconda3/envs/aps/lib/python3.10/site-packages/django/template/engine.py", line 177, in get_template
    template, origin = self.find_template(template_name)
  File "/opt/anaconda3/envs/aps/lib/python3.10/site-packages/django/template/engine.py", line 159, in find_template
    template = loader.get_template(name, skip=skip)
  File "/opt/anaconda3/envs/aps/lib/python3.10/site-packages/django/template/loaders/cached.py", line 57, in get_template
    template = super().get_template(template_name, skip)
  File "/opt/anaconda3/envs/aps/lib/python3.10/site-packages/django/template/loaders/base.py", line 28, in get_template
    return Template(
  File "/opt/anaconda3/envs/aps/lib/python3.10/site-packages/django/template/base.py", line 154, in __init__
    self.nodelist = self.compile_nodelist()
  File "/opt/anaconda3/envs/aps/lib/python3.10/site-packages/django/template/base.py", line 196, in compile_nodelist
    return parser.parse()
  File "/opt/anaconda3/envs/aps/lib/python3.10/site-packages/django/template/base.py", line 510, in parse
    raise self.error(token, e)
  File "/opt/anaconda3/envs/aps/lib/python3.10/site-packages/django/template/base.py", line 508, in parse
    compiled_result = compile_func(self, token)
  File "/opt/anaconda3/envs/aps/lib/python3.10/site-packages/django/template/loader_tags.py", line 295, in do_extends
    nodelist = parser.parse()
  File "/opt/anaconda3/envs/aps/lib/python3.10/site-packages/django/template/base.py", line 510, in parse
    raise self.error(token, e)
  File "/opt/anaconda3/envs/aps/lib/python3.10/site-packages/django/template/base.py", line 508, in parse
    compiled_result = compile_func(self, token)
  File "/opt/anaconda3/envs/aps/lib/python3.10/site-packages/django/template/loader_tags.py", line 234, in do_block
    nodelist = parser.parse(("endblock",))
  File "/opt/anaconda3/envs/aps/lib/python3.10/site-packages/django/template/base.py", line 510, in parse
    raise self.error(token, e)
  File "/opt/anaconda3/envs/aps/lib/python3.10/site-packages/django/template/base.py", line 508, in parse
    compiled_result = compile_func(self, token)
  File "/opt/anaconda3/envs/aps/lib/python3.10/site-packages/django/template/defaulttags.py", line 969, in do_if
    nodelist = parser.parse(("elif", "else", "endif"))
  File "/opt/anaconda3/envs/aps/lib/python3.10/site-packages/django/template/base.py", line 504, in parse
    self.invalid_block_tag(token, command, parse_until)
  File "/opt/anaconda3/envs/aps/lib/python3.10/site-packages/django/template/base.py", line 555, in invalid_block_tag
    raise self.error(
django.template.exceptions.TemplateSyntaxError: Invalid block tag on line 426: 'endblock', expected 'elif', 'else' or 'endif'. Did you forget to register or load this tag?
[2025-09-06 12:04:20] INFO - trueAlign.core.middleware - _cleanup_old_buffers:546 - Cleaned up 1 old buffers
[2025-09-08 13:10:04] INFO - django.utils.autoreload - run_with_reloader:668 - Watching for file changes with StatReloader
[2025-09-08 13:13:36] INFO - django.utils.autoreload - trigger_reload:266 - /Users/harshalsmac/WORK/ardur/ardurHome/trueAlign/models.py changed, reloading.
[2025-09-08 13:13:37] INFO - django.utils.autoreload - run_with_reloader:668 - Watching for file changes with StatReloader
[2025-09-08 13:15:07] INFO - django.utils.autoreload - run_with_reloader:668 - Watching for file changes with StatReloader
[2025-09-08 13:20:16] INFO - django.utils.autoreload - run_with_reloader:668 - Watching for file changes with StatReloader
[2025-09-08 13:29:40] INFO - django.utils.autoreload - trigger_reload:266 - /Users/harshalsmac/WORK/ardur/ardurHome/trueAlign/urls.py changed, reloading.
[2025-09-08 13:29:41] INFO - django.utils.autoreload - run_with_reloader:668 - Watching for file changes with StatReloader
[2025-09-08 13:45:01] INFO - django.utils.autoreload - run_with_reloader:668 - Watching for file changes with StatReloader
[2025-09-08 13:51:14] INFO - django.utils.autoreload - trigger_reload:266 - /Users/harshalsmac/WORK/ardur/ardurHome/ardurTrueAlign/settings.py changed, reloading.
[2025-09-08 13:51:15] INFO - django.utils.autoreload - run_with_reloader:668 - Watching for file changes with StatReloader
[2025-09-08 13:54:48] INFO - django.utils.autoreload - trigger_reload:266 - /Users/harshalsmac/WORK/ardur/ardurHome/ardurTrueAlign/settings.py changed, reloading.
[2025-09-08 13:54:49] INFO - django.utils.autoreload - run_with_reloader:668 - Watching for file changes with StatReloader
[2025-09-08 13:55:33] INFO - django.utils.autoreload - trigger_reload:266 - /Users/harshalsmac/WORK/ardur/ardurHome/trueAlign/models.py changed, reloading.
[2025-09-08 13:55:34] INFO - django.utils.autoreload - run_with_reloader:668 - Watching for file changes with StatReloader
[2025-09-08 13:59:01] INFO - django.utils.autoreload - trigger_reload:266 - /Users/harshalsmac/WORK/ardur/ardurHome/trueAlign/notes/forms.py changed, reloading.
[2025-09-08 13:59:02] INFO - django.utils.autoreload - run_with_reloader:668 - Watching for file changes with StatReloader
[2025-09-08 13:59:35] INFO - django.utils.autoreload - trigger_reload:266 - /Users/harshalsmac/WORK/ardur/ardurHome/trueAlign/notes/views.py changed, reloading.
[2025-09-08 13:59:35] INFO - django.utils.autoreload - run_with_reloader:668 - Watching for file changes with StatReloader
[2025-09-08 14:01:31] INFO - django.utils.autoreload - trigger_reload:266 - /Users/harshalsmac/WORK/ardur/ardurHome/trueAlign/notes/views.py changed, reloading.
[2025-09-08 14:01:33] INFO - django.utils.autoreload - run_with_reloader:668 - Watching for file changes with StatReloader
[2025-09-10 10:51:00] INFO - django.utils.autoreload - run_with_reloader:668 - Watching for file changes with StatReloader
[2025-09-10 10:51:34] INFO - django.utils.autoreload - run_with_reloader:668 - Watching for file changes with StatReloader
[2025-09-10 10:53:01] ERROR - django.request - log_response:241 - Internal Server Error: /notes/
Traceback (most recent call last):
  File "/opt/anaconda3/envs/aps/lib/python3.10/site-packages/django/core/handlers/exception.py", line 55, in inner
    response = get_response(request)
  File "/opt/anaconda3/envs/aps/lib/python3.10/site-packages/django/core/handlers/base.py", line 197, in _get_response
    response = wrapped_callback(request, *callback_args, **callback_kwargs)
  File "/opt/anaconda3/envs/aps/lib/python3.10/site-packages/django/contrib/auth/decorators.py", line 23, in _wrapper_view
    return view_func(request, *args, **kwargs)
  File "/Users/harshalsmac/WORK/ardur/ardurHome/trueAlign/notes/views.py", line 97, in global_update_list
    return render(request, 'notes/global_update_list.html', context)
  File "/opt/anaconda3/envs/aps/lib/python3.10/site-packages/django/shortcuts.py", line 25, in render
    content = loader.render_to_string(template_name, context, request, using=using)
  File "/opt/anaconda3/envs/aps/lib/python3.10/site-packages/django/template/loader.py", line 61, in render_to_string
    template = get_template(template_name, using=using)
  File "/opt/anaconda3/envs/aps/lib/python3.10/site-packages/django/template/loader.py", line 19, in get_template
    raise TemplateDoesNotExist(template_name, chain=chain)
django.template.exceptions.TemplateDoesNotExist: notes/global_update_list.html
[2025-09-10 11:40:00] ERROR - django.request - log_response:241 - Internal Server Error: /dashboard/
Traceback (most recent call last):
  File "/opt/anaconda3/envs/aps/lib/python3.10/site-packages/django/template/base.py", line 502, in parse
    compile_func = self.tags[command]
KeyError: 'endif'

During handling of the above exception, another exception occurred:

Traceback (most recent call last):
  File "/Users/harshalsmac/WORK/ardur/ardurHome/trueAlign/core/views.py", line 799, in dashboard_view
    return render(request, 'dashboard.html', context)
  File "/opt/anaconda3/envs/aps/lib/python3.10/site-packages/django/shortcuts.py", line 25, in render
    content = loader.render_to_string(template_name, context, request, using=using)
  File "/opt/anaconda3/envs/aps/lib/python3.10/site-packages/django/template/loader.py", line 61, in render_to_string
    template = get_template(template_name, using=using)
  File "/opt/anaconda3/envs/aps/lib/python3.10/site-packages/django/template/loader.py", line 15, in get_template
    return engine.get_template(template_name)
  File "/opt/anaconda3/envs/aps/lib/python3.10/site-packages/django/template/backends/django.py", line 33, in get_template
    return Template(self.engine.get_template(template_name), self)
  File "/opt/anaconda3/envs/aps/lib/python3.10/site-packages/django/template/engine.py", line 177, in get_template
    template, origin = self.find_template(template_name)
  File "/opt/anaconda3/envs/aps/lib/python3.10/site-packages/django/template/engine.py", line 159, in find_template
    template = loader.get_template(name, skip=skip)
  File "/opt/anaconda3/envs/aps/lib/python3.10/site-packages/django/template/loaders/cached.py", line 57, in get_template
    template = super().get_template(template_name, skip)
  File "/opt/anaconda3/envs/aps/lib/python3.10/site-packages/django/template/loaders/base.py", line 28, in get_template
    return Template(
  File "/opt/anaconda3/envs/aps/lib/python3.10/site-packages/django/template/base.py", line 154, in __init__
    self.nodelist = self.compile_nodelist()
  File "/opt/anaconda3/envs/aps/lib/python3.10/site-packages/django/template/base.py", line 196, in compile_nodelist
    return parser.parse()
  File "/opt/anaconda3/envs/aps/lib/python3.10/site-packages/django/template/base.py", line 510, in parse
    raise self.error(token, e)
  File "/opt/anaconda3/envs/aps/lib/python3.10/site-packages/django/template/base.py", line 508, in parse
    compiled_result = compile_func(self, token)
  File "/opt/anaconda3/envs/aps/lib/python3.10/site-packages/django/template/loader_tags.py", line 295, in do_extends
    nodelist = parser.parse()
  File "/opt/anaconda3/envs/aps/lib/python3.10/site-packages/django/template/base.py", line 510, in parse
    raise self.error(token, e)
  File "/opt/anaconda3/envs/aps/lib/python3.10/site-packages/django/template/base.py", line 508, in parse
    compiled_result = compile_func(self, token)
  File "/opt/anaconda3/envs/aps/lib/python3.10/site-packages/django/template/loader_tags.py", line 234, in do_block
    nodelist = parser.parse(("endblock",))
  File "/opt/anaconda3/envs/aps/lib/python3.10/site-packages/django/template/base.py", line 504, in parse
    self.invalid_block_tag(token, command, parse_until)
  File "/opt/anaconda3/envs/aps/lib/python3.10/site-packages/django/template/base.py", line 555, in invalid_block_tag
    raise self.error(
django.template.exceptions.TemplateSyntaxError: Invalid block tag on line 165: 'endif', expected 'endblock'. Did you forget to register or load this tag?

During handling of the above exception, another exception occurred:

Traceback (most recent call last):
  File "/opt/anaconda3/envs/aps/lib/python3.10/site-packages/django/template/base.py", line 502, in parse
    compile_func = self.tags[command]
KeyError: 'endif'

During handling of the above exception, another exception occurred:

Traceback (most recent call last):
  File "/opt/anaconda3/envs/aps/lib/python3.10/site-packages/django/core/handlers/exception.py", line 55, in inner
    response = get_response(request)
  File "/opt/anaconda3/envs/aps/lib/python3.10/site-packages/django/core/handlers/base.py", line 197, in _get_response
    response = wrapped_callback(request, *callback_args, **callback_kwargs)
  File "/opt/anaconda3/envs/aps/lib/python3.10/site-packages/django/contrib/auth/decorators.py", line 23, in _wrapper_view
    return view_func(request, *args, **kwargs)
  File "/Users/harshalsmac/WORK/ardur/ardurHome/trueAlign/core/views.py", line 804, in dashboard_view
    return render(request, 'dashboard.html', {
  File "/opt/anaconda3/envs/aps/lib/python3.10/site-packages/django/shortcuts.py", line 25, in render
    content = loader.render_to_string(template_name, context, request, using=using)
  File "/opt/anaconda3/envs/aps/lib/python3.10/site-packages/django/template/loader.py", line 61, in render_to_string
    template = get_template(template_name, using=using)
  File "/opt/anaconda3/envs/aps/lib/python3.10/site-packages/django/template/loader.py", line 15, in get_template
    return engine.get_template(template_name)
  File "/opt/anaconda3/envs/aps/lib/python3.10/site-packages/django/template/backends/django.py", line 33, in get_template
    return Template(self.engine.get_template(template_name), self)
  File "/opt/anaconda3/envs/aps/lib/python3.10/site-packages/django/template/engine.py", line 177, in get_template
    template, origin = self.find_template(template_name)
  File "/opt/anaconda3/envs/aps/lib/python3.10/site-packages/django/template/engine.py", line 159, in find_template
    template = loader.get_template(name, skip=skip)
  File "/opt/anaconda3/envs/aps/lib/python3.10/site-packages/django/template/loaders/cached.py", line 57, in get_template
    template = super().get_template(template_name, skip)
  File "/opt/anaconda3/envs/aps/lib/python3.10/site-packages/django/template/loaders/base.py", line 28, in get_template
    return Template(
  File "/opt/anaconda3/envs/aps/lib/python3.10/site-packages/django/template/base.py", line 154, in __init__
    self.nodelist = self.compile_nodelist()
  File "/opt/anaconda3/envs/aps/lib/python3.10/site-packages/django/template/base.py", line 196, in compile_nodelist
    return parser.parse()
  File "/opt/anaconda3/envs/aps/lib/python3.10/site-packages/django/template/base.py", line 510, in parse
    raise self.error(token, e)
  File "/opt/anaconda3/envs/aps/lib/python3.10/site-packages/django/template/base.py", line 508, in parse
    compiled_result = compile_func(self, token)
  File "/opt/anaconda3/envs/aps/lib/python3.10/site-packages/django/template/loader_tags.py", line 295, in do_extends
    nodelist = parser.parse()
  File "/opt/anaconda3/envs/aps/lib/python3.10/site-packages/django/template/base.py", line 510, in parse
    raise self.error(token, e)
  File "/opt/anaconda3/envs/aps/lib/python3.10/site-packages/django/template/base.py", line 508, in parse
    compiled_result = compile_func(self, token)
  File "/opt/anaconda3/envs/aps/lib/python3.10/site-packages/django/template/loader_tags.py", line 234, in do_block
    nodelist = parser.parse(("endblock",))
  File "/opt/anaconda3/envs/aps/lib/python3.10/site-packages/django/template/base.py", line 504, in parse
    self.invalid_block_tag(token, command, parse_until)
  File "/opt/anaconda3/envs/aps/lib/python3.10/site-packages/django/template/base.py", line 555, in invalid_block_tag
    raise self.error(
django.template.exceptions.TemplateSyntaxError: Invalid block tag on line 165: 'endif', expected 'endblock'. Did you forget to register or load this tag?
[2025-09-10 12:03:31] INFO - django.utils.autoreload - run_with_reloader:668 - Watching for file changes with StatReloader
[2025-09-10 12:03:35] ERROR - django.request - log_response:241 - Internal Server Error: /dashboard/
Traceback (most recent call last):
  File "/opt/anaconda3/envs/aps/lib/python3.10/site-packages/django/template/base.py", line 502, in parse
    compile_func = self.tags[command]
KeyError: 'endif'

During handling of the above exception, another exception occurred:

Traceback (most recent call last):
  File "/Users/harshalsmac/WORK/ardur/ardurHome/trueAlign/core/views.py", line 799, in dashboard_view
    return render(request, 'dashboard.html', context)
  File "/opt/anaconda3/envs/aps/lib/python3.10/site-packages/django/shortcuts.py", line 25, in render
    content = loader.render_to_string(template_name, context, request, using=using)
  File "/opt/anaconda3/envs/aps/lib/python3.10/site-packages/django/template/loader.py", line 61, in render_to_string
    template = get_template(template_name, using=using)
  File "/opt/anaconda3/envs/aps/lib/python3.10/site-packages/django/template/loader.py", line 15, in get_template
    return engine.get_template(template_name)
  File "/opt/anaconda3/envs/aps/lib/python3.10/site-packages/django/template/backends/django.py", line 33, in get_template
    return Template(self.engine.get_template(template_name), self)
  File "/opt/anaconda3/envs/aps/lib/python3.10/site-packages/django/template/engine.py", line 177, in get_template
    template, origin = self.find_template(template_name)
  File "/opt/anaconda3/envs/aps/lib/python3.10/site-packages/django/template/engine.py", line 159, in find_template
    template = loader.get_template(name, skip=skip)
  File "/opt/anaconda3/envs/aps/lib/python3.10/site-packages/django/template/loaders/cached.py", line 57, in get_template
    template = super().get_template(template_name, skip)
  File "/opt/anaconda3/envs/aps/lib/python3.10/site-packages/django/template/loaders/base.py", line 28, in get_template
    return Template(
  File "/opt/anaconda3/envs/aps/lib/python3.10/site-packages/django/template/base.py", line 154, in __init__
    self.nodelist = self.compile_nodelist()
  File "/opt/anaconda3/envs/aps/lib/python3.10/site-packages/django/template/base.py", line 196, in compile_nodelist
    return parser.parse()
  File "/opt/anaconda3/envs/aps/lib/python3.10/site-packages/django/template/base.py", line 510, in parse
    raise self.error(token, e)
  File "/opt/anaconda3/envs/aps/lib/python3.10/site-packages/django/template/base.py", line 508, in parse
    compiled_result = compile_func(self, token)
  File "/opt/anaconda3/envs/aps/lib/python3.10/site-packages/django/template/loader_tags.py", line 295, in do_extends
    nodelist = parser.parse()
  File "/opt/anaconda3/envs/aps/lib/python3.10/site-packages/django/template/base.py", line 510, in parse
    raise self.error(token, e)
  File "/opt/anaconda3/envs/aps/lib/python3.10/site-packages/django/template/base.py", line 508, in parse
    compiled_result = compile_func(self, token)
  File "/opt/anaconda3/envs/aps/lib/python3.10/site-packages/django/template/loader_tags.py", line 234, in do_block
    nodelist = parser.parse(("endblock",))
  File "/opt/anaconda3/envs/aps/lib/python3.10/site-packages/django/template/base.py", line 504, in parse
    self.invalid_block_tag(token, command, parse_until)
  File "/opt/anaconda3/envs/aps/lib/python3.10/site-packages/django/template/base.py", line 555, in invalid_block_tag
    raise self.error(
django.template.exceptions.TemplateSyntaxError: Invalid block tag on line 183: 'endif', expected 'endblock'. Did you forget to register or load this tag?

During handling of the above exception, another exception occurred:

Traceback (most recent call last):
  File "/opt/anaconda3/envs/aps/lib/python3.10/site-packages/django/template/base.py", line 502, in parse
    compile_func = self.tags[command]
KeyError: 'endif'

During handling of the above exception, another exception occurred:

Traceback (most recent call last):
  File "/opt/anaconda3/envs/aps/lib/python3.10/site-packages/django/core/handlers/exception.py", line 55, in inner
    response = get_response(request)
  File "/opt/anaconda3/envs/aps/lib/python3.10/site-packages/django/core/handlers/base.py", line 197, in _get_response
    response = wrapped_callback(request, *callback_args, **callback_kwargs)
  File "/opt/anaconda3/envs/aps/lib/python3.10/site-packages/django/contrib/auth/decorators.py", line 23, in _wrapper_view
    return view_func(request, *args, **kwargs)
  File "/Users/harshalsmac/WORK/ardur/ardurHome/trueAlign/core/views.py", line 804, in dashboard_view
    return render(request, 'dashboard.html', {
  File "/opt/anaconda3/envs/aps/lib/python3.10/site-packages/django/shortcuts.py", line 25, in render
    content = loader.render_to_string(template_name, context, request, using=using)
  File "/opt/anaconda3/envs/aps/lib/python3.10/site-packages/django/template/loader.py", line 61, in render_to_string
    template = get_template(template_name, using=using)
  File "/opt/anaconda3/envs/aps/lib/python3.10/site-packages/django/template/loader.py", line 15, in get_template
    return engine.get_template(template_name)
  File "/opt/anaconda3/envs/aps/lib/python3.10/site-packages/django/template/backends/django.py", line 33, in get_template
    return Template(self.engine.get_template(template_name), self)
  File "/opt/anaconda3/envs/aps/lib/python3.10/site-packages/django/template/engine.py", line 177, in get_template
    template, origin = self.find_template(template_name)
  File "/opt/anaconda3/envs/aps/lib/python3.10/site-packages/django/template/engine.py", line 159, in find_template
    template = loader.get_template(name, skip=skip)
  File "/opt/anaconda3/envs/aps/lib/python3.10/site-packages/django/template/loaders/cached.py", line 57, in get_template
    template = super().get_template(template_name, skip)
  File "/opt/anaconda3/envs/aps/lib/python3.10/site-packages/django/template/loaders/base.py", line 28, in get_template
    return Template(
  File "/opt/anaconda3/envs/aps/lib/python3.10/site-packages/django/template/base.py", line 154, in __init__
    self.nodelist = self.compile_nodelist()
  File "/opt/anaconda3/envs/aps/lib/python3.10/site-packages/django/template/base.py", line 196, in compile_nodelist
    return parser.parse()
  File "/opt/anaconda3/envs/aps/lib/python3.10/site-packages/django/template/base.py", line 510, in parse
    raise self.error(token, e)
  File "/opt/anaconda3/envs/aps/lib/python3.10/site-packages/django/template/base.py", line 508, in parse
    compiled_result = compile_func(self, token)
  File "/opt/anaconda3/envs/aps/lib/python3.10/site-packages/django/template/loader_tags.py", line 295, in do_extends
    nodelist = parser.parse()
  File "/opt/anaconda3/envs/aps/lib/python3.10/site-packages/django/template/base.py", line 510, in parse
    raise self.error(token, e)
  File "/opt/anaconda3/envs/aps/lib/python3.10/site-packages/django/template/base.py", line 508, in parse
    compiled_result = compile_func(self, token)
  File "/opt/anaconda3/envs/aps/lib/python3.10/site-packages/django/template/loader_tags.py", line 234, in do_block
    nodelist = parser.parse(("endblock",))
  File "/opt/anaconda3/envs/aps/lib/python3.10/site-packages/django/template/base.py", line 504, in parse
    self.invalid_block_tag(token, command, parse_until)
  File "/opt/anaconda3/envs/aps/lib/python3.10/site-packages/django/template/base.py", line 555, in invalid_block_tag
    raise self.error(
django.template.exceptions.TemplateSyntaxError: Invalid block tag on line 183: 'endif', expected 'endblock'. Did you forget to register or load this tag?
[2025-09-10 12:11:35] ERROR - trueAlign.core.middleware - _create_new_session_throttled:283 - Error creating/getting session: "Attempt to overwrite 'message' in LogRecord"
[2025-09-10 12:14:11] ERROR - django.request - log_response:241 - Internal Server Error: /notes/create/
Traceback (most recent call last):
  File "/opt/anaconda3/envs/aps/lib/python3.10/site-packages/django/core/handlers/exception.py", line 55, in inner
    response = get_response(request)
  File "/opt/anaconda3/envs/aps/lib/python3.10/site-packages/django/core/handlers/base.py", line 197, in _get_response
    response = wrapped_callback(request, *callback_args, **callback_kwargs)
  File "/opt/anaconda3/envs/aps/lib/python3.10/site-packages/django/contrib/auth/decorators.py", line 23, in _wrapper_view
    return view_func(request, *args, **kwargs)
  File "/Users/harshalsmac/WORK/ardur/ardurHome/trueAlign/notes/views.py", line 166, in global_update_create
    return render(request, 'notes/global_update_form.html', context)
  File "/opt/anaconda3/envs/aps/lib/python3.10/site-packages/django/shortcuts.py", line 25, in render
    content = loader.render_to_string(template_name, context, request, using=using)
  File "/opt/anaconda3/envs/aps/lib/python3.10/site-packages/django/template/loader.py", line 61, in render_to_string
    template = get_template(template_name, using=using)
  File "/opt/anaconda3/envs/aps/lib/python3.10/site-packages/django/template/loader.py", line 19, in get_template
    raise TemplateDoesNotExist(template_name, chain=chain)
django.template.exceptions.TemplateDoesNotExist: notes/global_update_form.html
[2025-09-10 12:14:13] ERROR - django.request - log_response:241 - Internal Server Error: /notes/
Traceback (most recent call last):
  File "/opt/anaconda3/envs/aps/lib/python3.10/site-packages/django/core/handlers/exception.py", line 55, in inner
    response = get_response(request)
  File "/opt/anaconda3/envs/aps/lib/python3.10/site-packages/django/core/handlers/base.py", line 197, in _get_response
    response = wrapped_callback(request, *callback_args, **callback_kwargs)
  File "/opt/anaconda3/envs/aps/lib/python3.10/site-packages/django/contrib/auth/decorators.py", line 23, in _wrapper_view
    return view_func(request, *args, **kwargs)
  File "/Users/harshalsmac/WORK/ardur/ardurHome/trueAlign/notes/views.py", line 97, in global_update_list
    return render(request, 'notes/global_update_list.html', context)
  File "/opt/anaconda3/envs/aps/lib/python3.10/site-packages/django/shortcuts.py", line 25, in render
    content = loader.render_to_string(template_name, context, request, using=using)
  File "/opt/anaconda3/envs/aps/lib/python3.10/site-packages/django/template/loader.py", line 61, in render_to_string
    template = get_template(template_name, using=using)
  File "/opt/anaconda3/envs/aps/lib/python3.10/site-packages/django/template/loader.py", line 19, in get_template
    raise TemplateDoesNotExist(template_name, chain=chain)
django.template.exceptions.TemplateDoesNotExist: notes/global_update_list.html
[2025-09-10 12:15:52] ERROR - trueAlign.core.middleware - _create_new_session_throttled:283 - Error creating/getting session: "Attempt to overwrite 'message' in LogRecord"
[2025-09-10 12:16:14] ERROR - trueAlign.core.middleware - _create_new_session_throttled:283 - Error creating/getting session: "Attempt to overwrite 'message' in LogRecord"
[2025-09-10 12:16:54] ERROR - trueAlign.core.middleware - _create_new_session_throttled:283 - Error creating/getting session: "Attempt to overwrite 'message' in LogRecord"
[2025-09-10 12:17:38] ERROR - trueAlign.core.middleware - _create_new_session_throttled:283 - Error creating/getting session: "Attempt to overwrite 'message' in LogRecord"
[2025-09-10 12:21:58] ERROR - django.request - log_response:241 - Internal Server Error: /notes/create/
Traceback (most recent call last):
  File "/opt/anaconda3/envs/aps/lib/python3.10/site-packages/django/core/handlers/exception.py", line 55, in inner
    response = get_response(request)
  File "/opt/anaconda3/envs/aps/lib/python3.10/site-packages/django/core/handlers/base.py", line 197, in _get_response
    response = wrapped_callback(request, *callback_args, **callback_kwargs)
  File "/opt/anaconda3/envs/aps/lib/python3.10/site-packages/django/contrib/auth/decorators.py", line 23, in _wrapper_view
    return view_func(request, *args, **kwargs)
  File "/Users/harshalsmac/WORK/ardur/ardurHome/trueAlign/notes/views.py", line 166, in global_update_create
    return render(request, 'notes/global_update_form.html', context)
  File "/opt/anaconda3/envs/aps/lib/python3.10/site-packages/django/shortcuts.py", line 25, in render
    content = loader.render_to_string(template_name, context, request, using=using)
  File "/opt/anaconda3/envs/aps/lib/python3.10/site-packages/django/template/loader.py", line 61, in render_to_string
    template = get_template(template_name, using=using)
  File "/opt/anaconda3/envs/aps/lib/python3.10/site-packages/django/template/loader.py", line 19, in get_template
    raise TemplateDoesNotExist(template_name, chain=chain)
django.template.exceptions.TemplateDoesNotExist: notes/global_update_form.html
[2025-09-10 12:22:26] ERROR - django.request - log_response:241 - Internal Server Error: /notes/
Traceback (most recent call last):
  File "/opt/anaconda3/envs/aps/lib/python3.10/site-packages/django/core/handlers/exception.py", line 55, in inner
    response = get_response(request)
  File "/opt/anaconda3/envs/aps/lib/python3.10/site-packages/django/core/handlers/base.py", line 197, in _get_response
    response = wrapped_callback(request, *callback_args, **callback_kwargs)
  File "/opt/anaconda3/envs/aps/lib/python3.10/site-packages/django/contrib/auth/decorators.py", line 23, in _wrapper_view
    return view_func(request, *args, **kwargs)
  File "/Users/harshalsmac/WORK/ardur/ardurHome/trueAlign/notes/views.py", line 97, in global_update_list
    return render(request, 'notes/global_update_list.html', context)
  File "/opt/anaconda3/envs/aps/lib/python3.10/site-packages/django/shortcuts.py", line 25, in render
    content = loader.render_to_string(template_name, context, request, using=using)
  File "/opt/anaconda3/envs/aps/lib/python3.10/site-packages/django/template/loader.py", line 61, in render_to_string
    template = get_template(template_name, using=using)
  File "/opt/anaconda3/envs/aps/lib/python3.10/site-packages/django/template/loader.py", line 19, in get_template
    raise TemplateDoesNotExist(template_name, chain=chain)
django.template.exceptions.TemplateDoesNotExist: notes/global_update_list.html
[2025-09-10 12:27:54] ERROR - django.request - log_response:241 - Internal Server Error: /notes/create/
Traceback (most recent call last):
  File "/opt/anaconda3/envs/aps/lib/python3.10/site-packages/django/core/handlers/exception.py", line 55, in inner
    response = get_response(request)
  File "/opt/anaconda3/envs/aps/lib/python3.10/site-packages/django/core/handlers/base.py", line 197, in _get_response
    response = wrapped_callback(request, *callback_args, **callback_kwargs)
  File "/opt/anaconda3/envs/aps/lib/python3.10/site-packages/django/contrib/auth/decorators.py", line 23, in _wrapper_view
    return view_func(request, *args, **kwargs)
  File "/Users/harshalsmac/WORK/ardur/ardurHome/trueAlign/notes/views.py", line 166, in global_update_create
    return render(request, 'notes/global_update_form.html', context)
  File "/opt/anaconda3/envs/aps/lib/python3.10/site-packages/django/shortcuts.py", line 25, in render
    content = loader.render_to_string(template_name, context, request, using=using)
  File "/opt/anaconda3/envs/aps/lib/python3.10/site-packages/django/template/loader.py", line 61, in render_to_string
    template = get_template(template_name, using=using)
  File "/opt/anaconda3/envs/aps/lib/python3.10/site-packages/django/template/loader.py", line 19, in get_template
    raise TemplateDoesNotExist(template_name, chain=chain)
django.template.exceptions.TemplateDoesNotExist: notes/global_update_form.html
[2025-09-10 12:28:13] ERROR - django.request - log_response:241 - Internal Server Error: /notes/
Traceback (most recent call last):
  File "/opt/anaconda3/envs/aps/lib/python3.10/site-packages/django/core/handlers/exception.py", line 55, in inner
    response = get_response(request)
  File "/opt/anaconda3/envs/aps/lib/python3.10/site-packages/django/core/handlers/base.py", line 197, in _get_response
    response = wrapped_callback(request, *callback_args, **callback_kwargs)
  File "/opt/anaconda3/envs/aps/lib/python3.10/site-packages/django/contrib/auth/decorators.py", line 23, in _wrapper_view
    return view_func(request, *args, **kwargs)
  File "/Users/harshalsmac/WORK/ardur/ardurHome/trueAlign/notes/views.py", line 97, in global_update_list
    return render(request, 'notes/global_update_list.html', context)
  File "/opt/anaconda3/envs/aps/lib/python3.10/site-packages/django/shortcuts.py", line 25, in render
    content = loader.render_to_string(template_name, context, request, using=using)
  File "/opt/anaconda3/envs/aps/lib/python3.10/site-packages/django/template/loader.py", line 61, in render_to_string
    template = get_template(template_name, using=using)
  File "/opt/anaconda3/envs/aps/lib/python3.10/site-packages/django/template/loader.py", line 19, in get_template
    raise TemplateDoesNotExist(template_name, chain=chain)
django.template.exceptions.TemplateDoesNotExist: notes/global_update_list.html
[2025-09-10 12:29:03] INFO - django.utils.autoreload - trigger_reload:266 - /Users/harshalsmac/WORK/ardur/ardurHome/trueAlign/notes/views.py changed, reloading.
[2025-09-10 12:29:03] INFO - django.utils.autoreload - run_with_reloader:668 - Watching for file changes with StatReloader
[2025-09-10 12:35:59] INFO - django.utils.autoreload - trigger_reload:266 - /Users/harshalsmac/WORK/ardur/ardurHome/trueAlign/notes/views.py changed, reloading.
[2025-09-10 12:35:59] INFO - django.utils.autoreload - run_with_reloader:668 - Watching for file changes with StatReloader
[2025-09-10 12:38:36] ERROR - trueAlign.core.middleware - _create_new_session_throttled:283 - Error creating/getting session: "Attempt to overwrite 'message' in LogRecord"
[2025-09-10 12:42:23] INFO - django.utils.autoreload - trigger_reload:266 - /Users/harshalsmac/WORK/ardur/ardurHome/trueAlign/notes/views.py changed, reloading.
[2025-09-10 12:42:23] INFO - django.utils.autoreload - run_with_reloader:668 - Watching for file changes with StatReloader
[2025-09-10 12:45:06] INFO - django.utils.autoreload - trigger_reload:266 - /Users/harshalsmac/WORK/ardur/ardurHome/trueAlign/notes/views.py changed, reloading.
[2025-09-10 12:45:06] INFO - django.utils.autoreload - run_with_reloader:668 - Watching for file changes with StatReloader
[2025-09-10 12:50:56] ERROR - django.request - log_response:241 - Internal Server Error: /notes/create/
Traceback (most recent call last):
  File "/opt/anaconda3/envs/aps/lib/python3.10/site-packages/django/template/base.py", line 502, in parse
    compile_func = self.tags[command]
KeyError: 'endfor'

During handling of the above exception, another exception occurred:

Traceback (most recent call last):
  File "/opt/anaconda3/envs/aps/lib/python3.10/site-packages/django/core/handlers/exception.py", line 55, in inner
    response = get_response(request)
  File "/opt/anaconda3/envs/aps/lib/python3.10/site-packages/django/core/handlers/base.py", line 197, in _get_response
    response = wrapped_callback(request, *callback_args, **callback_kwargs)
  File "/opt/anaconda3/envs/aps/lib/python3.10/site-packages/django/contrib/auth/decorators.py", line 23, in _wrapper_view
    return view_func(request, *args, **kwargs)
  File "/Users/harshalsmac/WORK/ardur/ardurHome/trueAlign/notes/views.py", line 166, in global_update_create
    return render(request, 'notes/form.html', context)
  File "/opt/anaconda3/envs/aps/lib/python3.10/site-packages/django/shortcuts.py", line 25, in render
    content = loader.render_to_string(template_name, context, request, using=using)
  File "/opt/anaconda3/envs/aps/lib/python3.10/site-packages/django/template/loader.py", line 61, in render_to_string
    template = get_template(template_name, using=using)
  File "/opt/anaconda3/envs/aps/lib/python3.10/site-packages/django/template/loader.py", line 15, in get_template
    return engine.get_template(template_name)
  File "/opt/anaconda3/envs/aps/lib/python3.10/site-packages/django/template/backends/django.py", line 33, in get_template
    return Template(self.engine.get_template(template_name), self)
  File "/opt/anaconda3/envs/aps/lib/python3.10/site-packages/django/template/engine.py", line 177, in get_template
    template, origin = self.find_template(template_name)
  File "/opt/anaconda3/envs/aps/lib/python3.10/site-packages/django/template/engine.py", line 159, in find_template
    template = loader.get_template(name, skip=skip)
  File "/opt/anaconda3/envs/aps/lib/python3.10/site-packages/django/template/loaders/cached.py", line 57, in get_template
    template = super().get_template(template_name, skip)
  File "/opt/anaconda3/envs/aps/lib/python3.10/site-packages/django/template/loaders/base.py", line 28, in get_template
    return Template(
  File "/opt/anaconda3/envs/aps/lib/python3.10/site-packages/django/template/base.py", line 154, in __init__
    self.nodelist = self.compile_nodelist()
  File "/opt/anaconda3/envs/aps/lib/python3.10/site-packages/django/template/base.py", line 196, in compile_nodelist
    return parser.parse()
  File "/opt/anaconda3/envs/aps/lib/python3.10/site-packages/django/template/base.py", line 510, in parse
    raise self.error(token, e)
  File "/opt/anaconda3/envs/aps/lib/python3.10/site-packages/django/template/base.py", line 508, in parse
    compiled_result = compile_func(self, token)
  File "/opt/anaconda3/envs/aps/lib/python3.10/site-packages/django/template/loader_tags.py", line 295, in do_extends
    nodelist = parser.parse()
  File "/opt/anaconda3/envs/aps/lib/python3.10/site-packages/django/template/base.py", line 510, in parse
    raise self.error(token, e)
  File "/opt/anaconda3/envs/aps/lib/python3.10/site-packages/django/template/base.py", line 508, in parse
    compiled_result = compile_func(self, token)
  File "/opt/anaconda3/envs/aps/lib/python3.10/site-packages/django/template/loader_tags.py", line 234, in do_block
    nodelist = parser.parse(("endblock",))
  File "/opt/anaconda3/envs/aps/lib/python3.10/site-packages/django/template/base.py", line 504, in parse
    self.invalid_block_tag(token, command, parse_until)
  File "/opt/anaconda3/envs/aps/lib/python3.10/site-packages/django/template/base.py", line 555, in invalid_block_tag
    raise self.error(
django.template.exceptions.TemplateSyntaxError: Invalid block tag on line 130: 'endfor', expected 'endblock'. Did you forget to register or load this tag?
[2025-09-10 12:51:54] ERROR - django.request - log_response:241 - Internal Server Error: /notes/create/
Traceback (most recent call last):
  File "/opt/anaconda3/envs/aps/lib/python3.10/site-packages/django/template/base.py", line 502, in parse
    compile_func = self.tags[command]
KeyError: 'endif'

During handling of the above exception, another exception occurred:

Traceback (most recent call last):
  File "/opt/anaconda3/envs/aps/lib/python3.10/site-packages/django/core/handlers/exception.py", line 55, in inner
    response = get_response(request)
  File "/opt/anaconda3/envs/aps/lib/python3.10/site-packages/django/core/handlers/base.py", line 197, in _get_response
    response = wrapped_callback(request, *callback_args, **callback_kwargs)
  File "/opt/anaconda3/envs/aps/lib/python3.10/site-packages/django/contrib/auth/decorators.py", line 23, in _wrapper_view
    return view_func(request, *args, **kwargs)
  File "/Users/harshalsmac/WORK/ardur/ardurHome/trueAlign/notes/views.py", line 166, in global_update_create
    return render(request, 'notes/form.html', context)
  File "/opt/anaconda3/envs/aps/lib/python3.10/site-packages/django/shortcuts.py", line 25, in render
    content = loader.render_to_string(template_name, context, request, using=using)
  File "/opt/anaconda3/envs/aps/lib/python3.10/site-packages/django/template/loader.py", line 61, in render_to_string
    template = get_template(template_name, using=using)
  File "/opt/anaconda3/envs/aps/lib/python3.10/site-packages/django/template/loader.py", line 15, in get_template
    return engine.get_template(template_name)
  File "/opt/anaconda3/envs/aps/lib/python3.10/site-packages/django/template/backends/django.py", line 33, in get_template
    return Template(self.engine.get_template(template_name), self)
  File "/opt/anaconda3/envs/aps/lib/python3.10/site-packages/django/template/engine.py", line 177, in get_template
    template, origin = self.find_template(template_name)
  File "/opt/anaconda3/envs/aps/lib/python3.10/site-packages/django/template/engine.py", line 159, in find_template
    template = loader.get_template(name, skip=skip)
  File "/opt/anaconda3/envs/aps/lib/python3.10/site-packages/django/template/loaders/cached.py", line 57, in get_template
    template = super().get_template(template_name, skip)
  File "/opt/anaconda3/envs/aps/lib/python3.10/site-packages/django/template/loaders/base.py", line 28, in get_template
    return Template(
  File "/opt/anaconda3/envs/aps/lib/python3.10/site-packages/django/template/base.py", line 154, in __init__
    self.nodelist = self.compile_nodelist()
  File "/opt/anaconda3/envs/aps/lib/python3.10/site-packages/django/template/base.py", line 196, in compile_nodelist
    return parser.parse()
  File "/opt/anaconda3/envs/aps/lib/python3.10/site-packages/django/template/base.py", line 510, in parse
    raise self.error(token, e)
  File "/opt/anaconda3/envs/aps/lib/python3.10/site-packages/django/template/base.py", line 508, in parse
    compiled_result = compile_func(self, token)
  File "/opt/anaconda3/envs/aps/lib/python3.10/site-packages/django/template/loader_tags.py", line 295, in do_extends
    nodelist = parser.parse()
  File "/opt/anaconda3/envs/aps/lib/python3.10/site-packages/django/template/base.py", line 510, in parse
    raise self.error(token, e)
  File "/opt/anaconda3/envs/aps/lib/python3.10/site-packages/django/template/base.py", line 508, in parse
    compiled_result = compile_func(self, token)
  File "/opt/anaconda3/envs/aps/lib/python3.10/site-packages/django/template/loader_tags.py", line 234, in do_block
    nodelist = parser.parse(("endblock",))
  File "/opt/anaconda3/envs/aps/lib/python3.10/site-packages/django/template/base.py", line 504, in parse
    self.invalid_block_tag(token, command, parse_until)
  File "/opt/anaconda3/envs/aps/lib/python3.10/site-packages/django/template/base.py", line 555, in invalid_block_tag
    raise self.error(
django.template.exceptions.TemplateSyntaxError: Invalid block tag on line 134: 'endif', expected 'endblock'. Did you forget to register or load this tag?
[2025-09-10 13:00:18] INFO - django.utils.autoreload - run_with_reloader:668 - Watching for file changes with StatReloader
[2025-09-10 13:01:29] ERROR - django.request - log_response:241 - Internal Server Error: /notes/create/
Traceback (most recent call last):
  File "/opt/anaconda3/envs/aps/lib/python3.10/site-packages/django/template/base.py", line 502, in parse
    compile_func = self.tags[command]
KeyError: 'endfor'

During handling of the above exception, another exception occurred:

Traceback (most recent call last):
  File "/opt/anaconda3/envs/aps/lib/python3.10/site-packages/django/core/handlers/exception.py", line 55, in inner
    response = get_response(request)
  File "/opt/anaconda3/envs/aps/lib/python3.10/site-packages/django/core/handlers/base.py", line 197, in _get_response
    response = wrapped_callback(request, *callback_args, **callback_kwargs)
  File "/opt/anaconda3/envs/aps/lib/python3.10/site-packages/django/contrib/auth/decorators.py", line 23, in _wrapper_view
    return view_func(request, *args, **kwargs)
  File "/Users/harshalsmac/WORK/ardur/ardurHome/trueAlign/notes/views.py", line 166, in global_update_create
    return render(request, 'notes/form.html', context)
  File "/opt/anaconda3/envs/aps/lib/python3.10/site-packages/django/shortcuts.py", line 25, in render
    content = loader.render_to_string(template_name, context, request, using=using)
  File "/opt/anaconda3/envs/aps/lib/python3.10/site-packages/django/template/loader.py", line 61, in render_to_string
    template = get_template(template_name, using=using)
  File "/opt/anaconda3/envs/aps/lib/python3.10/site-packages/django/template/loader.py", line 15, in get_template
    return engine.get_template(template_name)
  File "/opt/anaconda3/envs/aps/lib/python3.10/site-packages/django/template/backends/django.py", line 33, in get_template
    return Template(self.engine.get_template(template_name), self)
  File "/opt/anaconda3/envs/aps/lib/python3.10/site-packages/django/template/engine.py", line 177, in get_template
    template, origin = self.find_template(template_name)
  File "/opt/anaconda3/envs/aps/lib/python3.10/site-packages/django/template/engine.py", line 159, in find_template
    template = loader.get_template(name, skip=skip)
  File "/opt/anaconda3/envs/aps/lib/python3.10/site-packages/django/template/loaders/cached.py", line 57, in get_template
    template = super().get_template(template_name, skip)
  File "/opt/anaconda3/envs/aps/lib/python3.10/site-packages/django/template/loaders/base.py", line 28, in get_template
    return Template(
  File "/opt/anaconda3/envs/aps/lib/python3.10/site-packages/django/template/base.py", line 154, in __init__
    self.nodelist = self.compile_nodelist()
  File "/opt/anaconda3/envs/aps/lib/python3.10/site-packages/django/template/base.py", line 196, in compile_nodelist
    return parser.parse()
  File "/opt/anaconda3/envs/aps/lib/python3.10/site-packages/django/template/base.py", line 510, in parse
    raise self.error(token, e)
  File "/opt/anaconda3/envs/aps/lib/python3.10/site-packages/django/template/base.py", line 508, in parse
    compiled_result = compile_func(self, token)
  File "/opt/anaconda3/envs/aps/lib/python3.10/site-packages/django/template/loader_tags.py", line 295, in do_extends
    nodelist = parser.parse()
  File "/opt/anaconda3/envs/aps/lib/python3.10/site-packages/django/template/base.py", line 510, in parse
    raise self.error(token, e)
  File "/opt/anaconda3/envs/aps/lib/python3.10/site-packages/django/template/base.py", line 508, in parse
    compiled_result = compile_func(self, token)
  File "/opt/anaconda3/envs/aps/lib/python3.10/site-packages/django/template/loader_tags.py", line 234, in do_block
    nodelist = parser.parse(("endblock",))
  File "/opt/anaconda3/envs/aps/lib/python3.10/site-packages/django/template/base.py", line 504, in parse
    self.invalid_block_tag(token, command, parse_until)
  File "/opt/anaconda3/envs/aps/lib/python3.10/site-packages/django/template/base.py", line 555, in invalid_block_tag
    raise self.error(
django.template.exceptions.TemplateSyntaxError: Invalid block tag on line 134: 'endfor', expected 'endblock'. Did you forget to register or load this tag?
[2025-09-10 13:03:06] ERROR - django.request - log_response:241 - Internal Server Error: /notes/1/
Traceback (most recent call last):
  File "/opt/anaconda3/envs/aps/lib/python3.10/site-packages/django/template/base.py", line 502, in parse
    compile_func = self.tags[command]
KeyError: 'endif'

During handling of the above exception, another exception occurred:

Traceback (most recent call last):
  File "/opt/anaconda3/envs/aps/lib/python3.10/site-packages/django/core/handlers/exception.py", line 55, in inner
    response = get_response(request)
  File "/opt/anaconda3/envs/aps/lib/python3.10/site-packages/django/core/handlers/base.py", line 197, in _get_response
    response = wrapped_callback(request, *callback_args, **callback_kwargs)
  File "/opt/anaconda3/envs/aps/lib/python3.10/site-packages/django/contrib/auth/decorators.py", line 23, in _wrapper_view
    return view_func(request, *args, **kwargs)
  File "/Users/harshalsmac/WORK/ardur/ardurHome/trueAlign/notes/views.py", line 139, in global_update_detail
    return render(request, 'notes/details.html', context)
  File "/opt/anaconda3/envs/aps/lib/python3.10/site-packages/django/shortcuts.py", line 25, in render
    content = loader.render_to_string(template_name, context, request, using=using)
  File "/opt/anaconda3/envs/aps/lib/python3.10/site-packages/django/template/loader.py", line 61, in render_to_string
    template = get_template(template_name, using=using)
  File "/opt/anaconda3/envs/aps/lib/python3.10/site-packages/django/template/loader.py", line 15, in get_template
    return engine.get_template(template_name)
  File "/opt/anaconda3/envs/aps/lib/python3.10/site-packages/django/template/backends/django.py", line 33, in get_template
    return Template(self.engine.get_template(template_name), self)
  File "/opt/anaconda3/envs/aps/lib/python3.10/site-packages/django/template/engine.py", line 177, in get_template
    template, origin = self.find_template(template_name)
  File "/opt/anaconda3/envs/aps/lib/python3.10/site-packages/django/template/engine.py", line 159, in find_template
    template = loader.get_template(name, skip=skip)
  File "/opt/anaconda3/envs/aps/lib/python3.10/site-packages/django/template/loaders/cached.py", line 57, in get_template
    template = super().get_template(template_name, skip)
  File "/opt/anaconda3/envs/aps/lib/python3.10/site-packages/django/template/loaders/base.py", line 28, in get_template
    return Template(
  File "/opt/anaconda3/envs/aps/lib/python3.10/site-packages/django/template/base.py", line 154, in __init__
    self.nodelist = self.compile_nodelist()
  File "/opt/anaconda3/envs/aps/lib/python3.10/site-packages/django/template/base.py", line 196, in compile_nodelist
    return parser.parse()
  File "/opt/anaconda3/envs/aps/lib/python3.10/site-packages/django/template/base.py", line 510, in parse
    raise self.error(token, e)
  File "/opt/anaconda3/envs/aps/lib/python3.10/site-packages/django/template/base.py", line 508, in parse
    compiled_result = compile_func(self, token)
  File "/opt/anaconda3/envs/aps/lib/python3.10/site-packages/django/template/loader_tags.py", line 295, in do_extends
    nodelist = parser.parse()
  File "/opt/anaconda3/envs/aps/lib/python3.10/site-packages/django/template/base.py", line 510, in parse
    raise self.error(token, e)
  File "/opt/anaconda3/envs/aps/lib/python3.10/site-packages/django/template/base.py", line 508, in parse
    compiled_result = compile_func(self, token)
  File "/opt/anaconda3/envs/aps/lib/python3.10/site-packages/django/template/loader_tags.py", line 234, in do_block
    nodelist = parser.parse(("endblock",))
  File "/opt/anaconda3/envs/aps/lib/python3.10/site-packages/django/template/base.py", line 510, in parse
    raise self.error(token, e)
  File "/opt/anaconda3/envs/aps/lib/python3.10/site-packages/django/template/base.py", line 508, in parse
    compiled_result = compile_func(self, token)
  File "/opt/anaconda3/envs/aps/lib/python3.10/site-packages/django/template/defaulttags.py", line 861, in do_for
    nodelist_loop = parser.parse(
  File "/opt/anaconda3/envs/aps/lib/python3.10/site-packages/django/template/base.py", line 504, in parse
    self.invalid_block_tag(token, command, parse_until)
  File "/opt/anaconda3/envs/aps/lib/python3.10/site-packages/django/template/base.py", line 555, in invalid_block_tag
    raise self.error(
django.template.exceptions.TemplateSyntaxError: Invalid block tag on line 34: 'endif', expected 'empty' or 'endfor'. Did you forget to register or load this tag?
[2025-09-10 13:03:51] ERROR - django.request - log_response:241 - Internal Server Error: /notes/1/
Traceback (most recent call last):
  File "/opt/anaconda3/envs/aps/lib/python3.10/site-packages/django/template/base.py", line 502, in parse
    compile_func = self.tags[command]
KeyError: 'endif'

During handling of the above exception, another exception occurred:

Traceback (most recent call last):
  File "/opt/anaconda3/envs/aps/lib/python3.10/site-packages/django/core/handlers/exception.py", line 55, in inner
    response = get_response(request)
  File "/opt/anaconda3/envs/aps/lib/python3.10/site-packages/django/core/handlers/base.py", line 197, in _get_response
    response = wrapped_callback(request, *callback_args, **callback_kwargs)
  File "/opt/anaconda3/envs/aps/lib/python3.10/site-packages/django/contrib/auth/decorators.py", line 23, in _wrapper_view
    return view_func(request, *args, **kwargs)
  File "/Users/harshalsmac/WORK/ardur/ardurHome/trueAlign/notes/views.py", line 139, in global_update_detail
    return render(request, 'notes/details.html', context)
  File "/opt/anaconda3/envs/aps/lib/python3.10/site-packages/django/shortcuts.py", line 25, in render
    content = loader.render_to_string(template_name, context, request, using=using)
  File "/opt/anaconda3/envs/aps/lib/python3.10/site-packages/django/template/loader.py", line 61, in render_to_string
    template = get_template(template_name, using=using)
  File "/opt/anaconda3/envs/aps/lib/python3.10/site-packages/django/template/loader.py", line 15, in get_template
    return engine.get_template(template_name)
  File "/opt/anaconda3/envs/aps/lib/python3.10/site-packages/django/template/backends/django.py", line 33, in get_template
    return Template(self.engine.get_template(template_name), self)
  File "/opt/anaconda3/envs/aps/lib/python3.10/site-packages/django/template/engine.py", line 177, in get_template
    template, origin = self.find_template(template_name)
  File "/opt/anaconda3/envs/aps/lib/python3.10/site-packages/django/template/engine.py", line 159, in find_template
    template = loader.get_template(name, skip=skip)
  File "/opt/anaconda3/envs/aps/lib/python3.10/site-packages/django/template/loaders/cached.py", line 57, in get_template
    template = super().get_template(template_name, skip)
  File "/opt/anaconda3/envs/aps/lib/python3.10/site-packages/django/template/loaders/base.py", line 28, in get_template
    return Template(
  File "/opt/anaconda3/envs/aps/lib/python3.10/site-packages/django/template/base.py", line 154, in __init__
    self.nodelist = self.compile_nodelist()
  File "/opt/anaconda3/envs/aps/lib/python3.10/site-packages/django/template/base.py", line 196, in compile_nodelist
    return parser.parse()
  File "/opt/anaconda3/envs/aps/lib/python3.10/site-packages/django/template/base.py", line 510, in parse
    raise self.error(token, e)
  File "/opt/anaconda3/envs/aps/lib/python3.10/site-packages/django/template/base.py", line 508, in parse
    compiled_result = compile_func(self, token)
  File "/opt/anaconda3/envs/aps/lib/python3.10/site-packages/django/template/loader_tags.py", line 295, in do_extends
    nodelist = parser.parse()
  File "/opt/anaconda3/envs/aps/lib/python3.10/site-packages/django/template/base.py", line 510, in parse
    raise self.error(token, e)
  File "/opt/anaconda3/envs/aps/lib/python3.10/site-packages/django/template/base.py", line 508, in parse
    compiled_result = compile_func(self, token)
  File "/opt/anaconda3/envs/aps/lib/python3.10/site-packages/django/template/loader_tags.py", line 234, in do_block
    nodelist = parser.parse(("endblock",))
  File "/opt/anaconda3/envs/aps/lib/python3.10/site-packages/django/template/base.py", line 510, in parse
    raise self.error(token, e)
  File "/opt/anaconda3/envs/aps/lib/python3.10/site-packages/django/template/base.py", line 508, in parse
    compiled_result = compile_func(self, token)
  File "/opt/anaconda3/envs/aps/lib/python3.10/site-packages/django/template/defaulttags.py", line 861, in do_for
    nodelist_loop = parser.parse(
  File "/opt/anaconda3/envs/aps/lib/python3.10/site-packages/django/template/base.py", line 504, in parse
    self.invalid_block_tag(token, command, parse_until)
  File "/opt/anaconda3/envs/aps/lib/python3.10/site-packages/django/template/base.py", line 555, in invalid_block_tag
    raise self.error(
django.template.exceptions.TemplateSyntaxError: Invalid block tag on line 34: 'endif', expected 'empty' or 'endfor'. Did you forget to register or load this tag?
[2025-09-10 13:03:53] ERROR - django.request - log_response:241 - Internal Server Error: /notes/1/
Traceback (most recent call last):
  File "/opt/anaconda3/envs/aps/lib/python3.10/site-packages/django/template/base.py", line 502, in parse
    compile_func = self.tags[command]
KeyError: 'endif'

During handling of the above exception, another exception occurred:

Traceback (most recent call last):
  File "/opt/anaconda3/envs/aps/lib/python3.10/site-packages/django/core/handlers/exception.py", line 55, in inner
    response = get_response(request)
  File "/opt/anaconda3/envs/aps/lib/python3.10/site-packages/django/core/handlers/base.py", line 197, in _get_response
    response = wrapped_callback(request, *callback_args, **callback_kwargs)
  File "/opt/anaconda3/envs/aps/lib/python3.10/site-packages/django/contrib/auth/decorators.py", line 23, in _wrapper_view
    return view_func(request, *args, **kwargs)
  File "/Users/harshalsmac/WORK/ardur/ardurHome/trueAlign/notes/views.py", line 139, in global_update_detail
    return render(request, 'notes/details.html', context)
  File "/opt/anaconda3/envs/aps/lib/python3.10/site-packages/django/shortcuts.py", line 25, in render
    content = loader.render_to_string(template_name, context, request, using=using)
  File "/opt/anaconda3/envs/aps/lib/python3.10/site-packages/django/template/loader.py", line 61, in render_to_string
    template = get_template(template_name, using=using)
  File "/opt/anaconda3/envs/aps/lib/python3.10/site-packages/django/template/loader.py", line 15, in get_template
    return engine.get_template(template_name)
  File "/opt/anaconda3/envs/aps/lib/python3.10/site-packages/django/template/backends/django.py", line 33, in get_template
    return Template(self.engine.get_template(template_name), self)
  File "/opt/anaconda3/envs/aps/lib/python3.10/site-packages/django/template/engine.py", line 177, in get_template
    template, origin = self.find_template(template_name)
  File "/opt/anaconda3/envs/aps/lib/python3.10/site-packages/django/template/engine.py", line 159, in find_template
    template = loader.get_template(name, skip=skip)
  File "/opt/anaconda3/envs/aps/lib/python3.10/site-packages/django/template/loaders/cached.py", line 57, in get_template
    template = super().get_template(template_name, skip)
  File "/opt/anaconda3/envs/aps/lib/python3.10/site-packages/django/template/loaders/base.py", line 28, in get_template
    return Template(
  File "/opt/anaconda3/envs/aps/lib/python3.10/site-packages/django/template/base.py", line 154, in __init__
    self.nodelist = self.compile_nodelist()
  File "/opt/anaconda3/envs/aps/lib/python3.10/site-packages/django/template/base.py", line 196, in compile_nodelist
    return parser.parse()
  File "/opt/anaconda3/envs/aps/lib/python3.10/site-packages/django/template/base.py", line 510, in parse
    raise self.error(token, e)
  File "/opt/anaconda3/envs/aps/lib/python3.10/site-packages/django/template/base.py", line 508, in parse
    compiled_result = compile_func(self, token)
  File "/opt/anaconda3/envs/aps/lib/python3.10/site-packages/django/template/loader_tags.py", line 295, in do_extends
    nodelist = parser.parse()
  File "/opt/anaconda3/envs/aps/lib/python3.10/site-packages/django/template/base.py", line 510, in parse
    raise self.error(token, e)
  File "/opt/anaconda3/envs/aps/lib/python3.10/site-packages/django/template/base.py", line 508, in parse
    compiled_result = compile_func(self, token)
  File "/opt/anaconda3/envs/aps/lib/python3.10/site-packages/django/template/loader_tags.py", line 234, in do_block
    nodelist = parser.parse(("endblock",))
  File "/opt/anaconda3/envs/aps/lib/python3.10/site-packages/django/template/base.py", line 510, in parse
    raise self.error(token, e)
  File "/opt/anaconda3/envs/aps/lib/python3.10/site-packages/django/template/base.py", line 508, in parse
    compiled_result = compile_func(self, token)
  File "/opt/anaconda3/envs/aps/lib/python3.10/site-packages/django/template/defaulttags.py", line 861, in do_for
    nodelist_loop = parser.parse(
  File "/opt/anaconda3/envs/aps/lib/python3.10/site-packages/django/template/base.py", line 504, in parse
    self.invalid_block_tag(token, command, parse_until)
  File "/opt/anaconda3/envs/aps/lib/python3.10/site-packages/django/template/base.py", line 555, in invalid_block_tag
    raise self.error(
django.template.exceptions.TemplateSyntaxError: Invalid block tag on line 34: 'endif', expected 'empty' or 'endfor'. Did you forget to register or load this tag?
[2025-09-10 13:03:54] ERROR - django.request - log_response:241 - Internal Server Error: /notes/1/
Traceback (most recent call last):
  File "/opt/anaconda3/envs/aps/lib/python3.10/site-packages/django/template/base.py", line 502, in parse
    compile_func = self.tags[command]
KeyError: 'endif'

During handling of the above exception, another exception occurred:

Traceback (most recent call last):
  File "/opt/anaconda3/envs/aps/lib/python3.10/site-packages/django/core/handlers/exception.py", line 55, in inner
    response = get_response(request)
  File "/opt/anaconda3/envs/aps/lib/python3.10/site-packages/django/core/handlers/base.py", line 197, in _get_response
    response = wrapped_callback(request, *callback_args, **callback_kwargs)
  File "/opt/anaconda3/envs/aps/lib/python3.10/site-packages/django/contrib/auth/decorators.py", line 23, in _wrapper_view
    return view_func(request, *args, **kwargs)
  File "/Users/harshalsmac/WORK/ardur/ardurHome/trueAlign/notes/views.py", line 139, in global_update_detail
    return render(request, 'notes/details.html', context)
  File "/opt/anaconda3/envs/aps/lib/python3.10/site-packages/django/shortcuts.py", line 25, in render
    content = loader.render_to_string(template_name, context, request, using=using)
  File "/opt/anaconda3/envs/aps/lib/python3.10/site-packages/django/template/loader.py", line 61, in render_to_string
    template = get_template(template_name, using=using)
  File "/opt/anaconda3/envs/aps/lib/python3.10/site-packages/django/template/loader.py", line 15, in get_template
    return engine.get_template(template_name)
  File "/opt/anaconda3/envs/aps/lib/python3.10/site-packages/django/template/backends/django.py", line 33, in get_template
    return Template(self.engine.get_template(template_name), self)
  File "/opt/anaconda3/envs/aps/lib/python3.10/site-packages/django/template/engine.py", line 177, in get_template
    template, origin = self.find_template(template_name)
  File "/opt/anaconda3/envs/aps/lib/python3.10/site-packages/django/template/engine.py", line 159, in find_template
    template = loader.get_template(name, skip=skip)
  File "/opt/anaconda3/envs/aps/lib/python3.10/site-packages/django/template/loaders/cached.py", line 57, in get_template
    template = super().get_template(template_name, skip)
  File "/opt/anaconda3/envs/aps/lib/python3.10/site-packages/django/template/loaders/base.py", line 28, in get_template
    return Template(
  File "/opt/anaconda3/envs/aps/lib/python3.10/site-packages/django/template/base.py", line 154, in __init__
    self.nodelist = self.compile_nodelist()
  File "/opt/anaconda3/envs/aps/lib/python3.10/site-packages/django/template/base.py", line 196, in compile_nodelist
    return parser.parse()
  File "/opt/anaconda3/envs/aps/lib/python3.10/site-packages/django/template/base.py", line 510, in parse
    raise self.error(token, e)
  File "/opt/anaconda3/envs/aps/lib/python3.10/site-packages/django/template/base.py", line 508, in parse
    compiled_result = compile_func(self, token)
  File "/opt/anaconda3/envs/aps/lib/python3.10/site-packages/django/template/loader_tags.py", line 295, in do_extends
    nodelist = parser.parse()
  File "/opt/anaconda3/envs/aps/lib/python3.10/site-packages/django/template/base.py", line 510, in parse
    raise self.error(token, e)
  File "/opt/anaconda3/envs/aps/lib/python3.10/site-packages/django/template/base.py", line 508, in parse
    compiled_result = compile_func(self, token)
  File "/opt/anaconda3/envs/aps/lib/python3.10/site-packages/django/template/loader_tags.py", line 234, in do_block
    nodelist = parser.parse(("endblock",))
  File "/opt/anaconda3/envs/aps/lib/python3.10/site-packages/django/template/base.py", line 510, in parse
    raise self.error(token, e)
  File "/opt/anaconda3/envs/aps/lib/python3.10/site-packages/django/template/base.py", line 508, in parse
    compiled_result = compile_func(self, token)
  File "/opt/anaconda3/envs/aps/lib/python3.10/site-packages/django/template/defaulttags.py", line 861, in do_for
    nodelist_loop = parser.parse(
  File "/opt/anaconda3/envs/aps/lib/python3.10/site-packages/django/template/base.py", line 504, in parse
    self.invalid_block_tag(token, command, parse_until)
  File "/opt/anaconda3/envs/aps/lib/python3.10/site-packages/django/template/base.py", line 555, in invalid_block_tag
    raise self.error(
django.template.exceptions.TemplateSyntaxError: Invalid block tag on line 34: 'endif', expected 'empty' or 'endfor'. Did you forget to register or load this tag?
[2025-09-10 13:04:13] ERROR - django.request - log_response:241 - Internal Server Error: /notes/1/
Traceback (most recent call last):
  File "/opt/anaconda3/envs/aps/lib/python3.10/site-packages/django/template/base.py", line 502, in parse
    compile_func = self.tags[command]
KeyError: 'endif'

During handling of the above exception, another exception occurred:

Traceback (most recent call last):
  File "/opt/anaconda3/envs/aps/lib/python3.10/site-packages/django/core/handlers/exception.py", line 55, in inner
    response = get_response(request)
  File "/opt/anaconda3/envs/aps/lib/python3.10/site-packages/django/core/handlers/base.py", line 197, in _get_response
    response = wrapped_callback(request, *callback_args, **callback_kwargs)
  File "/opt/anaconda3/envs/aps/lib/python3.10/site-packages/django/contrib/auth/decorators.py", line 23, in _wrapper_view
    return view_func(request, *args, **kwargs)
  File "/Users/harshalsmac/WORK/ardur/ardurHome/trueAlign/notes/views.py", line 139, in global_update_detail
    return render(request, 'notes/details.html', context)
  File "/opt/anaconda3/envs/aps/lib/python3.10/site-packages/django/shortcuts.py", line 25, in render
    content = loader.render_to_string(template_name, context, request, using=using)
  File "/opt/anaconda3/envs/aps/lib/python3.10/site-packages/django/template/loader.py", line 61, in render_to_string
    template = get_template(template_name, using=using)
  File "/opt/anaconda3/envs/aps/lib/python3.10/site-packages/django/template/loader.py", line 15, in get_template
    return engine.get_template(template_name)
  File "/opt/anaconda3/envs/aps/lib/python3.10/site-packages/django/template/backends/django.py", line 33, in get_template
    return Template(self.engine.get_template(template_name), self)
  File "/opt/anaconda3/envs/aps/lib/python3.10/site-packages/django/template/engine.py", line 177, in get_template
    template, origin = self.find_template(template_name)
  File "/opt/anaconda3/envs/aps/lib/python3.10/site-packages/django/template/engine.py", line 159, in find_template
    template = loader.get_template(name, skip=skip)
  File "/opt/anaconda3/envs/aps/lib/python3.10/site-packages/django/template/loaders/cached.py", line 57, in get_template
    template = super().get_template(template_name, skip)
  File "/opt/anaconda3/envs/aps/lib/python3.10/site-packages/django/template/loaders/base.py", line 28, in get_template
    return Template(
  File "/opt/anaconda3/envs/aps/lib/python3.10/site-packages/django/template/base.py", line 154, in __init__
    self.nodelist = self.compile_nodelist()
  File "/opt/anaconda3/envs/aps/lib/python3.10/site-packages/django/template/base.py", line 196, in compile_nodelist
    return parser.parse()
  File "/opt/anaconda3/envs/aps/lib/python3.10/site-packages/django/template/base.py", line 510, in parse
    raise self.error(token, e)
  File "/opt/anaconda3/envs/aps/lib/python3.10/site-packages/django/template/base.py", line 508, in parse
    compiled_result = compile_func(self, token)
  File "/opt/anaconda3/envs/aps/lib/python3.10/site-packages/django/template/loader_tags.py", line 295, in do_extends
    nodelist = parser.parse()
  File "/opt/anaconda3/envs/aps/lib/python3.10/site-packages/django/template/base.py", line 510, in parse
    raise self.error(token, e)
  File "/opt/anaconda3/envs/aps/lib/python3.10/site-packages/django/template/base.py", line 508, in parse
    compiled_result = compile_func(self, token)
  File "/opt/anaconda3/envs/aps/lib/python3.10/site-packages/django/template/loader_tags.py", line 234, in do_block
    nodelist = parser.parse(("endblock",))
  File "/opt/anaconda3/envs/aps/lib/python3.10/site-packages/django/template/base.py", line 504, in parse
    self.invalid_block_tag(token, command, parse_until)
  File "/opt/anaconda3/envs/aps/lib/python3.10/site-packages/django/template/base.py", line 555, in invalid_block_tag
    raise self.error(
django.template.exceptions.TemplateSyntaxError: Invalid block tag on line 142: 'endif', expected 'endblock'. Did you forget to register or load this tag?
[2025-09-10 13:08:01] INFO - django.utils.autoreload - trigger_reload:266 - /Users/harshalsmac/WORK/ardur/ardurHome/trueAlign/notes/views.py changed, reloading.
[2025-09-10 13:08:02] INFO - django.utils.autoreload - run_with_reloader:668 - Watching for file changes with StatReloader
[2025-09-10 13:08:38] INFO - django.utils.autoreload - trigger_reload:266 - /Users/harshalsmac/WORK/ardur/ardurHome/trueAlign/notes/urls.py changed, reloading.
[2025-09-10 13:08:39] INFO - django.utils.autoreload - run_with_reloader:668 - Watching for file changes with StatReloader
[2025-09-10 13:08:50] INFO - django.utils.autoreload - trigger_reload:266 - /Users/harshalsmac/WORK/ardur/ardurHome/trueAlign/notes/views.py changed, reloading.
[2025-09-10 13:08:51] INFO - django.utils.autoreload - run_with_reloader:668 - Watching for file changes with StatReloader
[2025-09-10 13:27:46] INFO - django.utils.autoreload - run_with_reloader:668 - Watching for file changes with StatReloader
[2025-09-10 13:27:57] ERROR - django.request - log_response:241 - Internal Server Error: /notes/global-updates/
Traceback (most recent call last):
  File "/opt/anaconda3/envs/aps/lib/python3.10/site-packages/django/core/handlers/exception.py", line 55, in inner
    response = get_response(request)
  File "/opt/anaconda3/envs/aps/lib/python3.10/site-packages/django/core/handlers/base.py", line 197, in _get_response
    response = wrapped_callback(request, *callback_args, **callback_kwargs)
  File "/opt/anaconda3/envs/aps/lib/python3.10/site-packages/django/contrib/auth/decorators.py", line 23, in _wrapper_view
    return view_func(request, *args, **kwargs)
  File "/Users/harshalsmac/WORK/ardur/ardurHome/trueAlign/notes/views.py", line 97, in global_update_list
    return render(request, 'notes/global_update_list.html', context)
  File "/opt/anaconda3/envs/aps/lib/python3.10/site-packages/django/shortcuts.py", line 25, in render
    content = loader.render_to_string(template_name, context, request, using=using)
  File "/opt/anaconda3/envs/aps/lib/python3.10/site-packages/django/template/loader.py", line 61, in render_to_string
    template = get_template(template_name, using=using)
  File "/opt/anaconda3/envs/aps/lib/python3.10/site-packages/django/template/loader.py", line 15, in get_template
    return engine.get_template(template_name)
  File "/opt/anaconda3/envs/aps/lib/python3.10/site-packages/django/template/backends/django.py", line 33, in get_template
    return Template(self.engine.get_template(template_name), self)
  File "/opt/anaconda3/envs/aps/lib/python3.10/site-packages/django/template/engine.py", line 177, in get_template
    template, origin = self.find_template(template_name)
  File "/opt/anaconda3/envs/aps/lib/python3.10/site-packages/django/template/engine.py", line 159, in find_template
    template = loader.get_template(name, skip=skip)
  File "/opt/anaconda3/envs/aps/lib/python3.10/site-packages/django/template/loaders/cached.py", line 57, in get_template
    template = super().get_template(template_name, skip)
  File "/opt/anaconda3/envs/aps/lib/python3.10/site-packages/django/template/loaders/base.py", line 28, in get_template
    return Template(
  File "/opt/anaconda3/envs/aps/lib/python3.10/site-packages/django/template/base.py", line 154, in __init__
    self.nodelist = self.compile_nodelist()
  File "/opt/anaconda3/envs/aps/lib/python3.10/site-packages/django/template/base.py", line 196, in compile_nodelist
    return parser.parse()
  File "/opt/anaconda3/envs/aps/lib/python3.10/site-packages/django/template/base.py", line 510, in parse
    raise self.error(token, e)
  File "/opt/anaconda3/envs/aps/lib/python3.10/site-packages/django/template/base.py", line 508, in parse
    compiled_result = compile_func(self, token)
  File "/opt/anaconda3/envs/aps/lib/python3.10/site-packages/django/template/loader_tags.py", line 295, in do_extends
    nodelist = parser.parse()
  File "/opt/anaconda3/envs/aps/lib/python3.10/site-packages/django/template/base.py", line 510, in parse
    raise self.error(token, e)
  File "/opt/anaconda3/envs/aps/lib/python3.10/site-packages/django/template/base.py", line 508, in parse
    compiled_result = compile_func(self, token)
  File "/opt/anaconda3/envs/aps/lib/python3.10/site-packages/django/template/loader_tags.py", line 234, in do_block
    nodelist = parser.parse(("endblock",))
  File "/opt/anaconda3/envs/aps/lib/python3.10/site-packages/django/template/base.py", line 510, in parse
    raise self.error(token, e)
  File "/opt/anaconda3/envs/aps/lib/python3.10/site-packages/django/template/base.py", line 508, in parse
    compiled_result = compile_func(self, token)
  File "/opt/anaconda3/envs/aps/lib/python3.10/site-packages/django/template/defaulttags.py", line 961, in do_if
    nodelist = parser.parse(("elif", "else", "endif"))
  File "/opt/anaconda3/envs/aps/lib/python3.10/site-packages/django/template/base.py", line 510, in parse
    raise self.error(token, e)
  File "/opt/anaconda3/envs/aps/lib/python3.10/site-packages/django/template/base.py", line 508, in parse
    compiled_result = compile_func(self, token)
  File "/opt/anaconda3/envs/aps/lib/python3.10/site-packages/django/template/defaulttags.py", line 861, in do_for
    nodelist_loop = parser.parse(
  File "/opt/anaconda3/envs/aps/lib/python3.10/site-packages/django/template/base.py", line 481, in parse
    raise self.error(token, e)
  File "/opt/anaconda3/envs/aps/lib/python3.10/site-packages/django/template/base.py", line 479, in parse
    filter_expression = self.compile_filter(token.contents)
  File "/opt/anaconda3/envs/aps/lib/python3.10/site-packages/django/template/base.py", line 597, in compile_filter
    return FilterExpression(token, self)
  File "/opt/anaconda3/envs/aps/lib/python3.10/site-packages/django/template/base.py", line 698, in __init__
    raise TemplateSyntaxError(
django.template.exceptions.TemplateSyntaxError: Could not parse the remainder: ':selected_language' from 'update.get_title:selected_language'
[2025-09-10 13:30:11] ERROR - django.request - log_response:241 - Internal Server Error: /notes/global-updates/
Traceback (most recent call last):
  File "/opt/anaconda3/envs/aps/lib/python3.10/site-packages/django/core/handlers/exception.py", line 55, in inner
    response = get_response(request)
  File "/opt/anaconda3/envs/aps/lib/python3.10/site-packages/django/core/handlers/base.py", line 197, in _get_response
    response = wrapped_callback(request, *callback_args, **callback_kwargs)
  File "/opt/anaconda3/envs/aps/lib/python3.10/site-packages/django/contrib/auth/decorators.py", line 23, in _wrapper_view
    return view_func(request, *args, **kwargs)
  File "/Users/harshalsmac/WORK/ardur/ardurHome/trueAlign/notes/views.py", line 97, in global_update_list
    return render(request, 'notes/global_update_list.html', context)
  File "/opt/anaconda3/envs/aps/lib/python3.10/site-packages/django/shortcuts.py", line 25, in render
    content = loader.render_to_string(template_name, context, request, using=using)
  File "/opt/anaconda3/envs/aps/lib/python3.10/site-packages/django/template/loader.py", line 61, in render_to_string
    template = get_template(template_name, using=using)
  File "/opt/anaconda3/envs/aps/lib/python3.10/site-packages/django/template/loader.py", line 15, in get_template
    return engine.get_template(template_name)
  File "/opt/anaconda3/envs/aps/lib/python3.10/site-packages/django/template/backends/django.py", line 33, in get_template
    return Template(self.engine.get_template(template_name), self)
  File "/opt/anaconda3/envs/aps/lib/python3.10/site-packages/django/template/engine.py", line 177, in get_template
    template, origin = self.find_template(template_name)
  File "/opt/anaconda3/envs/aps/lib/python3.10/site-packages/django/template/engine.py", line 159, in find_template
    template = loader.get_template(name, skip=skip)
  File "/opt/anaconda3/envs/aps/lib/python3.10/site-packages/django/template/loaders/cached.py", line 57, in get_template
    template = super().get_template(template_name, skip)
  File "/opt/anaconda3/envs/aps/lib/python3.10/site-packages/django/template/loaders/base.py", line 28, in get_template
    return Template(
  File "/opt/anaconda3/envs/aps/lib/python3.10/site-packages/django/template/base.py", line 154, in __init__
    self.nodelist = self.compile_nodelist()
  File "/opt/anaconda3/envs/aps/lib/python3.10/site-packages/django/template/base.py", line 196, in compile_nodelist
    return parser.parse()
  File "/opt/anaconda3/envs/aps/lib/python3.10/site-packages/django/template/base.py", line 510, in parse
    raise self.error(token, e)
  File "/opt/anaconda3/envs/aps/lib/python3.10/site-packages/django/template/base.py", line 508, in parse
    compiled_result = compile_func(self, token)
  File "/opt/anaconda3/envs/aps/lib/python3.10/site-packages/django/template/loader_tags.py", line 295, in do_extends
    nodelist = parser.parse()
  File "/opt/anaconda3/envs/aps/lib/python3.10/site-packages/django/template/base.py", line 510, in parse
    raise self.error(token, e)
  File "/opt/anaconda3/envs/aps/lib/python3.10/site-packages/django/template/base.py", line 508, in parse
    compiled_result = compile_func(self, token)
  File "/opt/anaconda3/envs/aps/lib/python3.10/site-packages/django/template/loader_tags.py", line 234, in do_block
    nodelist = parser.parse(("endblock",))
  File "/opt/anaconda3/envs/aps/lib/python3.10/site-packages/django/template/base.py", line 510, in parse
    raise self.error(token, e)
  File "/opt/anaconda3/envs/aps/lib/python3.10/site-packages/django/template/base.py", line 508, in parse
    compiled_result = compile_func(self, token)
  File "/opt/anaconda3/envs/aps/lib/python3.10/site-packages/django/template/defaulttags.py", line 961, in do_if
    nodelist = parser.parse(("elif", "else", "endif"))
  File "/opt/anaconda3/envs/aps/lib/python3.10/site-packages/django/template/base.py", line 510, in parse
    raise self.error(token, e)
  File "/opt/anaconda3/envs/aps/lib/python3.10/site-packages/django/template/base.py", line 508, in parse
    compiled_result = compile_func(self, token)
  File "/opt/anaconda3/envs/aps/lib/python3.10/site-packages/django/template/defaulttags.py", line 861, in do_for
    nodelist_loop = parser.parse(
  File "/opt/anaconda3/envs/aps/lib/python3.10/site-packages/django/template/base.py", line 481, in parse
    raise self.error(token, e)
  File "/opt/anaconda3/envs/aps/lib/python3.10/site-packages/django/template/base.py", line 479, in parse
    filter_expression = self.compile_filter(token.contents)
  File "/opt/anaconda3/envs/aps/lib/python3.10/site-packages/django/template/base.py", line 597, in compile_filter
    return FilterExpression(token, self)
  File "/opt/anaconda3/envs/aps/lib/python3.10/site-packages/django/template/base.py", line 698, in __init__
    raise TemplateSyntaxError(
django.template.exceptions.TemplateSyntaxError: Could not parse the remainder: ':selected_language' from 'update.get_title:selected_language'
[2025-09-10 13:34:10] ERROR - django.request - log_response:241 - Internal Server Error: /notes/global-updates/
Traceback (most recent call last):
  File "/opt/anaconda3/envs/aps/lib/python3.10/site-packages/django/template/base.py", line 502, in parse
    compile_func = self.tags[command]
KeyError: 'endif'

During handling of the above exception, another exception occurred:

Traceback (most recent call last):
  File "/opt/anaconda3/envs/aps/lib/python3.10/site-packages/django/core/handlers/exception.py", line 55, in inner
    response = get_response(request)
  File "/opt/anaconda3/envs/aps/lib/python3.10/site-packages/django/core/handlers/base.py", line 197, in _get_response
    response = wrapped_callback(request, *callback_args, **callback_kwargs)
  File "/opt/anaconda3/envs/aps/lib/python3.10/site-packages/django/contrib/auth/decorators.py", line 23, in _wrapper_view
    return view_func(request, *args, **kwargs)
  File "/Users/harshalsmac/WORK/ardur/ardurHome/trueAlign/notes/views.py", line 97, in global_update_list
    return render(request, 'notes/global_update_list.html', context)
  File "/opt/anaconda3/envs/aps/lib/python3.10/site-packages/django/shortcuts.py", line 25, in render
    content = loader.render_to_string(template_name, context, request, using=using)
  File "/opt/anaconda3/envs/aps/lib/python3.10/site-packages/django/template/loader.py", line 61, in render_to_string
    template = get_template(template_name, using=using)
  File "/opt/anaconda3/envs/aps/lib/python3.10/site-packages/django/template/loader.py", line 15, in get_template
    return engine.get_template(template_name)
  File "/opt/anaconda3/envs/aps/lib/python3.10/site-packages/django/template/backends/django.py", line 33, in get_template
    return Template(self.engine.get_template(template_name), self)
  File "/opt/anaconda3/envs/aps/lib/python3.10/site-packages/django/template/engine.py", line 177, in get_template
    template, origin = self.find_template(template_name)
  File "/opt/anaconda3/envs/aps/lib/python3.10/site-packages/django/template/engine.py", line 159, in find_template
    template = loader.get_template(name, skip=skip)
  File "/opt/anaconda3/envs/aps/lib/python3.10/site-packages/django/template/loaders/cached.py", line 57, in get_template
    template = super().get_template(template_name, skip)
  File "/opt/anaconda3/envs/aps/lib/python3.10/site-packages/django/template/loaders/base.py", line 28, in get_template
    return Template(
  File "/opt/anaconda3/envs/aps/lib/python3.10/site-packages/django/template/base.py", line 154, in __init__
    self.nodelist = self.compile_nodelist()
  File "/opt/anaconda3/envs/aps/lib/python3.10/site-packages/django/template/base.py", line 196, in compile_nodelist
    return parser.parse()
  File "/opt/anaconda3/envs/aps/lib/python3.10/site-packages/django/template/base.py", line 510, in parse
    raise self.error(token, e)
  File "/opt/anaconda3/envs/aps/lib/python3.10/site-packages/django/template/base.py", line 508, in parse
    compiled_result = compile_func(self, token)
  File "/opt/anaconda3/envs/aps/lib/python3.10/site-packages/django/template/loader_tags.py", line 295, in do_extends
    nodelist = parser.parse()
  File "/opt/anaconda3/envs/aps/lib/python3.10/site-packages/django/template/base.py", line 510, in parse
    raise self.error(token, e)
  File "/opt/anaconda3/envs/aps/lib/python3.10/site-packages/django/template/base.py", line 508, in parse
    compiled_result = compile_func(self, token)
  File "/opt/anaconda3/envs/aps/lib/python3.10/site-packages/django/template/loader_tags.py", line 234, in do_block
    nodelist = parser.parse(("endblock",))
  File "/opt/anaconda3/envs/aps/lib/python3.10/site-packages/django/template/base.py", line 510, in parse
    raise self.error(token, e)
  File "/opt/anaconda3/envs/aps/lib/python3.10/site-packages/django/template/base.py", line 508, in parse
    compiled_result = compile_func(self, token)
  File "/opt/anaconda3/envs/aps/lib/python3.10/site-packages/django/template/loader_tags.py", line 234, in do_block
    nodelist = parser.parse(("endblock",))
  File "/opt/anaconda3/envs/aps/lib/python3.10/site-packages/django/template/base.py", line 510, in parse
    raise self.error(token, e)
  File "/opt/anaconda3/envs/aps/lib/python3.10/site-packages/django/template/base.py", line 508, in parse
    compiled_result = compile_func(self, token)
  File "/opt/anaconda3/envs/aps/lib/python3.10/site-packages/django/template/defaulttags.py", line 861, in do_for
    nodelist_loop = parser.parse(
  File "/opt/anaconda3/envs/aps/lib/python3.10/site-packages/django/template/base.py", line 504, in parse
    self.invalid_block_tag(token, command, parse_until)
  File "/opt/anaconda3/envs/aps/lib/python3.10/site-packages/django/template/base.py", line 555, in invalid_block_tag
    raise self.error(
django.template.exceptions.TemplateSyntaxError: Invalid block tag on line 45: 'endif', expected 'empty' or 'endfor'. Did you forget to register or load this tag?
[2025-09-10 13:36:34] ERROR - django.request - log_response:241 - Internal Server Error: /notes/global-updates/
Traceback (most recent call last):
  File "/opt/anaconda3/envs/aps/lib/python3.10/site-packages/django/template/base.py", line 502, in parse
    compile_func = self.tags[command]
KeyError: 'endfor'

During handling of the above exception, another exception occurred:

Traceback (most recent call last):
  File "/opt/anaconda3/envs/aps/lib/python3.10/site-packages/django/core/handlers/exception.py", line 55, in inner
    response = get_response(request)
  File "/opt/anaconda3/envs/aps/lib/python3.10/site-packages/django/core/handlers/base.py", line 197, in _get_response
    response = wrapped_callback(request, *callback_args, **callback_kwargs)
  File "/opt/anaconda3/envs/aps/lib/python3.10/site-packages/django/contrib/auth/decorators.py", line 23, in _wrapper_view
    return view_func(request, *args, **kwargs)
  File "/Users/harshalsmac/WORK/ardur/ardurHome/trueAlign/notes/views.py", line 97, in global_update_list
    return render(request, 'notes/global_update_list.html', context)
  File "/opt/anaconda3/envs/aps/lib/python3.10/site-packages/django/shortcuts.py", line 25, in render
    content = loader.render_to_string(template_name, context, request, using=using)
  File "/opt/anaconda3/envs/aps/lib/python3.10/site-packages/django/template/loader.py", line 61, in render_to_string
    template = get_template(template_name, using=using)
  File "/opt/anaconda3/envs/aps/lib/python3.10/site-packages/django/template/loader.py", line 15, in get_template
    return engine.get_template(template_name)
  File "/opt/anaconda3/envs/aps/lib/python3.10/site-packages/django/template/backends/django.py", line 33, in get_template
    return Template(self.engine.get_template(template_name), self)
  File "/opt/anaconda3/envs/aps/lib/python3.10/site-packages/django/template/engine.py", line 177, in get_template
    template, origin = self.find_template(template_name)
  File "/opt/anaconda3/envs/aps/lib/python3.10/site-packages/django/template/engine.py", line 159, in find_template
    template = loader.get_template(name, skip=skip)
  File "/opt/anaconda3/envs/aps/lib/python3.10/site-packages/django/template/loaders/cached.py", line 57, in get_template
    template = super().get_template(template_name, skip)
  File "/opt/anaconda3/envs/aps/lib/python3.10/site-packages/django/template/loaders/base.py", line 28, in get_template
    return Template(
  File "/opt/anaconda3/envs/aps/lib/python3.10/site-packages/django/template/base.py", line 154, in __init__
    self.nodelist = self.compile_nodelist()
  File "/opt/anaconda3/envs/aps/lib/python3.10/site-packages/django/template/base.py", line 196, in compile_nodelist
    return parser.parse()
  File "/opt/anaconda3/envs/aps/lib/python3.10/site-packages/django/template/base.py", line 510, in parse
    raise self.error(token, e)
  File "/opt/anaconda3/envs/aps/lib/python3.10/site-packages/django/template/base.py", line 508, in parse
    compiled_result = compile_func(self, token)
  File "/opt/anaconda3/envs/aps/lib/python3.10/site-packages/django/template/loader_tags.py", line 295, in do_extends
    nodelist = parser.parse()
  File "/opt/anaconda3/envs/aps/lib/python3.10/site-packages/django/template/base.py", line 510, in parse
    raise self.error(token, e)
  File "/opt/anaconda3/envs/aps/lib/python3.10/site-packages/django/template/base.py", line 508, in parse
    compiled_result = compile_func(self, token)
  File "/opt/anaconda3/envs/aps/lib/python3.10/site-packages/django/template/loader_tags.py", line 234, in do_block
    nodelist = parser.parse(("endblock",))
  File "/opt/anaconda3/envs/aps/lib/python3.10/site-packages/django/template/base.py", line 510, in parse
    raise self.error(token, e)
  File "/opt/anaconda3/envs/aps/lib/python3.10/site-packages/django/template/base.py", line 508, in parse
    compiled_result = compile_func(self, token)
  File "/opt/anaconda3/envs/aps/lib/python3.10/site-packages/django/template/loader_tags.py", line 234, in do_block
    nodelist = parser.parse(("endblock",))
  File "/opt/anaconda3/envs/aps/lib/python3.10/site-packages/django/template/base.py", line 504, in parse
    self.invalid_block_tag(token, command, parse_until)
  File "/opt/anaconda3/envs/aps/lib/python3.10/site-packages/django/template/base.py", line 555, in invalid_block_tag
    raise self.error(
django.template.exceptions.TemplateSyntaxError: Invalid block tag on line 321: 'endfor', expected 'endblock'. Did you forget to register or load this tag?
[2025-09-10 13:37:32] ERROR - django.request - log_response:241 - Internal Server Error: /notes/global-updates/
Traceback (most recent call last):
  File "/opt/anaconda3/envs/aps/lib/python3.10/site-packages/django/template/base.py", line 502, in parse
    compile_func = self.tags[command]
KeyError: 'endfor'

During handling of the above exception, another exception occurred:

Traceback (most recent call last):
  File "/opt/anaconda3/envs/aps/lib/python3.10/site-packages/django/core/handlers/exception.py", line 55, in inner
    response = get_response(request)
  File "/opt/anaconda3/envs/aps/lib/python3.10/site-packages/django/core/handlers/base.py", line 197, in _get_response
    response = wrapped_callback(request, *callback_args, **callback_kwargs)
  File "/opt/anaconda3/envs/aps/lib/python3.10/site-packages/django/contrib/auth/decorators.py", line 23, in _wrapper_view
    return view_func(request, *args, **kwargs)
  File "/Users/harshalsmac/WORK/ardur/ardurHome/trueAlign/notes/views.py", line 97, in global_update_list
    return render(request, 'notes/global_update_list.html', context)
  File "/opt/anaconda3/envs/aps/lib/python3.10/site-packages/django/shortcuts.py", line 25, in render
    content = loader.render_to_string(template_name, context, request, using=using)
  File "/opt/anaconda3/envs/aps/lib/python3.10/site-packages/django/template/loader.py", line 61, in render_to_string
    template = get_template(template_name, using=using)
  File "/opt/anaconda3/envs/aps/lib/python3.10/site-packages/django/template/loader.py", line 15, in get_template
    return engine.get_template(template_name)
  File "/opt/anaconda3/envs/aps/lib/python3.10/site-packages/django/template/backends/django.py", line 33, in get_template
    return Template(self.engine.get_template(template_name), self)
  File "/opt/anaconda3/envs/aps/lib/python3.10/site-packages/django/template/engine.py", line 177, in get_template
    template, origin = self.find_template(template_name)
  File "/opt/anaconda3/envs/aps/lib/python3.10/site-packages/django/template/engine.py", line 159, in find_template
    template = loader.get_template(name, skip=skip)
  File "/opt/anaconda3/envs/aps/lib/python3.10/site-packages/django/template/loaders/cached.py", line 57, in get_template
    template = super().get_template(template_name, skip)
  File "/opt/anaconda3/envs/aps/lib/python3.10/site-packages/django/template/loaders/base.py", line 28, in get_template
    return Template(
  File "/opt/anaconda3/envs/aps/lib/python3.10/site-packages/django/template/base.py", line 154, in __init__
    self.nodelist = self.compile_nodelist()
  File "/opt/anaconda3/envs/aps/lib/python3.10/site-packages/django/template/base.py", line 196, in compile_nodelist
    return parser.parse()
  File "/opt/anaconda3/envs/aps/lib/python3.10/site-packages/django/template/base.py", line 510, in parse
    raise self.error(token, e)
  File "/opt/anaconda3/envs/aps/lib/python3.10/site-packages/django/template/base.py", line 508, in parse
    compiled_result = compile_func(self, token)
  File "/opt/anaconda3/envs/aps/lib/python3.10/site-packages/django/template/loader_tags.py", line 295, in do_extends
    nodelist = parser.parse()
  File "/opt/anaconda3/envs/aps/lib/python3.10/site-packages/django/template/base.py", line 510, in parse
    raise self.error(token, e)
  File "/opt/anaconda3/envs/aps/lib/python3.10/site-packages/django/template/base.py", line 508, in parse
    compiled_result = compile_func(self, token)
  File "/opt/anaconda3/envs/aps/lib/python3.10/site-packages/django/template/loader_tags.py", line 234, in do_block
    nodelist = parser.parse(("endblock",))
  File "/opt/anaconda3/envs/aps/lib/python3.10/site-packages/django/template/base.py", line 510, in parse
    raise self.error(token, e)
  File "/opt/anaconda3/envs/aps/lib/python3.10/site-packages/django/template/base.py", line 508, in parse
    compiled_result = compile_func(self, token)
  File "/opt/anaconda3/envs/aps/lib/python3.10/site-packages/django/template/loader_tags.py", line 234, in do_block
    nodelist = parser.parse(("endblock",))
  File "/opt/anaconda3/envs/aps/lib/python3.10/site-packages/django/template/base.py", line 504, in parse
    self.invalid_block_tag(token, command, parse_until)
  File "/opt/anaconda3/envs/aps/lib/python3.10/site-packages/django/template/base.py", line 555, in invalid_block_tag
    raise self.error(
django.template.exceptions.TemplateSyntaxError: Invalid block tag on line 321: 'endfor', expected 'endblock'. Did you forget to register or load this tag?
[2025-09-10 13:37:44] ERROR - django.request - log_response:241 - Internal Server Error: /notes/global-updates/
Traceback (most recent call last):
  File "/opt/anaconda3/envs/aps/lib/python3.10/site-packages/django/template/base.py", line 502, in parse
    compile_func = self.tags[command]
KeyError: 'endif'

During handling of the above exception, another exception occurred:

Traceback (most recent call last):
  File "/opt/anaconda3/envs/aps/lib/python3.10/site-packages/django/core/handlers/exception.py", line 55, in inner
    response = get_response(request)
  File "/opt/anaconda3/envs/aps/lib/python3.10/site-packages/django/core/handlers/base.py", line 197, in _get_response
    response = wrapped_callback(request, *callback_args, **callback_kwargs)
  File "/opt/anaconda3/envs/aps/lib/python3.10/site-packages/django/contrib/auth/decorators.py", line 23, in _wrapper_view
    return view_func(request, *args, **kwargs)
  File "/Users/harshalsmac/WORK/ardur/ardurHome/trueAlign/notes/views.py", line 97, in global_update_list
    return render(request, 'notes/global_update_list.html', context)
  File "/opt/anaconda3/envs/aps/lib/python3.10/site-packages/django/shortcuts.py", line 25, in render
    content = loader.render_to_string(template_name, context, request, using=using)
  File "/opt/anaconda3/envs/aps/lib/python3.10/site-packages/django/template/loader.py", line 61, in render_to_string
    template = get_template(template_name, using=using)
  File "/opt/anaconda3/envs/aps/lib/python3.10/site-packages/django/template/loader.py", line 15, in get_template
    return engine.get_template(template_name)
  File "/opt/anaconda3/envs/aps/lib/python3.10/site-packages/django/template/backends/django.py", line 33, in get_template
    return Template(self.engine.get_template(template_name), self)
  File "/opt/anaconda3/envs/aps/lib/python3.10/site-packages/django/template/engine.py", line 177, in get_template
    template, origin = self.find_template(template_name)
  File "/opt/anaconda3/envs/aps/lib/python3.10/site-packages/django/template/engine.py", line 159, in find_template
    template = loader.get_template(name, skip=skip)
  File "/opt/anaconda3/envs/aps/lib/python3.10/site-packages/django/template/loaders/cached.py", line 57, in get_template
    template = super().get_template(template_name, skip)
  File "/opt/anaconda3/envs/aps/lib/python3.10/site-packages/django/template/loaders/base.py", line 28, in get_template
    return Template(
  File "/opt/anaconda3/envs/aps/lib/python3.10/site-packages/django/template/base.py", line 154, in __init__
    self.nodelist = self.compile_nodelist()
  File "/opt/anaconda3/envs/aps/lib/python3.10/site-packages/django/template/base.py", line 196, in compile_nodelist
    return parser.parse()
  File "/opt/anaconda3/envs/aps/lib/python3.10/site-packages/django/template/base.py", line 510, in parse
    raise self.error(token, e)
  File "/opt/anaconda3/envs/aps/lib/python3.10/site-packages/django/template/base.py", line 508, in parse
    compiled_result = compile_func(self, token)
  File "/opt/anaconda3/envs/aps/lib/python3.10/site-packages/django/template/loader_tags.py", line 295, in do_extends
    nodelist = parser.parse()
  File "/opt/anaconda3/envs/aps/lib/python3.10/site-packages/django/template/base.py", line 510, in parse
    raise self.error(token, e)
  File "/opt/anaconda3/envs/aps/lib/python3.10/site-packages/django/template/base.py", line 508, in parse
    compiled_result = compile_func(self, token)
  File "/opt/anaconda3/envs/aps/lib/python3.10/site-packages/django/template/loader_tags.py", line 234, in do_block
    nodelist = parser.parse(("endblock",))
  File "/opt/anaconda3/envs/aps/lib/python3.10/site-packages/django/template/base.py", line 510, in parse
    raise self.error(token, e)
  File "/opt/anaconda3/envs/aps/lib/python3.10/site-packages/django/template/base.py", line 508, in parse
    compiled_result = compile_func(self, token)
  File "/opt/anaconda3/envs/aps/lib/python3.10/site-packages/django/template/loader_tags.py", line 234, in do_block
    nodelist = parser.parse(("endblock",))
  File "/opt/anaconda3/envs/aps/lib/python3.10/site-packages/django/template/base.py", line 510, in parse
    raise self.error(token, e)
  File "/opt/anaconda3/envs/aps/lib/python3.10/site-packages/django/template/base.py", line 508, in parse
    compiled_result = compile_func(self, token)
  File "/opt/anaconda3/envs/aps/lib/python3.10/site-packages/django/template/defaulttags.py", line 961, in do_if
    nodelist = parser.parse(("elif", "else", "endif"))
  File "/opt/anaconda3/envs/aps/lib/python3.10/site-packages/django/template/base.py", line 510, in parse
    raise self.error(token, e)
  File "/opt/anaconda3/envs/aps/lib/python3.10/site-packages/django/template/base.py", line 508, in parse
    compiled_result = compile_func(self, token)
  File "/opt/anaconda3/envs/aps/lib/python3.10/site-packages/django/template/defaulttags.py", line 861, in do_for
    nodelist_loop = parser.parse(
  File "/opt/anaconda3/envs/aps/lib/python3.10/site-packages/django/template/base.py", line 504, in parse
    self.invalid_block_tag(token, command, parse_until)
  File "/opt/anaconda3/envs/aps/lib/python3.10/site-packages/django/template/base.py", line 555, in invalid_block_tag
    raise self.error(
django.template.exceptions.TemplateSyntaxError: Invalid block tag on line 245: 'endif', expected 'empty' or 'endfor'. Did you forget to register or load this tag?
[2025-09-10 13:38:01] ERROR - django.request - log_response:241 - Internal Server Error: /notes/global-updates/
Traceback (most recent call last):
  File "/opt/anaconda3/envs/aps/lib/python3.10/site-packages/django/core/handlers/exception.py", line 55, in inner
    response = get_response(request)
  File "/opt/anaconda3/envs/aps/lib/python3.10/site-packages/django/core/handlers/base.py", line 197, in _get_response
    response = wrapped_callback(request, *callback_args, **callback_kwargs)
  File "/opt/anaconda3/envs/aps/lib/python3.10/site-packages/django/contrib/auth/decorators.py", line 23, in _wrapper_view
    return view_func(request, *args, **kwargs)
  File "/Users/harshalsmac/WORK/ardur/ardurHome/trueAlign/notes/views.py", line 97, in global_update_list
    return render(request, 'notes/global_update_list.html', context)
  File "/opt/anaconda3/envs/aps/lib/python3.10/site-packages/django/shortcuts.py", line 25, in render
    content = loader.render_to_string(template_name, context, request, using=using)
  File "/opt/anaconda3/envs/aps/lib/python3.10/site-packages/django/template/loader.py", line 61, in render_to_string
    template = get_template(template_name, using=using)
  File "/opt/anaconda3/envs/aps/lib/python3.10/site-packages/django/template/loader.py", line 15, in get_template
    return engine.get_template(template_name)
  File "/opt/anaconda3/envs/aps/lib/python3.10/site-packages/django/template/backends/django.py", line 33, in get_template
    return Template(self.engine.get_template(template_name), self)
  File "/opt/anaconda3/envs/aps/lib/python3.10/site-packages/django/template/engine.py", line 177, in get_template
    template, origin = self.find_template(template_name)
  File "/opt/anaconda3/envs/aps/lib/python3.10/site-packages/django/template/engine.py", line 159, in find_template
    template = loader.get_template(name, skip=skip)
  File "/opt/anaconda3/envs/aps/lib/python3.10/site-packages/django/template/loaders/cached.py", line 57, in get_template
    template = super().get_template(template_name, skip)
  File "/opt/anaconda3/envs/aps/lib/python3.10/site-packages/django/template/loaders/base.py", line 28, in get_template
    return Template(
  File "/opt/anaconda3/envs/aps/lib/python3.10/site-packages/django/template/base.py", line 154, in __init__
    self.nodelist = self.compile_nodelist()
  File "/opt/anaconda3/envs/aps/lib/python3.10/site-packages/django/template/base.py", line 196, in compile_nodelist
    return parser.parse()
  File "/opt/anaconda3/envs/aps/lib/python3.10/site-packages/django/template/base.py", line 510, in parse
    raise self.error(token, e)
  File "/opt/anaconda3/envs/aps/lib/python3.10/site-packages/django/template/base.py", line 508, in parse
    compiled_result = compile_func(self, token)
  File "/opt/anaconda3/envs/aps/lib/python3.10/site-packages/django/template/loader_tags.py", line 295, in do_extends
    nodelist = parser.parse()
  File "/opt/anaconda3/envs/aps/lib/python3.10/site-packages/django/template/base.py", line 510, in parse
    raise self.error(token, e)
  File "/opt/anaconda3/envs/aps/lib/python3.10/site-packages/django/template/base.py", line 508, in parse
    compiled_result = compile_func(self, token)
  File "/opt/anaconda3/envs/aps/lib/python3.10/site-packages/django/template/loader_tags.py", line 234, in do_block
    nodelist = parser.parse(("endblock",))
  File "/opt/anaconda3/envs/aps/lib/python3.10/site-packages/django/template/base.py", line 515, in parse
    self.unclosed_block_tag(parse_until)
  File "/opt/anaconda3/envs/aps/lib/python3.10/site-packages/django/template/base.py", line 578, in unclosed_block_tag
    raise self.error(token, msg)
django.template.exceptions.TemplateSyntaxError: Unclosed tag on line 1: 'block'. Looking for one of: endblock.
[2025-09-10 13:42:54] ERROR - trueAlign.core.middleware - _create_new_session_throttled:283 - Error creating/getting session: "Attempt to overwrite 'message' in LogRecord"
[2025-09-10 14:30:34] INFO - django.utils.autoreload - run_with_reloader:668 - Watching for file changes with StatReloader
[2025-09-10 14:33:08] INFO - django.utils.autoreload - trigger_reload:266 - /Users/harshalsmac/WORK/ardur/ardurHome/trueAlign/notes/views.py changed, reloading.
[2025-09-10 14:33:08] INFO - django.utils.autoreload - run_with_reloader:668 - Watching for file changes with StatReloader
[2025-09-10 14:33:30] INFO - django.utils.autoreload - trigger_reload:266 - /Users/harshalsmac/WORK/ardur/ardurHome/trueAlign/notes/views.py changed, reloading.
[2025-09-10 14:33:30] INFO - django.utils.autoreload - run_with_reloader:668 - Watching for file changes with StatReloader
[2025-09-10 14:33:53] INFO - django.utils.autoreload - trigger_reload:266 - /Users/harshalsmac/WORK/ardur/ardurHome/trueAlign/notes/views.py changed, reloading.
[2025-09-10 14:33:53] INFO - django.utils.autoreload - run_with_reloader:668 - Watching for file changes with StatReloader
[2025-09-10 14:34:46] INFO - django.utils.autoreload - trigger_reload:266 - /Users/harshalsmac/WORK/ardur/ardurHome/trueAlign/notes/views.py changed, reloading.
[2025-09-10 14:34:47] INFO - django.utils.autoreload - run_with_reloader:668 - Watching for file changes with StatReloader
[2025-09-10 14:37:33] ERROR - django.request - log_response:241 - Internal Server Error: /dashboard/
Traceback (most recent call last):
  File "/opt/anaconda3/envs/aps/lib/python3.10/site-packages/django/template/smartif.py", line 180, in translate_token
    op = OPERATORS[token]
KeyError: "user.groups.filter(name='HR').exists"

During handling of the above exception, another exception occurred:

Traceback (most recent call last):
  File "/Users/harshalsmac/WORK/ardur/ardurHome/trueAlign/core/views.py", line 799, in dashboard_view
    return render(request, 'dashboard.html', context)
  File "/opt/anaconda3/envs/aps/lib/python3.10/site-packages/django/shortcuts.py", line 25, in render
    content = loader.render_to_string(template_name, context, request, using=using)
  File "/opt/anaconda3/envs/aps/lib/python3.10/site-packages/django/template/loader.py", line 62, in render_to_string
    return template.render(context, request)
  File "/opt/anaconda3/envs/aps/lib/python3.10/site-packages/django/template/backends/django.py", line 61, in render
    return self.template.render(context)
  File "/opt/anaconda3/envs/aps/lib/python3.10/site-packages/django/template/base.py", line 171, in render
    return self._render(context)
  File "/opt/anaconda3/envs/aps/lib/python3.10/site-packages/django/template/base.py", line 163, in _render
    return self.nodelist.render(context)
  File "/opt/anaconda3/envs/aps/lib/python3.10/site-packages/django/template/base.py", line 1000, in render
    return SafeString("".join([node.render_annotated(context) for node in self]))
  File "/opt/anaconda3/envs/aps/lib/python3.10/site-packages/django/template/base.py", line 1000, in <listcomp>
    return SafeString("".join([node.render_annotated(context) for node in self]))
  File "/opt/anaconda3/envs/aps/lib/python3.10/site-packages/django/template/base.py", line 961, in render_annotated
    return self.render(context)
  File "/opt/anaconda3/envs/aps/lib/python3.10/site-packages/django/template/loader_tags.py", line 159, in render
    return compiled_parent._render(context)
  File "/opt/anaconda3/envs/aps/lib/python3.10/site-packages/django/template/base.py", line 163, in _render
    return self.nodelist.render(context)
  File "/opt/anaconda3/envs/aps/lib/python3.10/site-packages/django/template/base.py", line 1000, in render
    return SafeString("".join([node.render_annotated(context) for node in self]))
  File "/opt/anaconda3/envs/aps/lib/python3.10/site-packages/django/template/base.py", line 1000, in <listcomp>
    return SafeString("".join([node.render_annotated(context) for node in self]))
  File "/opt/anaconda3/envs/aps/lib/python3.10/site-packages/django/template/base.py", line 961, in render_annotated
    return self.render(context)
  File "/opt/anaconda3/envs/aps/lib/python3.10/site-packages/django/template/loader_tags.py", line 65, in render
    result = block.nodelist.render(context)
  File "/opt/anaconda3/envs/aps/lib/python3.10/site-packages/django/template/base.py", line 1000, in render
    return SafeString("".join([node.render_annotated(context) for node in self]))
  File "/opt/anaconda3/envs/aps/lib/python3.10/site-packages/django/template/base.py", line 1000, in <listcomp>
    return SafeString("".join([node.render_annotated(context) for node in self]))
  File "/opt/anaconda3/envs/aps/lib/python3.10/site-packages/django/template/base.py", line 961, in render_annotated
    return self.render(context)
  File "/opt/anaconda3/envs/aps/lib/python3.10/site-packages/django/template/defaulttags.py", line 326, in render
    return nodelist.render(context)
  File "/opt/anaconda3/envs/aps/lib/python3.10/site-packages/django/template/base.py", line 1000, in render
    return SafeString("".join([node.render_annotated(context) for node in self]))
  File "/opt/anaconda3/envs/aps/lib/python3.10/site-packages/django/template/base.py", line 1000, in <listcomp>
    return SafeString("".join([node.render_annotated(context) for node in self]))
  File "/opt/anaconda3/envs/aps/lib/python3.10/site-packages/django/template/base.py", line 961, in render_annotated
    return self.render(context)
  File "/opt/anaconda3/envs/aps/lib/python3.10/site-packages/django/template/loader_tags.py", line 199, in render
    template = context.template.engine.select_template(template_name)
  File "/opt/anaconda3/envs/aps/lib/python3.10/site-packages/django/template/engine.py", line 208, in select_template
    return self.get_template(template_name)
  File "/opt/anaconda3/envs/aps/lib/python3.10/site-packages/django/template/engine.py", line 177, in get_template
    template, origin = self.find_template(template_name)
  File "/opt/anaconda3/envs/aps/lib/python3.10/site-packages/django/template/engine.py", line 159, in find_template
    template = loader.get_template(name, skip=skip)
  File "/opt/anaconda3/envs/aps/lib/python3.10/site-packages/django/template/loaders/cached.py", line 57, in get_template
    template = super().get_template(template_name, skip)
  File "/opt/anaconda3/envs/aps/lib/python3.10/site-packages/django/template/loaders/base.py", line 28, in get_template
    return Template(
  File "/opt/anaconda3/envs/aps/lib/python3.10/site-packages/django/template/base.py", line 154, in __init__
    self.nodelist = self.compile_nodelist()
  File "/opt/anaconda3/envs/aps/lib/python3.10/site-packages/django/template/base.py", line 196, in compile_nodelist
    return parser.parse()
  File "/opt/anaconda3/envs/aps/lib/python3.10/site-packages/django/template/base.py", line 510, in parse
    raise self.error(token, e)
  File "/opt/anaconda3/envs/aps/lib/python3.10/site-packages/django/template/base.py", line 508, in parse
    compiled_result = compile_func(self, token)
  File "/opt/anaconda3/envs/aps/lib/python3.10/site-packages/django/template/defaulttags.py", line 960, in do_if
    condition = TemplateIfParser(parser, bits).parse()
  File "/opt/anaconda3/envs/aps/lib/python3.10/site-packages/django/template/defaulttags.py", line 893, in __init__
    super().__init__(*args, **kwargs)
  File "/opt/anaconda3/envs/aps/lib/python3.10/site-packages/django/template/smartif.py", line 171, in __init__
    mapped_tokens.append(self.translate_token(token))
  File "/opt/anaconda3/envs/aps/lib/python3.10/site-packages/django/template/smartif.py", line 182, in translate_token
    return self.create_var(token)
  File "/opt/anaconda3/envs/aps/lib/python3.10/site-packages/django/template/defaulttags.py", line 896, in create_var
    return TemplateLiteral(self.template_parser.compile_filter(value), value)
  File "/opt/anaconda3/envs/aps/lib/python3.10/site-packages/django/template/base.py", line 597, in compile_filter
    return FilterExpression(token, self)
  File "/opt/anaconda3/envs/aps/lib/python3.10/site-packages/django/template/base.py", line 698, in __init__
    raise TemplateSyntaxError(
django.template.exceptions.TemplateSyntaxError: Could not parse the remainder: '(name='HR').exists' from 'user.groups.filter(name='HR').exists'

During handling of the above exception, another exception occurred:

Traceback (most recent call last):
  File "/opt/anaconda3/envs/aps/lib/python3.10/site-packages/django/template/smartif.py", line 180, in translate_token
    op = OPERATORS[token]
KeyError: "user.groups.filter(name='HR').exists"

During handling of the above exception, another exception occurred:

Traceback (most recent call last):
  File "/opt/anaconda3/envs/aps/lib/python3.10/site-packages/django/core/handlers/exception.py", line 55, in inner
    response = get_response(request)
  File "/opt/anaconda3/envs/aps/lib/python3.10/site-packages/django/core/handlers/base.py", line 197, in _get_response
    response = wrapped_callback(request, *callback_args, **callback_kwargs)
  File "/opt/anaconda3/envs/aps/lib/python3.10/site-packages/django/contrib/auth/decorators.py", line 23, in _wrapper_view
    return view_func(request, *args, **kwargs)
  File "/Users/harshalsmac/WORK/ardur/ardurHome/trueAlign/core/views.py", line 804, in dashboard_view
    return render(request, 'dashboard.html', {
  File "/opt/anaconda3/envs/aps/lib/python3.10/site-packages/django/shortcuts.py", line 25, in render
    content = loader.render_to_string(template_name, context, request, using=using)
  File "/opt/anaconda3/envs/aps/lib/python3.10/site-packages/django/template/loader.py", line 62, in render_to_string
    return template.render(context, request)
  File "/opt/anaconda3/envs/aps/lib/python3.10/site-packages/django/template/backends/django.py", line 61, in render
    return self.template.render(context)
  File "/opt/anaconda3/envs/aps/lib/python3.10/site-packages/django/template/base.py", line 171, in render
    return self._render(context)
  File "/opt/anaconda3/envs/aps/lib/python3.10/site-packages/django/template/base.py", line 163, in _render
    return self.nodelist.render(context)
  File "/opt/anaconda3/envs/aps/lib/python3.10/site-packages/django/template/base.py", line 1000, in render
    return SafeString("".join([node.render_annotated(context) for node in self]))
  File "/opt/anaconda3/envs/aps/lib/python3.10/site-packages/django/template/base.py", line 1000, in <listcomp>
    return SafeString("".join([node.render_annotated(context) for node in self]))
  File "/opt/anaconda3/envs/aps/lib/python3.10/site-packages/django/template/base.py", line 961, in render_annotated
    return self.render(context)
  File "/opt/anaconda3/envs/aps/lib/python3.10/site-packages/django/template/loader_tags.py", line 159, in render
    return compiled_parent._render(context)
  File "/opt/anaconda3/envs/aps/lib/python3.10/site-packages/django/template/base.py", line 163, in _render
    return self.nodelist.render(context)
  File "/opt/anaconda3/envs/aps/lib/python3.10/site-packages/django/template/base.py", line 1000, in render
    return SafeString("".join([node.render_annotated(context) for node in self]))
  File "/opt/anaconda3/envs/aps/lib/python3.10/site-packages/django/template/base.py", line 1000, in <listcomp>
    return SafeString("".join([node.render_annotated(context) for node in self]))
  File "/opt/anaconda3/envs/aps/lib/python3.10/site-packages/django/template/base.py", line 961, in render_annotated
    return self.render(context)
  File "/opt/anaconda3/envs/aps/lib/python3.10/site-packages/django/template/loader_tags.py", line 65, in render
    result = block.nodelist.render(context)
  File "/opt/anaconda3/envs/aps/lib/python3.10/site-packages/django/template/base.py", line 1000, in render
    return SafeString("".join([node.render_annotated(context) for node in self]))
  File "/opt/anaconda3/envs/aps/lib/python3.10/site-packages/django/template/base.py", line 1000, in <listcomp>
    return SafeString("".join([node.render_annotated(context) for node in self]))
  File "/opt/anaconda3/envs/aps/lib/python3.10/site-packages/django/template/base.py", line 961, in render_annotated
    return self.render(context)
  File "/opt/anaconda3/envs/aps/lib/python3.10/site-packages/django/template/defaulttags.py", line 326, in render
    return nodelist.render(context)
  File "/opt/anaconda3/envs/aps/lib/python3.10/site-packages/django/template/base.py", line 1000, in render
    return SafeString("".join([node.render_annotated(context) for node in self]))
  File "/opt/anaconda3/envs/aps/lib/python3.10/site-packages/django/template/base.py", line 1000, in <listcomp>
    return SafeString("".join([node.render_annotated(context) for node in self]))
  File "/opt/anaconda3/envs/aps/lib/python3.10/site-packages/django/template/base.py", line 961, in render_annotated
    return self.render(context)
  File "/opt/anaconda3/envs/aps/lib/python3.10/site-packages/django/template/loader_tags.py", line 199, in render
    template = context.template.engine.select_template(template_name)
  File "/opt/anaconda3/envs/aps/lib/python3.10/site-packages/django/template/engine.py", line 208, in select_template
    return self.get_template(template_name)
  File "/opt/anaconda3/envs/aps/lib/python3.10/site-packages/django/template/engine.py", line 177, in get_template
    template, origin = self.find_template(template_name)
  File "/opt/anaconda3/envs/aps/lib/python3.10/site-packages/django/template/engine.py", line 159, in find_template
    template = loader.get_template(name, skip=skip)
  File "/opt/anaconda3/envs/aps/lib/python3.10/site-packages/django/template/loaders/cached.py", line 57, in get_template
    template = super().get_template(template_name, skip)
  File "/opt/anaconda3/envs/aps/lib/python3.10/site-packages/django/template/loaders/base.py", line 28, in get_template
    return Template(
  File "/opt/anaconda3/envs/aps/lib/python3.10/site-packages/django/template/base.py", line 154, in __init__
    self.nodelist = self.compile_nodelist()
  File "/opt/anaconda3/envs/aps/lib/python3.10/site-packages/django/template/base.py", line 196, in compile_nodelist
    return parser.parse()
  File "/opt/anaconda3/envs/aps/lib/python3.10/site-packages/django/template/base.py", line 510, in parse
    raise self.error(token, e)
  File "/opt/anaconda3/envs/aps/lib/python3.10/site-packages/django/template/base.py", line 508, in parse
    compiled_result = compile_func(self, token)
  File "/opt/anaconda3/envs/aps/lib/python3.10/site-packages/django/template/defaulttags.py", line 960, in do_if
    condition = TemplateIfParser(parser, bits).parse()
  File "/opt/anaconda3/envs/aps/lib/python3.10/site-packages/django/template/defaulttags.py", line 893, in __init__
    super().__init__(*args, **kwargs)
  File "/opt/anaconda3/envs/aps/lib/python3.10/site-packages/django/template/smartif.py", line 171, in __init__
    mapped_tokens.append(self.translate_token(token))
  File "/opt/anaconda3/envs/aps/lib/python3.10/site-packages/django/template/smartif.py", line 182, in translate_token
    return self.create_var(token)
  File "/opt/anaconda3/envs/aps/lib/python3.10/site-packages/django/template/defaulttags.py", line 896, in create_var
    return TemplateLiteral(self.template_parser.compile_filter(value), value)
  File "/opt/anaconda3/envs/aps/lib/python3.10/site-packages/django/template/base.py", line 597, in compile_filter
    return FilterExpression(token, self)
  File "/opt/anaconda3/envs/aps/lib/python3.10/site-packages/django/template/base.py", line 698, in __init__
    raise TemplateSyntaxError(
django.template.exceptions.TemplateSyntaxError: Could not parse the remainder: '(name='HR').exists' from 'user.groups.filter(name='HR').exists'
[2025-09-10 14:39:38] ERROR - django.request - log_response:241 - Internal Server Error: /dashboard/
Traceback (most recent call last):
  File "/opt/anaconda3/envs/aps/lib/python3.10/site-packages/django/template/smartif.py", line 180, in translate_token
    op = OPERATORS[token]
KeyError: "user.groups.filter(name='HR').exists"

During handling of the above exception, another exception occurred:

Traceback (most recent call last):
  File "/Users/harshalsmac/WORK/ardur/ardurHome/trueAlign/core/views.py", line 799, in dashboard_view
    return render(request, 'dashboard.html', context)
  File "/opt/anaconda3/envs/aps/lib/python3.10/site-packages/django/shortcuts.py", line 25, in render
    content = loader.render_to_string(template_name, context, request, using=using)
  File "/opt/anaconda3/envs/aps/lib/python3.10/site-packages/django/template/loader.py", line 62, in render_to_string
    return template.render(context, request)
  File "/opt/anaconda3/envs/aps/lib/python3.10/site-packages/django/template/backends/django.py", line 61, in render
    return self.template.render(context)
  File "/opt/anaconda3/envs/aps/lib/python3.10/site-packages/django/template/base.py", line 171, in render
    return self._render(context)
  File "/opt/anaconda3/envs/aps/lib/python3.10/site-packages/django/template/base.py", line 163, in _render
    return self.nodelist.render(context)
  File "/opt/anaconda3/envs/aps/lib/python3.10/site-packages/django/template/base.py", line 1000, in render
    return SafeString("".join([node.render_annotated(context) for node in self]))
  File "/opt/anaconda3/envs/aps/lib/python3.10/site-packages/django/template/base.py", line 1000, in <listcomp>
    return SafeString("".join([node.render_annotated(context) for node in self]))
  File "/opt/anaconda3/envs/aps/lib/python3.10/site-packages/django/template/base.py", line 961, in render_annotated
    return self.render(context)
  File "/opt/anaconda3/envs/aps/lib/python3.10/site-packages/django/template/loader_tags.py", line 159, in render
    return compiled_parent._render(context)
  File "/opt/anaconda3/envs/aps/lib/python3.10/site-packages/django/template/base.py", line 163, in _render
    return self.nodelist.render(context)
  File "/opt/anaconda3/envs/aps/lib/python3.10/site-packages/django/template/base.py", line 1000, in render
    return SafeString("".join([node.render_annotated(context) for node in self]))
  File "/opt/anaconda3/envs/aps/lib/python3.10/site-packages/django/template/base.py", line 1000, in <listcomp>
    return SafeString("".join([node.render_annotated(context) for node in self]))
  File "/opt/anaconda3/envs/aps/lib/python3.10/site-packages/django/template/base.py", line 961, in render_annotated
    return self.render(context)
  File "/opt/anaconda3/envs/aps/lib/python3.10/site-packages/django/template/loader_tags.py", line 65, in render
    result = block.nodelist.render(context)
  File "/opt/anaconda3/envs/aps/lib/python3.10/site-packages/django/template/base.py", line 1000, in render
    return SafeString("".join([node.render_annotated(context) for node in self]))
  File "/opt/anaconda3/envs/aps/lib/python3.10/site-packages/django/template/base.py", line 1000, in <listcomp>
    return SafeString("".join([node.render_annotated(context) for node in self]))
  File "/opt/anaconda3/envs/aps/lib/python3.10/site-packages/django/template/base.py", line 961, in render_annotated
    return self.render(context)
  File "/opt/anaconda3/envs/aps/lib/python3.10/site-packages/django/template/defaulttags.py", line 326, in render
    return nodelist.render(context)
  File "/opt/anaconda3/envs/aps/lib/python3.10/site-packages/django/template/base.py", line 1000, in render
    return SafeString("".join([node.render_annotated(context) for node in self]))
  File "/opt/anaconda3/envs/aps/lib/python3.10/site-packages/django/template/base.py", line 1000, in <listcomp>
    return SafeString("".join([node.render_annotated(context) for node in self]))
  File "/opt/anaconda3/envs/aps/lib/python3.10/site-packages/django/template/base.py", line 961, in render_annotated
    return self.render(context)
  File "/opt/anaconda3/envs/aps/lib/python3.10/site-packages/django/template/loader_tags.py", line 199, in render
    template = context.template.engine.select_template(template_name)
  File "/opt/anaconda3/envs/aps/lib/python3.10/site-packages/django/template/engine.py", line 208, in select_template
    return self.get_template(template_name)
  File "/opt/anaconda3/envs/aps/lib/python3.10/site-packages/django/template/engine.py", line 177, in get_template
    template, origin = self.find_template(template_name)
  File "/opt/anaconda3/envs/aps/lib/python3.10/site-packages/django/template/engine.py", line 159, in find_template
    template = loader.get_template(name, skip=skip)
  File "/opt/anaconda3/envs/aps/lib/python3.10/site-packages/django/template/loaders/cached.py", line 57, in get_template
    template = super().get_template(template_name, skip)
  File "/opt/anaconda3/envs/aps/lib/python3.10/site-packages/django/template/loaders/base.py", line 28, in get_template
    return Template(
  File "/opt/anaconda3/envs/aps/lib/python3.10/site-packages/django/template/base.py", line 154, in __init__
    self.nodelist = self.compile_nodelist()
  File "/opt/anaconda3/envs/aps/lib/python3.10/site-packages/django/template/base.py", line 196, in compile_nodelist
    return parser.parse()
  File "/opt/anaconda3/envs/aps/lib/python3.10/site-packages/django/template/base.py", line 510, in parse
    raise self.error(token, e)
  File "/opt/anaconda3/envs/aps/lib/python3.10/site-packages/django/template/base.py", line 508, in parse
    compiled_result = compile_func(self, token)
  File "/opt/anaconda3/envs/aps/lib/python3.10/site-packages/django/template/defaulttags.py", line 960, in do_if
    condition = TemplateIfParser(parser, bits).parse()
  File "/opt/anaconda3/envs/aps/lib/python3.10/site-packages/django/template/defaulttags.py", line 893, in __init__
    super().__init__(*args, **kwargs)
  File "/opt/anaconda3/envs/aps/lib/python3.10/site-packages/django/template/smartif.py", line 171, in __init__
    mapped_tokens.append(self.translate_token(token))
  File "/opt/anaconda3/envs/aps/lib/python3.10/site-packages/django/template/smartif.py", line 182, in translate_token
    return self.create_var(token)
  File "/opt/anaconda3/envs/aps/lib/python3.10/site-packages/django/template/defaulttags.py", line 896, in create_var
    return TemplateLiteral(self.template_parser.compile_filter(value), value)
  File "/opt/anaconda3/envs/aps/lib/python3.10/site-packages/django/template/base.py", line 597, in compile_filter
    return FilterExpression(token, self)
  File "/opt/anaconda3/envs/aps/lib/python3.10/site-packages/django/template/base.py", line 698, in __init__
    raise TemplateSyntaxError(
django.template.exceptions.TemplateSyntaxError: Could not parse the remainder: '(name='HR').exists' from 'user.groups.filter(name='HR').exists'

During handling of the above exception, another exception occurred:

Traceback (most recent call last):
  File "/opt/anaconda3/envs/aps/lib/python3.10/site-packages/django/template/smartif.py", line 180, in translate_token
    op = OPERATORS[token]
KeyError: "user.groups.filter(name='HR').exists"

During handling of the above exception, another exception occurred:

Traceback (most recent call last):
  File "/opt/anaconda3/envs/aps/lib/python3.10/site-packages/django/core/handlers/exception.py", line 55, in inner
    response = get_response(request)
  File "/opt/anaconda3/envs/aps/lib/python3.10/site-packages/django/core/handlers/base.py", line 197, in _get_response
    response = wrapped_callback(request, *callback_args, **callback_kwargs)
  File "/opt/anaconda3/envs/aps/lib/python3.10/site-packages/django/contrib/auth/decorators.py", line 23, in _wrapper_view
    return view_func(request, *args, **kwargs)
  File "/Users/harshalsmac/WORK/ardur/ardurHome/trueAlign/core/views.py", line 804, in dashboard_view
    return render(request, 'dashboard.html', {
  File "/opt/anaconda3/envs/aps/lib/python3.10/site-packages/django/shortcuts.py", line 25, in render
    content = loader.render_to_string(template_name, context, request, using=using)
  File "/opt/anaconda3/envs/aps/lib/python3.10/site-packages/django/template/loader.py", line 62, in render_to_string
    return template.render(context, request)
  File "/opt/anaconda3/envs/aps/lib/python3.10/site-packages/django/template/backends/django.py", line 61, in render
    return self.template.render(context)
  File "/opt/anaconda3/envs/aps/lib/python3.10/site-packages/django/template/base.py", line 171, in render
    return self._render(context)
  File "/opt/anaconda3/envs/aps/lib/python3.10/site-packages/django/template/base.py", line 163, in _render
    return self.nodelist.render(context)
  File "/opt/anaconda3/envs/aps/lib/python3.10/site-packages/django/template/base.py", line 1000, in render
    return SafeString("".join([node.render_annotated(context) for node in self]))
  File "/opt/anaconda3/envs/aps/lib/python3.10/site-packages/django/template/base.py", line 1000, in <listcomp>
    return SafeString("".join([node.render_annotated(context) for node in self]))
  File "/opt/anaconda3/envs/aps/lib/python3.10/site-packages/django/template/base.py", line 961, in render_annotated
    return self.render(context)
  File "/opt/anaconda3/envs/aps/lib/python3.10/site-packages/django/template/loader_tags.py", line 159, in render
    return compiled_parent._render(context)
  File "/opt/anaconda3/envs/aps/lib/python3.10/site-packages/django/template/base.py", line 163, in _render
    return self.nodelist.render(context)
  File "/opt/anaconda3/envs/aps/lib/python3.10/site-packages/django/template/base.py", line 1000, in render
    return SafeString("".join([node.render_annotated(context) for node in self]))
  File "/opt/anaconda3/envs/aps/lib/python3.10/site-packages/django/template/base.py", line 1000, in <listcomp>
    return SafeString("".join([node.render_annotated(context) for node in self]))
  File "/opt/anaconda3/envs/aps/lib/python3.10/site-packages/django/template/base.py", line 961, in render_annotated
    return self.render(context)
  File "/opt/anaconda3/envs/aps/lib/python3.10/site-packages/django/template/loader_tags.py", line 65, in render
    result = block.nodelist.render(context)
  File "/opt/anaconda3/envs/aps/lib/python3.10/site-packages/django/template/base.py", line 1000, in render
    return SafeString("".join([node.render_annotated(context) for node in self]))
  File "/opt/anaconda3/envs/aps/lib/python3.10/site-packages/django/template/base.py", line 1000, in <listcomp>
    return SafeString("".join([node.render_annotated(context) for node in self]))
  File "/opt/anaconda3/envs/aps/lib/python3.10/site-packages/django/template/base.py", line 961, in render_annotated
    return self.render(context)
  File "/opt/anaconda3/envs/aps/lib/python3.10/site-packages/django/template/defaulttags.py", line 326, in render
    return nodelist.render(context)
  File "/opt/anaconda3/envs/aps/lib/python3.10/site-packages/django/template/base.py", line 1000, in render
    return SafeString("".join([node.render_annotated(context) for node in self]))
  File "/opt/anaconda3/envs/aps/lib/python3.10/site-packages/django/template/base.py", line 1000, in <listcomp>
    return SafeString("".join([node.render_annotated(context) for node in self]))
  File "/opt/anaconda3/envs/aps/lib/python3.10/site-packages/django/template/base.py", line 961, in render_annotated
    return self.render(context)
  File "/opt/anaconda3/envs/aps/lib/python3.10/site-packages/django/template/loader_tags.py", line 199, in render
    template = context.template.engine.select_template(template_name)
  File "/opt/anaconda3/envs/aps/lib/python3.10/site-packages/django/template/engine.py", line 208, in select_template
    return self.get_template(template_name)
  File "/opt/anaconda3/envs/aps/lib/python3.10/site-packages/django/template/engine.py", line 177, in get_template
    template, origin = self.find_template(template_name)
  File "/opt/anaconda3/envs/aps/lib/python3.10/site-packages/django/template/engine.py", line 159, in find_template
    template = loader.get_template(name, skip=skip)
  File "/opt/anaconda3/envs/aps/lib/python3.10/site-packages/django/template/loaders/cached.py", line 57, in get_template
    template = super().get_template(template_name, skip)
  File "/opt/anaconda3/envs/aps/lib/python3.10/site-packages/django/template/loaders/base.py", line 28, in get_template
    return Template(
  File "/opt/anaconda3/envs/aps/lib/python3.10/site-packages/django/template/base.py", line 154, in __init__
    self.nodelist = self.compile_nodelist()
  File "/opt/anaconda3/envs/aps/lib/python3.10/site-packages/django/template/base.py", line 196, in compile_nodelist
    return parser.parse()
  File "/opt/anaconda3/envs/aps/lib/python3.10/site-packages/django/template/base.py", line 510, in parse
    raise self.error(token, e)
  File "/opt/anaconda3/envs/aps/lib/python3.10/site-packages/django/template/base.py", line 508, in parse
    compiled_result = compile_func(self, token)
  File "/opt/anaconda3/envs/aps/lib/python3.10/site-packages/django/template/defaulttags.py", line 960, in do_if
    condition = TemplateIfParser(parser, bits).parse()
  File "/opt/anaconda3/envs/aps/lib/python3.10/site-packages/django/template/defaulttags.py", line 893, in __init__
    super().__init__(*args, **kwargs)
  File "/opt/anaconda3/envs/aps/lib/python3.10/site-packages/django/template/smartif.py", line 171, in __init__
    mapped_tokens.append(self.translate_token(token))
  File "/opt/anaconda3/envs/aps/lib/python3.10/site-packages/django/template/smartif.py", line 182, in translate_token
    return self.create_var(token)
  File "/opt/anaconda3/envs/aps/lib/python3.10/site-packages/django/template/defaulttags.py", line 896, in create_var
    return TemplateLiteral(self.template_parser.compile_filter(value), value)
  File "/opt/anaconda3/envs/aps/lib/python3.10/site-packages/django/template/base.py", line 597, in compile_filter
    return FilterExpression(token, self)
  File "/opt/anaconda3/envs/aps/lib/python3.10/site-packages/django/template/base.py", line 698, in __init__
    raise TemplateSyntaxError(
django.template.exceptions.TemplateSyntaxError: Could not parse the remainder: '(name='HR').exists' from 'user.groups.filter(name='HR').exists'
[2025-09-10 14:39:41] ERROR - django.request - log_response:241 - Internal Server Error: /dashboard/
Traceback (most recent call last):
  File "/opt/anaconda3/envs/aps/lib/python3.10/site-packages/django/template/smartif.py", line 180, in translate_token
    op = OPERATORS[token]
KeyError: "user.groups.filter(name='HR').exists"

During handling of the above exception, another exception occurred:

Traceback (most recent call last):
  File "/Users/harshalsmac/WORK/ardur/ardurHome/trueAlign/core/views.py", line 799, in dashboard_view
    return render(request, 'dashboard.html', context)
  File "/opt/anaconda3/envs/aps/lib/python3.10/site-packages/django/shortcuts.py", line 25, in render
    content = loader.render_to_string(template_name, context, request, using=using)
  File "/opt/anaconda3/envs/aps/lib/python3.10/site-packages/django/template/loader.py", line 62, in render_to_string
    return template.render(context, request)
  File "/opt/anaconda3/envs/aps/lib/python3.10/site-packages/django/template/backends/django.py", line 61, in render
    return self.template.render(context)
  File "/opt/anaconda3/envs/aps/lib/python3.10/site-packages/django/template/base.py", line 171, in render
    return self._render(context)
  File "/opt/anaconda3/envs/aps/lib/python3.10/site-packages/django/template/base.py", line 163, in _render
    return self.nodelist.render(context)
  File "/opt/anaconda3/envs/aps/lib/python3.10/site-packages/django/template/base.py", line 1000, in render
    return SafeString("".join([node.render_annotated(context) for node in self]))
  File "/opt/anaconda3/envs/aps/lib/python3.10/site-packages/django/template/base.py", line 1000, in <listcomp>
    return SafeString("".join([node.render_annotated(context) for node in self]))
  File "/opt/anaconda3/envs/aps/lib/python3.10/site-packages/django/template/base.py", line 961, in render_annotated
    return self.render(context)
  File "/opt/anaconda3/envs/aps/lib/python3.10/site-packages/django/template/loader_tags.py", line 159, in render
    return compiled_parent._render(context)
  File "/opt/anaconda3/envs/aps/lib/python3.10/site-packages/django/template/base.py", line 163, in _render
    return self.nodelist.render(context)
  File "/opt/anaconda3/envs/aps/lib/python3.10/site-packages/django/template/base.py", line 1000, in render
    return SafeString("".join([node.render_annotated(context) for node in self]))
  File "/opt/anaconda3/envs/aps/lib/python3.10/site-packages/django/template/base.py", line 1000, in <listcomp>
    return SafeString("".join([node.render_annotated(context) for node in self]))
  File "/opt/anaconda3/envs/aps/lib/python3.10/site-packages/django/template/base.py", line 961, in render_annotated
    return self.render(context)
  File "/opt/anaconda3/envs/aps/lib/python3.10/site-packages/django/template/loader_tags.py", line 65, in render
    result = block.nodelist.render(context)
  File "/opt/anaconda3/envs/aps/lib/python3.10/site-packages/django/template/base.py", line 1000, in render
    return SafeString("".join([node.render_annotated(context) for node in self]))
  File "/opt/anaconda3/envs/aps/lib/python3.10/site-packages/django/template/base.py", line 1000, in <listcomp>
    return SafeString("".join([node.render_annotated(context) for node in self]))
  File "/opt/anaconda3/envs/aps/lib/python3.10/site-packages/django/template/base.py", line 961, in render_annotated
    return self.render(context)
  File "/opt/anaconda3/envs/aps/lib/python3.10/site-packages/django/template/defaulttags.py", line 326, in render
    return nodelist.render(context)
  File "/opt/anaconda3/envs/aps/lib/python3.10/site-packages/django/template/base.py", line 1000, in render
    return SafeString("".join([node.render_annotated(context) for node in self]))
  File "/opt/anaconda3/envs/aps/lib/python3.10/site-packages/django/template/base.py", line 1000, in <listcomp>
    return SafeString("".join([node.render_annotated(context) for node in self]))
  File "/opt/anaconda3/envs/aps/lib/python3.10/site-packages/django/template/base.py", line 961, in render_annotated
    return self.render(context)
  File "/opt/anaconda3/envs/aps/lib/python3.10/site-packages/django/template/loader_tags.py", line 199, in render
    template = context.template.engine.select_template(template_name)
  File "/opt/anaconda3/envs/aps/lib/python3.10/site-packages/django/template/engine.py", line 208, in select_template
    return self.get_template(template_name)
  File "/opt/anaconda3/envs/aps/lib/python3.10/site-packages/django/template/engine.py", line 177, in get_template
    template, origin = self.find_template(template_name)
  File "/opt/anaconda3/envs/aps/lib/python3.10/site-packages/django/template/engine.py", line 159, in find_template
    template = loader.get_template(name, skip=skip)
  File "/opt/anaconda3/envs/aps/lib/python3.10/site-packages/django/template/loaders/cached.py", line 57, in get_template
    template = super().get_template(template_name, skip)
  File "/opt/anaconda3/envs/aps/lib/python3.10/site-packages/django/template/loaders/base.py", line 28, in get_template
    return Template(
  File "/opt/anaconda3/envs/aps/lib/python3.10/site-packages/django/template/base.py", line 154, in __init__
    self.nodelist = self.compile_nodelist()
  File "/opt/anaconda3/envs/aps/lib/python3.10/site-packages/django/template/base.py", line 196, in compile_nodelist
    return parser.parse()
  File "/opt/anaconda3/envs/aps/lib/python3.10/site-packages/django/template/base.py", line 510, in parse
    raise self.error(token, e)
  File "/opt/anaconda3/envs/aps/lib/python3.10/site-packages/django/template/base.py", line 508, in parse
    compiled_result = compile_func(self, token)
  File "/opt/anaconda3/envs/aps/lib/python3.10/site-packages/django/template/defaulttags.py", line 960, in do_if
    condition = TemplateIfParser(parser, bits).parse()
  File "/opt/anaconda3/envs/aps/lib/python3.10/site-packages/django/template/defaulttags.py", line 893, in __init__
    super().__init__(*args, **kwargs)
  File "/opt/anaconda3/envs/aps/lib/python3.10/site-packages/django/template/smartif.py", line 171, in __init__
    mapped_tokens.append(self.translate_token(token))
  File "/opt/anaconda3/envs/aps/lib/python3.10/site-packages/django/template/smartif.py", line 182, in translate_token
    return self.create_var(token)
  File "/opt/anaconda3/envs/aps/lib/python3.10/site-packages/django/template/defaulttags.py", line 896, in create_var
    return TemplateLiteral(self.template_parser.compile_filter(value), value)
  File "/opt/anaconda3/envs/aps/lib/python3.10/site-packages/django/template/base.py", line 597, in compile_filter
    return FilterExpression(token, self)
  File "/opt/anaconda3/envs/aps/lib/python3.10/site-packages/django/template/base.py", line 698, in __init__
    raise TemplateSyntaxError(
django.template.exceptions.TemplateSyntaxError: Could not parse the remainder: '(name='HR').exists' from 'user.groups.filter(name='HR').exists'

During handling of the above exception, another exception occurred:

Traceback (most recent call last):
  File "/opt/anaconda3/envs/aps/lib/python3.10/site-packages/django/template/smartif.py", line 180, in translate_token
    op = OPERATORS[token]
KeyError: "user.groups.filter(name='HR').exists"

During handling of the above exception, another exception occurred:

Traceback (most recent call last):
  File "/opt/anaconda3/envs/aps/lib/python3.10/site-packages/django/core/handlers/exception.py", line 55, in inner
    response = get_response(request)
  File "/opt/anaconda3/envs/aps/lib/python3.10/site-packages/django/core/handlers/base.py", line 197, in _get_response
    response = wrapped_callback(request, *callback_args, **callback_kwargs)
  File "/opt/anaconda3/envs/aps/lib/python3.10/site-packages/django/contrib/auth/decorators.py", line 23, in _wrapper_view
    return view_func(request, *args, **kwargs)
  File "/Users/harshalsmac/WORK/ardur/ardurHome/trueAlign/core/views.py", line 804, in dashboard_view
    return render(request, 'dashboard.html', {
  File "/opt/anaconda3/envs/aps/lib/python3.10/site-packages/django/shortcuts.py", line 25, in render
    content = loader.render_to_string(template_name, context, request, using=using)
  File "/opt/anaconda3/envs/aps/lib/python3.10/site-packages/django/template/loader.py", line 62, in render_to_string
    return template.render(context, request)
  File "/opt/anaconda3/envs/aps/lib/python3.10/site-packages/django/template/backends/django.py", line 61, in render
    return self.template.render(context)
  File "/opt/anaconda3/envs/aps/lib/python3.10/site-packages/django/template/base.py", line 171, in render
    return self._render(context)
  File "/opt/anaconda3/envs/aps/lib/python3.10/site-packages/django/template/base.py", line 163, in _render
    return self.nodelist.render(context)
  File "/opt/anaconda3/envs/aps/lib/python3.10/site-packages/django/template/base.py", line 1000, in render
    return SafeString("".join([node.render_annotated(context) for node in self]))
  File "/opt/anaconda3/envs/aps/lib/python3.10/site-packages/django/template/base.py", line 1000, in <listcomp>
    return SafeString("".join([node.render_annotated(context) for node in self]))
  File "/opt/anaconda3/envs/aps/lib/python3.10/site-packages/django/template/base.py", line 961, in render_annotated
    return self.render(context)
  File "/opt/anaconda3/envs/aps/lib/python3.10/site-packages/django/template/loader_tags.py", line 159, in render
    return compiled_parent._render(context)
  File "/opt/anaconda3/envs/aps/lib/python3.10/site-packages/django/template/base.py", line 163, in _render
    return self.nodelist.render(context)
  File "/opt/anaconda3/envs/aps/lib/python3.10/site-packages/django/template/base.py", line 1000, in render
    return SafeString("".join([node.render_annotated(context) for node in self]))
  File "/opt/anaconda3/envs/aps/lib/python3.10/site-packages/django/template/base.py", line 1000, in <listcomp>
    return SafeString("".join([node.render_annotated(context) for node in self]))
  File "/opt/anaconda3/envs/aps/lib/python3.10/site-packages/django/template/base.py", line 961, in render_annotated
    return self.render(context)
  File "/opt/anaconda3/envs/aps/lib/python3.10/site-packages/django/template/loader_tags.py", line 65, in render
    result = block.nodelist.render(context)
  File "/opt/anaconda3/envs/aps/lib/python3.10/site-packages/django/template/base.py", line 1000, in render
    return SafeString("".join([node.render_annotated(context) for node in self]))
  File "/opt/anaconda3/envs/aps/lib/python3.10/site-packages/django/template/base.py", line 1000, in <listcomp>
    return SafeString("".join([node.render_annotated(context) for node in self]))
  File "/opt/anaconda3/envs/aps/lib/python3.10/site-packages/django/template/base.py", line 961, in render_annotated
    return self.render(context)
  File "/opt/anaconda3/envs/aps/lib/python3.10/site-packages/django/template/defaulttags.py", line 326, in render
    return nodelist.render(context)
  File "/opt/anaconda3/envs/aps/lib/python3.10/site-packages/django/template/base.py", line 1000, in render
    return SafeString("".join([node.render_annotated(context) for node in self]))
  File "/opt/anaconda3/envs/aps/lib/python3.10/site-packages/django/template/base.py", line 1000, in <listcomp>
    return SafeString("".join([node.render_annotated(context) for node in self]))
  File "/opt/anaconda3/envs/aps/lib/python3.10/site-packages/django/template/base.py", line 961, in render_annotated
    return self.render(context)
  File "/opt/anaconda3/envs/aps/lib/python3.10/site-packages/django/template/loader_tags.py", line 199, in render
    template = context.template.engine.select_template(template_name)
  File "/opt/anaconda3/envs/aps/lib/python3.10/site-packages/django/template/engine.py", line 208, in select_template
    return self.get_template(template_name)
  File "/opt/anaconda3/envs/aps/lib/python3.10/site-packages/django/template/engine.py", line 177, in get_template
    template, origin = self.find_template(template_name)
  File "/opt/anaconda3/envs/aps/lib/python3.10/site-packages/django/template/engine.py", line 159, in find_template
    template = loader.get_template(name, skip=skip)
  File "/opt/anaconda3/envs/aps/lib/python3.10/site-packages/django/template/loaders/cached.py", line 57, in get_template
    template = super().get_template(template_name, skip)
  File "/opt/anaconda3/envs/aps/lib/python3.10/site-packages/django/template/loaders/base.py", line 28, in get_template
    return Template(
  File "/opt/anaconda3/envs/aps/lib/python3.10/site-packages/django/template/base.py", line 154, in __init__
    self.nodelist = self.compile_nodelist()
  File "/opt/anaconda3/envs/aps/lib/python3.10/site-packages/django/template/base.py", line 196, in compile_nodelist
    return parser.parse()
  File "/opt/anaconda3/envs/aps/lib/python3.10/site-packages/django/template/base.py", line 510, in parse
    raise self.error(token, e)
  File "/opt/anaconda3/envs/aps/lib/python3.10/site-packages/django/template/base.py", line 508, in parse
    compiled_result = compile_func(self, token)
  File "/opt/anaconda3/envs/aps/lib/python3.10/site-packages/django/template/defaulttags.py", line 960, in do_if
    condition = TemplateIfParser(parser, bits).parse()
  File "/opt/anaconda3/envs/aps/lib/python3.10/site-packages/django/template/defaulttags.py", line 893, in __init__
    super().__init__(*args, **kwargs)
  File "/opt/anaconda3/envs/aps/lib/python3.10/site-packages/django/template/smartif.py", line 171, in __init__
    mapped_tokens.append(self.translate_token(token))
  File "/opt/anaconda3/envs/aps/lib/python3.10/site-packages/django/template/smartif.py", line 182, in translate_token
    return self.create_var(token)
  File "/opt/anaconda3/envs/aps/lib/python3.10/site-packages/django/template/defaulttags.py", line 896, in create_var
    return TemplateLiteral(self.template_parser.compile_filter(value), value)
  File "/opt/anaconda3/envs/aps/lib/python3.10/site-packages/django/template/base.py", line 597, in compile_filter
    return FilterExpression(token, self)
  File "/opt/anaconda3/envs/aps/lib/python3.10/site-packages/django/template/base.py", line 698, in __init__
    raise TemplateSyntaxError(
django.template.exceptions.TemplateSyntaxError: Could not parse the remainder: '(name='HR').exists' from 'user.groups.filter(name='HR').exists'
[2025-09-10 14:40:44] INFO - django.utils.autoreload - run_with_reloader:668 - Watching for file changes with StatReloader
[2025-09-10 14:47:34] INFO - django.utils.autoreload - trigger_reload:266 - /Users/harshalsmac/WORK/ardur/ardurHome/trueAlign/notes/views.py changed, reloading.
[2025-09-10 14:47:34] INFO - django.utils.autoreload - run_with_reloader:668 - Watching for file changes with StatReloader
[2025-09-10 14:52:02] INFO - django.utils.autoreload - run_with_reloader:668 - Watching for file changes with StatReloader
[2025-09-10 14:55:56] ERROR - trueAlign.core.middleware - _create_new_session_throttled:283 - Error creating/getting session: "Attempt to overwrite 'message' in LogRecord"
[2025-09-10 14:55:56] ERROR - django.request - log_response:241 - Internal Server Error: /notes/global-updates/1/
Traceback (most recent call last):
  File "/opt/anaconda3/envs/aps/lib/python3.10/site-packages/django/template/base.py", line 502, in parse
    compile_func = self.tags[command]
KeyError: 'endif'

During handling of the above exception, another exception occurred:

Traceback (most recent call last):
  File "/opt/anaconda3/envs/aps/lib/python3.10/site-packages/django/core/handlers/exception.py", line 55, in inner
    response = get_response(request)
  File "/opt/anaconda3/envs/aps/lib/python3.10/site-packages/django/core/handlers/base.py", line 197, in _get_response
    response = wrapped_callback(request, *callback_args, **callback_kwargs)
  File "/opt/anaconda3/envs/aps/lib/python3.10/site-packages/django/contrib/auth/decorators.py", line 23, in _wrapper_view
    return view_func(request, *args, **kwargs)
  File "/Users/harshalsmac/WORK/ardur/ardurHome/trueAlign/notes/views.py", line 169, in global_update_detail
    return render(request, 'notes/global_update_detail.html', context)
  File "/opt/anaconda3/envs/aps/lib/python3.10/site-packages/django/shortcuts.py", line 25, in render
    content = loader.render_to_string(template_name, context, request, using=using)
  File "/opt/anaconda3/envs/aps/lib/python3.10/site-packages/django/template/loader.py", line 61, in render_to_string
    template = get_template(template_name, using=using)
  File "/opt/anaconda3/envs/aps/lib/python3.10/site-packages/django/template/loader.py", line 15, in get_template
    return engine.get_template(template_name)
  File "/opt/anaconda3/envs/aps/lib/python3.10/site-packages/django/template/backends/django.py", line 33, in get_template
    return Template(self.engine.get_template(template_name), self)
  File "/opt/anaconda3/envs/aps/lib/python3.10/site-packages/django/template/engine.py", line 177, in get_template
    template, origin = self.find_template(template_name)
  File "/opt/anaconda3/envs/aps/lib/python3.10/site-packages/django/template/engine.py", line 159, in find_template
    template = loader.get_template(name, skip=skip)
  File "/opt/anaconda3/envs/aps/lib/python3.10/site-packages/django/template/loaders/cached.py", line 57, in get_template
    template = super().get_template(template_name, skip)
  File "/opt/anaconda3/envs/aps/lib/python3.10/site-packages/django/template/loaders/base.py", line 28, in get_template
    return Template(
  File "/opt/anaconda3/envs/aps/lib/python3.10/site-packages/django/template/base.py", line 154, in __init__
    self.nodelist = self.compile_nodelist()
  File "/opt/anaconda3/envs/aps/lib/python3.10/site-packages/django/template/base.py", line 196, in compile_nodelist
    return parser.parse()
  File "/opt/anaconda3/envs/aps/lib/python3.10/site-packages/django/template/base.py", line 510, in parse
    raise self.error(token, e)
  File "/opt/anaconda3/envs/aps/lib/python3.10/site-packages/django/template/base.py", line 508, in parse
    compiled_result = compile_func(self, token)
  File "/opt/anaconda3/envs/aps/lib/python3.10/site-packages/django/template/loader_tags.py", line 295, in do_extends
    nodelist = parser.parse()
  File "/opt/anaconda3/envs/aps/lib/python3.10/site-packages/django/template/base.py", line 510, in parse
    raise self.error(token, e)
  File "/opt/anaconda3/envs/aps/lib/python3.10/site-packages/django/template/base.py", line 508, in parse
    compiled_result = compile_func(self, token)
  File "/opt/anaconda3/envs/aps/lib/python3.10/site-packages/django/template/loader_tags.py", line 234, in do_block
    nodelist = parser.parse(("endblock",))
  File "/opt/anaconda3/envs/aps/lib/python3.10/site-packages/django/template/base.py", line 510, in parse
    raise self.error(token, e)
  File "/opt/anaconda3/envs/aps/lib/python3.10/site-packages/django/template/base.py", line 508, in parse
    compiled_result = compile_func(self, token)
  File "/opt/anaconda3/envs/aps/lib/python3.10/site-packages/django/template/defaulttags.py", line 861, in do_for
    nodelist_loop = parser.parse(
  File "/opt/anaconda3/envs/aps/lib/python3.10/site-packages/django/template/base.py", line 504, in parse
    self.invalid_block_tag(token, command, parse_until)
  File "/opt/anaconda3/envs/aps/lib/python3.10/site-packages/django/template/base.py", line 555, in invalid_block_tag
    raise self.error(
django.template.exceptions.TemplateSyntaxError: Invalid block tag on line 35: 'endif', expected 'empty' or 'endfor'. Did you forget to register or load this tag?
[2025-09-10 14:55:56] ERROR - trueAlign.core.middleware - _create_new_session_throttled:283 - Error creating/getting session: "Attempt to overwrite 'message' in LogRecord"
[2025-09-10 14:59:18] INFO - django.utils.autoreload - run_with_reloader:668 - Watching for file changes with StatReloader
[2025-09-10 14:59:41] ERROR - trueAlign.core.middleware - _create_new_session_throttled:283 - Error creating/getting session: "Attempt to overwrite 'message' in LogRecord"
[2025-09-10 14:59:41] ERROR - trueAlign.core.middleware - _create_new_session_throttled:283 - Error creating/getting session: "Attempt to overwrite 'message' in LogRecord"
[2025-09-10 14:59:41] ERROR - trueAlign.core.middleware - _create_new_session_throttled:283 - Error creating/getting session: "Attempt to overwrite 'message' in LogRecord"
[2025-09-10 15:01:22] INFO - django.utils.autoreload - run_with_reloader:668 - Watching for file changes with StatReloader
[2025-09-10 15:01:59] ERROR - trueAlign.core.middleware - _create_new_session_throttled:283 - Error creating/getting session: "Attempt to overwrite 'message' in LogRecord"
[2025-09-10 15:05:58] INFO - django.utils.autoreload - trigger_reload:266 - /Users/harshalsmac/WORK/ardur/ardurHome/trueAlign/notes/views.py changed, reloading.
[2025-09-10 15:05:59] INFO - django.utils.autoreload - run_with_reloader:668 - Watching for file changes with StatReloader
[2025-09-10 15:07:52] INFO - django.utils.autoreload - trigger_reload:266 - /Users/harshalsmac/WORK/ardur/ardurHome/trueAlign/notes/views.py changed, reloading.
[2025-09-10 15:07:53] INFO - django.utils.autoreload - run_with_reloader:668 - Watching for file changes with StatReloader
[2025-09-10 15:11:00] INFO - django.utils.autoreload - run_with_reloader:668 - Watching for file changes with StatReloader
[2025-09-10 15:12:19] INFO - django.utils.autoreload - run_with_reloader:668 - Watching for file changes with StatReloader
[2025-09-10 15:14:06] INFO - django.utils.autoreload - run_with_reloader:668 - Watching for file changes with StatReloader
[2025-09-10 15:14:17] INFO - django.utils.autoreload - run_with_reloader:668 - Watching for file changes with StatReloader
[2025-09-10 15:15:12] INFO - django.utils.autoreload - run_with_reloader:668 - Watching for file changes with StatReloader
[2025-09-10 15:15:20] INFO - django.utils.autoreload - trigger_reload:266 - /Users/harshalsmac/WORK/ardur/ardurHome/trueAlign/notes/views.py changed, reloading.
[2025-09-10 15:15:21] INFO - django.utils.autoreload - run_with_reloader:668 - Watching for file changes with StatReloader
[2025-09-10 15:15:40] ERROR - trueAlign.core.middleware - _create_new_session_throttled:283 - Error creating/getting session: "Attempt to overwrite 'message' in LogRecord"
[2025-09-10 15:16:12] INFO - django.utils.autoreload - run_with_reloader:668 - Watching for file changes with StatReloader
[2025-09-10 15:16:27] ERROR - trueAlign.core.middleware - _create_new_session_throttled:283 - Error creating/getting session: "Attempt to overwrite 'message' in LogRecord"
[2025-09-10 16:30:38] INFO - trueAlign.core.middleware - _cleanup_old_buffers:546 - Cleaned up 1 old buffers
[2025-09-10 18:22:59] INFO - trueAlign.core.middleware - _cleanup_old_buffers:546 - Cleaned up 1 old buffers
[2025-09-16 14:07:49] INFO - django.utils.autoreload - run_with_reloader:668 - Watching for file changes with StatReloader
[2025-09-16 14:22:50] ERROR - trueAlign.core.middleware - _create_new_session_throttled:283 - Error creating/getting session: "Attempt to overwrite 'message' in LogRecord"
[2025-09-16 14:22:58] ERROR - django.request - log_response:241 - Internal Server Error: /notes/global-updates/create/
Traceback (most recent call last):
  File "/opt/anaconda3/envs/aps/lib/python3.10/site-packages/django/template/base.py", line 502, in parse
    compile_func = self.tags[command]
KeyError: 'endfor'

During handling of the above exception, another exception occurred:

Traceback (most recent call last):
  File "/opt/anaconda3/envs/aps/lib/python3.10/site-packages/django/core/handlers/exception.py", line 55, in inner
    response = get_response(request)
  File "/opt/anaconda3/envs/aps/lib/python3.10/site-packages/django/core/handlers/base.py", line 197, in _get_response
    response = wrapped_callback(request, *callback_args, **callback_kwargs)
  File "/opt/anaconda3/envs/aps/lib/python3.10/site-packages/django/contrib/auth/decorators.py", line 23, in _wrapper_view
    return view_func(request, *args, **kwargs)
  File "/Users/harshalsmac/WORK/ardur/ardurHome/trueAlign/notes/views.py", line 200, in global_update_create
    return render(request, 'notes/global_update_form.html', context)
  File "/opt/anaconda3/envs/aps/lib/python3.10/site-packages/django/shortcuts.py", line 25, in render
    content = loader.render_to_string(template_name, context, request, using=using)
  File "/opt/anaconda3/envs/aps/lib/python3.10/site-packages/django/template/loader.py", line 61, in render_to_string
    template = get_template(template_name, using=using)
  File "/opt/anaconda3/envs/aps/lib/python3.10/site-packages/django/template/loader.py", line 15, in get_template
    return engine.get_template(template_name)
  File "/opt/anaconda3/envs/aps/lib/python3.10/site-packages/django/template/backends/django.py", line 33, in get_template
    return Template(self.engine.get_template(template_name), self)
  File "/opt/anaconda3/envs/aps/lib/python3.10/site-packages/django/template/engine.py", line 177, in get_template
    template, origin = self.find_template(template_name)
  File "/opt/anaconda3/envs/aps/lib/python3.10/site-packages/django/template/engine.py", line 159, in find_template
    template = loader.get_template(name, skip=skip)
  File "/opt/anaconda3/envs/aps/lib/python3.10/site-packages/django/template/loaders/cached.py", line 57, in get_template
    template = super().get_template(template_name, skip)
  File "/opt/anaconda3/envs/aps/lib/python3.10/site-packages/django/template/loaders/base.py", line 28, in get_template
    return Template(
  File "/opt/anaconda3/envs/aps/lib/python3.10/site-packages/django/template/base.py", line 154, in __init__
    self.nodelist = self.compile_nodelist()
  File "/opt/anaconda3/envs/aps/lib/python3.10/site-packages/django/template/base.py", line 196, in compile_nodelist
    return parser.parse()
  File "/opt/anaconda3/envs/aps/lib/python3.10/site-packages/django/template/base.py", line 510, in parse
    raise self.error(token, e)
  File "/opt/anaconda3/envs/aps/lib/python3.10/site-packages/django/template/base.py", line 508, in parse
    compiled_result = compile_func(self, token)
  File "/opt/anaconda3/envs/aps/lib/python3.10/site-packages/django/template/loader_tags.py", line 295, in do_extends
    nodelist = parser.parse()
  File "/opt/anaconda3/envs/aps/lib/python3.10/site-packages/django/template/base.py", line 510, in parse
    raise self.error(token, e)
  File "/opt/anaconda3/envs/aps/lib/python3.10/site-packages/django/template/base.py", line 508, in parse
    compiled_result = compile_func(self, token)
  File "/opt/anaconda3/envs/aps/lib/python3.10/site-packages/django/template/loader_tags.py", line 234, in do_block
    nodelist = parser.parse(("endblock",))
  File "/opt/anaconda3/envs/aps/lib/python3.10/site-packages/django/template/base.py", line 504, in parse
    self.invalid_block_tag(token, command, parse_until)
  File "/opt/anaconda3/envs/aps/lib/python3.10/site-packages/django/template/base.py", line 555, in invalid_block_tag
    raise self.error(
django.template.exceptions.TemplateSyntaxError: Invalid block tag on line 135: 'endfor', expected 'endblock'. Did you forget to register or load this tag?
[2025-09-16 14:23:14] ERROR - django.request - log_response:241 - Internal Server Error: /notes/global-updates/create/
Traceback (most recent call last):
  File "/opt/anaconda3/envs/aps/lib/python3.10/site-packages/django/template/base.py", line 502, in parse
    compile_func = self.tags[command]
KeyError: 'endfor'

During handling of the above exception, another exception occurred:

Traceback (most recent call last):
  File "/opt/anaconda3/envs/aps/lib/python3.10/site-packages/django/core/handlers/exception.py", line 55, in inner
    response = get_response(request)
  File "/opt/anaconda3/envs/aps/lib/python3.10/site-packages/django/core/handlers/base.py", line 197, in _get_response
    response = wrapped_callback(request, *callback_args, **callback_kwargs)
  File "/opt/anaconda3/envs/aps/lib/python3.10/site-packages/django/contrib/auth/decorators.py", line 23, in _wrapper_view
    return view_func(request, *args, **kwargs)
  File "/Users/harshalsmac/WORK/ardur/ardurHome/trueAlign/notes/views.py", line 200, in global_update_create
    return render(request, 'notes/global_update_form.html', context)
  File "/opt/anaconda3/envs/aps/lib/python3.10/site-packages/django/shortcuts.py", line 25, in render
    content = loader.render_to_string(template_name, context, request, using=using)
  File "/opt/anaconda3/envs/aps/lib/python3.10/site-packages/django/template/loader.py", line 61, in render_to_string
    template = get_template(template_name, using=using)
  File "/opt/anaconda3/envs/aps/lib/python3.10/site-packages/django/template/loader.py", line 15, in get_template
    return engine.get_template(template_name)
  File "/opt/anaconda3/envs/aps/lib/python3.10/site-packages/django/template/backends/django.py", line 33, in get_template
    return Template(self.engine.get_template(template_name), self)
  File "/opt/anaconda3/envs/aps/lib/python3.10/site-packages/django/template/engine.py", line 177, in get_template
    template, origin = self.find_template(template_name)
  File "/opt/anaconda3/envs/aps/lib/python3.10/site-packages/django/template/engine.py", line 159, in find_template
    template = loader.get_template(name, skip=skip)
  File "/opt/anaconda3/envs/aps/lib/python3.10/site-packages/django/template/loaders/cached.py", line 57, in get_template
    template = super().get_template(template_name, skip)
  File "/opt/anaconda3/envs/aps/lib/python3.10/site-packages/django/template/loaders/base.py", line 28, in get_template
    return Template(
  File "/opt/anaconda3/envs/aps/lib/python3.10/site-packages/django/template/base.py", line 154, in __init__
    self.nodelist = self.compile_nodelist()
  File "/opt/anaconda3/envs/aps/lib/python3.10/site-packages/django/template/base.py", line 196, in compile_nodelist
    return parser.parse()
  File "/opt/anaconda3/envs/aps/lib/python3.10/site-packages/django/template/base.py", line 510, in parse
    raise self.error(token, e)
  File "/opt/anaconda3/envs/aps/lib/python3.10/site-packages/django/template/base.py", line 508, in parse
    compiled_result = compile_func(self, token)
  File "/opt/anaconda3/envs/aps/lib/python3.10/site-packages/django/template/loader_tags.py", line 295, in do_extends
    nodelist = parser.parse()
  File "/opt/anaconda3/envs/aps/lib/python3.10/site-packages/django/template/base.py", line 510, in parse
    raise self.error(token, e)
  File "/opt/anaconda3/envs/aps/lib/python3.10/site-packages/django/template/base.py", line 508, in parse
    compiled_result = compile_func(self, token)
  File "/opt/anaconda3/envs/aps/lib/python3.10/site-packages/django/template/loader_tags.py", line 234, in do_block
    nodelist = parser.parse(("endblock",))
  File "/opt/anaconda3/envs/aps/lib/python3.10/site-packages/django/template/base.py", line 504, in parse
    self.invalid_block_tag(token, command, parse_until)
  File "/opt/anaconda3/envs/aps/lib/python3.10/site-packages/django/template/base.py", line 555, in invalid_block_tag
    raise self.error(
django.template.exceptions.TemplateSyntaxError: Invalid block tag on line 134: 'endfor', expected 'endblock'. Did you forget to register or load this tag?
[2025-09-16 14:23:15] ERROR - django.request - log_response:241 - Internal Server Error: /notes/global-updates/create/
Traceback (most recent call last):
  File "/opt/anaconda3/envs/aps/lib/python3.10/site-packages/django/template/base.py", line 502, in parse
    compile_func = self.tags[command]
KeyError: 'endfor'

During handling of the above exception, another exception occurred:

Traceback (most recent call last):
  File "/opt/anaconda3/envs/aps/lib/python3.10/site-packages/django/core/handlers/exception.py", line 55, in inner
    response = get_response(request)
  File "/opt/anaconda3/envs/aps/lib/python3.10/site-packages/django/core/handlers/base.py", line 197, in _get_response
    response = wrapped_callback(request, *callback_args, **callback_kwargs)
  File "/opt/anaconda3/envs/aps/lib/python3.10/site-packages/django/contrib/auth/decorators.py", line 23, in _wrapper_view
    return view_func(request, *args, **kwargs)
  File "/Users/harshalsmac/WORK/ardur/ardurHome/trueAlign/notes/views.py", line 200, in global_update_create
    return render(request, 'notes/global_update_form.html', context)
  File "/opt/anaconda3/envs/aps/lib/python3.10/site-packages/django/shortcuts.py", line 25, in render
    content = loader.render_to_string(template_name, context, request, using=using)
  File "/opt/anaconda3/envs/aps/lib/python3.10/site-packages/django/template/loader.py", line 61, in render_to_string
    template = get_template(template_name, using=using)
  File "/opt/anaconda3/envs/aps/lib/python3.10/site-packages/django/template/loader.py", line 15, in get_template
    return engine.get_template(template_name)
  File "/opt/anaconda3/envs/aps/lib/python3.10/site-packages/django/template/backends/django.py", line 33, in get_template
    return Template(self.engine.get_template(template_name), self)
  File "/opt/anaconda3/envs/aps/lib/python3.10/site-packages/django/template/engine.py", line 177, in get_template
    template, origin = self.find_template(template_name)
  File "/opt/anaconda3/envs/aps/lib/python3.10/site-packages/django/template/engine.py", line 159, in find_template
    template = loader.get_template(name, skip=skip)
  File "/opt/anaconda3/envs/aps/lib/python3.10/site-packages/django/template/loaders/cached.py", line 57, in get_template
    template = super().get_template(template_name, skip)
  File "/opt/anaconda3/envs/aps/lib/python3.10/site-packages/django/template/loaders/base.py", line 28, in get_template
    return Template(
  File "/opt/anaconda3/envs/aps/lib/python3.10/site-packages/django/template/base.py", line 154, in __init__
    self.nodelist = self.compile_nodelist()
  File "/opt/anaconda3/envs/aps/lib/python3.10/site-packages/django/template/base.py", line 196, in compile_nodelist
    return parser.parse()
  File "/opt/anaconda3/envs/aps/lib/python3.10/site-packages/django/template/base.py", line 510, in parse
    raise self.error(token, e)
  File "/opt/anaconda3/envs/aps/lib/python3.10/site-packages/django/template/base.py", line 508, in parse
    compiled_result = compile_func(self, token)
  File "/opt/anaconda3/envs/aps/lib/python3.10/site-packages/django/template/loader_tags.py", line 295, in do_extends
    nodelist = parser.parse()
  File "/opt/anaconda3/envs/aps/lib/python3.10/site-packages/django/template/base.py", line 510, in parse
    raise self.error(token, e)
  File "/opt/anaconda3/envs/aps/lib/python3.10/site-packages/django/template/base.py", line 508, in parse
    compiled_result = compile_func(self, token)
  File "/opt/anaconda3/envs/aps/lib/python3.10/site-packages/django/template/loader_tags.py", line 234, in do_block
    nodelist = parser.parse(("endblock",))
  File "/opt/anaconda3/envs/aps/lib/python3.10/site-packages/django/template/base.py", line 504, in parse
    self.invalid_block_tag(token, command, parse_until)
  File "/opt/anaconda3/envs/aps/lib/python3.10/site-packages/django/template/base.py", line 555, in invalid_block_tag
    raise self.error(
django.template.exceptions.TemplateSyntaxError: Invalid block tag on line 134: 'endfor', expected 'endblock'. Did you forget to register or load this tag?
[2025-09-16 14:23:21] ERROR - django.request - log_response:241 - Internal Server Error: /notes/global-updates/create/
Traceback (most recent call last):
  File "/opt/anaconda3/envs/aps/lib/python3.10/site-packages/django/template/base.py", line 502, in parse
    compile_func = self.tags[command]
KeyError: 'endfor'

During handling of the above exception, another exception occurred:

Traceback (most recent call last):
  File "/opt/anaconda3/envs/aps/lib/python3.10/site-packages/django/core/handlers/exception.py", line 55, in inner
    response = get_response(request)
  File "/opt/anaconda3/envs/aps/lib/python3.10/site-packages/django/core/handlers/base.py", line 197, in _get_response
    response = wrapped_callback(request, *callback_args, **callback_kwargs)
  File "/opt/anaconda3/envs/aps/lib/python3.10/site-packages/django/contrib/auth/decorators.py", line 23, in _wrapper_view
    return view_func(request, *args, **kwargs)
  File "/Users/harshalsmac/WORK/ardur/ardurHome/trueAlign/notes/views.py", line 200, in global_update_create
    return render(request, 'notes/global_update_form.html', context)
  File "/opt/anaconda3/envs/aps/lib/python3.10/site-packages/django/shortcuts.py", line 25, in render
    content = loader.render_to_string(template_name, context, request, using=using)
  File "/opt/anaconda3/envs/aps/lib/python3.10/site-packages/django/template/loader.py", line 61, in render_to_string
    template = get_template(template_name, using=using)
  File "/opt/anaconda3/envs/aps/lib/python3.10/site-packages/django/template/loader.py", line 15, in get_template
    return engine.get_template(template_name)
  File "/opt/anaconda3/envs/aps/lib/python3.10/site-packages/django/template/backends/django.py", line 33, in get_template
    return Template(self.engine.get_template(template_name), self)
  File "/opt/anaconda3/envs/aps/lib/python3.10/site-packages/django/template/engine.py", line 177, in get_template
    template, origin = self.find_template(template_name)
  File "/opt/anaconda3/envs/aps/lib/python3.10/site-packages/django/template/engine.py", line 159, in find_template
    template = loader.get_template(name, skip=skip)
  File "/opt/anaconda3/envs/aps/lib/python3.10/site-packages/django/template/loaders/cached.py", line 57, in get_template
    template = super().get_template(template_name, skip)
  File "/opt/anaconda3/envs/aps/lib/python3.10/site-packages/django/template/loaders/base.py", line 28, in get_template
    return Template(
  File "/opt/anaconda3/envs/aps/lib/python3.10/site-packages/django/template/base.py", line 154, in __init__
    self.nodelist = self.compile_nodelist()
  File "/opt/anaconda3/envs/aps/lib/python3.10/site-packages/django/template/base.py", line 196, in compile_nodelist
    return parser.parse()
  File "/opt/anaconda3/envs/aps/lib/python3.10/site-packages/django/template/base.py", line 510, in parse
    raise self.error(token, e)
  File "/opt/anaconda3/envs/aps/lib/python3.10/site-packages/django/template/base.py", line 508, in parse
    compiled_result = compile_func(self, token)
  File "/opt/anaconda3/envs/aps/lib/python3.10/site-packages/django/template/loader_tags.py", line 295, in do_extends
    nodelist = parser.parse()
  File "/opt/anaconda3/envs/aps/lib/python3.10/site-packages/django/template/base.py", line 510, in parse
    raise self.error(token, e)
  File "/opt/anaconda3/envs/aps/lib/python3.10/site-packages/django/template/base.py", line 508, in parse
    compiled_result = compile_func(self, token)
  File "/opt/anaconda3/envs/aps/lib/python3.10/site-packages/django/template/loader_tags.py", line 234, in do_block
    nodelist = parser.parse(("endblock",))
  File "/opt/anaconda3/envs/aps/lib/python3.10/site-packages/django/template/base.py", line 504, in parse
    self.invalid_block_tag(token, command, parse_until)
  File "/opt/anaconda3/envs/aps/lib/python3.10/site-packages/django/template/base.py", line 555, in invalid_block_tag
    raise self.error(
django.template.exceptions.TemplateSyntaxError: Invalid block tag on line 134: 'endfor', expected 'endblock'. Did you forget to register or load this tag?
[2025-09-16 14:23:53] ERROR - django.request - log_response:241 - Internal Server Error: /notes/global-updates/create/
Traceback (most recent call last):
  File "/opt/anaconda3/envs/aps/lib/python3.10/site-packages/django/template/base.py", line 502, in parse
    compile_func = self.tags[command]
KeyError: 'endfor'

During handling of the above exception, another exception occurred:

Traceback (most recent call last):
  File "/opt/anaconda3/envs/aps/lib/python3.10/site-packages/django/core/handlers/exception.py", line 55, in inner
    response = get_response(request)
  File "/opt/anaconda3/envs/aps/lib/python3.10/site-packages/django/core/handlers/base.py", line 197, in _get_response
    response = wrapped_callback(request, *callback_args, **callback_kwargs)
  File "/opt/anaconda3/envs/aps/lib/python3.10/site-packages/django/contrib/auth/decorators.py", line 23, in _wrapper_view
    return view_func(request, *args, **kwargs)
  File "/Users/harshalsmac/WORK/ardur/ardurHome/trueAlign/notes/views.py", line 200, in global_update_create
    return render(request, 'notes/global_update_form.html', context)
  File "/opt/anaconda3/envs/aps/lib/python3.10/site-packages/django/shortcuts.py", line 25, in render
    content = loader.render_to_string(template_name, context, request, using=using)
  File "/opt/anaconda3/envs/aps/lib/python3.10/site-packages/django/template/loader.py", line 61, in render_to_string
    template = get_template(template_name, using=using)
  File "/opt/anaconda3/envs/aps/lib/python3.10/site-packages/django/template/loader.py", line 15, in get_template
    return engine.get_template(template_name)
  File "/opt/anaconda3/envs/aps/lib/python3.10/site-packages/django/template/backends/django.py", line 33, in get_template
    return Template(self.engine.get_template(template_name), self)
  File "/opt/anaconda3/envs/aps/lib/python3.10/site-packages/django/template/engine.py", line 177, in get_template
    template, origin = self.find_template(template_name)
  File "/opt/anaconda3/envs/aps/lib/python3.10/site-packages/django/template/engine.py", line 159, in find_template
    template = loader.get_template(name, skip=skip)
  File "/opt/anaconda3/envs/aps/lib/python3.10/site-packages/django/template/loaders/cached.py", line 57, in get_template
    template = super().get_template(template_name, skip)
  File "/opt/anaconda3/envs/aps/lib/python3.10/site-packages/django/template/loaders/base.py", line 28, in get_template
    return Template(
  File "/opt/anaconda3/envs/aps/lib/python3.10/site-packages/django/template/base.py", line 154, in __init__
    self.nodelist = self.compile_nodelist()
  File "/opt/anaconda3/envs/aps/lib/python3.10/site-packages/django/template/base.py", line 196, in compile_nodelist
    return parser.parse()
  File "/opt/anaconda3/envs/aps/lib/python3.10/site-packages/django/template/base.py", line 510, in parse
    raise self.error(token, e)
  File "/opt/anaconda3/envs/aps/lib/python3.10/site-packages/django/template/base.py", line 508, in parse
    compiled_result = compile_func(self, token)
  File "/opt/anaconda3/envs/aps/lib/python3.10/site-packages/django/template/loader_tags.py", line 295, in do_extends
    nodelist = parser.parse()
  File "/opt/anaconda3/envs/aps/lib/python3.10/site-packages/django/template/base.py", line 510, in parse
    raise self.error(token, e)
  File "/opt/anaconda3/envs/aps/lib/python3.10/site-packages/django/template/base.py", line 508, in parse
    compiled_result = compile_func(self, token)
  File "/opt/anaconda3/envs/aps/lib/python3.10/site-packages/django/template/loader_tags.py", line 234, in do_block
    nodelist = parser.parse(("endblock",))
  File "/opt/anaconda3/envs/aps/lib/python3.10/site-packages/django/template/base.py", line 504, in parse
    self.invalid_block_tag(token, command, parse_until)
  File "/opt/anaconda3/envs/aps/lib/python3.10/site-packages/django/template/base.py", line 555, in invalid_block_tag
    raise self.error(
django.template.exceptions.TemplateSyntaxError: Invalid block tag on line 128: 'endfor', expected 'endblock'. Did you forget to register or load this tag?
[2025-09-16 14:24:20] ERROR - django.request - log_response:241 - Internal Server Error: /notes/global-updates/create/
Traceback (most recent call last):
  File "/opt/anaconda3/envs/aps/lib/python3.10/site-packages/django/template/base.py", line 502, in parse
    compile_func = self.tags[command]
KeyError: 'endfor'

During handling of the above exception, another exception occurred:

Traceback (most recent call last):
  File "/opt/anaconda3/envs/aps/lib/python3.10/site-packages/django/core/handlers/exception.py", line 55, in inner
    response = get_response(request)
  File "/opt/anaconda3/envs/aps/lib/python3.10/site-packages/django/core/handlers/base.py", line 197, in _get_response
    response = wrapped_callback(request, *callback_args, **callback_kwargs)
  File "/opt/anaconda3/envs/aps/lib/python3.10/site-packages/django/contrib/auth/decorators.py", line 23, in _wrapper_view
    return view_func(request, *args, **kwargs)
  File "/Users/harshalsmac/WORK/ardur/ardurHome/trueAlign/notes/views.py", line 200, in global_update_create
    return render(request, 'notes/global_update_form.html', context)
  File "/opt/anaconda3/envs/aps/lib/python3.10/site-packages/django/shortcuts.py", line 25, in render
    content = loader.render_to_string(template_name, context, request, using=using)
  File "/opt/anaconda3/envs/aps/lib/python3.10/site-packages/django/template/loader.py", line 61, in render_to_string
    template = get_template(template_name, using=using)
  File "/opt/anaconda3/envs/aps/lib/python3.10/site-packages/django/template/loader.py", line 15, in get_template
    return engine.get_template(template_name)
  File "/opt/anaconda3/envs/aps/lib/python3.10/site-packages/django/template/backends/django.py", line 33, in get_template
    return Template(self.engine.get_template(template_name), self)
  File "/opt/anaconda3/envs/aps/lib/python3.10/site-packages/django/template/engine.py", line 177, in get_template
    template, origin = self.find_template(template_name)
  File "/opt/anaconda3/envs/aps/lib/python3.10/site-packages/django/template/engine.py", line 159, in find_template
    template = loader.get_template(name, skip=skip)
  File "/opt/anaconda3/envs/aps/lib/python3.10/site-packages/django/template/loaders/cached.py", line 57, in get_template
    template = super().get_template(template_name, skip)
  File "/opt/anaconda3/envs/aps/lib/python3.10/site-packages/django/template/loaders/base.py", line 28, in get_template
    return Template(
  File "/opt/anaconda3/envs/aps/lib/python3.10/site-packages/django/template/base.py", line 154, in __init__
    self.nodelist = self.compile_nodelist()
  File "/opt/anaconda3/envs/aps/lib/python3.10/site-packages/django/template/base.py", line 196, in compile_nodelist
    return parser.parse()
  File "/opt/anaconda3/envs/aps/lib/python3.10/site-packages/django/template/base.py", line 510, in parse
    raise self.error(token, e)
  File "/opt/anaconda3/envs/aps/lib/python3.10/site-packages/django/template/base.py", line 508, in parse
    compiled_result = compile_func(self, token)
  File "/opt/anaconda3/envs/aps/lib/python3.10/site-packages/django/template/loader_tags.py", line 295, in do_extends
    nodelist = parser.parse()
  File "/opt/anaconda3/envs/aps/lib/python3.10/site-packages/django/template/base.py", line 510, in parse
    raise self.error(token, e)
  File "/opt/anaconda3/envs/aps/lib/python3.10/site-packages/django/template/base.py", line 508, in parse
    compiled_result = compile_func(self, token)
  File "/opt/anaconda3/envs/aps/lib/python3.10/site-packages/django/template/loader_tags.py", line 234, in do_block
    nodelist = parser.parse(("endblock",))
  File "/opt/anaconda3/envs/aps/lib/python3.10/site-packages/django/template/base.py", line 504, in parse
    self.invalid_block_tag(token, command, parse_until)
  File "/opt/anaconda3/envs/aps/lib/python3.10/site-packages/django/template/base.py", line 555, in invalid_block_tag
    raise self.error(
django.template.exceptions.TemplateSyntaxError: Invalid block tag on line 122: 'endfor', expected 'endblock'. Did you forget to register or load this tag?
[2025-09-16 14:31:49] ERROR - django.request - log_response:241 - Internal Server Error: /notes/global-updates/
Traceback (most recent call last):
  File "/opt/anaconda3/envs/aps/lib/python3.10/site-packages/django/template/base.py", line 502, in parse
    compile_func = self.tags[command]
KeyError: 'endif'

During handling of the above exception, another exception occurred:

Traceback (most recent call last):
  File "/opt/anaconda3/envs/aps/lib/python3.10/site-packages/django/core/handlers/exception.py", line 55, in inner
    response = get_response(request)
  File "/opt/anaconda3/envs/aps/lib/python3.10/site-packages/django/core/handlers/base.py", line 197, in _get_response
    response = wrapped_callback(request, *callback_args, **callback_kwargs)
  File "/opt/anaconda3/envs/aps/lib/python3.10/site-packages/django/contrib/auth/decorators.py", line 23, in _wrapper_view
    return view_func(request, *args, **kwargs)
  File "/Users/harshalsmac/WORK/ardur/ardurHome/trueAlign/notes/views.py", line 115, in global_update_list
    return render(request, 'notes/global_update_list.html', context)
  File "/opt/anaconda3/envs/aps/lib/python3.10/site-packages/django/shortcuts.py", line 25, in render
    content = loader.render_to_string(template_name, context, request, using=using)
  File "/opt/anaconda3/envs/aps/lib/python3.10/site-packages/django/template/loader.py", line 61, in render_to_string
    template = get_template(template_name, using=using)
  File "/opt/anaconda3/envs/aps/lib/python3.10/site-packages/django/template/loader.py", line 15, in get_template
    return engine.get_template(template_name)
  File "/opt/anaconda3/envs/aps/lib/python3.10/site-packages/django/template/backends/django.py", line 33, in get_template
    return Template(self.engine.get_template(template_name), self)
  File "/opt/anaconda3/envs/aps/lib/python3.10/site-packages/django/template/engine.py", line 177, in get_template
    template, origin = self.find_template(template_name)
  File "/opt/anaconda3/envs/aps/lib/python3.10/site-packages/django/template/engine.py", line 159, in find_template
    template = loader.get_template(name, skip=skip)
  File "/opt/anaconda3/envs/aps/lib/python3.10/site-packages/django/template/loaders/cached.py", line 57, in get_template
    template = super().get_template(template_name, skip)
  File "/opt/anaconda3/envs/aps/lib/python3.10/site-packages/django/template/loaders/base.py", line 28, in get_template
    return Template(
  File "/opt/anaconda3/envs/aps/lib/python3.10/site-packages/django/template/base.py", line 154, in __init__
    self.nodelist = self.compile_nodelist()
  File "/opt/anaconda3/envs/aps/lib/python3.10/site-packages/django/template/base.py", line 196, in compile_nodelist
    return parser.parse()
  File "/opt/anaconda3/envs/aps/lib/python3.10/site-packages/django/template/base.py", line 510, in parse
    raise self.error(token, e)
  File "/opt/anaconda3/envs/aps/lib/python3.10/site-packages/django/template/base.py", line 508, in parse
    compiled_result = compile_func(self, token)
  File "/opt/anaconda3/envs/aps/lib/python3.10/site-packages/django/template/loader_tags.py", line 295, in do_extends
    nodelist = parser.parse()
  File "/opt/anaconda3/envs/aps/lib/python3.10/site-packages/django/template/base.py", line 510, in parse
    raise self.error(token, e)
  File "/opt/anaconda3/envs/aps/lib/python3.10/site-packages/django/template/base.py", line 508, in parse
    compiled_result = compile_func(self, token)
  File "/opt/anaconda3/envs/aps/lib/python3.10/site-packages/django/template/loader_tags.py", line 234, in do_block
    nodelist = parser.parse(("endblock",))
  File "/opt/anaconda3/envs/aps/lib/python3.10/site-packages/django/template/base.py", line 510, in parse
    raise self.error(token, e)
  File "/opt/anaconda3/envs/aps/lib/python3.10/site-packages/django/template/base.py", line 508, in parse
    compiled_result = compile_func(self, token)
  File "/opt/anaconda3/envs/aps/lib/python3.10/site-packages/django/template/loader_tags.py", line 234, in do_block
    nodelist = parser.parse(("endblock",))
  File "/opt/anaconda3/envs/aps/lib/python3.10/site-packages/django/template/base.py", line 510, in parse
    raise self.error(token, e)
  File "/opt/anaconda3/envs/aps/lib/python3.10/site-packages/django/template/base.py", line 508, in parse
    compiled_result = compile_func(self, token)
  File "/opt/anaconda3/envs/aps/lib/python3.10/site-packages/django/template/defaulttags.py", line 861, in do_for
    nodelist_loop = parser.parse(
  File "/opt/anaconda3/envs/aps/lib/python3.10/site-packages/django/template/base.py", line 504, in parse
    self.invalid_block_tag(token, command, parse_until)
  File "/opt/anaconda3/envs/aps/lib/python3.10/site-packages/django/template/base.py", line 555, in invalid_block_tag
    raise self.error(
django.template.exceptions.TemplateSyntaxError: Invalid block tag on line 45: 'endif', expected 'empty' or 'endfor'. Did you forget to register or load this tag?
[2025-09-16 14:34:12] ERROR - django.request - log_response:241 - Internal Server Error: /notes/global-updates/
Traceback (most recent call last):
  File "/opt/anaconda3/envs/aps/lib/python3.10/site-packages/django/template/base.py", line 502, in parse
    compile_func = self.tags[command]
KeyError: 'else'

During handling of the above exception, another exception occurred:

Traceback (most recent call last):
  File "/opt/anaconda3/envs/aps/lib/python3.10/site-packages/django/core/handlers/exception.py", line 55, in inner
    response = get_response(request)
  File "/opt/anaconda3/envs/aps/lib/python3.10/site-packages/django/core/handlers/base.py", line 197, in _get_response
    response = wrapped_callback(request, *callback_args, **callback_kwargs)
  File "/opt/anaconda3/envs/aps/lib/python3.10/site-packages/django/contrib/auth/decorators.py", line 23, in _wrapper_view
    return view_func(request, *args, **kwargs)
  File "/Users/harshalsmac/WORK/ardur/ardurHome/trueAlign/notes/views.py", line 115, in global_update_list
    return render(request, 'notes/global_update_list.html', context)
  File "/opt/anaconda3/envs/aps/lib/python3.10/site-packages/django/shortcuts.py", line 25, in render
    content = loader.render_to_string(template_name, context, request, using=using)
  File "/opt/anaconda3/envs/aps/lib/python3.10/site-packages/django/template/loader.py", line 61, in render_to_string
    template = get_template(template_name, using=using)
  File "/opt/anaconda3/envs/aps/lib/python3.10/site-packages/django/template/loader.py", line 15, in get_template
    return engine.get_template(template_name)
  File "/opt/anaconda3/envs/aps/lib/python3.10/site-packages/django/template/backends/django.py", line 33, in get_template
    return Template(self.engine.get_template(template_name), self)
  File "/opt/anaconda3/envs/aps/lib/python3.10/site-packages/django/template/engine.py", line 177, in get_template
    template, origin = self.find_template(template_name)
  File "/opt/anaconda3/envs/aps/lib/python3.10/site-packages/django/template/engine.py", line 159, in find_template
    template = loader.get_template(name, skip=skip)
  File "/opt/anaconda3/envs/aps/lib/python3.10/site-packages/django/template/loaders/cached.py", line 57, in get_template
    template = super().get_template(template_name, skip)
  File "/opt/anaconda3/envs/aps/lib/python3.10/site-packages/django/template/loaders/base.py", line 28, in get_template
    return Template(
  File "/opt/anaconda3/envs/aps/lib/python3.10/site-packages/django/template/base.py", line 154, in __init__
    self.nodelist = self.compile_nodelist()
  File "/opt/anaconda3/envs/aps/lib/python3.10/site-packages/django/template/base.py", line 196, in compile_nodelist
    return parser.parse()
  File "/opt/anaconda3/envs/aps/lib/python3.10/site-packages/django/template/base.py", line 510, in parse
    raise self.error(token, e)
  File "/opt/anaconda3/envs/aps/lib/python3.10/site-packages/django/template/base.py", line 508, in parse
    compiled_result = compile_func(self, token)
  File "/opt/anaconda3/envs/aps/lib/python3.10/site-packages/django/template/loader_tags.py", line 295, in do_extends
    nodelist = parser.parse()
  File "/opt/anaconda3/envs/aps/lib/python3.10/site-packages/django/template/base.py", line 510, in parse
    raise self.error(token, e)
  File "/opt/anaconda3/envs/aps/lib/python3.10/site-packages/django/template/base.py", line 508, in parse
    compiled_result = compile_func(self, token)
  File "/opt/anaconda3/envs/aps/lib/python3.10/site-packages/django/template/loader_tags.py", line 234, in do_block
    nodelist = parser.parse(("endblock",))
  File "/opt/anaconda3/envs/aps/lib/python3.10/site-packages/django/template/base.py", line 510, in parse
    raise self.error(token, e)
  File "/opt/anaconda3/envs/aps/lib/python3.10/site-packages/django/template/base.py", line 508, in parse
    compiled_result = compile_func(self, token)
  File "/opt/anaconda3/envs/aps/lib/python3.10/site-packages/django/template/loader_tags.py", line 234, in do_block
    nodelist = parser.parse(("endblock",))
  File "/opt/anaconda3/envs/aps/lib/python3.10/site-packages/django/template/base.py", line 510, in parse
    raise self.error(token, e)
  File "/opt/anaconda3/envs/aps/lib/python3.10/site-packages/django/template/base.py", line 508, in parse
    compiled_result = compile_func(self, token)
  File "/opt/anaconda3/envs/aps/lib/python3.10/site-packages/django/template/defaulttags.py", line 961, in do_if
    nodelist = parser.parse(("elif", "else", "endif"))
  File "/opt/anaconda3/envs/aps/lib/python3.10/site-packages/django/template/base.py", line 510, in parse
    raise self.error(token, e)
  File "/opt/anaconda3/envs/aps/lib/python3.10/site-packages/django/template/base.py", line 508, in parse
    compiled_result = compile_func(self, token)
  File "/opt/anaconda3/envs/aps/lib/python3.10/site-packages/django/template/defaulttags.py", line 861, in do_for
    nodelist_loop = parser.parse(
  File "/opt/anaconda3/envs/aps/lib/python3.10/site-packages/django/template/base.py", line 504, in parse
    self.invalid_block_tag(token, command, parse_until)
  File "/opt/anaconda3/envs/aps/lib/python3.10/site-packages/django/template/base.py", line 555, in invalid_block_tag
    raise self.error(
django.template.exceptions.TemplateSyntaxError: Invalid block tag on line 261: 'else', expected 'empty' or 'endfor'. Did you forget to register or load this tag?
[2025-09-16 14:34:14] ERROR - django.request - log_response:241 - Internal Server Error: /notes/global-updates/
Traceback (most recent call last):
  File "/opt/anaconda3/envs/aps/lib/python3.10/site-packages/django/template/base.py", line 502, in parse
    compile_func = self.tags[command]
KeyError: 'else'

During handling of the above exception, another exception occurred:

Traceback (most recent call last):
  File "/opt/anaconda3/envs/aps/lib/python3.10/site-packages/django/core/handlers/exception.py", line 55, in inner
    response = get_response(request)
  File "/opt/anaconda3/envs/aps/lib/python3.10/site-packages/django/core/handlers/base.py", line 197, in _get_response
    response = wrapped_callback(request, *callback_args, **callback_kwargs)
  File "/opt/anaconda3/envs/aps/lib/python3.10/site-packages/django/contrib/auth/decorators.py", line 23, in _wrapper_view
    return view_func(request, *args, **kwargs)
  File "/Users/harshalsmac/WORK/ardur/ardurHome/trueAlign/notes/views.py", line 115, in global_update_list
    return render(request, 'notes/global_update_list.html', context)
  File "/opt/anaconda3/envs/aps/lib/python3.10/site-packages/django/shortcuts.py", line 25, in render
    content = loader.render_to_string(template_name, context, request, using=using)
  File "/opt/anaconda3/envs/aps/lib/python3.10/site-packages/django/template/loader.py", line 61, in render_to_string
    template = get_template(template_name, using=using)
  File "/opt/anaconda3/envs/aps/lib/python3.10/site-packages/django/template/loader.py", line 15, in get_template
    return engine.get_template(template_name)
  File "/opt/anaconda3/envs/aps/lib/python3.10/site-packages/django/template/backends/django.py", line 33, in get_template
    return Template(self.engine.get_template(template_name), self)
  File "/opt/anaconda3/envs/aps/lib/python3.10/site-packages/django/template/engine.py", line 177, in get_template
    template, origin = self.find_template(template_name)
  File "/opt/anaconda3/envs/aps/lib/python3.10/site-packages/django/template/engine.py", line 159, in find_template
    template = loader.get_template(name, skip=skip)
  File "/opt/anaconda3/envs/aps/lib/python3.10/site-packages/django/template/loaders/cached.py", line 57, in get_template
    template = super().get_template(template_name, skip)
  File "/opt/anaconda3/envs/aps/lib/python3.10/site-packages/django/template/loaders/base.py", line 28, in get_template
    return Template(
  File "/opt/anaconda3/envs/aps/lib/python3.10/site-packages/django/template/base.py", line 154, in __init__
    self.nodelist = self.compile_nodelist()
  File "/opt/anaconda3/envs/aps/lib/python3.10/site-packages/django/template/base.py", line 196, in compile_nodelist
    return parser.parse()
  File "/opt/anaconda3/envs/aps/lib/python3.10/site-packages/django/template/base.py", line 510, in parse
    raise self.error(token, e)
  File "/opt/anaconda3/envs/aps/lib/python3.10/site-packages/django/template/base.py", line 508, in parse
    compiled_result = compile_func(self, token)
  File "/opt/anaconda3/envs/aps/lib/python3.10/site-packages/django/template/loader_tags.py", line 295, in do_extends
    nodelist = parser.parse()
  File "/opt/anaconda3/envs/aps/lib/python3.10/site-packages/django/template/base.py", line 510, in parse
    raise self.error(token, e)
  File "/opt/anaconda3/envs/aps/lib/python3.10/site-packages/django/template/base.py", line 508, in parse
    compiled_result = compile_func(self, token)
  File "/opt/anaconda3/envs/aps/lib/python3.10/site-packages/django/template/loader_tags.py", line 234, in do_block
    nodelist = parser.parse(("endblock",))
  File "/opt/anaconda3/envs/aps/lib/python3.10/site-packages/django/template/base.py", line 510, in parse
    raise self.error(token, e)
  File "/opt/anaconda3/envs/aps/lib/python3.10/site-packages/django/template/base.py", line 508, in parse
    compiled_result = compile_func(self, token)
  File "/opt/anaconda3/envs/aps/lib/python3.10/site-packages/django/template/loader_tags.py", line 234, in do_block
    nodelist = parser.parse(("endblock",))
  File "/opt/anaconda3/envs/aps/lib/python3.10/site-packages/django/template/base.py", line 510, in parse
    raise self.error(token, e)
  File "/opt/anaconda3/envs/aps/lib/python3.10/site-packages/django/template/base.py", line 508, in parse
    compiled_result = compile_func(self, token)
  File "/opt/anaconda3/envs/aps/lib/python3.10/site-packages/django/template/defaulttags.py", line 961, in do_if
    nodelist = parser.parse(("elif", "else", "endif"))
  File "/opt/anaconda3/envs/aps/lib/python3.10/site-packages/django/template/base.py", line 510, in parse
    raise self.error(token, e)
  File "/opt/anaconda3/envs/aps/lib/python3.10/site-packages/django/template/base.py", line 508, in parse
    compiled_result = compile_func(self, token)
  File "/opt/anaconda3/envs/aps/lib/python3.10/site-packages/django/template/defaulttags.py", line 861, in do_for
    nodelist_loop = parser.parse(
  File "/opt/anaconda3/envs/aps/lib/python3.10/site-packages/django/template/base.py", line 504, in parse
    self.invalid_block_tag(token, command, parse_until)
  File "/opt/anaconda3/envs/aps/lib/python3.10/site-packages/django/template/base.py", line 555, in invalid_block_tag
    raise self.error(
django.template.exceptions.TemplateSyntaxError: Invalid block tag on line 261: 'else', expected 'empty' or 'endfor'. Did you forget to register or load this tag?
[2025-09-16 14:35:40] ERROR - django.request - log_response:241 - Internal Server Error: /notes/global-updates/
Traceback (most recent call last):
  File "/opt/anaconda3/envs/aps/lib/python3.10/site-packages/django/template/base.py", line 502, in parse
    compile_func = self.tags[command]
KeyError: 'elif'

During handling of the above exception, another exception occurred:

Traceback (most recent call last):
  File "/opt/anaconda3/envs/aps/lib/python3.10/site-packages/django/core/handlers/exception.py", line 55, in inner
    response = get_response(request)
  File "/opt/anaconda3/envs/aps/lib/python3.10/site-packages/django/core/handlers/base.py", line 197, in _get_response
    response = wrapped_callback(request, *callback_args, **callback_kwargs)
  File "/opt/anaconda3/envs/aps/lib/python3.10/site-packages/django/contrib/auth/decorators.py", line 23, in _wrapper_view
    return view_func(request, *args, **kwargs)
  File "/Users/harshalsmac/WORK/ardur/ardurHome/trueAlign/notes/views.py", line 115, in global_update_list
    return render(request, 'notes/global_update_list.html', context)
  File "/opt/anaconda3/envs/aps/lib/python3.10/site-packages/django/shortcuts.py", line 25, in render
    content = loader.render_to_string(template_name, context, request, using=using)
  File "/opt/anaconda3/envs/aps/lib/python3.10/site-packages/django/template/loader.py", line 61, in render_to_string
    template = get_template(template_name, using=using)
  File "/opt/anaconda3/envs/aps/lib/python3.10/site-packages/django/template/loader.py", line 15, in get_template
    return engine.get_template(template_name)
  File "/opt/anaconda3/envs/aps/lib/python3.10/site-packages/django/template/backends/django.py", line 33, in get_template
    return Template(self.engine.get_template(template_name), self)
  File "/opt/anaconda3/envs/aps/lib/python3.10/site-packages/django/template/engine.py", line 177, in get_template
    template, origin = self.find_template(template_name)
  File "/opt/anaconda3/envs/aps/lib/python3.10/site-packages/django/template/engine.py", line 159, in find_template
    template = loader.get_template(name, skip=skip)
  File "/opt/anaconda3/envs/aps/lib/python3.10/site-packages/django/template/loaders/cached.py", line 57, in get_template
    template = super().get_template(template_name, skip)
  File "/opt/anaconda3/envs/aps/lib/python3.10/site-packages/django/template/loaders/base.py", line 28, in get_template
    return Template(
  File "/opt/anaconda3/envs/aps/lib/python3.10/site-packages/django/template/base.py", line 154, in __init__
    self.nodelist = self.compile_nodelist()
  File "/opt/anaconda3/envs/aps/lib/python3.10/site-packages/django/template/base.py", line 196, in compile_nodelist
    return parser.parse()
  File "/opt/anaconda3/envs/aps/lib/python3.10/site-packages/django/template/base.py", line 510, in parse
    raise self.error(token, e)
  File "/opt/anaconda3/envs/aps/lib/python3.10/site-packages/django/template/base.py", line 508, in parse
    compiled_result = compile_func(self, token)
  File "/opt/anaconda3/envs/aps/lib/python3.10/site-packages/django/template/loader_tags.py", line 295, in do_extends
    nodelist = parser.parse()
  File "/opt/anaconda3/envs/aps/lib/python3.10/site-packages/django/template/base.py", line 510, in parse
    raise self.error(token, e)
  File "/opt/anaconda3/envs/aps/lib/python3.10/site-packages/django/template/base.py", line 508, in parse
    compiled_result = compile_func(self, token)
  File "/opt/anaconda3/envs/aps/lib/python3.10/site-packages/django/template/loader_tags.py", line 234, in do_block
    nodelist = parser.parse(("endblock",))
  File "/opt/anaconda3/envs/aps/lib/python3.10/site-packages/django/template/base.py", line 510, in parse
    raise self.error(token, e)
  File "/opt/anaconda3/envs/aps/lib/python3.10/site-packages/django/template/base.py", line 508, in parse
    compiled_result = compile_func(self, token)
  File "/opt/anaconda3/envs/aps/lib/python3.10/site-packages/django/template/loader_tags.py", line 234, in do_block
    nodelist = parser.parse(("endblock",))
  File "/opt/anaconda3/envs/aps/lib/python3.10/site-packages/django/template/base.py", line 510, in parse
    raise self.error(token, e)
  File "/opt/anaconda3/envs/aps/lib/python3.10/site-packages/django/template/base.py", line 508, in parse
    compiled_result = compile_func(self, token)
  File "/opt/anaconda3/envs/aps/lib/python3.10/site-packages/django/template/defaulttags.py", line 961, in do_if
    nodelist = parser.parse(("elif", "else", "endif"))
  File "/opt/anaconda3/envs/aps/lib/python3.10/site-packages/django/template/base.py", line 510, in parse
    raise self.error(token, e)
  File "/opt/anaconda3/envs/aps/lib/python3.10/site-packages/django/template/base.py", line 508, in parse
    compiled_result = compile_func(self, token)
  File "/opt/anaconda3/envs/aps/lib/python3.10/site-packages/django/template/defaulttags.py", line 961, in do_if
    nodelist = parser.parse(("elif", "else", "endif"))
  File "/opt/anaconda3/envs/aps/lib/python3.10/site-packages/django/template/base.py", line 510, in parse
    raise self.error(token, e)
  File "/opt/anaconda3/envs/aps/lib/python3.10/site-packages/django/template/base.py", line 508, in parse
    compiled_result = compile_func(self, token)
  File "/opt/anaconda3/envs/aps/lib/python3.10/site-packages/django/template/defaulttags.py", line 861, in do_for
    nodelist_loop = parser.parse(
  File "/opt/anaconda3/envs/aps/lib/python3.10/site-packages/django/template/base.py", line 504, in parse
    self.invalid_block_tag(token, command, parse_until)
  File "/opt/anaconda3/envs/aps/lib/python3.10/site-packages/django/template/base.py", line 555, in invalid_block_tag
    raise self.error(
django.template.exceptions.TemplateSyntaxError: Invalid block tag on line 366: 'elif', expected 'empty' or 'endfor'. Did you forget to register or load this tag?
[2025-09-16 14:35:55] ERROR - django.request - log_response:241 - Internal Server Error: /notes/global-updates/
Traceback (most recent call last):
  File "/opt/anaconda3/envs/aps/lib/python3.10/site-packages/django/core/handlers/exception.py", line 55, in inner
    response = get_response(request)
  File "/opt/anaconda3/envs/aps/lib/python3.10/site-packages/django/core/handlers/base.py", line 197, in _get_response
    response = wrapped_callback(request, *callback_args, **callback_kwargs)
  File "/opt/anaconda3/envs/aps/lib/python3.10/site-packages/django/contrib/auth/decorators.py", line 23, in _wrapper_view
    return view_func(request, *args, **kwargs)
  File "/Users/harshalsmac/WORK/ardur/ardurHome/trueAlign/notes/views.py", line 115, in global_update_list
    return render(request, 'notes/global_update_list.html', context)
  File "/opt/anaconda3/envs/aps/lib/python3.10/site-packages/django/shortcuts.py", line 25, in render
    content = loader.render_to_string(template_name, context, request, using=using)
  File "/opt/anaconda3/envs/aps/lib/python3.10/site-packages/django/template/loader.py", line 61, in render_to_string
    template = get_template(template_name, using=using)
  File "/opt/anaconda3/envs/aps/lib/python3.10/site-packages/django/template/loader.py", line 15, in get_template
    return engine.get_template(template_name)
  File "/opt/anaconda3/envs/aps/lib/python3.10/site-packages/django/template/backends/django.py", line 33, in get_template
    return Template(self.engine.get_template(template_name), self)
  File "/opt/anaconda3/envs/aps/lib/python3.10/site-packages/django/template/engine.py", line 177, in get_template
    template, origin = self.find_template(template_name)
  File "/opt/anaconda3/envs/aps/lib/python3.10/site-packages/django/template/engine.py", line 159, in find_template
    template = loader.get_template(name, skip=skip)
  File "/opt/anaconda3/envs/aps/lib/python3.10/site-packages/django/template/loaders/cached.py", line 57, in get_template
    template = super().get_template(template_name, skip)
  File "/opt/anaconda3/envs/aps/lib/python3.10/site-packages/django/template/loaders/base.py", line 28, in get_template
    return Template(
  File "/opt/anaconda3/envs/aps/lib/python3.10/site-packages/django/template/base.py", line 154, in __init__
    self.nodelist = self.compile_nodelist()
  File "/opt/anaconda3/envs/aps/lib/python3.10/site-packages/django/template/base.py", line 196, in compile_nodelist
    return parser.parse()
  File "/opt/anaconda3/envs/aps/lib/python3.10/site-packages/django/template/base.py", line 510, in parse
    raise self.error(token, e)
  File "/opt/anaconda3/envs/aps/lib/python3.10/site-packages/django/template/base.py", line 508, in parse
    compiled_result = compile_func(self, token)
  File "/opt/anaconda3/envs/aps/lib/python3.10/site-packages/django/template/loader_tags.py", line 295, in do_extends
    nodelist = parser.parse()
  File "/opt/anaconda3/envs/aps/lib/python3.10/site-packages/django/template/base.py", line 510, in parse
    raise self.error(token, e)
  File "/opt/anaconda3/envs/aps/lib/python3.10/site-packages/django/template/base.py", line 508, in parse
    compiled_result = compile_func(self, token)
  File "/opt/anaconda3/envs/aps/lib/python3.10/site-packages/django/template/loader_tags.py", line 234, in do_block
    nodelist = parser.parse(("endblock",))
  File "/opt/anaconda3/envs/aps/lib/python3.10/site-packages/django/template/base.py", line 515, in parse
    self.unclosed_block_tag(parse_until)
  File "/opt/anaconda3/envs/aps/lib/python3.10/site-packages/django/template/base.py", line 578, in unclosed_block_tag
    raise self.error(token, msg)
django.template.exceptions.TemplateSyntaxError: Unclosed tag on line 1: 'block'. Looking for one of: endblock.
[2025-09-16 14:45:37] INFO - django.utils.autoreload - run_with_reloader:668 - Watching for file changes with StatReloader
