[2025-06-29 11:56:21] ERROR - django.request - log_response:241 - Internal Server Error: /api/session/update/
[2025-06-29 12:00:22] ERROR - django.request - log_response:241 - Internal Server Error: /api/session/update/
[2025-06-29 12:03:33] ERROR - django.request - log_response:241 - Internal Server Error: /api/session/update/
[2025-06-29 12:03:45] ERROR - django.request - log_response:241 - Internal Server Error: /api/session/update/
[2025-06-29 12:07:49] ERROR - django.request - log_response:241 - Internal Server Error: /api/session/update/
[2025-06-29 12:08:02] ERROR - django.request - log_response:241 - Internal Server Error: /api/session/update/
[2025-06-29 12:11:21] ERROR - django.request - log_response:241 - Internal Server Error: /api/session/update/
[2025-06-29 12:11:29] ERROR - django.request - log_response:241 - Internal Server Error: /api/session/update/
[2025-06-29 12:14:45] ERROR - django.request - log_response:241 - Internal Server Error: /api/session/update/
[2025-06-29 12:15:30] ERROR - django.request - log_response:241 - Internal Server Error: /api/session/update/
[2025-06-29 12:21:05] ERROR - django.request - log_response:241 - Internal Server Error: /api/session/update/
[2025-06-29 12:21:24] ERROR - django.request - log_response:241 - Internal Server Error: /api/session/update/
[2025-06-29 12:58:44] ERROR - django.request - log_response:241 - Internal Server Error: /shift/shifts/
Traceback (most recent call last):
  File "/opt/anaconda3/envs/aps/lib/python3.10/site-packages/django/template/base.py", line 502, in parse
    compile_func = self.tags[command]
KeyError: 'endfor'

During handling of the above exception, another exception occurred:

Traceback (most recent call last):
  File "/Users/harshalsmac/WORK/ardur/ardurPeopleSoft/trueAlign/shift/views.py", line 301, in shift_list
    return render(request, 'shift/shift_list.html', context)
  File "/opt/anaconda3/envs/aps/lib/python3.10/site-packages/django/shortcuts.py", line 25, in render
    content = loader.render_to_string(template_name, context, request, using=using)
  File "/opt/anaconda3/envs/aps/lib/python3.10/site-packages/django/template/loader.py", line 61, in render_to_string
    template = get_template(template_name, using=using)
  File "/opt/anaconda3/envs/aps/lib/python3.10/site-packages/django/template/loader.py", line 15, in get_template
    return engine.get_template(template_name)
  File "/opt/anaconda3/envs/aps/lib/python3.10/site-packages/django/template/backends/django.py", line 33, in get_template
    return Template(self.engine.get_template(template_name), self)
  File "/opt/anaconda3/envs/aps/lib/python3.10/site-packages/django/template/engine.py", line 177, in get_template
    template, origin = self.find_template(template_name)
  File "/opt/anaconda3/envs/aps/lib/python3.10/site-packages/django/template/engine.py", line 159, in find_template
    template = loader.get_template(name, skip=skip)
  File "/opt/anaconda3/envs/aps/lib/python3.10/site-packages/django/template/loaders/cached.py", line 57, in get_template
    template = super().get_template(template_name, skip)
  File "/opt/anaconda3/envs/aps/lib/python3.10/site-packages/django/template/loaders/base.py", line 28, in get_template
    return Template(
  File "/opt/anaconda3/envs/aps/lib/python3.10/site-packages/django/template/base.py", line 154, in __init__
    self.nodelist = self.compile_nodelist()
  File "/opt/anaconda3/envs/aps/lib/python3.10/site-packages/django/template/base.py", line 196, in compile_nodelist
    return parser.parse()
  File "/opt/anaconda3/envs/aps/lib/python3.10/site-packages/django/template/base.py", line 510, in parse
    raise self.error(token, e)
  File "/opt/anaconda3/envs/aps/lib/python3.10/site-packages/django/template/base.py", line 508, in parse
    compiled_result = compile_func(self, token)
  File "/opt/anaconda3/envs/aps/lib/python3.10/site-packages/django/template/loader_tags.py", line 295, in do_extends
    nodelist = parser.parse()
  File "/opt/anaconda3/envs/aps/lib/python3.10/site-packages/django/template/base.py", line 510, in parse
    raise self.error(token, e)
  File "/opt/anaconda3/envs/aps/lib/python3.10/site-packages/django/template/base.py", line 508, in parse
    compiled_result = compile_func(self, token)
  File "/opt/anaconda3/envs/aps/lib/python3.10/site-packages/django/template/loader_tags.py", line 234, in do_block
    nodelist = parser.parse(("endblock",))
  File "/opt/anaconda3/envs/aps/lib/python3.10/site-packages/django/template/base.py", line 510, in parse
    raise self.error(token, e)
  File "/opt/anaconda3/envs/aps/lib/python3.10/site-packages/django/template/base.py", line 508, in parse
    compiled_result = compile_func(self, token)
  File "/opt/anaconda3/envs/aps/lib/python3.10/site-packages/django/template/loader_tags.py", line 234, in do_block
    nodelist = parser.parse(("endblock",))
  File "/opt/anaconda3/envs/aps/lib/python3.10/site-packages/django/template/base.py", line 510, in parse
    raise self.error(token, e)
  File "/opt/anaconda3/envs/aps/lib/python3.10/site-packages/django/template/base.py", line 508, in parse
    compiled_result = compile_func(self, token)
  File "/opt/anaconda3/envs/aps/lib/python3.10/site-packages/django/template/defaulttags.py", line 961, in do_if
    nodelist = parser.parse(("elif", "else", "endif"))
  File "/opt/anaconda3/envs/aps/lib/python3.10/site-packages/django/template/base.py", line 504, in parse
    self.invalid_block_tag(token, command, parse_until)
  File "/opt/anaconda3/envs/aps/lib/python3.10/site-packages/django/template/base.py", line 555, in invalid_block_tag
    raise self.error(
django.template.exceptions.TemplateSyntaxError: Invalid block tag on line 669: 'endfor', expected 'elif', 'else' or 'endif'. Did you forget to register or load this tag?

During handling of the above exception, another exception occurred:

Traceback (most recent call last):
  File "/opt/anaconda3/envs/aps/lib/python3.10/site-packages/django/template/base.py", line 502, in parse
    compile_func = self.tags[command]
KeyError: 'endfor'

During handling of the above exception, another exception occurred:

Traceback (most recent call last):
  File "/opt/anaconda3/envs/aps/lib/python3.10/site-packages/django/core/handlers/exception.py", line 55, in inner
    response = get_response(request)
  File "/opt/anaconda3/envs/aps/lib/python3.10/site-packages/django/core/handlers/base.py", line 197, in _get_response
    response = wrapped_callback(request, *callback_args, **callback_kwargs)
  File "/opt/anaconda3/envs/aps/lib/python3.10/site-packages/django/contrib/auth/decorators.py", line 23, in _wrapper_view
    return view_func(request, *args, **kwargs)
  File "/Users/harshalsmac/WORK/ardur/ardurPeopleSoft/trueAlign/shift/decorators.py", line 53, in wrapper_func
    return view_func(request, *args, **kwargs)
  File "/Users/harshalsmac/WORK/ardur/ardurPeopleSoft/trueAlign/shift/views.py", line 79, in wrapper
    result = func(request, *args, **kwargs)
  File "/Users/harshalsmac/WORK/ardur/ardurPeopleSoft/trueAlign/shift/views.py", line 306, in shift_list
    return render(request, 'shift/shift_list.html', {'error': True})
  File "/opt/anaconda3/envs/aps/lib/python3.10/site-packages/django/shortcuts.py", line 25, in render
    content = loader.render_to_string(template_name, context, request, using=using)
  File "/opt/anaconda3/envs/aps/lib/python3.10/site-packages/django/template/loader.py", line 61, in render_to_string
    template = get_template(template_name, using=using)
  File "/opt/anaconda3/envs/aps/lib/python3.10/site-packages/django/template/loader.py", line 15, in get_template
    return engine.get_template(template_name)
  File "/opt/anaconda3/envs/aps/lib/python3.10/site-packages/django/template/backends/django.py", line 33, in get_template
    return Template(self.engine.get_template(template_name), self)
  File "/opt/anaconda3/envs/aps/lib/python3.10/site-packages/django/template/engine.py", line 177, in get_template
    template, origin = self.find_template(template_name)
  File "/opt/anaconda3/envs/aps/lib/python3.10/site-packages/django/template/engine.py", line 159, in find_template
    template = loader.get_template(name, skip=skip)
  File "/opt/anaconda3/envs/aps/lib/python3.10/site-packages/django/template/loaders/cached.py", line 57, in get_template
    template = super().get_template(template_name, skip)
  File "/opt/anaconda3/envs/aps/lib/python3.10/site-packages/django/template/loaders/base.py", line 28, in get_template
    return Template(
  File "/opt/anaconda3/envs/aps/lib/python3.10/site-packages/django/template/base.py", line 154, in __init__
    self.nodelist = self.compile_nodelist()
  File "/opt/anaconda3/envs/aps/lib/python3.10/site-packages/django/template/base.py", line 196, in compile_nodelist
    return parser.parse()
  File "/opt/anaconda3/envs/aps/lib/python3.10/site-packages/django/template/base.py", line 510, in parse
    raise self.error(token, e)
  File "/opt/anaconda3/envs/aps/lib/python3.10/site-packages/django/template/base.py", line 508, in parse
    compiled_result = compile_func(self, token)
  File "/opt/anaconda3/envs/aps/lib/python3.10/site-packages/django/template/loader_tags.py", line 295, in do_extends
    nodelist = parser.parse()
  File "/opt/anaconda3/envs/aps/lib/python3.10/site-packages/django/template/base.py", line 510, in parse
    raise self.error(token, e)
  File "/opt/anaconda3/envs/aps/lib/python3.10/site-packages/django/template/base.py", line 508, in parse
    compiled_result = compile_func(self, token)
  File "/opt/anaconda3/envs/aps/lib/python3.10/site-packages/django/template/loader_tags.py", line 234, in do_block
    nodelist = parser.parse(("endblock",))
  File "/opt/anaconda3/envs/aps/lib/python3.10/site-packages/django/template/base.py", line 510, in parse
    raise self.error(token, e)
  File "/opt/anaconda3/envs/aps/lib/python3.10/site-packages/django/template/base.py", line 508, in parse
    compiled_result = compile_func(self, token)
  File "/opt/anaconda3/envs/aps/lib/python3.10/site-packages/django/template/loader_tags.py", line 234, in do_block
    nodelist = parser.parse(("endblock",))
  File "/opt/anaconda3/envs/aps/lib/python3.10/site-packages/django/template/base.py", line 510, in parse
    raise self.error(token, e)
  File "/opt/anaconda3/envs/aps/lib/python3.10/site-packages/django/template/base.py", line 508, in parse
    compiled_result = compile_func(self, token)
  File "/opt/anaconda3/envs/aps/lib/python3.10/site-packages/django/template/defaulttags.py", line 961, in do_if
    nodelist = parser.parse(("elif", "else", "endif"))
  File "/opt/anaconda3/envs/aps/lib/python3.10/site-packages/django/template/base.py", line 504, in parse
    self.invalid_block_tag(token, command, parse_until)
  File "/opt/anaconda3/envs/aps/lib/python3.10/site-packages/django/template/base.py", line 555, in invalid_block_tag
    raise self.error(
django.template.exceptions.TemplateSyntaxError: Invalid block tag on line 669: 'endfor', expected 'elif', 'else' or 'endif'. Did you forget to register or load this tag?
[2025-06-29 12:59:04] ERROR - django.request - log_response:241 - Internal Server Error: /shift/shifts/
Traceback (most recent call last):
  File "/opt/anaconda3/envs/aps/lib/python3.10/site-packages/django/template/smartif.py", line 180, in translate_token
    op = OPERATORS[token]
KeyError: 'filter_form.is_active.value=""="true"'

During handling of the above exception, another exception occurred:

Traceback (most recent call last):
  File "/Users/harshalsmac/WORK/ardur/ardurPeopleSoft/trueAlign/shift/views.py", line 301, in shift_list
    return render(request, 'shift/shift_list.html', context)
  File "/opt/anaconda3/envs/aps/lib/python3.10/site-packages/django/shortcuts.py", line 25, in render
    content = loader.render_to_string(template_name, context, request, using=using)
  File "/opt/anaconda3/envs/aps/lib/python3.10/site-packages/django/template/loader.py", line 61, in render_to_string
    template = get_template(template_name, using=using)
  File "/opt/anaconda3/envs/aps/lib/python3.10/site-packages/django/template/loader.py", line 15, in get_template
    return engine.get_template(template_name)
  File "/opt/anaconda3/envs/aps/lib/python3.10/site-packages/django/template/backends/django.py", line 33, in get_template
    return Template(self.engine.get_template(template_name), self)
  File "/opt/anaconda3/envs/aps/lib/python3.10/site-packages/django/template/engine.py", line 177, in get_template
    template, origin = self.find_template(template_name)
  File "/opt/anaconda3/envs/aps/lib/python3.10/site-packages/django/template/engine.py", line 159, in find_template
    template = loader.get_template(name, skip=skip)
  File "/opt/anaconda3/envs/aps/lib/python3.10/site-packages/django/template/loaders/cached.py", line 57, in get_template
    template = super().get_template(template_name, skip)
  File "/opt/anaconda3/envs/aps/lib/python3.10/site-packages/django/template/loaders/base.py", line 28, in get_template
    return Template(
  File "/opt/anaconda3/envs/aps/lib/python3.10/site-packages/django/template/base.py", line 154, in __init__
    self.nodelist = self.compile_nodelist()
  File "/opt/anaconda3/envs/aps/lib/python3.10/site-packages/django/template/base.py", line 196, in compile_nodelist
    return parser.parse()
  File "/opt/anaconda3/envs/aps/lib/python3.10/site-packages/django/template/base.py", line 510, in parse
    raise self.error(token, e)
  File "/opt/anaconda3/envs/aps/lib/python3.10/site-packages/django/template/base.py", line 508, in parse
    compiled_result = compile_func(self, token)
  File "/opt/anaconda3/envs/aps/lib/python3.10/site-packages/django/template/loader_tags.py", line 295, in do_extends
    nodelist = parser.parse()
  File "/opt/anaconda3/envs/aps/lib/python3.10/site-packages/django/template/base.py", line 510, in parse
    raise self.error(token, e)
  File "/opt/anaconda3/envs/aps/lib/python3.10/site-packages/django/template/base.py", line 508, in parse
    compiled_result = compile_func(self, token)
  File "/opt/anaconda3/envs/aps/lib/python3.10/site-packages/django/template/loader_tags.py", line 234, in do_block
    nodelist = parser.parse(("endblock",))
  File "/opt/anaconda3/envs/aps/lib/python3.10/site-packages/django/template/base.py", line 510, in parse
    raise self.error(token, e)
  File "/opt/anaconda3/envs/aps/lib/python3.10/site-packages/django/template/base.py", line 508, in parse
    compiled_result = compile_func(self, token)
  File "/opt/anaconda3/envs/aps/lib/python3.10/site-packages/django/template/loader_tags.py", line 234, in do_block
    nodelist = parser.parse(("endblock",))
  File "/opt/anaconda3/envs/aps/lib/python3.10/site-packages/django/template/base.py", line 510, in parse
    raise self.error(token, e)
  File "/opt/anaconda3/envs/aps/lib/python3.10/site-packages/django/template/base.py", line 508, in parse
    compiled_result = compile_func(self, token)
  File "/opt/anaconda3/envs/aps/lib/python3.10/site-packages/django/template/defaulttags.py", line 960, in do_if
    condition = TemplateIfParser(parser, bits).parse()
  File "/opt/anaconda3/envs/aps/lib/python3.10/site-packages/django/template/defaulttags.py", line 893, in __init__
    super().__init__(*args, **kwargs)
  File "/opt/anaconda3/envs/aps/lib/python3.10/site-packages/django/template/smartif.py", line 171, in __init__
    mapped_tokens.append(self.translate_token(token))
  File "/opt/anaconda3/envs/aps/lib/python3.10/site-packages/django/template/smartif.py", line 182, in translate_token
    return self.create_var(token)
  File "/opt/anaconda3/envs/aps/lib/python3.10/site-packages/django/template/defaulttags.py", line 896, in create_var
    return TemplateLiteral(self.template_parser.compile_filter(value), value)
  File "/opt/anaconda3/envs/aps/lib/python3.10/site-packages/django/template/base.py", line 597, in compile_filter
    return FilterExpression(token, self)
  File "/opt/anaconda3/envs/aps/lib/python3.10/site-packages/django/template/base.py", line 698, in __init__
    raise TemplateSyntaxError(
django.template.exceptions.TemplateSyntaxError: Could not parse the remainder: '=""="true"' from 'filter_form.is_active.value=""="true"'

During handling of the above exception, another exception occurred:

Traceback (most recent call last):
  File "/opt/anaconda3/envs/aps/lib/python3.10/site-packages/django/template/smartif.py", line 180, in translate_token
    op = OPERATORS[token]
KeyError: 'filter_form.is_active.value=""="true"'

During handling of the above exception, another exception occurred:

Traceback (most recent call last):
  File "/opt/anaconda3/envs/aps/lib/python3.10/site-packages/django/core/handlers/exception.py", line 55, in inner
    response = get_response(request)
  File "/opt/anaconda3/envs/aps/lib/python3.10/site-packages/django/core/handlers/base.py", line 197, in _get_response
    response = wrapped_callback(request, *callback_args, **callback_kwargs)
  File "/opt/anaconda3/envs/aps/lib/python3.10/site-packages/django/contrib/auth/decorators.py", line 23, in _wrapper_view
    return view_func(request, *args, **kwargs)
  File "/Users/harshalsmac/WORK/ardur/ardurPeopleSoft/trueAlign/shift/decorators.py", line 53, in wrapper_func
    return view_func(request, *args, **kwargs)
  File "/Users/harshalsmac/WORK/ardur/ardurPeopleSoft/trueAlign/shift/views.py", line 79, in wrapper
    result = func(request, *args, **kwargs)
  File "/Users/harshalsmac/WORK/ardur/ardurPeopleSoft/trueAlign/shift/views.py", line 306, in shift_list
    return render(request, 'shift/shift_list.html', {'error': True})
  File "/opt/anaconda3/envs/aps/lib/python3.10/site-packages/django/shortcuts.py", line 25, in render
    content = loader.render_to_string(template_name, context, request, using=using)
  File "/opt/anaconda3/envs/aps/lib/python3.10/site-packages/django/template/loader.py", line 61, in render_to_string
    template = get_template(template_name, using=using)
  File "/opt/anaconda3/envs/aps/lib/python3.10/site-packages/django/template/loader.py", line 15, in get_template
    return engine.get_template(template_name)
  File "/opt/anaconda3/envs/aps/lib/python3.10/site-packages/django/template/backends/django.py", line 33, in get_template
    return Template(self.engine.get_template(template_name), self)
  File "/opt/anaconda3/envs/aps/lib/python3.10/site-packages/django/template/engine.py", line 177, in get_template
    template, origin = self.find_template(template_name)
  File "/opt/anaconda3/envs/aps/lib/python3.10/site-packages/django/template/engine.py", line 159, in find_template
    template = loader.get_template(name, skip=skip)
  File "/opt/anaconda3/envs/aps/lib/python3.10/site-packages/django/template/loaders/cached.py", line 57, in get_template
    template = super().get_template(template_name, skip)
  File "/opt/anaconda3/envs/aps/lib/python3.10/site-packages/django/template/loaders/base.py", line 28, in get_template
    return Template(
  File "/opt/anaconda3/envs/aps/lib/python3.10/site-packages/django/template/base.py", line 154, in __init__
    self.nodelist = self.compile_nodelist()
  File "/opt/anaconda3/envs/aps/lib/python3.10/site-packages/django/template/base.py", line 196, in compile_nodelist
    return parser.parse()
  File "/opt/anaconda3/envs/aps/lib/python3.10/site-packages/django/template/base.py", line 510, in parse
    raise self.error(token, e)
  File "/opt/anaconda3/envs/aps/lib/python3.10/site-packages/django/template/base.py", line 508, in parse
    compiled_result = compile_func(self, token)
  File "/opt/anaconda3/envs/aps/lib/python3.10/site-packages/django/template/loader_tags.py", line 295, in do_extends
    nodelist = parser.parse()
  File "/opt/anaconda3/envs/aps/lib/python3.10/site-packages/django/template/base.py", line 510, in parse
    raise self.error(token, e)
  File "/opt/anaconda3/envs/aps/lib/python3.10/site-packages/django/template/base.py", line 508, in parse
    compiled_result = compile_func(self, token)
  File "/opt/anaconda3/envs/aps/lib/python3.10/site-packages/django/template/loader_tags.py", line 234, in do_block
    nodelist = parser.parse(("endblock",))
  File "/opt/anaconda3/envs/aps/lib/python3.10/site-packages/django/template/base.py", line 510, in parse
    raise self.error(token, e)
  File "/opt/anaconda3/envs/aps/lib/python3.10/site-packages/django/template/base.py", line 508, in parse
    compiled_result = compile_func(self, token)
  File "/opt/anaconda3/envs/aps/lib/python3.10/site-packages/django/template/loader_tags.py", line 234, in do_block
    nodelist = parser.parse(("endblock",))
  File "/opt/anaconda3/envs/aps/lib/python3.10/site-packages/django/template/base.py", line 510, in parse
    raise self.error(token, e)
  File "/opt/anaconda3/envs/aps/lib/python3.10/site-packages/django/template/base.py", line 508, in parse
    compiled_result = compile_func(self, token)
  File "/opt/anaconda3/envs/aps/lib/python3.10/site-packages/django/template/defaulttags.py", line 960, in do_if
    condition = TemplateIfParser(parser, bits).parse()
  File "/opt/anaconda3/envs/aps/lib/python3.10/site-packages/django/template/defaulttags.py", line 893, in __init__
    super().__init__(*args, **kwargs)
  File "/opt/anaconda3/envs/aps/lib/python3.10/site-packages/django/template/smartif.py", line 171, in __init__
    mapped_tokens.append(self.translate_token(token))
  File "/opt/anaconda3/envs/aps/lib/python3.10/site-packages/django/template/smartif.py", line 182, in translate_token
    return self.create_var(token)
  File "/opt/anaconda3/envs/aps/lib/python3.10/site-packages/django/template/defaulttags.py", line 896, in create_var
    return TemplateLiteral(self.template_parser.compile_filter(value), value)
  File "/opt/anaconda3/envs/aps/lib/python3.10/site-packages/django/template/base.py", line 597, in compile_filter
    return FilterExpression(token, self)
  File "/opt/anaconda3/envs/aps/lib/python3.10/site-packages/django/template/base.py", line 698, in __init__
    raise TemplateSyntaxError(
django.template.exceptions.TemplateSyntaxError: Could not parse the remainder: '=""="true"' from 'filter_form.is_active.value=""="true"'
[2025-06-29 12:59:47] ERROR - django.request - log_response:241 - Internal Server Error: /shift/shifts/
Traceback (most recent call last):
  File "/opt/anaconda3/envs/aps/lib/python3.10/site-packages/django/template/base.py", line 502, in parse
    compile_func = self.tags[command]
KeyError: 'endfor'

During handling of the above exception, another exception occurred:

Traceback (most recent call last):
  File "/Users/harshalsmac/WORK/ardur/ardurPeopleSoft/trueAlign/shift/views.py", line 301, in shift_list
    return render(request, 'shift/shift_list.html', context)
  File "/opt/anaconda3/envs/aps/lib/python3.10/site-packages/django/shortcuts.py", line 25, in render
    content = loader.render_to_string(template_name, context, request, using=using)
  File "/opt/anaconda3/envs/aps/lib/python3.10/site-packages/django/template/loader.py", line 61, in render_to_string
    template = get_template(template_name, using=using)
  File "/opt/anaconda3/envs/aps/lib/python3.10/site-packages/django/template/loader.py", line 15, in get_template
    return engine.get_template(template_name)
  File "/opt/anaconda3/envs/aps/lib/python3.10/site-packages/django/template/backends/django.py", line 33, in get_template
    return Template(self.engine.get_template(template_name), self)
  File "/opt/anaconda3/envs/aps/lib/python3.10/site-packages/django/template/engine.py", line 177, in get_template
    template, origin = self.find_template(template_name)
  File "/opt/anaconda3/envs/aps/lib/python3.10/site-packages/django/template/engine.py", line 159, in find_template
    template = loader.get_template(name, skip=skip)
  File "/opt/anaconda3/envs/aps/lib/python3.10/site-packages/django/template/loaders/cached.py", line 57, in get_template
    template = super().get_template(template_name, skip)
  File "/opt/anaconda3/envs/aps/lib/python3.10/site-packages/django/template/loaders/base.py", line 28, in get_template
    return Template(
  File "/opt/anaconda3/envs/aps/lib/python3.10/site-packages/django/template/base.py", line 154, in __init__
    self.nodelist = self.compile_nodelist()
  File "/opt/anaconda3/envs/aps/lib/python3.10/site-packages/django/template/base.py", line 196, in compile_nodelist
    return parser.parse()
  File "/opt/anaconda3/envs/aps/lib/python3.10/site-packages/django/template/base.py", line 510, in parse
    raise self.error(token, e)
  File "/opt/anaconda3/envs/aps/lib/python3.10/site-packages/django/template/base.py", line 508, in parse
    compiled_result = compile_func(self, token)
  File "/opt/anaconda3/envs/aps/lib/python3.10/site-packages/django/template/loader_tags.py", line 295, in do_extends
    nodelist = parser.parse()
  File "/opt/anaconda3/envs/aps/lib/python3.10/site-packages/django/template/base.py", line 510, in parse
    raise self.error(token, e)
  File "/opt/anaconda3/envs/aps/lib/python3.10/site-packages/django/template/base.py", line 508, in parse
    compiled_result = compile_func(self, token)
  File "/opt/anaconda3/envs/aps/lib/python3.10/site-packages/django/template/loader_tags.py", line 234, in do_block
    nodelist = parser.parse(("endblock",))
  File "/opt/anaconda3/envs/aps/lib/python3.10/site-packages/django/template/base.py", line 510, in parse
    raise self.error(token, e)
  File "/opt/anaconda3/envs/aps/lib/python3.10/site-packages/django/template/base.py", line 508, in parse
    compiled_result = compile_func(self, token)
  File "/opt/anaconda3/envs/aps/lib/python3.10/site-packages/django/template/loader_tags.py", line 234, in do_block
    nodelist = parser.parse(("endblock",))
  File "/opt/anaconda3/envs/aps/lib/python3.10/site-packages/django/template/base.py", line 510, in parse
    raise self.error(token, e)
  File "/opt/anaconda3/envs/aps/lib/python3.10/site-packages/django/template/base.py", line 508, in parse
    compiled_result = compile_func(self, token)
  File "/opt/anaconda3/envs/aps/lib/python3.10/site-packages/django/template/defaulttags.py", line 961, in do_if
    nodelist = parser.parse(("elif", "else", "endif"))
  File "/opt/anaconda3/envs/aps/lib/python3.10/site-packages/django/template/base.py", line 510, in parse
    raise self.error(token, e)
  File "/opt/anaconda3/envs/aps/lib/python3.10/site-packages/django/template/base.py", line 508, in parse
    compiled_result = compile_func(self, token)
  File "/opt/anaconda3/envs/aps/lib/python3.10/site-packages/django/template/defaulttags.py", line 961, in do_if
    nodelist = parser.parse(("elif", "else", "endif"))
  File "/opt/anaconda3/envs/aps/lib/python3.10/site-packages/django/template/base.py", line 510, in parse
    raise self.error(token, e)
  File "/opt/anaconda3/envs/aps/lib/python3.10/site-packages/django/template/base.py", line 508, in parse
    compiled_result = compile_func(self, token)
  File "/opt/anaconda3/envs/aps/lib/python3.10/site-packages/django/template/defaulttags.py", line 961, in do_if
    nodelist = parser.parse(("elif", "else", "endif"))
  File "/opt/anaconda3/envs/aps/lib/python3.10/site-packages/django/template/base.py", line 504, in parse
    self.invalid_block_tag(token, command, parse_until)
  File "/opt/anaconda3/envs/aps/lib/python3.10/site-packages/django/template/base.py", line 555, in invalid_block_tag
    raise self.error(
django.template.exceptions.TemplateSyntaxError: Invalid block tag on line 424: 'endfor', expected 'elif', 'else' or 'endif'. Did you forget to register or load this tag?

During handling of the above exception, another exception occurred:

Traceback (most recent call last):
  File "/opt/anaconda3/envs/aps/lib/python3.10/site-packages/django/template/base.py", line 502, in parse
    compile_func = self.tags[command]
KeyError: 'endfor'

During handling of the above exception, another exception occurred:

Traceback (most recent call last):
  File "/opt/anaconda3/envs/aps/lib/python3.10/site-packages/django/core/handlers/exception.py", line 55, in inner
    response = get_response(request)
  File "/opt/anaconda3/envs/aps/lib/python3.10/site-packages/django/core/handlers/base.py", line 197, in _get_response
    response = wrapped_callback(request, *callback_args, **callback_kwargs)
  File "/opt/anaconda3/envs/aps/lib/python3.10/site-packages/django/contrib/auth/decorators.py", line 23, in _wrapper_view
    return view_func(request, *args, **kwargs)
  File "/Users/harshalsmac/WORK/ardur/ardurPeopleSoft/trueAlign/shift/decorators.py", line 53, in wrapper_func
    return view_func(request, *args, **kwargs)
  File "/Users/harshalsmac/WORK/ardur/ardurPeopleSoft/trueAlign/shift/views.py", line 79, in wrapper
    result = func(request, *args, **kwargs)
  File "/Users/harshalsmac/WORK/ardur/ardurPeopleSoft/trueAlign/shift/views.py", line 306, in shift_list
    return render(request, 'shift/shift_list.html', {'error': True})
  File "/opt/anaconda3/envs/aps/lib/python3.10/site-packages/django/shortcuts.py", line 25, in render
    content = loader.render_to_string(template_name, context, request, using=using)
  File "/opt/anaconda3/envs/aps/lib/python3.10/site-packages/django/template/loader.py", line 61, in render_to_string
    template = get_template(template_name, using=using)
  File "/opt/anaconda3/envs/aps/lib/python3.10/site-packages/django/template/loader.py", line 15, in get_template
    return engine.get_template(template_name)
  File "/opt/anaconda3/envs/aps/lib/python3.10/site-packages/django/template/backends/django.py", line 33, in get_template
    return Template(self.engine.get_template(template_name), self)
  File "/opt/anaconda3/envs/aps/lib/python3.10/site-packages/django/template/engine.py", line 177, in get_template
    template, origin = self.find_template(template_name)
  File "/opt/anaconda3/envs/aps/lib/python3.10/site-packages/django/template/engine.py", line 159, in find_template
    template = loader.get_template(name, skip=skip)
  File "/opt/anaconda3/envs/aps/lib/python3.10/site-packages/django/template/loaders/cached.py", line 57, in get_template
    template = super().get_template(template_name, skip)
  File "/opt/anaconda3/envs/aps/lib/python3.10/site-packages/django/template/loaders/base.py", line 28, in get_template
    return Template(
  File "/opt/anaconda3/envs/aps/lib/python3.10/site-packages/django/template/base.py", line 154, in __init__
    self.nodelist = self.compile_nodelist()
  File "/opt/anaconda3/envs/aps/lib/python3.10/site-packages/django/template/base.py", line 196, in compile_nodelist
    return parser.parse()
  File "/opt/anaconda3/envs/aps/lib/python3.10/site-packages/django/template/base.py", line 510, in parse
    raise self.error(token, e)
  File "/opt/anaconda3/envs/aps/lib/python3.10/site-packages/django/template/base.py", line 508, in parse
    compiled_result = compile_func(self, token)
  File "/opt/anaconda3/envs/aps/lib/python3.10/site-packages/django/template/loader_tags.py", line 295, in do_extends
    nodelist = parser.parse()
  File "/opt/anaconda3/envs/aps/lib/python3.10/site-packages/django/template/base.py", line 510, in parse
    raise self.error(token, e)
  File "/opt/anaconda3/envs/aps/lib/python3.10/site-packages/django/template/base.py", line 508, in parse
    compiled_result = compile_func(self, token)
  File "/opt/anaconda3/envs/aps/lib/python3.10/site-packages/django/template/loader_tags.py", line 234, in do_block
    nodelist = parser.parse(("endblock",))
  File "/opt/anaconda3/envs/aps/lib/python3.10/site-packages/django/template/base.py", line 510, in parse
    raise self.error(token, e)
  File "/opt/anaconda3/envs/aps/lib/python3.10/site-packages/django/template/base.py", line 508, in parse
    compiled_result = compile_func(self, token)
  File "/opt/anaconda3/envs/aps/lib/python3.10/site-packages/django/template/loader_tags.py", line 234, in do_block
    nodelist = parser.parse(("endblock",))
  File "/opt/anaconda3/envs/aps/lib/python3.10/site-packages/django/template/base.py", line 510, in parse
    raise self.error(token, e)
  File "/opt/anaconda3/envs/aps/lib/python3.10/site-packages/django/template/base.py", line 508, in parse
    compiled_result = compile_func(self, token)
  File "/opt/anaconda3/envs/aps/lib/python3.10/site-packages/django/template/defaulttags.py", line 961, in do_if
    nodelist = parser.parse(("elif", "else", "endif"))
  File "/opt/anaconda3/envs/aps/lib/python3.10/site-packages/django/template/base.py", line 510, in parse
    raise self.error(token, e)
  File "/opt/anaconda3/envs/aps/lib/python3.10/site-packages/django/template/base.py", line 508, in parse
    compiled_result = compile_func(self, token)
  File "/opt/anaconda3/envs/aps/lib/python3.10/site-packages/django/template/defaulttags.py", line 961, in do_if
    nodelist = parser.parse(("elif", "else", "endif"))
  File "/opt/anaconda3/envs/aps/lib/python3.10/site-packages/django/template/base.py", line 510, in parse
    raise self.error(token, e)
  File "/opt/anaconda3/envs/aps/lib/python3.10/site-packages/django/template/base.py", line 508, in parse
    compiled_result = compile_func(self, token)
  File "/opt/anaconda3/envs/aps/lib/python3.10/site-packages/django/template/defaulttags.py", line 961, in do_if
    nodelist = parser.parse(("elif", "else", "endif"))
  File "/opt/anaconda3/envs/aps/lib/python3.10/site-packages/django/template/base.py", line 504, in parse
    self.invalid_block_tag(token, command, parse_until)
  File "/opt/anaconda3/envs/aps/lib/python3.10/site-packages/django/template/base.py", line 555, in invalid_block_tag
    raise self.error(
django.template.exceptions.TemplateSyntaxError: Invalid block tag on line 424: 'endfor', expected 'elif', 'else' or 'endif'. Did you forget to register or load this tag?
[2025-06-29 13:00:27] ERROR - django.request - log_response:241 - Internal Server Error: /shift/shifts/
Traceback (most recent call last):
  File "/opt/anaconda3/envs/aps/lib/python3.10/site-packages/django/template/base.py", line 502, in parse
    compile_func = self.tags[command]
KeyError: 'endblock'

During handling of the above exception, another exception occurred:

Traceback (most recent call last):
  File "/Users/harshalsmac/WORK/ardur/ardurPeopleSoft/trueAlign/shift/views.py", line 301, in shift_list
    return render(request, 'shift/shift_list.html', context)
  File "/opt/anaconda3/envs/aps/lib/python3.10/site-packages/django/shortcuts.py", line 25, in render
    content = loader.render_to_string(template_name, context, request, using=using)
  File "/opt/anaconda3/envs/aps/lib/python3.10/site-packages/django/template/loader.py", line 61, in render_to_string
    template = get_template(template_name, using=using)
  File "/opt/anaconda3/envs/aps/lib/python3.10/site-packages/django/template/loader.py", line 15, in get_template
    return engine.get_template(template_name)
  File "/opt/anaconda3/envs/aps/lib/python3.10/site-packages/django/template/backends/django.py", line 33, in get_template
    return Template(self.engine.get_template(template_name), self)
  File "/opt/anaconda3/envs/aps/lib/python3.10/site-packages/django/template/engine.py", line 177, in get_template
    template, origin = self.find_template(template_name)
  File "/opt/anaconda3/envs/aps/lib/python3.10/site-packages/django/template/engine.py", line 159, in find_template
    template = loader.get_template(name, skip=skip)
  File "/opt/anaconda3/envs/aps/lib/python3.10/site-packages/django/template/loaders/cached.py", line 57, in get_template
    template = super().get_template(template_name, skip)
  File "/opt/anaconda3/envs/aps/lib/python3.10/site-packages/django/template/loaders/base.py", line 28, in get_template
    return Template(
  File "/opt/anaconda3/envs/aps/lib/python3.10/site-packages/django/template/base.py", line 154, in __init__
    self.nodelist = self.compile_nodelist()
  File "/opt/anaconda3/envs/aps/lib/python3.10/site-packages/django/template/base.py", line 196, in compile_nodelist
    return parser.parse()
  File "/opt/anaconda3/envs/aps/lib/python3.10/site-packages/django/template/base.py", line 510, in parse
    raise self.error(token, e)
  File "/opt/anaconda3/envs/aps/lib/python3.10/site-packages/django/template/base.py", line 508, in parse
    compiled_result = compile_func(self, token)
  File "/opt/anaconda3/envs/aps/lib/python3.10/site-packages/django/template/loader_tags.py", line 295, in do_extends
    nodelist = parser.parse()
  File "/opt/anaconda3/envs/aps/lib/python3.10/site-packages/django/template/base.py", line 510, in parse
    raise self.error(token, e)
  File "/opt/anaconda3/envs/aps/lib/python3.10/site-packages/django/template/base.py", line 508, in parse
    compiled_result = compile_func(self, token)
  File "/opt/anaconda3/envs/aps/lib/python3.10/site-packages/django/template/loader_tags.py", line 234, in do_block
    nodelist = parser.parse(("endblock",))
  File "/opt/anaconda3/envs/aps/lib/python3.10/site-packages/django/template/base.py", line 510, in parse
    raise self.error(token, e)
  File "/opt/anaconda3/envs/aps/lib/python3.10/site-packages/django/template/base.py", line 508, in parse
    compiled_result = compile_func(self, token)
  File "/opt/anaconda3/envs/aps/lib/python3.10/site-packages/django/template/loader_tags.py", line 234, in do_block
    nodelist = parser.parse(("endblock",))
  File "/opt/anaconda3/envs/aps/lib/python3.10/site-packages/django/template/base.py", line 510, in parse
    raise self.error(token, e)
  File "/opt/anaconda3/envs/aps/lib/python3.10/site-packages/django/template/base.py", line 508, in parse
    compiled_result = compile_func(self, token)
  File "/opt/anaconda3/envs/aps/lib/python3.10/site-packages/django/template/defaulttags.py", line 961, in do_if
    nodelist = parser.parse(("elif", "else", "endif"))
  File "/opt/anaconda3/envs/aps/lib/python3.10/site-packages/django/template/base.py", line 510, in parse
    raise self.error(token, e)
  File "/opt/anaconda3/envs/aps/lib/python3.10/site-packages/django/template/base.py", line 508, in parse
    compiled_result = compile_func(self, token)
  File "/opt/anaconda3/envs/aps/lib/python3.10/site-packages/django/template/defaulttags.py", line 961, in do_if
    nodelist = parser.parse(("elif", "else", "endif"))
  File "/opt/anaconda3/envs/aps/lib/python3.10/site-packages/django/template/base.py", line 504, in parse
    self.invalid_block_tag(token, command, parse_until)
  File "/opt/anaconda3/envs/aps/lib/python3.10/site-packages/django/template/base.py", line 555, in invalid_block_tag
    raise self.error(
django.template.exceptions.TemplateSyntaxError: Invalid block tag on line 470: 'endblock', expected 'elif', 'else' or 'endif'. Did you forget to register or load this tag?

During handling of the above exception, another exception occurred:

Traceback (most recent call last):
  File "/opt/anaconda3/envs/aps/lib/python3.10/site-packages/django/template/base.py", line 502, in parse
    compile_func = self.tags[command]
KeyError: 'endblock'

During handling of the above exception, another exception occurred:

Traceback (most recent call last):
  File "/opt/anaconda3/envs/aps/lib/python3.10/site-packages/django/core/handlers/exception.py", line 55, in inner
    response = get_response(request)
  File "/opt/anaconda3/envs/aps/lib/python3.10/site-packages/django/core/handlers/base.py", line 197, in _get_response
    response = wrapped_callback(request, *callback_args, **callback_kwargs)
  File "/opt/anaconda3/envs/aps/lib/python3.10/site-packages/django/contrib/auth/decorators.py", line 23, in _wrapper_view
    return view_func(request, *args, **kwargs)
  File "/Users/harshalsmac/WORK/ardur/ardurPeopleSoft/trueAlign/shift/decorators.py", line 53, in wrapper_func
    return view_func(request, *args, **kwargs)
  File "/Users/harshalsmac/WORK/ardur/ardurPeopleSoft/trueAlign/shift/views.py", line 79, in wrapper
    result = func(request, *args, **kwargs)
  File "/Users/harshalsmac/WORK/ardur/ardurPeopleSoft/trueAlign/shift/views.py", line 306, in shift_list
    return render(request, 'shift/shift_list.html', {'error': True})
  File "/opt/anaconda3/envs/aps/lib/python3.10/site-packages/django/shortcuts.py", line 25, in render
    content = loader.render_to_string(template_name, context, request, using=using)
  File "/opt/anaconda3/envs/aps/lib/python3.10/site-packages/django/template/loader.py", line 61, in render_to_string
    template = get_template(template_name, using=using)
  File "/opt/anaconda3/envs/aps/lib/python3.10/site-packages/django/template/loader.py", line 15, in get_template
    return engine.get_template(template_name)
  File "/opt/anaconda3/envs/aps/lib/python3.10/site-packages/django/template/backends/django.py", line 33, in get_template
    return Template(self.engine.get_template(template_name), self)
  File "/opt/anaconda3/envs/aps/lib/python3.10/site-packages/django/template/engine.py", line 177, in get_template
    template, origin = self.find_template(template_name)
  File "/opt/anaconda3/envs/aps/lib/python3.10/site-packages/django/template/engine.py", line 159, in find_template
    template = loader.get_template(name, skip=skip)
  File "/opt/anaconda3/envs/aps/lib/python3.10/site-packages/django/template/loaders/cached.py", line 57, in get_template
    template = super().get_template(template_name, skip)
  File "/opt/anaconda3/envs/aps/lib/python3.10/site-packages/django/template/loaders/base.py", line 28, in get_template
    return Template(
  File "/opt/anaconda3/envs/aps/lib/python3.10/site-packages/django/template/base.py", line 154, in __init__
    self.nodelist = self.compile_nodelist()
  File "/opt/anaconda3/envs/aps/lib/python3.10/site-packages/django/template/base.py", line 196, in compile_nodelist
    return parser.parse()
  File "/opt/anaconda3/envs/aps/lib/python3.10/site-packages/django/template/base.py", line 510, in parse
    raise self.error(token, e)
  File "/opt/anaconda3/envs/aps/lib/python3.10/site-packages/django/template/base.py", line 508, in parse
    compiled_result = compile_func(self, token)
  File "/opt/anaconda3/envs/aps/lib/python3.10/site-packages/django/template/loader_tags.py", line 295, in do_extends
    nodelist = parser.parse()
  File "/opt/anaconda3/envs/aps/lib/python3.10/site-packages/django/template/base.py", line 510, in parse
    raise self.error(token, e)
  File "/opt/anaconda3/envs/aps/lib/python3.10/site-packages/django/template/base.py", line 508, in parse
    compiled_result = compile_func(self, token)
  File "/opt/anaconda3/envs/aps/lib/python3.10/site-packages/django/template/loader_tags.py", line 234, in do_block
    nodelist = parser.parse(("endblock",))
  File "/opt/anaconda3/envs/aps/lib/python3.10/site-packages/django/template/base.py", line 510, in parse
    raise self.error(token, e)
  File "/opt/anaconda3/envs/aps/lib/python3.10/site-packages/django/template/base.py", line 508, in parse
    compiled_result = compile_func(self, token)
  File "/opt/anaconda3/envs/aps/lib/python3.10/site-packages/django/template/loader_tags.py", line 234, in do_block
    nodelist = parser.parse(("endblock",))
  File "/opt/anaconda3/envs/aps/lib/python3.10/site-packages/django/template/base.py", line 510, in parse
    raise self.error(token, e)
  File "/opt/anaconda3/envs/aps/lib/python3.10/site-packages/django/template/base.py", line 508, in parse
    compiled_result = compile_func(self, token)
  File "/opt/anaconda3/envs/aps/lib/python3.10/site-packages/django/template/defaulttags.py", line 961, in do_if
    nodelist = parser.parse(("elif", "else", "endif"))
  File "/opt/anaconda3/envs/aps/lib/python3.10/site-packages/django/template/base.py", line 510, in parse
    raise self.error(token, e)
  File "/opt/anaconda3/envs/aps/lib/python3.10/site-packages/django/template/base.py", line 508, in parse
    compiled_result = compile_func(self, token)
  File "/opt/anaconda3/envs/aps/lib/python3.10/site-packages/django/template/defaulttags.py", line 961, in do_if
    nodelist = parser.parse(("elif", "else", "endif"))
  File "/opt/anaconda3/envs/aps/lib/python3.10/site-packages/django/template/base.py", line 504, in parse
    self.invalid_block_tag(token, command, parse_until)
  File "/opt/anaconda3/envs/aps/lib/python3.10/site-packages/django/template/base.py", line 555, in invalid_block_tag
    raise self.error(
django.template.exceptions.TemplateSyntaxError: Invalid block tag on line 470: 'endblock', expected 'elif', 'else' or 'endif'. Did you forget to register or load this tag?
[2025-06-29 13:00:54] ERROR - django.request - log_response:241 - Internal Server Error: /shift/shifts/
Traceback (most recent call last):
  File "/opt/anaconda3/envs/aps/lib/python3.10/site-packages/django/template/base.py", line 502, in parse
    compile_func = self.tags[command]
KeyError: 'endblock'

During handling of the above exception, another exception occurred:

Traceback (most recent call last):
  File "/Users/harshalsmac/WORK/ardur/ardurPeopleSoft/trueAlign/shift/views.py", line 301, in shift_list
    return render(request, 'shift/shift_list.html', context)
  File "/opt/anaconda3/envs/aps/lib/python3.10/site-packages/django/shortcuts.py", line 25, in render
    content = loader.render_to_string(template_name, context, request, using=using)
  File "/opt/anaconda3/envs/aps/lib/python3.10/site-packages/django/template/loader.py", line 61, in render_to_string
    template = get_template(template_name, using=using)
  File "/opt/anaconda3/envs/aps/lib/python3.10/site-packages/django/template/loader.py", line 15, in get_template
    return engine.get_template(template_name)
  File "/opt/anaconda3/envs/aps/lib/python3.10/site-packages/django/template/backends/django.py", line 33, in get_template
    return Template(self.engine.get_template(template_name), self)
  File "/opt/anaconda3/envs/aps/lib/python3.10/site-packages/django/template/engine.py", line 177, in get_template
    template, origin = self.find_template(template_name)
  File "/opt/anaconda3/envs/aps/lib/python3.10/site-packages/django/template/engine.py", line 159, in find_template
    template = loader.get_template(name, skip=skip)
  File "/opt/anaconda3/envs/aps/lib/python3.10/site-packages/django/template/loaders/cached.py", line 57, in get_template
    template = super().get_template(template_name, skip)
  File "/opt/anaconda3/envs/aps/lib/python3.10/site-packages/django/template/loaders/base.py", line 28, in get_template
    return Template(
  File "/opt/anaconda3/envs/aps/lib/python3.10/site-packages/django/template/base.py", line 154, in __init__
    self.nodelist = self.compile_nodelist()
  File "/opt/anaconda3/envs/aps/lib/python3.10/site-packages/django/template/base.py", line 196, in compile_nodelist
    return parser.parse()
  File "/opt/anaconda3/envs/aps/lib/python3.10/site-packages/django/template/base.py", line 510, in parse
    raise self.error(token, e)
  File "/opt/anaconda3/envs/aps/lib/python3.10/site-packages/django/template/base.py", line 508, in parse
    compiled_result = compile_func(self, token)
  File "/opt/anaconda3/envs/aps/lib/python3.10/site-packages/django/template/loader_tags.py", line 295, in do_extends
    nodelist = parser.parse()
  File "/opt/anaconda3/envs/aps/lib/python3.10/site-packages/django/template/base.py", line 510, in parse
    raise self.error(token, e)
  File "/opt/anaconda3/envs/aps/lib/python3.10/site-packages/django/template/base.py", line 508, in parse
    compiled_result = compile_func(self, token)
  File "/opt/anaconda3/envs/aps/lib/python3.10/site-packages/django/template/loader_tags.py", line 234, in do_block
    nodelist = parser.parse(("endblock",))
  File "/opt/anaconda3/envs/aps/lib/python3.10/site-packages/django/template/base.py", line 510, in parse
    raise self.error(token, e)
  File "/opt/anaconda3/envs/aps/lib/python3.10/site-packages/django/template/base.py", line 508, in parse
    compiled_result = compile_func(self, token)
  File "/opt/anaconda3/envs/aps/lib/python3.10/site-packages/django/template/loader_tags.py", line 234, in do_block
    nodelist = parser.parse(("endblock",))
  File "/opt/anaconda3/envs/aps/lib/python3.10/site-packages/django/template/base.py", line 510, in parse
    raise self.error(token, e)
  File "/opt/anaconda3/envs/aps/lib/python3.10/site-packages/django/template/base.py", line 508, in parse
    compiled_result = compile_func(self, token)
  File "/opt/anaconda3/envs/aps/lib/python3.10/site-packages/django/template/defaulttags.py", line 961, in do_if
    nodelist = parser.parse(("elif", "else", "endif"))
  File "/opt/anaconda3/envs/aps/lib/python3.10/site-packages/django/template/base.py", line 510, in parse
    raise self.error(token, e)
  File "/opt/anaconda3/envs/aps/lib/python3.10/site-packages/django/template/base.py", line 508, in parse
    compiled_result = compile_func(self, token)
  File "/opt/anaconda3/envs/aps/lib/python3.10/site-packages/django/template/defaulttags.py", line 961, in do_if
    nodelist = parser.parse(("elif", "else", "endif"))
  File "/opt/anaconda3/envs/aps/lib/python3.10/site-packages/django/template/base.py", line 504, in parse
    self.invalid_block_tag(token, command, parse_until)
  File "/opt/anaconda3/envs/aps/lib/python3.10/site-packages/django/template/base.py", line 555, in invalid_block_tag
    raise self.error(
django.template.exceptions.TemplateSyntaxError: Invalid block tag on line 472: 'endblock', expected 'elif', 'else' or 'endif'. Did you forget to register or load this tag?

During handling of the above exception, another exception occurred:

Traceback (most recent call last):
  File "/opt/anaconda3/envs/aps/lib/python3.10/site-packages/django/template/base.py", line 502, in parse
    compile_func = self.tags[command]
KeyError: 'endblock'

During handling of the above exception, another exception occurred:

Traceback (most recent call last):
  File "/opt/anaconda3/envs/aps/lib/python3.10/site-packages/django/core/handlers/exception.py", line 55, in inner
    response = get_response(request)
  File "/opt/anaconda3/envs/aps/lib/python3.10/site-packages/django/core/handlers/base.py", line 197, in _get_response
    response = wrapped_callback(request, *callback_args, **callback_kwargs)
  File "/opt/anaconda3/envs/aps/lib/python3.10/site-packages/django/contrib/auth/decorators.py", line 23, in _wrapper_view
    return view_func(request, *args, **kwargs)
  File "/Users/harshalsmac/WORK/ardur/ardurPeopleSoft/trueAlign/shift/decorators.py", line 53, in wrapper_func
    return view_func(request, *args, **kwargs)
  File "/Users/harshalsmac/WORK/ardur/ardurPeopleSoft/trueAlign/shift/views.py", line 79, in wrapper
    result = func(request, *args, **kwargs)
  File "/Users/harshalsmac/WORK/ardur/ardurPeopleSoft/trueAlign/shift/views.py", line 306, in shift_list
    return render(request, 'shift/shift_list.html', {'error': True})
  File "/opt/anaconda3/envs/aps/lib/python3.10/site-packages/django/shortcuts.py", line 25, in render
    content = loader.render_to_string(template_name, context, request, using=using)
  File "/opt/anaconda3/envs/aps/lib/python3.10/site-packages/django/template/loader.py", line 61, in render_to_string
    template = get_template(template_name, using=using)
  File "/opt/anaconda3/envs/aps/lib/python3.10/site-packages/django/template/loader.py", line 15, in get_template
    return engine.get_template(template_name)
  File "/opt/anaconda3/envs/aps/lib/python3.10/site-packages/django/template/backends/django.py", line 33, in get_template
    return Template(self.engine.get_template(template_name), self)
  File "/opt/anaconda3/envs/aps/lib/python3.10/site-packages/django/template/engine.py", line 177, in get_template
    template, origin = self.find_template(template_name)
  File "/opt/anaconda3/envs/aps/lib/python3.10/site-packages/django/template/engine.py", line 159, in find_template
    template = loader.get_template(name, skip=skip)
  File "/opt/anaconda3/envs/aps/lib/python3.10/site-packages/django/template/loaders/cached.py", line 57, in get_template
    template = super().get_template(template_name, skip)
  File "/opt/anaconda3/envs/aps/lib/python3.10/site-packages/django/template/loaders/base.py", line 28, in get_template
    return Template(
  File "/opt/anaconda3/envs/aps/lib/python3.10/site-packages/django/template/base.py", line 154, in __init__
    self.nodelist = self.compile_nodelist()
  File "/opt/anaconda3/envs/aps/lib/python3.10/site-packages/django/template/base.py", line 196, in compile_nodelist
    return parser.parse()
  File "/opt/anaconda3/envs/aps/lib/python3.10/site-packages/django/template/base.py", line 510, in parse
    raise self.error(token, e)
  File "/opt/anaconda3/envs/aps/lib/python3.10/site-packages/django/template/base.py", line 508, in parse
    compiled_result = compile_func(self, token)
  File "/opt/anaconda3/envs/aps/lib/python3.10/site-packages/django/template/loader_tags.py", line 295, in do_extends
    nodelist = parser.parse()
  File "/opt/anaconda3/envs/aps/lib/python3.10/site-packages/django/template/base.py", line 510, in parse
    raise self.error(token, e)
  File "/opt/anaconda3/envs/aps/lib/python3.10/site-packages/django/template/base.py", line 508, in parse
    compiled_result = compile_func(self, token)
  File "/opt/anaconda3/envs/aps/lib/python3.10/site-packages/django/template/loader_tags.py", line 234, in do_block
    nodelist = parser.parse(("endblock",))
  File "/opt/anaconda3/envs/aps/lib/python3.10/site-packages/django/template/base.py", line 510, in parse
    raise self.error(token, e)
  File "/opt/anaconda3/envs/aps/lib/python3.10/site-packages/django/template/base.py", line 508, in parse
    compiled_result = compile_func(self, token)
  File "/opt/anaconda3/envs/aps/lib/python3.10/site-packages/django/template/loader_tags.py", line 234, in do_block
    nodelist = parser.parse(("endblock",))
  File "/opt/anaconda3/envs/aps/lib/python3.10/site-packages/django/template/base.py", line 510, in parse
    raise self.error(token, e)
  File "/opt/anaconda3/envs/aps/lib/python3.10/site-packages/django/template/base.py", line 508, in parse
    compiled_result = compile_func(self, token)
  File "/opt/anaconda3/envs/aps/lib/python3.10/site-packages/django/template/defaulttags.py", line 961, in do_if
    nodelist = parser.parse(("elif", "else", "endif"))
  File "/opt/anaconda3/envs/aps/lib/python3.10/site-packages/django/template/base.py", line 510, in parse
    raise self.error(token, e)
  File "/opt/anaconda3/envs/aps/lib/python3.10/site-packages/django/template/base.py", line 508, in parse
    compiled_result = compile_func(self, token)
  File "/opt/anaconda3/envs/aps/lib/python3.10/site-packages/django/template/defaulttags.py", line 961, in do_if
    nodelist = parser.parse(("elif", "else", "endif"))
  File "/opt/anaconda3/envs/aps/lib/python3.10/site-packages/django/template/base.py", line 504, in parse
    self.invalid_block_tag(token, command, parse_until)
  File "/opt/anaconda3/envs/aps/lib/python3.10/site-packages/django/template/base.py", line 555, in invalid_block_tag
    raise self.error(
django.template.exceptions.TemplateSyntaxError: Invalid block tag on line 472: 'endblock', expected 'elif', 'else' or 'endif'. Did you forget to register or load this tag?
[2025-06-29 13:01:27] ERROR - django.request - log_response:241 - Internal Server Error: /shift/shifts/
Traceback (most recent call last):
  File "/opt/anaconda3/envs/aps/lib/python3.10/site-packages/django/template/base.py", line 502, in parse
    compile_func = self.tags[command]
KeyError: 'endblock'

During handling of the above exception, another exception occurred:

Traceback (most recent call last):
  File "/Users/harshalsmac/WORK/ardur/ardurPeopleSoft/trueAlign/shift/views.py", line 301, in shift_list
    return render(request, 'shift/shift_list.html', context)
  File "/opt/anaconda3/envs/aps/lib/python3.10/site-packages/django/shortcuts.py", line 25, in render
    content = loader.render_to_string(template_name, context, request, using=using)
  File "/opt/anaconda3/envs/aps/lib/python3.10/site-packages/django/template/loader.py", line 61, in render_to_string
    template = get_template(template_name, using=using)
  File "/opt/anaconda3/envs/aps/lib/python3.10/site-packages/django/template/loader.py", line 15, in get_template
    return engine.get_template(template_name)
  File "/opt/anaconda3/envs/aps/lib/python3.10/site-packages/django/template/backends/django.py", line 33, in get_template
    return Template(self.engine.get_template(template_name), self)
  File "/opt/anaconda3/envs/aps/lib/python3.10/site-packages/django/template/engine.py", line 177, in get_template
    template, origin = self.find_template(template_name)
  File "/opt/anaconda3/envs/aps/lib/python3.10/site-packages/django/template/engine.py", line 159, in find_template
    template = loader.get_template(name, skip=skip)
  File "/opt/anaconda3/envs/aps/lib/python3.10/site-packages/django/template/loaders/cached.py", line 57, in get_template
    template = super().get_template(template_name, skip)
  File "/opt/anaconda3/envs/aps/lib/python3.10/site-packages/django/template/loaders/base.py", line 28, in get_template
    return Template(
  File "/opt/anaconda3/envs/aps/lib/python3.10/site-packages/django/template/base.py", line 154, in __init__
    self.nodelist = self.compile_nodelist()
  File "/opt/anaconda3/envs/aps/lib/python3.10/site-packages/django/template/base.py", line 196, in compile_nodelist
    return parser.parse()
  File "/opt/anaconda3/envs/aps/lib/python3.10/site-packages/django/template/base.py", line 510, in parse
    raise self.error(token, e)
  File "/opt/anaconda3/envs/aps/lib/python3.10/site-packages/django/template/base.py", line 508, in parse
    compiled_result = compile_func(self, token)
  File "/opt/anaconda3/envs/aps/lib/python3.10/site-packages/django/template/loader_tags.py", line 295, in do_extends
    nodelist = parser.parse()
  File "/opt/anaconda3/envs/aps/lib/python3.10/site-packages/django/template/base.py", line 510, in parse
    raise self.error(token, e)
  File "/opt/anaconda3/envs/aps/lib/python3.10/site-packages/django/template/base.py", line 508, in parse
    compiled_result = compile_func(self, token)
  File "/opt/anaconda3/envs/aps/lib/python3.10/site-packages/django/template/loader_tags.py", line 234, in do_block
    nodelist = parser.parse(("endblock",))
  File "/opt/anaconda3/envs/aps/lib/python3.10/site-packages/django/template/base.py", line 510, in parse
    raise self.error(token, e)
  File "/opt/anaconda3/envs/aps/lib/python3.10/site-packages/django/template/base.py", line 508, in parse
    compiled_result = compile_func(self, token)
  File "/opt/anaconda3/envs/aps/lib/python3.10/site-packages/django/template/loader_tags.py", line 234, in do_block
    nodelist = parser.parse(("endblock",))
  File "/opt/anaconda3/envs/aps/lib/python3.10/site-packages/django/template/base.py", line 510, in parse
    raise self.error(token, e)
  File "/opt/anaconda3/envs/aps/lib/python3.10/site-packages/django/template/base.py", line 508, in parse
    compiled_result = compile_func(self, token)
  File "/opt/anaconda3/envs/aps/lib/python3.10/site-packages/django/template/defaulttags.py", line 961, in do_if
    nodelist = parser.parse(("elif", "else", "endif"))
  File "/opt/anaconda3/envs/aps/lib/python3.10/site-packages/django/template/base.py", line 510, in parse
    raise self.error(token, e)
  File "/opt/anaconda3/envs/aps/lib/python3.10/site-packages/django/template/base.py", line 508, in parse
    compiled_result = compile_func(self, token)
  File "/opt/anaconda3/envs/aps/lib/python3.10/site-packages/django/template/defaulttags.py", line 961, in do_if
    nodelist = parser.parse(("elif", "else", "endif"))
  File "/opt/anaconda3/envs/aps/lib/python3.10/site-packages/django/template/base.py", line 504, in parse
    self.invalid_block_tag(token, command, parse_until)
  File "/opt/anaconda3/envs/aps/lib/python3.10/site-packages/django/template/base.py", line 555, in invalid_block_tag
    raise self.error(
django.template.exceptions.TemplateSyntaxError: Invalid block tag on line 472: 'endblock', expected 'elif', 'else' or 'endif'. Did you forget to register or load this tag?

During handling of the above exception, another exception occurred:

Traceback (most recent call last):
  File "/opt/anaconda3/envs/aps/lib/python3.10/site-packages/django/template/base.py", line 502, in parse
    compile_func = self.tags[command]
KeyError: 'endblock'

During handling of the above exception, another exception occurred:

Traceback (most recent call last):
  File "/opt/anaconda3/envs/aps/lib/python3.10/site-packages/django/core/handlers/exception.py", line 55, in inner
    response = get_response(request)
  File "/opt/anaconda3/envs/aps/lib/python3.10/site-packages/django/core/handlers/base.py", line 197, in _get_response
    response = wrapped_callback(request, *callback_args, **callback_kwargs)
  File "/opt/anaconda3/envs/aps/lib/python3.10/site-packages/django/contrib/auth/decorators.py", line 23, in _wrapper_view
    return view_func(request, *args, **kwargs)
  File "/Users/harshalsmac/WORK/ardur/ardurPeopleSoft/trueAlign/shift/decorators.py", line 53, in wrapper_func
    return view_func(request, *args, **kwargs)
  File "/Users/harshalsmac/WORK/ardur/ardurPeopleSoft/trueAlign/shift/views.py", line 79, in wrapper
    result = func(request, *args, **kwargs)
  File "/Users/harshalsmac/WORK/ardur/ardurPeopleSoft/trueAlign/shift/views.py", line 306, in shift_list
    return render(request, 'shift/shift_list.html', {'error': True})
  File "/opt/anaconda3/envs/aps/lib/python3.10/site-packages/django/shortcuts.py", line 25, in render
    content = loader.render_to_string(template_name, context, request, using=using)
  File "/opt/anaconda3/envs/aps/lib/python3.10/site-packages/django/template/loader.py", line 61, in render_to_string
    template = get_template(template_name, using=using)
  File "/opt/anaconda3/envs/aps/lib/python3.10/site-packages/django/template/loader.py", line 15, in get_template
    return engine.get_template(template_name)
  File "/opt/anaconda3/envs/aps/lib/python3.10/site-packages/django/template/backends/django.py", line 33, in get_template
    return Template(self.engine.get_template(template_name), self)
  File "/opt/anaconda3/envs/aps/lib/python3.10/site-packages/django/template/engine.py", line 177, in get_template
    template, origin = self.find_template(template_name)
  File "/opt/anaconda3/envs/aps/lib/python3.10/site-packages/django/template/engine.py", line 159, in find_template
    template = loader.get_template(name, skip=skip)
  File "/opt/anaconda3/envs/aps/lib/python3.10/site-packages/django/template/loaders/cached.py", line 57, in get_template
    template = super().get_template(template_name, skip)
  File "/opt/anaconda3/envs/aps/lib/python3.10/site-packages/django/template/loaders/base.py", line 28, in get_template
    return Template(
  File "/opt/anaconda3/envs/aps/lib/python3.10/site-packages/django/template/base.py", line 154, in __init__
    self.nodelist = self.compile_nodelist()
  File "/opt/anaconda3/envs/aps/lib/python3.10/site-packages/django/template/base.py", line 196, in compile_nodelist
    return parser.parse()
  File "/opt/anaconda3/envs/aps/lib/python3.10/site-packages/django/template/base.py", line 510, in parse
    raise self.error(token, e)
  File "/opt/anaconda3/envs/aps/lib/python3.10/site-packages/django/template/base.py", line 508, in parse
    compiled_result = compile_func(self, token)
  File "/opt/anaconda3/envs/aps/lib/python3.10/site-packages/django/template/loader_tags.py", line 295, in do_extends
    nodelist = parser.parse()
  File "/opt/anaconda3/envs/aps/lib/python3.10/site-packages/django/template/base.py", line 510, in parse
    raise self.error(token, e)
  File "/opt/anaconda3/envs/aps/lib/python3.10/site-packages/django/template/base.py", line 508, in parse
    compiled_result = compile_func(self, token)
  File "/opt/anaconda3/envs/aps/lib/python3.10/site-packages/django/template/loader_tags.py", line 234, in do_block
    nodelist = parser.parse(("endblock",))
  File "/opt/anaconda3/envs/aps/lib/python3.10/site-packages/django/template/base.py", line 510, in parse
    raise self.error(token, e)
  File "/opt/anaconda3/envs/aps/lib/python3.10/site-packages/django/template/base.py", line 508, in parse
    compiled_result = compile_func(self, token)
  File "/opt/anaconda3/envs/aps/lib/python3.10/site-packages/django/template/loader_tags.py", line 234, in do_block
    nodelist = parser.parse(("endblock",))
  File "/opt/anaconda3/envs/aps/lib/python3.10/site-packages/django/template/base.py", line 510, in parse
    raise self.error(token, e)
  File "/opt/anaconda3/envs/aps/lib/python3.10/site-packages/django/template/base.py", line 508, in parse
    compiled_result = compile_func(self, token)
  File "/opt/anaconda3/envs/aps/lib/python3.10/site-packages/django/template/defaulttags.py", line 961, in do_if
    nodelist = parser.parse(("elif", "else", "endif"))
  File "/opt/anaconda3/envs/aps/lib/python3.10/site-packages/django/template/base.py", line 510, in parse
    raise self.error(token, e)
  File "/opt/anaconda3/envs/aps/lib/python3.10/site-packages/django/template/base.py", line 508, in parse
    compiled_result = compile_func(self, token)
  File "/opt/anaconda3/envs/aps/lib/python3.10/site-packages/django/template/defaulttags.py", line 961, in do_if
    nodelist = parser.parse(("elif", "else", "endif"))
  File "/opt/anaconda3/envs/aps/lib/python3.10/site-packages/django/template/base.py", line 504, in parse
    self.invalid_block_tag(token, command, parse_until)
  File "/opt/anaconda3/envs/aps/lib/python3.10/site-packages/django/template/base.py", line 555, in invalid_block_tag
    raise self.error(
django.template.exceptions.TemplateSyntaxError: Invalid block tag on line 472: 'endblock', expected 'elif', 'else' or 'endif'. Did you forget to register or load this tag?
[2025-06-29 13:01:45] ERROR - django.request - log_response:241 - Internal Server Error: /shift/shifts/
Traceback (most recent call last):
  File "/opt/anaconda3/envs/aps/lib/python3.10/site-packages/django/template/base.py", line 502, in parse
    compile_func = self.tags[command]
KeyError: 'endblock'

During handling of the above exception, another exception occurred:

Traceback (most recent call last):
  File "/Users/harshalsmac/WORK/ardur/ardurPeopleSoft/trueAlign/shift/views.py", line 301, in shift_list
    return render(request, 'shift/shift_list.html', context)
  File "/opt/anaconda3/envs/aps/lib/python3.10/site-packages/django/shortcuts.py", line 25, in render
    content = loader.render_to_string(template_name, context, request, using=using)
  File "/opt/anaconda3/envs/aps/lib/python3.10/site-packages/django/template/loader.py", line 61, in render_to_string
    template = get_template(template_name, using=using)
  File "/opt/anaconda3/envs/aps/lib/python3.10/site-packages/django/template/loader.py", line 15, in get_template
    return engine.get_template(template_name)
  File "/opt/anaconda3/envs/aps/lib/python3.10/site-packages/django/template/backends/django.py", line 33, in get_template
    return Template(self.engine.get_template(template_name), self)
  File "/opt/anaconda3/envs/aps/lib/python3.10/site-packages/django/template/engine.py", line 177, in get_template
    template, origin = self.find_template(template_name)
  File "/opt/anaconda3/envs/aps/lib/python3.10/site-packages/django/template/engine.py", line 159, in find_template
    template = loader.get_template(name, skip=skip)
  File "/opt/anaconda3/envs/aps/lib/python3.10/site-packages/django/template/loaders/cached.py", line 57, in get_template
    template = super().get_template(template_name, skip)
  File "/opt/anaconda3/envs/aps/lib/python3.10/site-packages/django/template/loaders/base.py", line 28, in get_template
    return Template(
  File "/opt/anaconda3/envs/aps/lib/python3.10/site-packages/django/template/base.py", line 154, in __init__
    self.nodelist = self.compile_nodelist()
  File "/opt/anaconda3/envs/aps/lib/python3.10/site-packages/django/template/base.py", line 196, in compile_nodelist
    return parser.parse()
  File "/opt/anaconda3/envs/aps/lib/python3.10/site-packages/django/template/base.py", line 510, in parse
    raise self.error(token, e)
  File "/opt/anaconda3/envs/aps/lib/python3.10/site-packages/django/template/base.py", line 508, in parse
    compiled_result = compile_func(self, token)
  File "/opt/anaconda3/envs/aps/lib/python3.10/site-packages/django/template/loader_tags.py", line 295, in do_extends
    nodelist = parser.parse()
  File "/opt/anaconda3/envs/aps/lib/python3.10/site-packages/django/template/base.py", line 510, in parse
    raise self.error(token, e)
  File "/opt/anaconda3/envs/aps/lib/python3.10/site-packages/django/template/base.py", line 508, in parse
    compiled_result = compile_func(self, token)
  File "/opt/anaconda3/envs/aps/lib/python3.10/site-packages/django/template/loader_tags.py", line 234, in do_block
    nodelist = parser.parse(("endblock",))
  File "/opt/anaconda3/envs/aps/lib/python3.10/site-packages/django/template/base.py", line 510, in parse
    raise self.error(token, e)
  File "/opt/anaconda3/envs/aps/lib/python3.10/site-packages/django/template/base.py", line 508, in parse
    compiled_result = compile_func(self, token)
  File "/opt/anaconda3/envs/aps/lib/python3.10/site-packages/django/template/loader_tags.py", line 234, in do_block
    nodelist = parser.parse(("endblock",))
  File "/opt/anaconda3/envs/aps/lib/python3.10/site-packages/django/template/base.py", line 510, in parse
    raise self.error(token, e)
  File "/opt/anaconda3/envs/aps/lib/python3.10/site-packages/django/template/base.py", line 508, in parse
    compiled_result = compile_func(self, token)
  File "/opt/anaconda3/envs/aps/lib/python3.10/site-packages/django/template/defaulttags.py", line 961, in do_if
    nodelist = parser.parse(("elif", "else", "endif"))
  File "/opt/anaconda3/envs/aps/lib/python3.10/site-packages/django/template/base.py", line 510, in parse
    raise self.error(token, e)
  File "/opt/anaconda3/envs/aps/lib/python3.10/site-packages/django/template/base.py", line 508, in parse
    compiled_result = compile_func(self, token)
  File "/opt/anaconda3/envs/aps/lib/python3.10/site-packages/django/template/defaulttags.py", line 961, in do_if
    nodelist = parser.parse(("elif", "else", "endif"))
  File "/opt/anaconda3/envs/aps/lib/python3.10/site-packages/django/template/base.py", line 504, in parse
    self.invalid_block_tag(token, command, parse_until)
  File "/opt/anaconda3/envs/aps/lib/python3.10/site-packages/django/template/base.py", line 555, in invalid_block_tag
    raise self.error(
django.template.exceptions.TemplateSyntaxError: Invalid block tag on line 470: 'endblock', expected 'elif', 'else' or 'endif'. Did you forget to register or load this tag?

During handling of the above exception, another exception occurred:

Traceback (most recent call last):
  File "/opt/anaconda3/envs/aps/lib/python3.10/site-packages/django/template/base.py", line 502, in parse
    compile_func = self.tags[command]
KeyError: 'endblock'

During handling of the above exception, another exception occurred:

Traceback (most recent call last):
  File "/opt/anaconda3/envs/aps/lib/python3.10/site-packages/django/core/handlers/exception.py", line 55, in inner
    response = get_response(request)
  File "/opt/anaconda3/envs/aps/lib/python3.10/site-packages/django/core/handlers/base.py", line 197, in _get_response
    response = wrapped_callback(request, *callback_args, **callback_kwargs)
  File "/opt/anaconda3/envs/aps/lib/python3.10/site-packages/django/contrib/auth/decorators.py", line 23, in _wrapper_view
    return view_func(request, *args, **kwargs)
  File "/Users/harshalsmac/WORK/ardur/ardurPeopleSoft/trueAlign/shift/decorators.py", line 53, in wrapper_func
    return view_func(request, *args, **kwargs)
  File "/Users/harshalsmac/WORK/ardur/ardurPeopleSoft/trueAlign/shift/views.py", line 79, in wrapper
    result = func(request, *args, **kwargs)
  File "/Users/harshalsmac/WORK/ardur/ardurPeopleSoft/trueAlign/shift/views.py", line 306, in shift_list
    return render(request, 'shift/shift_list.html', {'error': True})
  File "/opt/anaconda3/envs/aps/lib/python3.10/site-packages/django/shortcuts.py", line 25, in render
    content = loader.render_to_string(template_name, context, request, using=using)
  File "/opt/anaconda3/envs/aps/lib/python3.10/site-packages/django/template/loader.py", line 61, in render_to_string
    template = get_template(template_name, using=using)
  File "/opt/anaconda3/envs/aps/lib/python3.10/site-packages/django/template/loader.py", line 15, in get_template
    return engine.get_template(template_name)
  File "/opt/anaconda3/envs/aps/lib/python3.10/site-packages/django/template/backends/django.py", line 33, in get_template
    return Template(self.engine.get_template(template_name), self)
  File "/opt/anaconda3/envs/aps/lib/python3.10/site-packages/django/template/engine.py", line 177, in get_template
    template, origin = self.find_template(template_name)
  File "/opt/anaconda3/envs/aps/lib/python3.10/site-packages/django/template/engine.py", line 159, in find_template
    template = loader.get_template(name, skip=skip)
  File "/opt/anaconda3/envs/aps/lib/python3.10/site-packages/django/template/loaders/cached.py", line 57, in get_template
    template = super().get_template(template_name, skip)
  File "/opt/anaconda3/envs/aps/lib/python3.10/site-packages/django/template/loaders/base.py", line 28, in get_template
    return Template(
  File "/opt/anaconda3/envs/aps/lib/python3.10/site-packages/django/template/base.py", line 154, in __init__
    self.nodelist = self.compile_nodelist()
  File "/opt/anaconda3/envs/aps/lib/python3.10/site-packages/django/template/base.py", line 196, in compile_nodelist
    return parser.parse()
  File "/opt/anaconda3/envs/aps/lib/python3.10/site-packages/django/template/base.py", line 510, in parse
    raise self.error(token, e)
  File "/opt/anaconda3/envs/aps/lib/python3.10/site-packages/django/template/base.py", line 508, in parse
    compiled_result = compile_func(self, token)
  File "/opt/anaconda3/envs/aps/lib/python3.10/site-packages/django/template/loader_tags.py", line 295, in do_extends
    nodelist = parser.parse()
  File "/opt/anaconda3/envs/aps/lib/python3.10/site-packages/django/template/base.py", line 510, in parse
    raise self.error(token, e)
  File "/opt/anaconda3/envs/aps/lib/python3.10/site-packages/django/template/base.py", line 508, in parse
    compiled_result = compile_func(self, token)
  File "/opt/anaconda3/envs/aps/lib/python3.10/site-packages/django/template/loader_tags.py", line 234, in do_block
    nodelist = parser.parse(("endblock",))
  File "/opt/anaconda3/envs/aps/lib/python3.10/site-packages/django/template/base.py", line 510, in parse
    raise self.error(token, e)
  File "/opt/anaconda3/envs/aps/lib/python3.10/site-packages/django/template/base.py", line 508, in parse
    compiled_result = compile_func(self, token)
  File "/opt/anaconda3/envs/aps/lib/python3.10/site-packages/django/template/loader_tags.py", line 234, in do_block
    nodelist = parser.parse(("endblock",))
  File "/opt/anaconda3/envs/aps/lib/python3.10/site-packages/django/template/base.py", line 510, in parse
    raise self.error(token, e)
  File "/opt/anaconda3/envs/aps/lib/python3.10/site-packages/django/template/base.py", line 508, in parse
    compiled_result = compile_func(self, token)
  File "/opt/anaconda3/envs/aps/lib/python3.10/site-packages/django/template/defaulttags.py", line 961, in do_if
    nodelist = parser.parse(("elif", "else", "endif"))
  File "/opt/anaconda3/envs/aps/lib/python3.10/site-packages/django/template/base.py", line 510, in parse
    raise self.error(token, e)
  File "/opt/anaconda3/envs/aps/lib/python3.10/site-packages/django/template/base.py", line 508, in parse
    compiled_result = compile_func(self, token)
  File "/opt/anaconda3/envs/aps/lib/python3.10/site-packages/django/template/defaulttags.py", line 961, in do_if
    nodelist = parser.parse(("elif", "else", "endif"))
  File "/opt/anaconda3/envs/aps/lib/python3.10/site-packages/django/template/base.py", line 504, in parse
    self.invalid_block_tag(token, command, parse_until)
  File "/opt/anaconda3/envs/aps/lib/python3.10/site-packages/django/template/base.py", line 555, in invalid_block_tag
    raise self.error(
django.template.exceptions.TemplateSyntaxError: Invalid block tag on line 470: 'endblock', expected 'elif', 'else' or 'endif'. Did you forget to register or load this tag?
[2025-06-29 13:02:13] ERROR - django.request - log_response:241 - Internal Server Error: /shift/shifts/
Traceback (most recent call last):
  File "/opt/anaconda3/envs/aps/lib/python3.10/site-packages/django/template/base.py", line 502, in parse
    compile_func = self.tags[command]
KeyError: 'endblock'

During handling of the above exception, another exception occurred:

Traceback (most recent call last):
  File "/Users/harshalsmac/WORK/ardur/ardurPeopleSoft/trueAlign/shift/views.py", line 301, in shift_list
    return render(request, 'shift/shift_list.html', context)
  File "/opt/anaconda3/envs/aps/lib/python3.10/site-packages/django/shortcuts.py", line 25, in render
    content = loader.render_to_string(template_name, context, request, using=using)
  File "/opt/anaconda3/envs/aps/lib/python3.10/site-packages/django/template/loader.py", line 61, in render_to_string
    template = get_template(template_name, using=using)
  File "/opt/anaconda3/envs/aps/lib/python3.10/site-packages/django/template/loader.py", line 15, in get_template
    return engine.get_template(template_name)
  File "/opt/anaconda3/envs/aps/lib/python3.10/site-packages/django/template/backends/django.py", line 33, in get_template
    return Template(self.engine.get_template(template_name), self)
  File "/opt/anaconda3/envs/aps/lib/python3.10/site-packages/django/template/engine.py", line 177, in get_template
    template, origin = self.find_template(template_name)
  File "/opt/anaconda3/envs/aps/lib/python3.10/site-packages/django/template/engine.py", line 159, in find_template
    template = loader.get_template(name, skip=skip)
  File "/opt/anaconda3/envs/aps/lib/python3.10/site-packages/django/template/loaders/cached.py", line 57, in get_template
    template = super().get_template(template_name, skip)
  File "/opt/anaconda3/envs/aps/lib/python3.10/site-packages/django/template/loaders/base.py", line 28, in get_template
    return Template(
  File "/opt/anaconda3/envs/aps/lib/python3.10/site-packages/django/template/base.py", line 154, in __init__
    self.nodelist = self.compile_nodelist()
  File "/opt/anaconda3/envs/aps/lib/python3.10/site-packages/django/template/base.py", line 196, in compile_nodelist
    return parser.parse()
  File "/opt/anaconda3/envs/aps/lib/python3.10/site-packages/django/template/base.py", line 510, in parse
    raise self.error(token, e)
  File "/opt/anaconda3/envs/aps/lib/python3.10/site-packages/django/template/base.py", line 508, in parse
    compiled_result = compile_func(self, token)
  File "/opt/anaconda3/envs/aps/lib/python3.10/site-packages/django/template/loader_tags.py", line 295, in do_extends
    nodelist = parser.parse()
  File "/opt/anaconda3/envs/aps/lib/python3.10/site-packages/django/template/base.py", line 510, in parse
    raise self.error(token, e)
  File "/opt/anaconda3/envs/aps/lib/python3.10/site-packages/django/template/base.py", line 508, in parse
    compiled_result = compile_func(self, token)
  File "/opt/anaconda3/envs/aps/lib/python3.10/site-packages/django/template/loader_tags.py", line 234, in do_block
    nodelist = parser.parse(("endblock",))
  File "/opt/anaconda3/envs/aps/lib/python3.10/site-packages/django/template/base.py", line 510, in parse
    raise self.error(token, e)
  File "/opt/anaconda3/envs/aps/lib/python3.10/site-packages/django/template/base.py", line 508, in parse
    compiled_result = compile_func(self, token)
  File "/opt/anaconda3/envs/aps/lib/python3.10/site-packages/django/template/defaulttags.py", line 961, in do_if
    nodelist = parser.parse(("elif", "else", "endif"))
  File "/opt/anaconda3/envs/aps/lib/python3.10/site-packages/django/template/base.py", line 510, in parse
    raise self.error(token, e)
  File "/opt/anaconda3/envs/aps/lib/python3.10/site-packages/django/template/base.py", line 508, in parse
    compiled_result = compile_func(self, token)
  File "/opt/anaconda3/envs/aps/lib/python3.10/site-packages/django/template/defaulttags.py", line 961, in do_if
    nodelist = parser.parse(("elif", "else", "endif"))
  File "/opt/anaconda3/envs/aps/lib/python3.10/site-packages/django/template/base.py", line 504, in parse
    self.invalid_block_tag(token, command, parse_until)
  File "/opt/anaconda3/envs/aps/lib/python3.10/site-packages/django/template/base.py", line 555, in invalid_block_tag
    raise self.error(
django.template.exceptions.TemplateSyntaxError: Invalid block tag on line 470: 'endblock', expected 'elif', 'else' or 'endif'. Did you forget to register or load this tag?

During handling of the above exception, another exception occurred:

Traceback (most recent call last):
  File "/opt/anaconda3/envs/aps/lib/python3.10/site-packages/django/template/base.py", line 502, in parse
    compile_func = self.tags[command]
KeyError: 'endblock'

During handling of the above exception, another exception occurred:

Traceback (most recent call last):
  File "/opt/anaconda3/envs/aps/lib/python3.10/site-packages/django/core/handlers/exception.py", line 55, in inner
    response = get_response(request)
  File "/opt/anaconda3/envs/aps/lib/python3.10/site-packages/django/core/handlers/base.py", line 197, in _get_response
    response = wrapped_callback(request, *callback_args, **callback_kwargs)
  File "/opt/anaconda3/envs/aps/lib/python3.10/site-packages/django/contrib/auth/decorators.py", line 23, in _wrapper_view
    return view_func(request, *args, **kwargs)
  File "/Users/harshalsmac/WORK/ardur/ardurPeopleSoft/trueAlign/shift/decorators.py", line 53, in wrapper_func
    return view_func(request, *args, **kwargs)
  File "/Users/harshalsmac/WORK/ardur/ardurPeopleSoft/trueAlign/shift/views.py", line 79, in wrapper
    result = func(request, *args, **kwargs)
  File "/Users/harshalsmac/WORK/ardur/ardurPeopleSoft/trueAlign/shift/views.py", line 306, in shift_list
    return render(request, 'shift/shift_list.html', {'error': True})
  File "/opt/anaconda3/envs/aps/lib/python3.10/site-packages/django/shortcuts.py", line 25, in render
    content = loader.render_to_string(template_name, context, request, using=using)
  File "/opt/anaconda3/envs/aps/lib/python3.10/site-packages/django/template/loader.py", line 61, in render_to_string
    template = get_template(template_name, using=using)
  File "/opt/anaconda3/envs/aps/lib/python3.10/site-packages/django/template/loader.py", line 15, in get_template
    return engine.get_template(template_name)
  File "/opt/anaconda3/envs/aps/lib/python3.10/site-packages/django/template/backends/django.py", line 33, in get_template
    return Template(self.engine.get_template(template_name), self)
  File "/opt/anaconda3/envs/aps/lib/python3.10/site-packages/django/template/engine.py", line 177, in get_template
    template, origin = self.find_template(template_name)
  File "/opt/anaconda3/envs/aps/lib/python3.10/site-packages/django/template/engine.py", line 159, in find_template
    template = loader.get_template(name, skip=skip)
  File "/opt/anaconda3/envs/aps/lib/python3.10/site-packages/django/template/loaders/cached.py", line 57, in get_template
    template = super().get_template(template_name, skip)
  File "/opt/anaconda3/envs/aps/lib/python3.10/site-packages/django/template/loaders/base.py", line 28, in get_template
    return Template(
  File "/opt/anaconda3/envs/aps/lib/python3.10/site-packages/django/template/base.py", line 154, in __init__
    self.nodelist = self.compile_nodelist()
  File "/opt/anaconda3/envs/aps/lib/python3.10/site-packages/django/template/base.py", line 196, in compile_nodelist
    return parser.parse()
  File "/opt/anaconda3/envs/aps/lib/python3.10/site-packages/django/template/base.py", line 510, in parse
    raise self.error(token, e)
  File "/opt/anaconda3/envs/aps/lib/python3.10/site-packages/django/template/base.py", line 508, in parse
    compiled_result = compile_func(self, token)
  File "/opt/anaconda3/envs/aps/lib/python3.10/site-packages/django/template/loader_tags.py", line 295, in do_extends
    nodelist = parser.parse()
  File "/opt/anaconda3/envs/aps/lib/python3.10/site-packages/django/template/base.py", line 510, in parse
    raise self.error(token, e)
  File "/opt/anaconda3/envs/aps/lib/python3.10/site-packages/django/template/base.py", line 508, in parse
    compiled_result = compile_func(self, token)
  File "/opt/anaconda3/envs/aps/lib/python3.10/site-packages/django/template/loader_tags.py", line 234, in do_block
    nodelist = parser.parse(("endblock",))
  File "/opt/anaconda3/envs/aps/lib/python3.10/site-packages/django/template/base.py", line 510, in parse
    raise self.error(token, e)
  File "/opt/anaconda3/envs/aps/lib/python3.10/site-packages/django/template/base.py", line 508, in parse
    compiled_result = compile_func(self, token)
  File "/opt/anaconda3/envs/aps/lib/python3.10/site-packages/django/template/defaulttags.py", line 961, in do_if
    nodelist = parser.parse(("elif", "else", "endif"))
  File "/opt/anaconda3/envs/aps/lib/python3.10/site-packages/django/template/base.py", line 510, in parse
    raise self.error(token, e)
  File "/opt/anaconda3/envs/aps/lib/python3.10/site-packages/django/template/base.py", line 508, in parse
    compiled_result = compile_func(self, token)
  File "/opt/anaconda3/envs/aps/lib/python3.10/site-packages/django/template/defaulttags.py", line 961, in do_if
    nodelist = parser.parse(("elif", "else", "endif"))
  File "/opt/anaconda3/envs/aps/lib/python3.10/site-packages/django/template/base.py", line 504, in parse
    self.invalid_block_tag(token, command, parse_until)
  File "/opt/anaconda3/envs/aps/lib/python3.10/site-packages/django/template/base.py", line 555, in invalid_block_tag
    raise self.error(
django.template.exceptions.TemplateSyntaxError: Invalid block tag on line 470: 'endblock', expected 'elif', 'else' or 'endif'. Did you forget to register or load this tag?
[2025-06-29 13:03:13] ERROR - django.request - log_response:241 - Internal Server Error: /shift/shifts/
Traceback (most recent call last):
  File "/opt/anaconda3/envs/aps/lib/python3.10/site-packages/django/template/base.py", line 502, in parse
    compile_func = self.tags[command]
KeyError: 'endblock'

During handling of the above exception, another exception occurred:

Traceback (most recent call last):
  File "/Users/harshalsmac/WORK/ardur/ardurPeopleSoft/trueAlign/shift/views.py", line 301, in shift_list
    return render(request, 'shift/shift_list.html', context)
  File "/opt/anaconda3/envs/aps/lib/python3.10/site-packages/django/shortcuts.py", line 25, in render
    content = loader.render_to_string(template_name, context, request, using=using)
  File "/opt/anaconda3/envs/aps/lib/python3.10/site-packages/django/template/loader.py", line 61, in render_to_string
    template = get_template(template_name, using=using)
  File "/opt/anaconda3/envs/aps/lib/python3.10/site-packages/django/template/loader.py", line 15, in get_template
    return engine.get_template(template_name)
  File "/opt/anaconda3/envs/aps/lib/python3.10/site-packages/django/template/backends/django.py", line 33, in get_template
    return Template(self.engine.get_template(template_name), self)
  File "/opt/anaconda3/envs/aps/lib/python3.10/site-packages/django/template/engine.py", line 177, in get_template
    template, origin = self.find_template(template_name)
  File "/opt/anaconda3/envs/aps/lib/python3.10/site-packages/django/template/engine.py", line 159, in find_template
    template = loader.get_template(name, skip=skip)
  File "/opt/anaconda3/envs/aps/lib/python3.10/site-packages/django/template/loaders/cached.py", line 57, in get_template
    template = super().get_template(template_name, skip)
  File "/opt/anaconda3/envs/aps/lib/python3.10/site-packages/django/template/loaders/base.py", line 28, in get_template
    return Template(
  File "/opt/anaconda3/envs/aps/lib/python3.10/site-packages/django/template/base.py", line 154, in __init__
    self.nodelist = self.compile_nodelist()
  File "/opt/anaconda3/envs/aps/lib/python3.10/site-packages/django/template/base.py", line 196, in compile_nodelist
    return parser.parse()
  File "/opt/anaconda3/envs/aps/lib/python3.10/site-packages/django/template/base.py", line 510, in parse
    raise self.error(token, e)
  File "/opt/anaconda3/envs/aps/lib/python3.10/site-packages/django/template/base.py", line 508, in parse
    compiled_result = compile_func(self, token)
  File "/opt/anaconda3/envs/aps/lib/python3.10/site-packages/django/template/loader_tags.py", line 295, in do_extends
    nodelist = parser.parse()
  File "/opt/anaconda3/envs/aps/lib/python3.10/site-packages/django/template/base.py", line 510, in parse
    raise self.error(token, e)
  File "/opt/anaconda3/envs/aps/lib/python3.10/site-packages/django/template/base.py", line 508, in parse
    compiled_result = compile_func(self, token)
  File "/opt/anaconda3/envs/aps/lib/python3.10/site-packages/django/template/loader_tags.py", line 234, in do_block
    nodelist = parser.parse(("endblock",))
  File "/opt/anaconda3/envs/aps/lib/python3.10/site-packages/django/template/base.py", line 510, in parse
    raise self.error(token, e)
  File "/opt/anaconda3/envs/aps/lib/python3.10/site-packages/django/template/base.py", line 508, in parse
    compiled_result = compile_func(self, token)
  File "/opt/anaconda3/envs/aps/lib/python3.10/site-packages/django/template/defaulttags.py", line 961, in do_if
    nodelist = parser.parse(("elif", "else", "endif"))
  File "/opt/anaconda3/envs/aps/lib/python3.10/site-packages/django/template/base.py", line 510, in parse
    raise self.error(token, e)
  File "/opt/anaconda3/envs/aps/lib/python3.10/site-packages/django/template/base.py", line 508, in parse
    compiled_result = compile_func(self, token)
  File "/opt/anaconda3/envs/aps/lib/python3.10/site-packages/django/template/defaulttags.py", line 961, in do_if
    nodelist = parser.parse(("elif", "else", "endif"))
  File "/opt/anaconda3/envs/aps/lib/python3.10/site-packages/django/template/base.py", line 504, in parse
    self.invalid_block_tag(token, command, parse_until)
  File "/opt/anaconda3/envs/aps/lib/python3.10/site-packages/django/template/base.py", line 555, in invalid_block_tag
    raise self.error(
django.template.exceptions.TemplateSyntaxError: Invalid block tag on line 470: 'endblock', expected 'elif', 'else' or 'endif'. Did you forget to register or load this tag?

During handling of the above exception, another exception occurred:

Traceback (most recent call last):
  File "/opt/anaconda3/envs/aps/lib/python3.10/site-packages/django/template/base.py", line 502, in parse
    compile_func = self.tags[command]
KeyError: 'endblock'

During handling of the above exception, another exception occurred:

Traceback (most recent call last):
  File "/opt/anaconda3/envs/aps/lib/python3.10/site-packages/django/core/handlers/exception.py", line 55, in inner
    response = get_response(request)
  File "/opt/anaconda3/envs/aps/lib/python3.10/site-packages/django/core/handlers/base.py", line 197, in _get_response
    response = wrapped_callback(request, *callback_args, **callback_kwargs)
  File "/opt/anaconda3/envs/aps/lib/python3.10/site-packages/django/contrib/auth/decorators.py", line 23, in _wrapper_view
    return view_func(request, *args, **kwargs)
  File "/Users/harshalsmac/WORK/ardur/ardurPeopleSoft/trueAlign/shift/decorators.py", line 53, in wrapper_func
    return view_func(request, *args, **kwargs)
  File "/Users/harshalsmac/WORK/ardur/ardurPeopleSoft/trueAlign/shift/views.py", line 79, in wrapper
    result = func(request, *args, **kwargs)
  File "/Users/harshalsmac/WORK/ardur/ardurPeopleSoft/trueAlign/shift/views.py", line 306, in shift_list
    return render(request, 'shift/shift_list.html', {'error': True})
  File "/opt/anaconda3/envs/aps/lib/python3.10/site-packages/django/shortcuts.py", line 25, in render
    content = loader.render_to_string(template_name, context, request, using=using)
  File "/opt/anaconda3/envs/aps/lib/python3.10/site-packages/django/template/loader.py", line 61, in render_to_string
    template = get_template(template_name, using=using)
  File "/opt/anaconda3/envs/aps/lib/python3.10/site-packages/django/template/loader.py", line 15, in get_template
    return engine.get_template(template_name)
  File "/opt/anaconda3/envs/aps/lib/python3.10/site-packages/django/template/backends/django.py", line 33, in get_template
    return Template(self.engine.get_template(template_name), self)
  File "/opt/anaconda3/envs/aps/lib/python3.10/site-packages/django/template/engine.py", line 177, in get_template
    template, origin = self.find_template(template_name)
  File "/opt/anaconda3/envs/aps/lib/python3.10/site-packages/django/template/engine.py", line 159, in find_template
    template = loader.get_template(name, skip=skip)
  File "/opt/anaconda3/envs/aps/lib/python3.10/site-packages/django/template/loaders/cached.py", line 57, in get_template
    template = super().get_template(template_name, skip)
  File "/opt/anaconda3/envs/aps/lib/python3.10/site-packages/django/template/loaders/base.py", line 28, in get_template
    return Template(
  File "/opt/anaconda3/envs/aps/lib/python3.10/site-packages/django/template/base.py", line 154, in __init__
    self.nodelist = self.compile_nodelist()
  File "/opt/anaconda3/envs/aps/lib/python3.10/site-packages/django/template/base.py", line 196, in compile_nodelist
    return parser.parse()
  File "/opt/anaconda3/envs/aps/lib/python3.10/site-packages/django/template/base.py", line 510, in parse
    raise self.error(token, e)
  File "/opt/anaconda3/envs/aps/lib/python3.10/site-packages/django/template/base.py", line 508, in parse
    compiled_result = compile_func(self, token)
  File "/opt/anaconda3/envs/aps/lib/python3.10/site-packages/django/template/loader_tags.py", line 295, in do_extends
    nodelist = parser.parse()
  File "/opt/anaconda3/envs/aps/lib/python3.10/site-packages/django/template/base.py", line 510, in parse
    raise self.error(token, e)
  File "/opt/anaconda3/envs/aps/lib/python3.10/site-packages/django/template/base.py", line 508, in parse
    compiled_result = compile_func(self, token)
  File "/opt/anaconda3/envs/aps/lib/python3.10/site-packages/django/template/loader_tags.py", line 234, in do_block
    nodelist = parser.parse(("endblock",))
  File "/opt/anaconda3/envs/aps/lib/python3.10/site-packages/django/template/base.py", line 510, in parse
    raise self.error(token, e)
  File "/opt/anaconda3/envs/aps/lib/python3.10/site-packages/django/template/base.py", line 508, in parse
    compiled_result = compile_func(self, token)
  File "/opt/anaconda3/envs/aps/lib/python3.10/site-packages/django/template/defaulttags.py", line 961, in do_if
    nodelist = parser.parse(("elif", "else", "endif"))
  File "/opt/anaconda3/envs/aps/lib/python3.10/site-packages/django/template/base.py", line 510, in parse
    raise self.error(token, e)
  File "/opt/anaconda3/envs/aps/lib/python3.10/site-packages/django/template/base.py", line 508, in parse
    compiled_result = compile_func(self, token)
  File "/opt/anaconda3/envs/aps/lib/python3.10/site-packages/django/template/defaulttags.py", line 961, in do_if
    nodelist = parser.parse(("elif", "else", "endif"))
  File "/opt/anaconda3/envs/aps/lib/python3.10/site-packages/django/template/base.py", line 504, in parse
    self.invalid_block_tag(token, command, parse_until)
  File "/opt/anaconda3/envs/aps/lib/python3.10/site-packages/django/template/base.py", line 555, in invalid_block_tag
    raise self.error(
django.template.exceptions.TemplateSyntaxError: Invalid block tag on line 470: 'endblock', expected 'elif', 'else' or 'endif'. Did you forget to register or load this tag?
[2025-06-29 13:06:49] ERROR - django.request - log_response:241 - Internal Server Error: /shift/shifts/
Traceback (most recent call last):
  File "/opt/anaconda3/envs/aps/lib/python3.10/site-packages/django/template/smartif.py", line 180, in translate_token
    op = OPERATORS[token]
KeyError: 'filter_form.is_active.value=""="true"'

During handling of the above exception, another exception occurred:

Traceback (most recent call last):
  File "/Users/harshalsmac/WORK/ardur/ardurPeopleSoft/trueAlign/shift/views.py", line 301, in shift_list
    return render(request, 'shift/shift_list.html', context)
  File "/opt/anaconda3/envs/aps/lib/python3.10/site-packages/django/shortcuts.py", line 25, in render
    content = loader.render_to_string(template_name, context, request, using=using)
  File "/opt/anaconda3/envs/aps/lib/python3.10/site-packages/django/template/loader.py", line 61, in render_to_string
    template = get_template(template_name, using=using)
  File "/opt/anaconda3/envs/aps/lib/python3.10/site-packages/django/template/loader.py", line 15, in get_template
    return engine.get_template(template_name)
  File "/opt/anaconda3/envs/aps/lib/python3.10/site-packages/django/template/backends/django.py", line 33, in get_template
    return Template(self.engine.get_template(template_name), self)
  File "/opt/anaconda3/envs/aps/lib/python3.10/site-packages/django/template/engine.py", line 177, in get_template
    template, origin = self.find_template(template_name)
  File "/opt/anaconda3/envs/aps/lib/python3.10/site-packages/django/template/engine.py", line 159, in find_template
    template = loader.get_template(name, skip=skip)
  File "/opt/anaconda3/envs/aps/lib/python3.10/site-packages/django/template/loaders/cached.py", line 57, in get_template
    template = super().get_template(template_name, skip)
  File "/opt/anaconda3/envs/aps/lib/python3.10/site-packages/django/template/loaders/base.py", line 28, in get_template
    return Template(
  File "/opt/anaconda3/envs/aps/lib/python3.10/site-packages/django/template/base.py", line 154, in __init__
    self.nodelist = self.compile_nodelist()
  File "/opt/anaconda3/envs/aps/lib/python3.10/site-packages/django/template/base.py", line 196, in compile_nodelist
    return parser.parse()
  File "/opt/anaconda3/envs/aps/lib/python3.10/site-packages/django/template/base.py", line 510, in parse
    raise self.error(token, e)
  File "/opt/anaconda3/envs/aps/lib/python3.10/site-packages/django/template/base.py", line 508, in parse
    compiled_result = compile_func(self, token)
  File "/opt/anaconda3/envs/aps/lib/python3.10/site-packages/django/template/loader_tags.py", line 295, in do_extends
    nodelist = parser.parse()
  File "/opt/anaconda3/envs/aps/lib/python3.10/site-packages/django/template/base.py", line 510, in parse
    raise self.error(token, e)
  File "/opt/anaconda3/envs/aps/lib/python3.10/site-packages/django/template/base.py", line 508, in parse
    compiled_result = compile_func(self, token)
  File "/opt/anaconda3/envs/aps/lib/python3.10/site-packages/django/template/loader_tags.py", line 234, in do_block
    nodelist = parser.parse(("endblock",))
  File "/opt/anaconda3/envs/aps/lib/python3.10/site-packages/django/template/base.py", line 510, in parse
    raise self.error(token, e)
  File "/opt/anaconda3/envs/aps/lib/python3.10/site-packages/django/template/base.py", line 508, in parse
    compiled_result = compile_func(self, token)
  File "/opt/anaconda3/envs/aps/lib/python3.10/site-packages/django/template/loader_tags.py", line 234, in do_block
    nodelist = parser.parse(("endblock",))
  File "/opt/anaconda3/envs/aps/lib/python3.10/site-packages/django/template/base.py", line 510, in parse
    raise self.error(token, e)
  File "/opt/anaconda3/envs/aps/lib/python3.10/site-packages/django/template/base.py", line 508, in parse
    compiled_result = compile_func(self, token)
  File "/opt/anaconda3/envs/aps/lib/python3.10/site-packages/django/template/defaulttags.py", line 960, in do_if
    condition = TemplateIfParser(parser, bits).parse()
  File "/opt/anaconda3/envs/aps/lib/python3.10/site-packages/django/template/defaulttags.py", line 893, in __init__
    super().__init__(*args, **kwargs)
  File "/opt/anaconda3/envs/aps/lib/python3.10/site-packages/django/template/smartif.py", line 171, in __init__
    mapped_tokens.append(self.translate_token(token))
  File "/opt/anaconda3/envs/aps/lib/python3.10/site-packages/django/template/smartif.py", line 182, in translate_token
    return self.create_var(token)
  File "/opt/anaconda3/envs/aps/lib/python3.10/site-packages/django/template/defaulttags.py", line 896, in create_var
    return TemplateLiteral(self.template_parser.compile_filter(value), value)
  File "/opt/anaconda3/envs/aps/lib/python3.10/site-packages/django/template/base.py", line 597, in compile_filter
    return FilterExpression(token, self)
  File "/opt/anaconda3/envs/aps/lib/python3.10/site-packages/django/template/base.py", line 698, in __init__
    raise TemplateSyntaxError(
django.template.exceptions.TemplateSyntaxError: Could not parse the remainder: '=""="true"' from 'filter_form.is_active.value=""="true"'

During handling of the above exception, another exception occurred:

Traceback (most recent call last):
  File "/opt/anaconda3/envs/aps/lib/python3.10/site-packages/django/template/smartif.py", line 180, in translate_token
    op = OPERATORS[token]
KeyError: 'filter_form.is_active.value=""="true"'

During handling of the above exception, another exception occurred:

Traceback (most recent call last):
  File "/opt/anaconda3/envs/aps/lib/python3.10/site-packages/django/core/handlers/exception.py", line 55, in inner
    response = get_response(request)
  File "/opt/anaconda3/envs/aps/lib/python3.10/site-packages/django/core/handlers/base.py", line 197, in _get_response
    response = wrapped_callback(request, *callback_args, **callback_kwargs)
  File "/opt/anaconda3/envs/aps/lib/python3.10/site-packages/django/contrib/auth/decorators.py", line 23, in _wrapper_view
    return view_func(request, *args, **kwargs)
  File "/Users/harshalsmac/WORK/ardur/ardurPeopleSoft/trueAlign/shift/decorators.py", line 53, in wrapper_func
    return view_func(request, *args, **kwargs)
  File "/Users/harshalsmac/WORK/ardur/ardurPeopleSoft/trueAlign/shift/views.py", line 79, in wrapper
    result = func(request, *args, **kwargs)
  File "/Users/harshalsmac/WORK/ardur/ardurPeopleSoft/trueAlign/shift/views.py", line 306, in shift_list
    return render(request, 'shift/shift_list.html', {'error': True})
  File "/opt/anaconda3/envs/aps/lib/python3.10/site-packages/django/shortcuts.py", line 25, in render
    content = loader.render_to_string(template_name, context, request, using=using)
  File "/opt/anaconda3/envs/aps/lib/python3.10/site-packages/django/template/loader.py", line 61, in render_to_string
    template = get_template(template_name, using=using)
  File "/opt/anaconda3/envs/aps/lib/python3.10/site-packages/django/template/loader.py", line 15, in get_template
    return engine.get_template(template_name)
  File "/opt/anaconda3/envs/aps/lib/python3.10/site-packages/django/template/backends/django.py", line 33, in get_template
    return Template(self.engine.get_template(template_name), self)
  File "/opt/anaconda3/envs/aps/lib/python3.10/site-packages/django/template/engine.py", line 177, in get_template
    template, origin = self.find_template(template_name)
  File "/opt/anaconda3/envs/aps/lib/python3.10/site-packages/django/template/engine.py", line 159, in find_template
    template = loader.get_template(name, skip=skip)
  File "/opt/anaconda3/envs/aps/lib/python3.10/site-packages/django/template/loaders/cached.py", line 57, in get_template
    template = super().get_template(template_name, skip)
  File "/opt/anaconda3/envs/aps/lib/python3.10/site-packages/django/template/loaders/base.py", line 28, in get_template
    return Template(
  File "/opt/anaconda3/envs/aps/lib/python3.10/site-packages/django/template/base.py", line 154, in __init__
    self.nodelist = self.compile_nodelist()
  File "/opt/anaconda3/envs/aps/lib/python3.10/site-packages/django/template/base.py", line 196, in compile_nodelist
    return parser.parse()
  File "/opt/anaconda3/envs/aps/lib/python3.10/site-packages/django/template/base.py", line 510, in parse
    raise self.error(token, e)
  File "/opt/anaconda3/envs/aps/lib/python3.10/site-packages/django/template/base.py", line 508, in parse
    compiled_result = compile_func(self, token)
  File "/opt/anaconda3/envs/aps/lib/python3.10/site-packages/django/template/loader_tags.py", line 295, in do_extends
    nodelist = parser.parse()
  File "/opt/anaconda3/envs/aps/lib/python3.10/site-packages/django/template/base.py", line 510, in parse
    raise self.error(token, e)
  File "/opt/anaconda3/envs/aps/lib/python3.10/site-packages/django/template/base.py", line 508, in parse
    compiled_result = compile_func(self, token)
  File "/opt/anaconda3/envs/aps/lib/python3.10/site-packages/django/template/loader_tags.py", line 234, in do_block
    nodelist = parser.parse(("endblock",))
  File "/opt/anaconda3/envs/aps/lib/python3.10/site-packages/django/template/base.py", line 510, in parse
    raise self.error(token, e)
  File "/opt/anaconda3/envs/aps/lib/python3.10/site-packages/django/template/base.py", line 508, in parse
    compiled_result = compile_func(self, token)
  File "/opt/anaconda3/envs/aps/lib/python3.10/site-packages/django/template/loader_tags.py", line 234, in do_block
    nodelist = parser.parse(("endblock",))
  File "/opt/anaconda3/envs/aps/lib/python3.10/site-packages/django/template/base.py", line 510, in parse
    raise self.error(token, e)
  File "/opt/anaconda3/envs/aps/lib/python3.10/site-packages/django/template/base.py", line 508, in parse
    compiled_result = compile_func(self, token)
  File "/opt/anaconda3/envs/aps/lib/python3.10/site-packages/django/template/defaulttags.py", line 960, in do_if
    condition = TemplateIfParser(parser, bits).parse()
  File "/opt/anaconda3/envs/aps/lib/python3.10/site-packages/django/template/defaulttags.py", line 893, in __init__
    super().__init__(*args, **kwargs)
  File "/opt/anaconda3/envs/aps/lib/python3.10/site-packages/django/template/smartif.py", line 171, in __init__
    mapped_tokens.append(self.translate_token(token))
  File "/opt/anaconda3/envs/aps/lib/python3.10/site-packages/django/template/smartif.py", line 182, in translate_token
    return self.create_var(token)
  File "/opt/anaconda3/envs/aps/lib/python3.10/site-packages/django/template/defaulttags.py", line 896, in create_var
    return TemplateLiteral(self.template_parser.compile_filter(value), value)
  File "/opt/anaconda3/envs/aps/lib/python3.10/site-packages/django/template/base.py", line 597, in compile_filter
    return FilterExpression(token, self)
  File "/opt/anaconda3/envs/aps/lib/python3.10/site-packages/django/template/base.py", line 698, in __init__
    raise TemplateSyntaxError(
django.template.exceptions.TemplateSyntaxError: Could not parse the remainder: '=""="true"' from 'filter_form.is_active.value=""="true"'
[2025-06-29 13:07:03] ERROR - django.request - log_response:241 - Internal Server Error: /shift/shifts/
Traceback (most recent call last):
  File "/opt/anaconda3/envs/aps/lib/python3.10/site-packages/django/template/base.py", line 502, in parse
    compile_func = self.tags[command]
KeyError: 'endfor'

During handling of the above exception, another exception occurred:

Traceback (most recent call last):
  File "/Users/harshalsmac/WORK/ardur/ardurPeopleSoft/trueAlign/shift/views.py", line 301, in shift_list
    return render(request, 'shift/shift_list.html', context)
  File "/opt/anaconda3/envs/aps/lib/python3.10/site-packages/django/shortcuts.py", line 25, in render
    content = loader.render_to_string(template_name, context, request, using=using)
  File "/opt/anaconda3/envs/aps/lib/python3.10/site-packages/django/template/loader.py", line 61, in render_to_string
    template = get_template(template_name, using=using)
  File "/opt/anaconda3/envs/aps/lib/python3.10/site-packages/django/template/loader.py", line 15, in get_template
    return engine.get_template(template_name)
  File "/opt/anaconda3/envs/aps/lib/python3.10/site-packages/django/template/backends/django.py", line 33, in get_template
    return Template(self.engine.get_template(template_name), self)
  File "/opt/anaconda3/envs/aps/lib/python3.10/site-packages/django/template/engine.py", line 177, in get_template
    template, origin = self.find_template(template_name)
  File "/opt/anaconda3/envs/aps/lib/python3.10/site-packages/django/template/engine.py", line 159, in find_template
    template = loader.get_template(name, skip=skip)
  File "/opt/anaconda3/envs/aps/lib/python3.10/site-packages/django/template/loaders/cached.py", line 57, in get_template
    template = super().get_template(template_name, skip)
  File "/opt/anaconda3/envs/aps/lib/python3.10/site-packages/django/template/loaders/base.py", line 28, in get_template
    return Template(
  File "/opt/anaconda3/envs/aps/lib/python3.10/site-packages/django/template/base.py", line 154, in __init__
    self.nodelist = self.compile_nodelist()
  File "/opt/anaconda3/envs/aps/lib/python3.10/site-packages/django/template/base.py", line 196, in compile_nodelist
    return parser.parse()
  File "/opt/anaconda3/envs/aps/lib/python3.10/site-packages/django/template/base.py", line 510, in parse
    raise self.error(token, e)
  File "/opt/anaconda3/envs/aps/lib/python3.10/site-packages/django/template/base.py", line 508, in parse
    compiled_result = compile_func(self, token)
  File "/opt/anaconda3/envs/aps/lib/python3.10/site-packages/django/template/loader_tags.py", line 295, in do_extends
    nodelist = parser.parse()
  File "/opt/anaconda3/envs/aps/lib/python3.10/site-packages/django/template/base.py", line 510, in parse
    raise self.error(token, e)
  File "/opt/anaconda3/envs/aps/lib/python3.10/site-packages/django/template/base.py", line 508, in parse
    compiled_result = compile_func(self, token)
  File "/opt/anaconda3/envs/aps/lib/python3.10/site-packages/django/template/loader_tags.py", line 234, in do_block
    nodelist = parser.parse(("endblock",))
  File "/opt/anaconda3/envs/aps/lib/python3.10/site-packages/django/template/base.py", line 510, in parse
    raise self.error(token, e)
  File "/opt/anaconda3/envs/aps/lib/python3.10/site-packages/django/template/base.py", line 508, in parse
    compiled_result = compile_func(self, token)
  File "/opt/anaconda3/envs/aps/lib/python3.10/site-packages/django/template/loader_tags.py", line 234, in do_block
    nodelist = parser.parse(("endblock",))
  File "/opt/anaconda3/envs/aps/lib/python3.10/site-packages/django/template/base.py", line 510, in parse
    raise self.error(token, e)
  File "/opt/anaconda3/envs/aps/lib/python3.10/site-packages/django/template/base.py", line 508, in parse
    compiled_result = compile_func(self, token)
  File "/opt/anaconda3/envs/aps/lib/python3.10/site-packages/django/template/defaulttags.py", line 961, in do_if
    nodelist = parser.parse(("elif", "else", "endif"))
  File "/opt/anaconda3/envs/aps/lib/python3.10/site-packages/django/template/base.py", line 510, in parse
    raise self.error(token, e)
  File "/opt/anaconda3/envs/aps/lib/python3.10/site-packages/django/template/base.py", line 508, in parse
    compiled_result = compile_func(self, token)
  File "/opt/anaconda3/envs/aps/lib/python3.10/site-packages/django/template/defaulttags.py", line 961, in do_if
    nodelist = parser.parse(("elif", "else", "endif"))
  File "/opt/anaconda3/envs/aps/lib/python3.10/site-packages/django/template/base.py", line 510, in parse
    raise self.error(token, e)
  File "/opt/anaconda3/envs/aps/lib/python3.10/site-packages/django/template/base.py", line 508, in parse
    compiled_result = compile_func(self, token)
  File "/opt/anaconda3/envs/aps/lib/python3.10/site-packages/django/template/defaulttags.py", line 961, in do_if
    nodelist = parser.parse(("elif", "else", "endif"))
  File "/opt/anaconda3/envs/aps/lib/python3.10/site-packages/django/template/base.py", line 504, in parse
    self.invalid_block_tag(token, command, parse_until)
  File "/opt/anaconda3/envs/aps/lib/python3.10/site-packages/django/template/base.py", line 555, in invalid_block_tag
    raise self.error(
django.template.exceptions.TemplateSyntaxError: Invalid block tag on line 423: 'endfor', expected 'elif', 'else' or 'endif'. Did you forget to register or load this tag?

During handling of the above exception, another exception occurred:

Traceback (most recent call last):
  File "/opt/anaconda3/envs/aps/lib/python3.10/site-packages/django/template/base.py", line 502, in parse
    compile_func = self.tags[command]
KeyError: 'endfor'

During handling of the above exception, another exception occurred:

Traceback (most recent call last):
  File "/opt/anaconda3/envs/aps/lib/python3.10/site-packages/django/core/handlers/exception.py", line 55, in inner
    response = get_response(request)
  File "/opt/anaconda3/envs/aps/lib/python3.10/site-packages/django/core/handlers/base.py", line 197, in _get_response
    response = wrapped_callback(request, *callback_args, **callback_kwargs)
  File "/opt/anaconda3/envs/aps/lib/python3.10/site-packages/django/contrib/auth/decorators.py", line 23, in _wrapper_view
    return view_func(request, *args, **kwargs)
  File "/Users/harshalsmac/WORK/ardur/ardurPeopleSoft/trueAlign/shift/decorators.py", line 53, in wrapper_func
    return view_func(request, *args, **kwargs)
  File "/Users/harshalsmac/WORK/ardur/ardurPeopleSoft/trueAlign/shift/views.py", line 79, in wrapper
    result = func(request, *args, **kwargs)
  File "/Users/harshalsmac/WORK/ardur/ardurPeopleSoft/trueAlign/shift/views.py", line 306, in shift_list
    return render(request, 'shift/shift_list.html', {'error': True})
  File "/opt/anaconda3/envs/aps/lib/python3.10/site-packages/django/shortcuts.py", line 25, in render
    content = loader.render_to_string(template_name, context, request, using=using)
  File "/opt/anaconda3/envs/aps/lib/python3.10/site-packages/django/template/loader.py", line 61, in render_to_string
    template = get_template(template_name, using=using)
  File "/opt/anaconda3/envs/aps/lib/python3.10/site-packages/django/template/loader.py", line 15, in get_template
    return engine.get_template(template_name)
  File "/opt/anaconda3/envs/aps/lib/python3.10/site-packages/django/template/backends/django.py", line 33, in get_template
    return Template(self.engine.get_template(template_name), self)
  File "/opt/anaconda3/envs/aps/lib/python3.10/site-packages/django/template/engine.py", line 177, in get_template
    template, origin = self.find_template(template_name)
  File "/opt/anaconda3/envs/aps/lib/python3.10/site-packages/django/template/engine.py", line 159, in find_template
    template = loader.get_template(name, skip=skip)
  File "/opt/anaconda3/envs/aps/lib/python3.10/site-packages/django/template/loaders/cached.py", line 57, in get_template
    template = super().get_template(template_name, skip)
  File "/opt/anaconda3/envs/aps/lib/python3.10/site-packages/django/template/loaders/base.py", line 28, in get_template
    return Template(
  File "/opt/anaconda3/envs/aps/lib/python3.10/site-packages/django/template/base.py", line 154, in __init__
    self.nodelist = self.compile_nodelist()
  File "/opt/anaconda3/envs/aps/lib/python3.10/site-packages/django/template/base.py", line 196, in compile_nodelist
    return parser.parse()
  File "/opt/anaconda3/envs/aps/lib/python3.10/site-packages/django/template/base.py", line 510, in parse
    raise self.error(token, e)
  File "/opt/anaconda3/envs/aps/lib/python3.10/site-packages/django/template/base.py", line 508, in parse
    compiled_result = compile_func(self, token)
  File "/opt/anaconda3/envs/aps/lib/python3.10/site-packages/django/template/loader_tags.py", line 295, in do_extends
    nodelist = parser.parse()
  File "/opt/anaconda3/envs/aps/lib/python3.10/site-packages/django/template/base.py", line 510, in parse
    raise self.error(token, e)
  File "/opt/anaconda3/envs/aps/lib/python3.10/site-packages/django/template/base.py", line 508, in parse
    compiled_result = compile_func(self, token)
  File "/opt/anaconda3/envs/aps/lib/python3.10/site-packages/django/template/loader_tags.py", line 234, in do_block
    nodelist = parser.parse(("endblock",))
  File "/opt/anaconda3/envs/aps/lib/python3.10/site-packages/django/template/base.py", line 510, in parse
    raise self.error(token, e)
  File "/opt/anaconda3/envs/aps/lib/python3.10/site-packages/django/template/base.py", line 508, in parse
    compiled_result = compile_func(self, token)
  File "/opt/anaconda3/envs/aps/lib/python3.10/site-packages/django/template/loader_tags.py", line 234, in do_block
    nodelist = parser.parse(("endblock",))
  File "/opt/anaconda3/envs/aps/lib/python3.10/site-packages/django/template/base.py", line 510, in parse
    raise self.error(token, e)
  File "/opt/anaconda3/envs/aps/lib/python3.10/site-packages/django/template/base.py", line 508, in parse
    compiled_result = compile_func(self, token)
  File "/opt/anaconda3/envs/aps/lib/python3.10/site-packages/django/template/defaulttags.py", line 961, in do_if
    nodelist = parser.parse(("elif", "else", "endif"))
  File "/opt/anaconda3/envs/aps/lib/python3.10/site-packages/django/template/base.py", line 510, in parse
    raise self.error(token, e)
  File "/opt/anaconda3/envs/aps/lib/python3.10/site-packages/django/template/base.py", line 508, in parse
    compiled_result = compile_func(self, token)
  File "/opt/anaconda3/envs/aps/lib/python3.10/site-packages/django/template/defaulttags.py", line 961, in do_if
    nodelist = parser.parse(("elif", "else", "endif"))
  File "/opt/anaconda3/envs/aps/lib/python3.10/site-packages/django/template/base.py", line 510, in parse
    raise self.error(token, e)
  File "/opt/anaconda3/envs/aps/lib/python3.10/site-packages/django/template/base.py", line 508, in parse
    compiled_result = compile_func(self, token)
  File "/opt/anaconda3/envs/aps/lib/python3.10/site-packages/django/template/defaulttags.py", line 961, in do_if
    nodelist = parser.parse(("elif", "else", "endif"))
  File "/opt/anaconda3/envs/aps/lib/python3.10/site-packages/django/template/base.py", line 504, in parse
    self.invalid_block_tag(token, command, parse_until)
  File "/opt/anaconda3/envs/aps/lib/python3.10/site-packages/django/template/base.py", line 555, in invalid_block_tag
    raise self.error(
django.template.exceptions.TemplateSyntaxError: Invalid block tag on line 423: 'endfor', expected 'elif', 'else' or 'endif'. Did you forget to register or load this tag?
[2025-06-29 13:07:24] ERROR - django.request - log_response:241 - Internal Server Error: /shift/shifts/
Traceback (most recent call last):
  File "/opt/anaconda3/envs/aps/lib/python3.10/site-packages/django/template/base.py", line 502, in parse
    compile_func = self.tags[command]
KeyError: 'endblock'

During handling of the above exception, another exception occurred:

Traceback (most recent call last):
  File "/Users/harshalsmac/WORK/ardur/ardurPeopleSoft/trueAlign/shift/views.py", line 301, in shift_list
    return render(request, 'shift/shift_list.html', context)
  File "/opt/anaconda3/envs/aps/lib/python3.10/site-packages/django/shortcuts.py", line 25, in render
    content = loader.render_to_string(template_name, context, request, using=using)
  File "/opt/anaconda3/envs/aps/lib/python3.10/site-packages/django/template/loader.py", line 61, in render_to_string
    template = get_template(template_name, using=using)
  File "/opt/anaconda3/envs/aps/lib/python3.10/site-packages/django/template/loader.py", line 15, in get_template
    return engine.get_template(template_name)
  File "/opt/anaconda3/envs/aps/lib/python3.10/site-packages/django/template/backends/django.py", line 33, in get_template
    return Template(self.engine.get_template(template_name), self)
  File "/opt/anaconda3/envs/aps/lib/python3.10/site-packages/django/template/engine.py", line 177, in get_template
    template, origin = self.find_template(template_name)
  File "/opt/anaconda3/envs/aps/lib/python3.10/site-packages/django/template/engine.py", line 159, in find_template
    template = loader.get_template(name, skip=skip)
  File "/opt/anaconda3/envs/aps/lib/python3.10/site-packages/django/template/loaders/cached.py", line 57, in get_template
    template = super().get_template(template_name, skip)
  File "/opt/anaconda3/envs/aps/lib/python3.10/site-packages/django/template/loaders/base.py", line 28, in get_template
    return Template(
  File "/opt/anaconda3/envs/aps/lib/python3.10/site-packages/django/template/base.py", line 154, in __init__
    self.nodelist = self.compile_nodelist()
  File "/opt/anaconda3/envs/aps/lib/python3.10/site-packages/django/template/base.py", line 196, in compile_nodelist
    return parser.parse()
  File "/opt/anaconda3/envs/aps/lib/python3.10/site-packages/django/template/base.py", line 510, in parse
    raise self.error(token, e)
  File "/opt/anaconda3/envs/aps/lib/python3.10/site-packages/django/template/base.py", line 508, in parse
    compiled_result = compile_func(self, token)
  File "/opt/anaconda3/envs/aps/lib/python3.10/site-packages/django/template/loader_tags.py", line 295, in do_extends
    nodelist = parser.parse()
  File "/opt/anaconda3/envs/aps/lib/python3.10/site-packages/django/template/base.py", line 510, in parse
    raise self.error(token, e)
  File "/opt/anaconda3/envs/aps/lib/python3.10/site-packages/django/template/base.py", line 508, in parse
    compiled_result = compile_func(self, token)
  File "/opt/anaconda3/envs/aps/lib/python3.10/site-packages/django/template/loader_tags.py", line 234, in do_block
    nodelist = parser.parse(("endblock",))
  File "/opt/anaconda3/envs/aps/lib/python3.10/site-packages/django/template/base.py", line 510, in parse
    raise self.error(token, e)
  File "/opt/anaconda3/envs/aps/lib/python3.10/site-packages/django/template/base.py", line 508, in parse
    compiled_result = compile_func(self, token)
  File "/opt/anaconda3/envs/aps/lib/python3.10/site-packages/django/template/loader_tags.py", line 234, in do_block
    nodelist = parser.parse(("endblock",))
  File "/opt/anaconda3/envs/aps/lib/python3.10/site-packages/django/template/base.py", line 510, in parse
    raise self.error(token, e)
  File "/opt/anaconda3/envs/aps/lib/python3.10/site-packages/django/template/base.py", line 508, in parse
    compiled_result = compile_func(self, token)
  File "/opt/anaconda3/envs/aps/lib/python3.10/site-packages/django/template/defaulttags.py", line 961, in do_if
    nodelist = parser.parse(("elif", "else", "endif"))
  File "/opt/anaconda3/envs/aps/lib/python3.10/site-packages/django/template/base.py", line 510, in parse
    raise self.error(token, e)
  File "/opt/anaconda3/envs/aps/lib/python3.10/site-packages/django/template/base.py", line 508, in parse
    compiled_result = compile_func(self, token)
  File "/opt/anaconda3/envs/aps/lib/python3.10/site-packages/django/template/defaulttags.py", line 961, in do_if
    nodelist = parser.parse(("elif", "else", "endif"))
  File "/opt/anaconda3/envs/aps/lib/python3.10/site-packages/django/template/base.py", line 504, in parse
    self.invalid_block_tag(token, command, parse_until)
  File "/opt/anaconda3/envs/aps/lib/python3.10/site-packages/django/template/base.py", line 555, in invalid_block_tag
    raise self.error(
django.template.exceptions.TemplateSyntaxError: Invalid block tag on line 471: 'endblock', expected 'elif', 'else' or 'endif'. Did you forget to register or load this tag?

During handling of the above exception, another exception occurred:

Traceback (most recent call last):
  File "/opt/anaconda3/envs/aps/lib/python3.10/site-packages/django/template/base.py", line 502, in parse
    compile_func = self.tags[command]
KeyError: 'endblock'

During handling of the above exception, another exception occurred:

Traceback (most recent call last):
  File "/opt/anaconda3/envs/aps/lib/python3.10/site-packages/django/core/handlers/exception.py", line 55, in inner
    response = get_response(request)
  File "/opt/anaconda3/envs/aps/lib/python3.10/site-packages/django/core/handlers/base.py", line 197, in _get_response
    response = wrapped_callback(request, *callback_args, **callback_kwargs)
  File "/opt/anaconda3/envs/aps/lib/python3.10/site-packages/django/contrib/auth/decorators.py", line 23, in _wrapper_view
    return view_func(request, *args, **kwargs)
  File "/Users/harshalsmac/WORK/ardur/ardurPeopleSoft/trueAlign/shift/decorators.py", line 53, in wrapper_func
    return view_func(request, *args, **kwargs)
  File "/Users/harshalsmac/WORK/ardur/ardurPeopleSoft/trueAlign/shift/views.py", line 79, in wrapper
    result = func(request, *args, **kwargs)
  File "/Users/harshalsmac/WORK/ardur/ardurPeopleSoft/trueAlign/shift/views.py", line 306, in shift_list
    return render(request, 'shift/shift_list.html', {'error': True})
  File "/opt/anaconda3/envs/aps/lib/python3.10/site-packages/django/shortcuts.py", line 25, in render
    content = loader.render_to_string(template_name, context, request, using=using)
  File "/opt/anaconda3/envs/aps/lib/python3.10/site-packages/django/template/loader.py", line 61, in render_to_string
    template = get_template(template_name, using=using)
  File "/opt/anaconda3/envs/aps/lib/python3.10/site-packages/django/template/loader.py", line 15, in get_template
    return engine.get_template(template_name)
  File "/opt/anaconda3/envs/aps/lib/python3.10/site-packages/django/template/backends/django.py", line 33, in get_template
    return Template(self.engine.get_template(template_name), self)
  File "/opt/anaconda3/envs/aps/lib/python3.10/site-packages/django/template/engine.py", line 177, in get_template
    template, origin = self.find_template(template_name)
  File "/opt/anaconda3/envs/aps/lib/python3.10/site-packages/django/template/engine.py", line 159, in find_template
    template = loader.get_template(name, skip=skip)
  File "/opt/anaconda3/envs/aps/lib/python3.10/site-packages/django/template/loaders/cached.py", line 57, in get_template
    template = super().get_template(template_name, skip)
  File "/opt/anaconda3/envs/aps/lib/python3.10/site-packages/django/template/loaders/base.py", line 28, in get_template
    return Template(
  File "/opt/anaconda3/envs/aps/lib/python3.10/site-packages/django/template/base.py", line 154, in __init__
    self.nodelist = self.compile_nodelist()
  File "/opt/anaconda3/envs/aps/lib/python3.10/site-packages/django/template/base.py", line 196, in compile_nodelist
    return parser.parse()
  File "/opt/anaconda3/envs/aps/lib/python3.10/site-packages/django/template/base.py", line 510, in parse
    raise self.error(token, e)
  File "/opt/anaconda3/envs/aps/lib/python3.10/site-packages/django/template/base.py", line 508, in parse
    compiled_result = compile_func(self, token)
  File "/opt/anaconda3/envs/aps/lib/python3.10/site-packages/django/template/loader_tags.py", line 295, in do_extends
    nodelist = parser.parse()
  File "/opt/anaconda3/envs/aps/lib/python3.10/site-packages/django/template/base.py", line 510, in parse
    raise self.error(token, e)
  File "/opt/anaconda3/envs/aps/lib/python3.10/site-packages/django/template/base.py", line 508, in parse
    compiled_result = compile_func(self, token)
  File "/opt/anaconda3/envs/aps/lib/python3.10/site-packages/django/template/loader_tags.py", line 234, in do_block
    nodelist = parser.parse(("endblock",))
  File "/opt/anaconda3/envs/aps/lib/python3.10/site-packages/django/template/base.py", line 510, in parse
    raise self.error(token, e)
  File "/opt/anaconda3/envs/aps/lib/python3.10/site-packages/django/template/base.py", line 508, in parse
    compiled_result = compile_func(self, token)
  File "/opt/anaconda3/envs/aps/lib/python3.10/site-packages/django/template/loader_tags.py", line 234, in do_block
    nodelist = parser.parse(("endblock",))
  File "/opt/anaconda3/envs/aps/lib/python3.10/site-packages/django/template/base.py", line 510, in parse
    raise self.error(token, e)
  File "/opt/anaconda3/envs/aps/lib/python3.10/site-packages/django/template/base.py", line 508, in parse
    compiled_result = compile_func(self, token)
  File "/opt/anaconda3/envs/aps/lib/python3.10/site-packages/django/template/defaulttags.py", line 961, in do_if
    nodelist = parser.parse(("elif", "else", "endif"))
  File "/opt/anaconda3/envs/aps/lib/python3.10/site-packages/django/template/base.py", line 510, in parse
    raise self.error(token, e)
  File "/opt/anaconda3/envs/aps/lib/python3.10/site-packages/django/template/base.py", line 508, in parse
    compiled_result = compile_func(self, token)
  File "/opt/anaconda3/envs/aps/lib/python3.10/site-packages/django/template/defaulttags.py", line 961, in do_if
    nodelist = parser.parse(("elif", "else", "endif"))
  File "/opt/anaconda3/envs/aps/lib/python3.10/site-packages/django/template/base.py", line 504, in parse
    self.invalid_block_tag(token, command, parse_until)
  File "/opt/anaconda3/envs/aps/lib/python3.10/site-packages/django/template/base.py", line 555, in invalid_block_tag
    raise self.error(
django.template.exceptions.TemplateSyntaxError: Invalid block tag on line 471: 'endblock', expected 'elif', 'else' or 'endif'. Did you forget to register or load this tag?
[2025-06-29 13:07:45] ERROR - django.request - log_response:241 - Internal Server Error: /shift/shifts/
Traceback (most recent call last):
  File "/opt/anaconda3/envs/aps/lib/python3.10/site-packages/django/template/base.py", line 502, in parse
    compile_func = self.tags[command]
KeyError: 'endblock'

During handling of the above exception, another exception occurred:

Traceback (most recent call last):
  File "/Users/harshalsmac/WORK/ardur/ardurPeopleSoft/trueAlign/shift/views.py", line 301, in shift_list
    return render(request, 'shift/shift_list.html', context)
  File "/opt/anaconda3/envs/aps/lib/python3.10/site-packages/django/shortcuts.py", line 25, in render
    content = loader.render_to_string(template_name, context, request, using=using)
  File "/opt/anaconda3/envs/aps/lib/python3.10/site-packages/django/template/loader.py", line 61, in render_to_string
    template = get_template(template_name, using=using)
  File "/opt/anaconda3/envs/aps/lib/python3.10/site-packages/django/template/loader.py", line 15, in get_template
    return engine.get_template(template_name)
  File "/opt/anaconda3/envs/aps/lib/python3.10/site-packages/django/template/backends/django.py", line 33, in get_template
    return Template(self.engine.get_template(template_name), self)
  File "/opt/anaconda3/envs/aps/lib/python3.10/site-packages/django/template/engine.py", line 177, in get_template
    template, origin = self.find_template(template_name)
  File "/opt/anaconda3/envs/aps/lib/python3.10/site-packages/django/template/engine.py", line 159, in find_template
    template = loader.get_template(name, skip=skip)
  File "/opt/anaconda3/envs/aps/lib/python3.10/site-packages/django/template/loaders/cached.py", line 57, in get_template
    template = super().get_template(template_name, skip)
  File "/opt/anaconda3/envs/aps/lib/python3.10/site-packages/django/template/loaders/base.py", line 28, in get_template
    return Template(
  File "/opt/anaconda3/envs/aps/lib/python3.10/site-packages/django/template/base.py", line 154, in __init__
    self.nodelist = self.compile_nodelist()
  File "/opt/anaconda3/envs/aps/lib/python3.10/site-packages/django/template/base.py", line 196, in compile_nodelist
    return parser.parse()
  File "/opt/anaconda3/envs/aps/lib/python3.10/site-packages/django/template/base.py", line 510, in parse
    raise self.error(token, e)
  File "/opt/anaconda3/envs/aps/lib/python3.10/site-packages/django/template/base.py", line 508, in parse
    compiled_result = compile_func(self, token)
  File "/opt/anaconda3/envs/aps/lib/python3.10/site-packages/django/template/loader_tags.py", line 295, in do_extends
    nodelist = parser.parse()
  File "/opt/anaconda3/envs/aps/lib/python3.10/site-packages/django/template/base.py", line 510, in parse
    raise self.error(token, e)
  File "/opt/anaconda3/envs/aps/lib/python3.10/site-packages/django/template/base.py", line 508, in parse
    compiled_result = compile_func(self, token)
  File "/opt/anaconda3/envs/aps/lib/python3.10/site-packages/django/template/loader_tags.py", line 234, in do_block
    nodelist = parser.parse(("endblock",))
  File "/opt/anaconda3/envs/aps/lib/python3.10/site-packages/django/template/base.py", line 510, in parse
    raise self.error(token, e)
  File "/opt/anaconda3/envs/aps/lib/python3.10/site-packages/django/template/base.py", line 508, in parse
    compiled_result = compile_func(self, token)
  File "/opt/anaconda3/envs/aps/lib/python3.10/site-packages/django/template/loader_tags.py", line 234, in do_block
    nodelist = parser.parse(("endblock",))
  File "/opt/anaconda3/envs/aps/lib/python3.10/site-packages/django/template/base.py", line 510, in parse
    raise self.error(token, e)
  File "/opt/anaconda3/envs/aps/lib/python3.10/site-packages/django/template/base.py", line 508, in parse
    compiled_result = compile_func(self, token)
  File "/opt/anaconda3/envs/aps/lib/python3.10/site-packages/django/template/defaulttags.py", line 961, in do_if
    nodelist = parser.parse(("elif", "else", "endif"))
  File "/opt/anaconda3/envs/aps/lib/python3.10/site-packages/django/template/base.py", line 510, in parse
    raise self.error(token, e)
  File "/opt/anaconda3/envs/aps/lib/python3.10/site-packages/django/template/base.py", line 508, in parse
    compiled_result = compile_func(self, token)
  File "/opt/anaconda3/envs/aps/lib/python3.10/site-packages/django/template/defaulttags.py", line 961, in do_if
    nodelist = parser.parse(("elif", "else", "endif"))
  File "/opt/anaconda3/envs/aps/lib/python3.10/site-packages/django/template/base.py", line 504, in parse
    self.invalid_block_tag(token, command, parse_until)
  File "/opt/anaconda3/envs/aps/lib/python3.10/site-packages/django/template/base.py", line 555, in invalid_block_tag
    raise self.error(
django.template.exceptions.TemplateSyntaxError: Invalid block tag on line 470: 'endblock', expected 'elif', 'else' or 'endif'. Did you forget to register or load this tag?

During handling of the above exception, another exception occurred:

Traceback (most recent call last):
  File "/opt/anaconda3/envs/aps/lib/python3.10/site-packages/django/template/base.py", line 502, in parse
    compile_func = self.tags[command]
KeyError: 'endblock'

During handling of the above exception, another exception occurred:

Traceback (most recent call last):
  File "/opt/anaconda3/envs/aps/lib/python3.10/site-packages/django/core/handlers/exception.py", line 55, in inner
    response = get_response(request)
  File "/opt/anaconda3/envs/aps/lib/python3.10/site-packages/django/core/handlers/base.py", line 197, in _get_response
    response = wrapped_callback(request, *callback_args, **callback_kwargs)
  File "/opt/anaconda3/envs/aps/lib/python3.10/site-packages/django/contrib/auth/decorators.py", line 23, in _wrapper_view
    return view_func(request, *args, **kwargs)
  File "/Users/harshalsmac/WORK/ardur/ardurPeopleSoft/trueAlign/shift/decorators.py", line 53, in wrapper_func
    return view_func(request, *args, **kwargs)
  File "/Users/harshalsmac/WORK/ardur/ardurPeopleSoft/trueAlign/shift/views.py", line 79, in wrapper
    result = func(request, *args, **kwargs)
  File "/Users/harshalsmac/WORK/ardur/ardurPeopleSoft/trueAlign/shift/views.py", line 306, in shift_list
    return render(request, 'shift/shift_list.html', {'error': True})
  File "/opt/anaconda3/envs/aps/lib/python3.10/site-packages/django/shortcuts.py", line 25, in render
    content = loader.render_to_string(template_name, context, request, using=using)
  File "/opt/anaconda3/envs/aps/lib/python3.10/site-packages/django/template/loader.py", line 61, in render_to_string
    template = get_template(template_name, using=using)
  File "/opt/anaconda3/envs/aps/lib/python3.10/site-packages/django/template/loader.py", line 15, in get_template
    return engine.get_template(template_name)
  File "/opt/anaconda3/envs/aps/lib/python3.10/site-packages/django/template/backends/django.py", line 33, in get_template
    return Template(self.engine.get_template(template_name), self)
  File "/opt/anaconda3/envs/aps/lib/python3.10/site-packages/django/template/engine.py", line 177, in get_template
    template, origin = self.find_template(template_name)
  File "/opt/anaconda3/envs/aps/lib/python3.10/site-packages/django/template/engine.py", line 159, in find_template
    template = loader.get_template(name, skip=skip)
  File "/opt/anaconda3/envs/aps/lib/python3.10/site-packages/django/template/loaders/cached.py", line 57, in get_template
    template = super().get_template(template_name, skip)
  File "/opt/anaconda3/envs/aps/lib/python3.10/site-packages/django/template/loaders/base.py", line 28, in get_template
    return Template(
  File "/opt/anaconda3/envs/aps/lib/python3.10/site-packages/django/template/base.py", line 154, in __init__
    self.nodelist = self.compile_nodelist()
  File "/opt/anaconda3/envs/aps/lib/python3.10/site-packages/django/template/base.py", line 196, in compile_nodelist
    return parser.parse()
  File "/opt/anaconda3/envs/aps/lib/python3.10/site-packages/django/template/base.py", line 510, in parse
    raise self.error(token, e)
  File "/opt/anaconda3/envs/aps/lib/python3.10/site-packages/django/template/base.py", line 508, in parse
    compiled_result = compile_func(self, token)
  File "/opt/anaconda3/envs/aps/lib/python3.10/site-packages/django/template/loader_tags.py", line 295, in do_extends
    nodelist = parser.parse()
  File "/opt/anaconda3/envs/aps/lib/python3.10/site-packages/django/template/base.py", line 510, in parse
    raise self.error(token, e)
  File "/opt/anaconda3/envs/aps/lib/python3.10/site-packages/django/template/base.py", line 508, in parse
    compiled_result = compile_func(self, token)
  File "/opt/anaconda3/envs/aps/lib/python3.10/site-packages/django/template/loader_tags.py", line 234, in do_block
    nodelist = parser.parse(("endblock",))
  File "/opt/anaconda3/envs/aps/lib/python3.10/site-packages/django/template/base.py", line 510, in parse
    raise self.error(token, e)
  File "/opt/anaconda3/envs/aps/lib/python3.10/site-packages/django/template/base.py", line 508, in parse
    compiled_result = compile_func(self, token)
  File "/opt/anaconda3/envs/aps/lib/python3.10/site-packages/django/template/loader_tags.py", line 234, in do_block
    nodelist = parser.parse(("endblock",))
  File "/opt/anaconda3/envs/aps/lib/python3.10/site-packages/django/template/base.py", line 510, in parse
    raise self.error(token, e)
  File "/opt/anaconda3/envs/aps/lib/python3.10/site-packages/django/template/base.py", line 508, in parse
    compiled_result = compile_func(self, token)
  File "/opt/anaconda3/envs/aps/lib/python3.10/site-packages/django/template/defaulttags.py", line 961, in do_if
    nodelist = parser.parse(("elif", "else", "endif"))
  File "/opt/anaconda3/envs/aps/lib/python3.10/site-packages/django/template/base.py", line 510, in parse
    raise self.error(token, e)
  File "/opt/anaconda3/envs/aps/lib/python3.10/site-packages/django/template/base.py", line 508, in parse
    compiled_result = compile_func(self, token)
  File "/opt/anaconda3/envs/aps/lib/python3.10/site-packages/django/template/defaulttags.py", line 961, in do_if
    nodelist = parser.parse(("elif", "else", "endif"))
  File "/opt/anaconda3/envs/aps/lib/python3.10/site-packages/django/template/base.py", line 504, in parse
    self.invalid_block_tag(token, command, parse_until)
  File "/opt/anaconda3/envs/aps/lib/python3.10/site-packages/django/template/base.py", line 555, in invalid_block_tag
    raise self.error(
django.template.exceptions.TemplateSyntaxError: Invalid block tag on line 470: 'endblock', expected 'elif', 'else' or 'endif'. Did you forget to register or load this tag?
[2025-06-29 13:07:52] ERROR - django.request - log_response:241 - Internal Server Error: /shift/shifts/
Traceback (most recent call last):
  File "/opt/anaconda3/envs/aps/lib/python3.10/site-packages/django/template/base.py", line 502, in parse
    compile_func = self.tags[command]
KeyError: 'endblock'

During handling of the above exception, another exception occurred:

Traceback (most recent call last):
  File "/Users/harshalsmac/WORK/ardur/ardurPeopleSoft/trueAlign/shift/views.py", line 301, in shift_list
    return render(request, 'shift/shift_list.html', context)
  File "/opt/anaconda3/envs/aps/lib/python3.10/site-packages/django/shortcuts.py", line 25, in render
    content = loader.render_to_string(template_name, context, request, using=using)
  File "/opt/anaconda3/envs/aps/lib/python3.10/site-packages/django/template/loader.py", line 61, in render_to_string
    template = get_template(template_name, using=using)
  File "/opt/anaconda3/envs/aps/lib/python3.10/site-packages/django/template/loader.py", line 15, in get_template
    return engine.get_template(template_name)
  File "/opt/anaconda3/envs/aps/lib/python3.10/site-packages/django/template/backends/django.py", line 33, in get_template
    return Template(self.engine.get_template(template_name), self)
  File "/opt/anaconda3/envs/aps/lib/python3.10/site-packages/django/template/engine.py", line 177, in get_template
    template, origin = self.find_template(template_name)
  File "/opt/anaconda3/envs/aps/lib/python3.10/site-packages/django/template/engine.py", line 159, in find_template
    template = loader.get_template(name, skip=skip)
  File "/opt/anaconda3/envs/aps/lib/python3.10/site-packages/django/template/loaders/cached.py", line 57, in get_template
    template = super().get_template(template_name, skip)
  File "/opt/anaconda3/envs/aps/lib/python3.10/site-packages/django/template/loaders/base.py", line 28, in get_template
    return Template(
  File "/opt/anaconda3/envs/aps/lib/python3.10/site-packages/django/template/base.py", line 154, in __init__
    self.nodelist = self.compile_nodelist()
  File "/opt/anaconda3/envs/aps/lib/python3.10/site-packages/django/template/base.py", line 196, in compile_nodelist
    return parser.parse()
  File "/opt/anaconda3/envs/aps/lib/python3.10/site-packages/django/template/base.py", line 510, in parse
    raise self.error(token, e)
  File "/opt/anaconda3/envs/aps/lib/python3.10/site-packages/django/template/base.py", line 508, in parse
    compiled_result = compile_func(self, token)
  File "/opt/anaconda3/envs/aps/lib/python3.10/site-packages/django/template/loader_tags.py", line 295, in do_extends
    nodelist = parser.parse()
  File "/opt/anaconda3/envs/aps/lib/python3.10/site-packages/django/template/base.py", line 510, in parse
    raise self.error(token, e)
  File "/opt/anaconda3/envs/aps/lib/python3.10/site-packages/django/template/base.py", line 508, in parse
    compiled_result = compile_func(self, token)
  File "/opt/anaconda3/envs/aps/lib/python3.10/site-packages/django/template/loader_tags.py", line 234, in do_block
    nodelist = parser.parse(("endblock",))
  File "/opt/anaconda3/envs/aps/lib/python3.10/site-packages/django/template/base.py", line 510, in parse
    raise self.error(token, e)
  File "/opt/anaconda3/envs/aps/lib/python3.10/site-packages/django/template/base.py", line 508, in parse
    compiled_result = compile_func(self, token)
  File "/opt/anaconda3/envs/aps/lib/python3.10/site-packages/django/template/loader_tags.py", line 234, in do_block
    nodelist = parser.parse(("endblock",))
  File "/opt/anaconda3/envs/aps/lib/python3.10/site-packages/django/template/base.py", line 510, in parse
    raise self.error(token, e)
  File "/opt/anaconda3/envs/aps/lib/python3.10/site-packages/django/template/base.py", line 508, in parse
    compiled_result = compile_func(self, token)
  File "/opt/anaconda3/envs/aps/lib/python3.10/site-packages/django/template/defaulttags.py", line 961, in do_if
    nodelist = parser.parse(("elif", "else", "endif"))
  File "/opt/anaconda3/envs/aps/lib/python3.10/site-packages/django/template/base.py", line 510, in parse
    raise self.error(token, e)
  File "/opt/anaconda3/envs/aps/lib/python3.10/site-packages/django/template/base.py", line 508, in parse
    compiled_result = compile_func(self, token)
  File "/opt/anaconda3/envs/aps/lib/python3.10/site-packages/django/template/defaulttags.py", line 961, in do_if
    nodelist = parser.parse(("elif", "else", "endif"))
  File "/opt/anaconda3/envs/aps/lib/python3.10/site-packages/django/template/base.py", line 504, in parse
    self.invalid_block_tag(token, command, parse_until)
  File "/opt/anaconda3/envs/aps/lib/python3.10/site-packages/django/template/base.py", line 555, in invalid_block_tag
    raise self.error(
django.template.exceptions.TemplateSyntaxError: Invalid block tag on line 470: 'endblock', expected 'elif', 'else' or 'endif'. Did you forget to register or load this tag?

During handling of the above exception, another exception occurred:

Traceback (most recent call last):
  File "/opt/anaconda3/envs/aps/lib/python3.10/site-packages/django/template/base.py", line 502, in parse
    compile_func = self.tags[command]
KeyError: 'endblock'

During handling of the above exception, another exception occurred:

Traceback (most recent call last):
  File "/opt/anaconda3/envs/aps/lib/python3.10/site-packages/django/core/handlers/exception.py", line 55, in inner
    response = get_response(request)
  File "/opt/anaconda3/envs/aps/lib/python3.10/site-packages/django/core/handlers/base.py", line 197, in _get_response
    response = wrapped_callback(request, *callback_args, **callback_kwargs)
  File "/opt/anaconda3/envs/aps/lib/python3.10/site-packages/django/contrib/auth/decorators.py", line 23, in _wrapper_view
    return view_func(request, *args, **kwargs)
  File "/Users/harshalsmac/WORK/ardur/ardurPeopleSoft/trueAlign/shift/decorators.py", line 53, in wrapper_func
    return view_func(request, *args, **kwargs)
  File "/Users/harshalsmac/WORK/ardur/ardurPeopleSoft/trueAlign/shift/views.py", line 79, in wrapper
    result = func(request, *args, **kwargs)
  File "/Users/harshalsmac/WORK/ardur/ardurPeopleSoft/trueAlign/shift/views.py", line 306, in shift_list
    return render(request, 'shift/shift_list.html', {'error': True})
  File "/opt/anaconda3/envs/aps/lib/python3.10/site-packages/django/shortcuts.py", line 25, in render
    content = loader.render_to_string(template_name, context, request, using=using)
  File "/opt/anaconda3/envs/aps/lib/python3.10/site-packages/django/template/loader.py", line 61, in render_to_string
    template = get_template(template_name, using=using)
  File "/opt/anaconda3/envs/aps/lib/python3.10/site-packages/django/template/loader.py", line 15, in get_template
    return engine.get_template(template_name)
  File "/opt/anaconda3/envs/aps/lib/python3.10/site-packages/django/template/backends/django.py", line 33, in get_template
    return Template(self.engine.get_template(template_name), self)
  File "/opt/anaconda3/envs/aps/lib/python3.10/site-packages/django/template/engine.py", line 177, in get_template
    template, origin = self.find_template(template_name)
  File "/opt/anaconda3/envs/aps/lib/python3.10/site-packages/django/template/engine.py", line 159, in find_template
    template = loader.get_template(name, skip=skip)
  File "/opt/anaconda3/envs/aps/lib/python3.10/site-packages/django/template/loaders/cached.py", line 57, in get_template
    template = super().get_template(template_name, skip)
  File "/opt/anaconda3/envs/aps/lib/python3.10/site-packages/django/template/loaders/base.py", line 28, in get_template
    return Template(
  File "/opt/anaconda3/envs/aps/lib/python3.10/site-packages/django/template/base.py", line 154, in __init__
    self.nodelist = self.compile_nodelist()
  File "/opt/anaconda3/envs/aps/lib/python3.10/site-packages/django/template/base.py", line 196, in compile_nodelist
    return parser.parse()
  File "/opt/anaconda3/envs/aps/lib/python3.10/site-packages/django/template/base.py", line 510, in parse
    raise self.error(token, e)
  File "/opt/anaconda3/envs/aps/lib/python3.10/site-packages/django/template/base.py", line 508, in parse
    compiled_result = compile_func(self, token)
  File "/opt/anaconda3/envs/aps/lib/python3.10/site-packages/django/template/loader_tags.py", line 295, in do_extends
    nodelist = parser.parse()
  File "/opt/anaconda3/envs/aps/lib/python3.10/site-packages/django/template/base.py", line 510, in parse
    raise self.error(token, e)
  File "/opt/anaconda3/envs/aps/lib/python3.10/site-packages/django/template/base.py", line 508, in parse
    compiled_result = compile_func(self, token)
  File "/opt/anaconda3/envs/aps/lib/python3.10/site-packages/django/template/loader_tags.py", line 234, in do_block
    nodelist = parser.parse(("endblock",))
  File "/opt/anaconda3/envs/aps/lib/python3.10/site-packages/django/template/base.py", line 510, in parse
    raise self.error(token, e)
  File "/opt/anaconda3/envs/aps/lib/python3.10/site-packages/django/template/base.py", line 508, in parse
    compiled_result = compile_func(self, token)
  File "/opt/anaconda3/envs/aps/lib/python3.10/site-packages/django/template/loader_tags.py", line 234, in do_block
    nodelist = parser.parse(("endblock",))
  File "/opt/anaconda3/envs/aps/lib/python3.10/site-packages/django/template/base.py", line 510, in parse
    raise self.error(token, e)
  File "/opt/anaconda3/envs/aps/lib/python3.10/site-packages/django/template/base.py", line 508, in parse
    compiled_result = compile_func(self, token)
  File "/opt/anaconda3/envs/aps/lib/python3.10/site-packages/django/template/defaulttags.py", line 961, in do_if
    nodelist = parser.parse(("elif", "else", "endif"))
  File "/opt/anaconda3/envs/aps/lib/python3.10/site-packages/django/template/base.py", line 510, in parse
    raise self.error(token, e)
  File "/opt/anaconda3/envs/aps/lib/python3.10/site-packages/django/template/base.py", line 508, in parse
    compiled_result = compile_func(self, token)
  File "/opt/anaconda3/envs/aps/lib/python3.10/site-packages/django/template/defaulttags.py", line 961, in do_if
    nodelist = parser.parse(("elif", "else", "endif"))
  File "/opt/anaconda3/envs/aps/lib/python3.10/site-packages/django/template/base.py", line 504, in parse
    self.invalid_block_tag(token, command, parse_until)
  File "/opt/anaconda3/envs/aps/lib/python3.10/site-packages/django/template/base.py", line 555, in invalid_block_tag
    raise self.error(
django.template.exceptions.TemplateSyntaxError: Invalid block tag on line 470: 'endblock', expected 'elif', 'else' or 'endif'. Did you forget to register or load this tag?
[2025-06-29 13:11:40] ERROR - django.request - log_response:241 - Internal Server Error: /shift/shifts/
Traceback (most recent call last):
  File "/opt/anaconda3/envs/aps/lib/python3.10/site-packages/django/template/base.py", line 502, in parse
    compile_func = self.tags[command]
KeyError: 'endblock'

During handling of the above exception, another exception occurred:

Traceback (most recent call last):
  File "/Users/harshalsmac/WORK/ardur/ardurPeopleSoft/trueAlign/shift/views.py", line 301, in shift_list
    return render(request, 'shift/shift_list.html', context)
  File "/opt/anaconda3/envs/aps/lib/python3.10/site-packages/django/shortcuts.py", line 25, in render
    content = loader.render_to_string(template_name, context, request, using=using)
  File "/opt/anaconda3/envs/aps/lib/python3.10/site-packages/django/template/loader.py", line 61, in render_to_string
    template = get_template(template_name, using=using)
  File "/opt/anaconda3/envs/aps/lib/python3.10/site-packages/django/template/loader.py", line 15, in get_template
    return engine.get_template(template_name)
  File "/opt/anaconda3/envs/aps/lib/python3.10/site-packages/django/template/backends/django.py", line 33, in get_template
    return Template(self.engine.get_template(template_name), self)
  File "/opt/anaconda3/envs/aps/lib/python3.10/site-packages/django/template/engine.py", line 177, in get_template
    template, origin = self.find_template(template_name)
  File "/opt/anaconda3/envs/aps/lib/python3.10/site-packages/django/template/engine.py", line 159, in find_template
    template = loader.get_template(name, skip=skip)
  File "/opt/anaconda3/envs/aps/lib/python3.10/site-packages/django/template/loaders/cached.py", line 57, in get_template
    template = super().get_template(template_name, skip)
  File "/opt/anaconda3/envs/aps/lib/python3.10/site-packages/django/template/loaders/base.py", line 28, in get_template
    return Template(
  File "/opt/anaconda3/envs/aps/lib/python3.10/site-packages/django/template/base.py", line 154, in __init__
    self.nodelist = self.compile_nodelist()
  File "/opt/anaconda3/envs/aps/lib/python3.10/site-packages/django/template/base.py", line 196, in compile_nodelist
    return parser.parse()
  File "/opt/anaconda3/envs/aps/lib/python3.10/site-packages/django/template/base.py", line 510, in parse
    raise self.error(token, e)
  File "/opt/anaconda3/envs/aps/lib/python3.10/site-packages/django/template/base.py", line 508, in parse
    compiled_result = compile_func(self, token)
  File "/opt/anaconda3/envs/aps/lib/python3.10/site-packages/django/template/loader_tags.py", line 295, in do_extends
    nodelist = parser.parse()
  File "/opt/anaconda3/envs/aps/lib/python3.10/site-packages/django/template/base.py", line 510, in parse
    raise self.error(token, e)
  File "/opt/anaconda3/envs/aps/lib/python3.10/site-packages/django/template/base.py", line 508, in parse
    compiled_result = compile_func(self, token)
  File "/opt/anaconda3/envs/aps/lib/python3.10/site-packages/django/template/loader_tags.py", line 234, in do_block
    nodelist = parser.parse(("endblock",))
  File "/opt/anaconda3/envs/aps/lib/python3.10/site-packages/django/template/base.py", line 510, in parse
    raise self.error(token, e)
  File "/opt/anaconda3/envs/aps/lib/python3.10/site-packages/django/template/base.py", line 508, in parse
    compiled_result = compile_func(self, token)
  File "/opt/anaconda3/envs/aps/lib/python3.10/site-packages/django/template/loader_tags.py", line 234, in do_block
    nodelist = parser.parse(("endblock",))
  File "/opt/anaconda3/envs/aps/lib/python3.10/site-packages/django/template/base.py", line 510, in parse
    raise self.error(token, e)
  File "/opt/anaconda3/envs/aps/lib/python3.10/site-packages/django/template/base.py", line 508, in parse
    compiled_result = compile_func(self, token)
  File "/opt/anaconda3/envs/aps/lib/python3.10/site-packages/django/template/defaulttags.py", line 961, in do_if
    nodelist = parser.parse(("elif", "else", "endif"))
  File "/opt/anaconda3/envs/aps/lib/python3.10/site-packages/django/template/base.py", line 510, in parse
    raise self.error(token, e)
  File "/opt/anaconda3/envs/aps/lib/python3.10/site-packages/django/template/base.py", line 508, in parse
    compiled_result = compile_func(self, token)
  File "/opt/anaconda3/envs/aps/lib/python3.10/site-packages/django/template/defaulttags.py", line 961, in do_if
    nodelist = parser.parse(("elif", "else", "endif"))
  File "/opt/anaconda3/envs/aps/lib/python3.10/site-packages/django/template/base.py", line 510, in parse
    raise self.error(token, e)
  File "/opt/anaconda3/envs/aps/lib/python3.10/site-packages/django/template/base.py", line 508, in parse
    compiled_result = compile_func(self, token)
  File "/opt/anaconda3/envs/aps/lib/python3.10/site-packages/django/template/defaulttags.py", line 961, in do_if
    nodelist = parser.parse(("elif", "else", "endif"))
  File "/opt/anaconda3/envs/aps/lib/python3.10/site-packages/django/template/base.py", line 504, in parse
    self.invalid_block_tag(token, command, parse_until)
  File "/opt/anaconda3/envs/aps/lib/python3.10/site-packages/django/template/base.py", line 555, in invalid_block_tag
    raise self.error(
django.template.exceptions.TemplateSyntaxError: Invalid block tag on line 471: 'endblock', expected 'elif', 'else' or 'endif'. Did you forget to register or load this tag?

During handling of the above exception, another exception occurred:

Traceback (most recent call last):
  File "/opt/anaconda3/envs/aps/lib/python3.10/site-packages/django/template/base.py", line 502, in parse
    compile_func = self.tags[command]
KeyError: 'endblock'

During handling of the above exception, another exception occurred:

Traceback (most recent call last):
  File "/opt/anaconda3/envs/aps/lib/python3.10/site-packages/django/core/handlers/exception.py", line 55, in inner
    response = get_response(request)
  File "/opt/anaconda3/envs/aps/lib/python3.10/site-packages/django/core/handlers/base.py", line 197, in _get_response
    response = wrapped_callback(request, *callback_args, **callback_kwargs)
  File "/opt/anaconda3/envs/aps/lib/python3.10/site-packages/django/contrib/auth/decorators.py", line 23, in _wrapper_view
    return view_func(request, *args, **kwargs)
  File "/Users/harshalsmac/WORK/ardur/ardurPeopleSoft/trueAlign/shift/decorators.py", line 53, in wrapper_func
    return view_func(request, *args, **kwargs)
  File "/Users/harshalsmac/WORK/ardur/ardurPeopleSoft/trueAlign/shift/views.py", line 79, in wrapper
    result = func(request, *args, **kwargs)
  File "/Users/harshalsmac/WORK/ardur/ardurPeopleSoft/trueAlign/shift/views.py", line 306, in shift_list
    return render(request, 'shift/shift_list.html', {'error': True})
  File "/opt/anaconda3/envs/aps/lib/python3.10/site-packages/django/shortcuts.py", line 25, in render
    content = loader.render_to_string(template_name, context, request, using=using)
  File "/opt/anaconda3/envs/aps/lib/python3.10/site-packages/django/template/loader.py", line 61, in render_to_string
    template = get_template(template_name, using=using)
  File "/opt/anaconda3/envs/aps/lib/python3.10/site-packages/django/template/loader.py", line 15, in get_template
    return engine.get_template(template_name)
  File "/opt/anaconda3/envs/aps/lib/python3.10/site-packages/django/template/backends/django.py", line 33, in get_template
    return Template(self.engine.get_template(template_name), self)
  File "/opt/anaconda3/envs/aps/lib/python3.10/site-packages/django/template/engine.py", line 177, in get_template
    template, origin = self.find_template(template_name)
  File "/opt/anaconda3/envs/aps/lib/python3.10/site-packages/django/template/engine.py", line 159, in find_template
    template = loader.get_template(name, skip=skip)
  File "/opt/anaconda3/envs/aps/lib/python3.10/site-packages/django/template/loaders/cached.py", line 57, in get_template
    template = super().get_template(template_name, skip)
  File "/opt/anaconda3/envs/aps/lib/python3.10/site-packages/django/template/loaders/base.py", line 28, in get_template
    return Template(
  File "/opt/anaconda3/envs/aps/lib/python3.10/site-packages/django/template/base.py", line 154, in __init__
    self.nodelist = self.compile_nodelist()
  File "/opt/anaconda3/envs/aps/lib/python3.10/site-packages/django/template/base.py", line 196, in compile_nodelist
    return parser.parse()
  File "/opt/anaconda3/envs/aps/lib/python3.10/site-packages/django/template/base.py", line 510, in parse
    raise self.error(token, e)
  File "/opt/anaconda3/envs/aps/lib/python3.10/site-packages/django/template/base.py", line 508, in parse
    compiled_result = compile_func(self, token)
  File "/opt/anaconda3/envs/aps/lib/python3.10/site-packages/django/template/loader_tags.py", line 295, in do_extends
    nodelist = parser.parse()
  File "/opt/anaconda3/envs/aps/lib/python3.10/site-packages/django/template/base.py", line 510, in parse
    raise self.error(token, e)
  File "/opt/anaconda3/envs/aps/lib/python3.10/site-packages/django/template/base.py", line 508, in parse
    compiled_result = compile_func(self, token)
  File "/opt/anaconda3/envs/aps/lib/python3.10/site-packages/django/template/loader_tags.py", line 234, in do_block
    nodelist = parser.parse(("endblock",))
  File "/opt/anaconda3/envs/aps/lib/python3.10/site-packages/django/template/base.py", line 510, in parse
    raise self.error(token, e)
  File "/opt/anaconda3/envs/aps/lib/python3.10/site-packages/django/template/base.py", line 508, in parse
    compiled_result = compile_func(self, token)
  File "/opt/anaconda3/envs/aps/lib/python3.10/site-packages/django/template/loader_tags.py", line 234, in do_block
    nodelist = parser.parse(("endblock",))
  File "/opt/anaconda3/envs/aps/lib/python3.10/site-packages/django/template/base.py", line 510, in parse
    raise self.error(token, e)
  File "/opt/anaconda3/envs/aps/lib/python3.10/site-packages/django/template/base.py", line 508, in parse
    compiled_result = compile_func(self, token)
  File "/opt/anaconda3/envs/aps/lib/python3.10/site-packages/django/template/defaulttags.py", line 961, in do_if
    nodelist = parser.parse(("elif", "else", "endif"))
  File "/opt/anaconda3/envs/aps/lib/python3.10/site-packages/django/template/base.py", line 510, in parse
    raise self.error(token, e)
  File "/opt/anaconda3/envs/aps/lib/python3.10/site-packages/django/template/base.py", line 508, in parse
    compiled_result = compile_func(self, token)
  File "/opt/anaconda3/envs/aps/lib/python3.10/site-packages/django/template/defaulttags.py", line 961, in do_if
    nodelist = parser.parse(("elif", "else", "endif"))
  File "/opt/anaconda3/envs/aps/lib/python3.10/site-packages/django/template/base.py", line 510, in parse
    raise self.error(token, e)
  File "/opt/anaconda3/envs/aps/lib/python3.10/site-packages/django/template/base.py", line 508, in parse
    compiled_result = compile_func(self, token)
  File "/opt/anaconda3/envs/aps/lib/python3.10/site-packages/django/template/defaulttags.py", line 961, in do_if
    nodelist = parser.parse(("elif", "else", "endif"))
  File "/opt/anaconda3/envs/aps/lib/python3.10/site-packages/django/template/base.py", line 504, in parse
    self.invalid_block_tag(token, command, parse_until)
  File "/opt/anaconda3/envs/aps/lib/python3.10/site-packages/django/template/base.py", line 555, in invalid_block_tag
    raise self.error(
django.template.exceptions.TemplateSyntaxError: Invalid block tag on line 471: 'endblock', expected 'elif', 'else' or 'endif'. Did you forget to register or load this tag?
[2025-06-29 13:11:42] ERROR - django.request - log_response:241 - Internal Server Error: /shift/shifts/
Traceback (most recent call last):
  File "/opt/anaconda3/envs/aps/lib/python3.10/site-packages/django/template/base.py", line 502, in parse
    compile_func = self.tags[command]
KeyError: 'endblock'

During handling of the above exception, another exception occurred:

Traceback (most recent call last):
  File "/Users/harshalsmac/WORK/ardur/ardurPeopleSoft/trueAlign/shift/views.py", line 301, in shift_list
    return render(request, 'shift/shift_list.html', context)
  File "/opt/anaconda3/envs/aps/lib/python3.10/site-packages/django/shortcuts.py", line 25, in render
    content = loader.render_to_string(template_name, context, request, using=using)
  File "/opt/anaconda3/envs/aps/lib/python3.10/site-packages/django/template/loader.py", line 61, in render_to_string
    template = get_template(template_name, using=using)
  File "/opt/anaconda3/envs/aps/lib/python3.10/site-packages/django/template/loader.py", line 15, in get_template
    return engine.get_template(template_name)
  File "/opt/anaconda3/envs/aps/lib/python3.10/site-packages/django/template/backends/django.py", line 33, in get_template
    return Template(self.engine.get_template(template_name), self)
  File "/opt/anaconda3/envs/aps/lib/python3.10/site-packages/django/template/engine.py", line 177, in get_template
    template, origin = self.find_template(template_name)
  File "/opt/anaconda3/envs/aps/lib/python3.10/site-packages/django/template/engine.py", line 159, in find_template
    template = loader.get_template(name, skip=skip)
  File "/opt/anaconda3/envs/aps/lib/python3.10/site-packages/django/template/loaders/cached.py", line 57, in get_template
    template = super().get_template(template_name, skip)
  File "/opt/anaconda3/envs/aps/lib/python3.10/site-packages/django/template/loaders/base.py", line 28, in get_template
    return Template(
  File "/opt/anaconda3/envs/aps/lib/python3.10/site-packages/django/template/base.py", line 154, in __init__
    self.nodelist = self.compile_nodelist()
  File "/opt/anaconda3/envs/aps/lib/python3.10/site-packages/django/template/base.py", line 196, in compile_nodelist
    return parser.parse()
  File "/opt/anaconda3/envs/aps/lib/python3.10/site-packages/django/template/base.py", line 510, in parse
    raise self.error(token, e)
  File "/opt/anaconda3/envs/aps/lib/python3.10/site-packages/django/template/base.py", line 508, in parse
    compiled_result = compile_func(self, token)
  File "/opt/anaconda3/envs/aps/lib/python3.10/site-packages/django/template/loader_tags.py", line 295, in do_extends
    nodelist = parser.parse()
  File "/opt/anaconda3/envs/aps/lib/python3.10/site-packages/django/template/base.py", line 510, in parse
    raise self.error(token, e)
  File "/opt/anaconda3/envs/aps/lib/python3.10/site-packages/django/template/base.py", line 508, in parse
    compiled_result = compile_func(self, token)
  File "/opt/anaconda3/envs/aps/lib/python3.10/site-packages/django/template/loader_tags.py", line 234, in do_block
    nodelist = parser.parse(("endblock",))
  File "/opt/anaconda3/envs/aps/lib/python3.10/site-packages/django/template/base.py", line 510, in parse
    raise self.error(token, e)
  File "/opt/anaconda3/envs/aps/lib/python3.10/site-packages/django/template/base.py", line 508, in parse
    compiled_result = compile_func(self, token)
  File "/opt/anaconda3/envs/aps/lib/python3.10/site-packages/django/template/loader_tags.py", line 234, in do_block
    nodelist = parser.parse(("endblock",))
  File "/opt/anaconda3/envs/aps/lib/python3.10/site-packages/django/template/base.py", line 510, in parse
    raise self.error(token, e)
  File "/opt/anaconda3/envs/aps/lib/python3.10/site-packages/django/template/base.py", line 508, in parse
    compiled_result = compile_func(self, token)
  File "/opt/anaconda3/envs/aps/lib/python3.10/site-packages/django/template/defaulttags.py", line 961, in do_if
    nodelist = parser.parse(("elif", "else", "endif"))
  File "/opt/anaconda3/envs/aps/lib/python3.10/site-packages/django/template/base.py", line 510, in parse
    raise self.error(token, e)
  File "/opt/anaconda3/envs/aps/lib/python3.10/site-packages/django/template/base.py", line 508, in parse
    compiled_result = compile_func(self, token)
  File "/opt/anaconda3/envs/aps/lib/python3.10/site-packages/django/template/defaulttags.py", line 961, in do_if
    nodelist = parser.parse(("elif", "else", "endif"))
  File "/opt/anaconda3/envs/aps/lib/python3.10/site-packages/django/template/base.py", line 510, in parse
    raise self.error(token, e)
  File "/opt/anaconda3/envs/aps/lib/python3.10/site-packages/django/template/base.py", line 508, in parse
    compiled_result = compile_func(self, token)
  File "/opt/anaconda3/envs/aps/lib/python3.10/site-packages/django/template/defaulttags.py", line 961, in do_if
    nodelist = parser.parse(("elif", "else", "endif"))
  File "/opt/anaconda3/envs/aps/lib/python3.10/site-packages/django/template/base.py", line 504, in parse
    self.invalid_block_tag(token, command, parse_until)
  File "/opt/anaconda3/envs/aps/lib/python3.10/site-packages/django/template/base.py", line 555, in invalid_block_tag
    raise self.error(
django.template.exceptions.TemplateSyntaxError: Invalid block tag on line 471: 'endblock', expected 'elif', 'else' or 'endif'. Did you forget to register or load this tag?

During handling of the above exception, another exception occurred:

Traceback (most recent call last):
  File "/opt/anaconda3/envs/aps/lib/python3.10/site-packages/django/template/base.py", line 502, in parse
    compile_func = self.tags[command]
KeyError: 'endblock'

During handling of the above exception, another exception occurred:

Traceback (most recent call last):
  File "/opt/anaconda3/envs/aps/lib/python3.10/site-packages/django/core/handlers/exception.py", line 55, in inner
    response = get_response(request)
  File "/opt/anaconda3/envs/aps/lib/python3.10/site-packages/django/core/handlers/base.py", line 197, in _get_response
    response = wrapped_callback(request, *callback_args, **callback_kwargs)
  File "/opt/anaconda3/envs/aps/lib/python3.10/site-packages/django/contrib/auth/decorators.py", line 23, in _wrapper_view
    return view_func(request, *args, **kwargs)
  File "/Users/harshalsmac/WORK/ardur/ardurPeopleSoft/trueAlign/shift/decorators.py", line 53, in wrapper_func
    return view_func(request, *args, **kwargs)
  File "/Users/harshalsmac/WORK/ardur/ardurPeopleSoft/trueAlign/shift/views.py", line 79, in wrapper
    result = func(request, *args, **kwargs)
  File "/Users/harshalsmac/WORK/ardur/ardurPeopleSoft/trueAlign/shift/views.py", line 306, in shift_list
    return render(request, 'shift/shift_list.html', {'error': True})
  File "/opt/anaconda3/envs/aps/lib/python3.10/site-packages/django/shortcuts.py", line 25, in render
    content = loader.render_to_string(template_name, context, request, using=using)
  File "/opt/anaconda3/envs/aps/lib/python3.10/site-packages/django/template/loader.py", line 61, in render_to_string
    template = get_template(template_name, using=using)
  File "/opt/anaconda3/envs/aps/lib/python3.10/site-packages/django/template/loader.py", line 15, in get_template
    return engine.get_template(template_name)
  File "/opt/anaconda3/envs/aps/lib/python3.10/site-packages/django/template/backends/django.py", line 33, in get_template
    return Template(self.engine.get_template(template_name), self)
  File "/opt/anaconda3/envs/aps/lib/python3.10/site-packages/django/template/engine.py", line 177, in get_template
    template, origin = self.find_template(template_name)
  File "/opt/anaconda3/envs/aps/lib/python3.10/site-packages/django/template/engine.py", line 159, in find_template
    template = loader.get_template(name, skip=skip)
  File "/opt/anaconda3/envs/aps/lib/python3.10/site-packages/django/template/loaders/cached.py", line 57, in get_template
    template = super().get_template(template_name, skip)
  File "/opt/anaconda3/envs/aps/lib/python3.10/site-packages/django/template/loaders/base.py", line 28, in get_template
    return Template(
  File "/opt/anaconda3/envs/aps/lib/python3.10/site-packages/django/template/base.py", line 154, in __init__
    self.nodelist = self.compile_nodelist()
  File "/opt/anaconda3/envs/aps/lib/python3.10/site-packages/django/template/base.py", line 196, in compile_nodelist
    return parser.parse()
  File "/opt/anaconda3/envs/aps/lib/python3.10/site-packages/django/template/base.py", line 510, in parse
    raise self.error(token, e)
  File "/opt/anaconda3/envs/aps/lib/python3.10/site-packages/django/template/base.py", line 508, in parse
    compiled_result = compile_func(self, token)
  File "/opt/anaconda3/envs/aps/lib/python3.10/site-packages/django/template/loader_tags.py", line 295, in do_extends
    nodelist = parser.parse()
  File "/opt/anaconda3/envs/aps/lib/python3.10/site-packages/django/template/base.py", line 510, in parse
    raise self.error(token, e)
  File "/opt/anaconda3/envs/aps/lib/python3.10/site-packages/django/template/base.py", line 508, in parse
    compiled_result = compile_func(self, token)
  File "/opt/anaconda3/envs/aps/lib/python3.10/site-packages/django/template/loader_tags.py", line 234, in do_block
    nodelist = parser.parse(("endblock",))
  File "/opt/anaconda3/envs/aps/lib/python3.10/site-packages/django/template/base.py", line 510, in parse
    raise self.error(token, e)
  File "/opt/anaconda3/envs/aps/lib/python3.10/site-packages/django/template/base.py", line 508, in parse
    compiled_result = compile_func(self, token)
  File "/opt/anaconda3/envs/aps/lib/python3.10/site-packages/django/template/loader_tags.py", line 234, in do_block
    nodelist = parser.parse(("endblock",))
  File "/opt/anaconda3/envs/aps/lib/python3.10/site-packages/django/template/base.py", line 510, in parse
    raise self.error(token, e)
  File "/opt/anaconda3/envs/aps/lib/python3.10/site-packages/django/template/base.py", line 508, in parse
    compiled_result = compile_func(self, token)
  File "/opt/anaconda3/envs/aps/lib/python3.10/site-packages/django/template/defaulttags.py", line 961, in do_if
    nodelist = parser.parse(("elif", "else", "endif"))
  File "/opt/anaconda3/envs/aps/lib/python3.10/site-packages/django/template/base.py", line 510, in parse
    raise self.error(token, e)
  File "/opt/anaconda3/envs/aps/lib/python3.10/site-packages/django/template/base.py", line 508, in parse
    compiled_result = compile_func(self, token)
  File "/opt/anaconda3/envs/aps/lib/python3.10/site-packages/django/template/defaulttags.py", line 961, in do_if
    nodelist = parser.parse(("elif", "else", "endif"))
  File "/opt/anaconda3/envs/aps/lib/python3.10/site-packages/django/template/base.py", line 510, in parse
    raise self.error(token, e)
  File "/opt/anaconda3/envs/aps/lib/python3.10/site-packages/django/template/base.py", line 508, in parse
    compiled_result = compile_func(self, token)
  File "/opt/anaconda3/envs/aps/lib/python3.10/site-packages/django/template/defaulttags.py", line 961, in do_if
    nodelist = parser.parse(("elif", "else", "endif"))
  File "/opt/anaconda3/envs/aps/lib/python3.10/site-packages/django/template/base.py", line 504, in parse
    self.invalid_block_tag(token, command, parse_until)
  File "/opt/anaconda3/envs/aps/lib/python3.10/site-packages/django/template/base.py", line 555, in invalid_block_tag
    raise self.error(
django.template.exceptions.TemplateSyntaxError: Invalid block tag on line 471: 'endblock', expected 'elif', 'else' or 'endif'. Did you forget to register or load this tag?
[2025-06-29 13:12:21] ERROR - django.request - log_response:241 - Internal Server Error: /shift/shifts/
Traceback (most recent call last):
  File "/opt/anaconda3/envs/aps/lib/python3.10/site-packages/django/template/base.py", line 502, in parse
    compile_func = self.tags[command]
KeyError: 'endblock'

During handling of the above exception, another exception occurred:

Traceback (most recent call last):
  File "/Users/harshalsmac/WORK/ardur/ardurPeopleSoft/trueAlign/shift/views.py", line 301, in shift_list
    return render(request, 'shift/shift_list.html', context)
  File "/opt/anaconda3/envs/aps/lib/python3.10/site-packages/django/shortcuts.py", line 25, in render
    content = loader.render_to_string(template_name, context, request, using=using)
  File "/opt/anaconda3/envs/aps/lib/python3.10/site-packages/django/template/loader.py", line 61, in render_to_string
    template = get_template(template_name, using=using)
  File "/opt/anaconda3/envs/aps/lib/python3.10/site-packages/django/template/loader.py", line 15, in get_template
    return engine.get_template(template_name)
  File "/opt/anaconda3/envs/aps/lib/python3.10/site-packages/django/template/backends/django.py", line 33, in get_template
    return Template(self.engine.get_template(template_name), self)
  File "/opt/anaconda3/envs/aps/lib/python3.10/site-packages/django/template/engine.py", line 177, in get_template
    template, origin = self.find_template(template_name)
  File "/opt/anaconda3/envs/aps/lib/python3.10/site-packages/django/template/engine.py", line 159, in find_template
    template = loader.get_template(name, skip=skip)
  File "/opt/anaconda3/envs/aps/lib/python3.10/site-packages/django/template/loaders/cached.py", line 57, in get_template
    template = super().get_template(template_name, skip)
  File "/opt/anaconda3/envs/aps/lib/python3.10/site-packages/django/template/loaders/base.py", line 28, in get_template
    return Template(
  File "/opt/anaconda3/envs/aps/lib/python3.10/site-packages/django/template/base.py", line 154, in __init__
    self.nodelist = self.compile_nodelist()
  File "/opt/anaconda3/envs/aps/lib/python3.10/site-packages/django/template/base.py", line 196, in compile_nodelist
    return parser.parse()
  File "/opt/anaconda3/envs/aps/lib/python3.10/site-packages/django/template/base.py", line 510, in parse
    raise self.error(token, e)
  File "/opt/anaconda3/envs/aps/lib/python3.10/site-packages/django/template/base.py", line 508, in parse
    compiled_result = compile_func(self, token)
  File "/opt/anaconda3/envs/aps/lib/python3.10/site-packages/django/template/loader_tags.py", line 295, in do_extends
    nodelist = parser.parse()
  File "/opt/anaconda3/envs/aps/lib/python3.10/site-packages/django/template/base.py", line 510, in parse
    raise self.error(token, e)
  File "/opt/anaconda3/envs/aps/lib/python3.10/site-packages/django/template/base.py", line 508, in parse
    compiled_result = compile_func(self, token)
  File "/opt/anaconda3/envs/aps/lib/python3.10/site-packages/django/template/loader_tags.py", line 234, in do_block
    nodelist = parser.parse(("endblock",))
  File "/opt/anaconda3/envs/aps/lib/python3.10/site-packages/django/template/base.py", line 510, in parse
    raise self.error(token, e)
  File "/opt/anaconda3/envs/aps/lib/python3.10/site-packages/django/template/base.py", line 508, in parse
    compiled_result = compile_func(self, token)
  File "/opt/anaconda3/envs/aps/lib/python3.10/site-packages/django/template/loader_tags.py", line 234, in do_block
    nodelist = parser.parse(("endblock",))
  File "/opt/anaconda3/envs/aps/lib/python3.10/site-packages/django/template/base.py", line 510, in parse
    raise self.error(token, e)
  File "/opt/anaconda3/envs/aps/lib/python3.10/site-packages/django/template/base.py", line 508, in parse
    compiled_result = compile_func(self, token)
  File "/opt/anaconda3/envs/aps/lib/python3.10/site-packages/django/template/defaulttags.py", line 961, in do_if
    nodelist = parser.parse(("elif", "else", "endif"))
  File "/opt/anaconda3/envs/aps/lib/python3.10/site-packages/django/template/base.py", line 510, in parse
    raise self.error(token, e)
  File "/opt/anaconda3/envs/aps/lib/python3.10/site-packages/django/template/base.py", line 508, in parse
    compiled_result = compile_func(self, token)
  File "/opt/anaconda3/envs/aps/lib/python3.10/site-packages/django/template/defaulttags.py", line 961, in do_if
    nodelist = parser.parse(("elif", "else", "endif"))
  File "/opt/anaconda3/envs/aps/lib/python3.10/site-packages/django/template/base.py", line 510, in parse
    raise self.error(token, e)
  File "/opt/anaconda3/envs/aps/lib/python3.10/site-packages/django/template/base.py", line 508, in parse
    compiled_result = compile_func(self, token)
  File "/opt/anaconda3/envs/aps/lib/python3.10/site-packages/django/template/defaulttags.py", line 961, in do_if
    nodelist = parser.parse(("elif", "else", "endif"))
  File "/opt/anaconda3/envs/aps/lib/python3.10/site-packages/django/template/base.py", line 504, in parse
    self.invalid_block_tag(token, command, parse_until)
  File "/opt/anaconda3/envs/aps/lib/python3.10/site-packages/django/template/base.py", line 555, in invalid_block_tag
    raise self.error(
django.template.exceptions.TemplateSyntaxError: Invalid block tag on line 467: 'endblock', expected 'elif', 'else' or 'endif'. Did you forget to register or load this tag?

During handling of the above exception, another exception occurred:

Traceback (most recent call last):
  File "/opt/anaconda3/envs/aps/lib/python3.10/site-packages/django/template/base.py", line 502, in parse
    compile_func = self.tags[command]
KeyError: 'endblock'

During handling of the above exception, another exception occurred:

Traceback (most recent call last):
  File "/opt/anaconda3/envs/aps/lib/python3.10/site-packages/django/core/handlers/exception.py", line 55, in inner
    response = get_response(request)
  File "/opt/anaconda3/envs/aps/lib/python3.10/site-packages/django/core/handlers/base.py", line 197, in _get_response
    response = wrapped_callback(request, *callback_args, **callback_kwargs)
  File "/opt/anaconda3/envs/aps/lib/python3.10/site-packages/django/contrib/auth/decorators.py", line 23, in _wrapper_view
    return view_func(request, *args, **kwargs)
  File "/Users/harshalsmac/WORK/ardur/ardurPeopleSoft/trueAlign/shift/decorators.py", line 53, in wrapper_func
    return view_func(request, *args, **kwargs)
  File "/Users/harshalsmac/WORK/ardur/ardurPeopleSoft/trueAlign/shift/views.py", line 79, in wrapper
    result = func(request, *args, **kwargs)
  File "/Users/harshalsmac/WORK/ardur/ardurPeopleSoft/trueAlign/shift/views.py", line 306, in shift_list
    return render(request, 'shift/shift_list.html', {'error': True})
  File "/opt/anaconda3/envs/aps/lib/python3.10/site-packages/django/shortcuts.py", line 25, in render
    content = loader.render_to_string(template_name, context, request, using=using)
  File "/opt/anaconda3/envs/aps/lib/python3.10/site-packages/django/template/loader.py", line 61, in render_to_string
    template = get_template(template_name, using=using)
  File "/opt/anaconda3/envs/aps/lib/python3.10/site-packages/django/template/loader.py", line 15, in get_template
    return engine.get_template(template_name)
  File "/opt/anaconda3/envs/aps/lib/python3.10/site-packages/django/template/backends/django.py", line 33, in get_template
    return Template(self.engine.get_template(template_name), self)
  File "/opt/anaconda3/envs/aps/lib/python3.10/site-packages/django/template/engine.py", line 177, in get_template
    template, origin = self.find_template(template_name)
  File "/opt/anaconda3/envs/aps/lib/python3.10/site-packages/django/template/engine.py", line 159, in find_template
    template = loader.get_template(name, skip=skip)
  File "/opt/anaconda3/envs/aps/lib/python3.10/site-packages/django/template/loaders/cached.py", line 57, in get_template
    template = super().get_template(template_name, skip)
  File "/opt/anaconda3/envs/aps/lib/python3.10/site-packages/django/template/loaders/base.py", line 28, in get_template
    return Template(
  File "/opt/anaconda3/envs/aps/lib/python3.10/site-packages/django/template/base.py", line 154, in __init__
    self.nodelist = self.compile_nodelist()
  File "/opt/anaconda3/envs/aps/lib/python3.10/site-packages/django/template/base.py", line 196, in compile_nodelist
    return parser.parse()
  File "/opt/anaconda3/envs/aps/lib/python3.10/site-packages/django/template/base.py", line 510, in parse
    raise self.error(token, e)
  File "/opt/anaconda3/envs/aps/lib/python3.10/site-packages/django/template/base.py", line 508, in parse
    compiled_result = compile_func(self, token)
  File "/opt/anaconda3/envs/aps/lib/python3.10/site-packages/django/template/loader_tags.py", line 295, in do_extends
    nodelist = parser.parse()
  File "/opt/anaconda3/envs/aps/lib/python3.10/site-packages/django/template/base.py", line 510, in parse
    raise self.error(token, e)
  File "/opt/anaconda3/envs/aps/lib/python3.10/site-packages/django/template/base.py", line 508, in parse
    compiled_result = compile_func(self, token)
  File "/opt/anaconda3/envs/aps/lib/python3.10/site-packages/django/template/loader_tags.py", line 234, in do_block
    nodelist = parser.parse(("endblock",))
  File "/opt/anaconda3/envs/aps/lib/python3.10/site-packages/django/template/base.py", line 510, in parse
    raise self.error(token, e)
  File "/opt/anaconda3/envs/aps/lib/python3.10/site-packages/django/template/base.py", line 508, in parse
    compiled_result = compile_func(self, token)
  File "/opt/anaconda3/envs/aps/lib/python3.10/site-packages/django/template/loader_tags.py", line 234, in do_block
    nodelist = parser.parse(("endblock",))
  File "/opt/anaconda3/envs/aps/lib/python3.10/site-packages/django/template/base.py", line 510, in parse
    raise self.error(token, e)
  File "/opt/anaconda3/envs/aps/lib/python3.10/site-packages/django/template/base.py", line 508, in parse
    compiled_result = compile_func(self, token)
  File "/opt/anaconda3/envs/aps/lib/python3.10/site-packages/django/template/defaulttags.py", line 961, in do_if
    nodelist = parser.parse(("elif", "else", "endif"))
  File "/opt/anaconda3/envs/aps/lib/python3.10/site-packages/django/template/base.py", line 510, in parse
    raise self.error(token, e)
  File "/opt/anaconda3/envs/aps/lib/python3.10/site-packages/django/template/base.py", line 508, in parse
    compiled_result = compile_func(self, token)
  File "/opt/anaconda3/envs/aps/lib/python3.10/site-packages/django/template/defaulttags.py", line 961, in do_if
    nodelist = parser.parse(("elif", "else", "endif"))
  File "/opt/anaconda3/envs/aps/lib/python3.10/site-packages/django/template/base.py", line 510, in parse
    raise self.error(token, e)
  File "/opt/anaconda3/envs/aps/lib/python3.10/site-packages/django/template/base.py", line 508, in parse
    compiled_result = compile_func(self, token)
  File "/opt/anaconda3/envs/aps/lib/python3.10/site-packages/django/template/defaulttags.py", line 961, in do_if
    nodelist = parser.parse(("elif", "else", "endif"))
  File "/opt/anaconda3/envs/aps/lib/python3.10/site-packages/django/template/base.py", line 504, in parse
    self.invalid_block_tag(token, command, parse_until)
  File "/opt/anaconda3/envs/aps/lib/python3.10/site-packages/django/template/base.py", line 555, in invalid_block_tag
    raise self.error(
django.template.exceptions.TemplateSyntaxError: Invalid block tag on line 467: 'endblock', expected 'elif', 'else' or 'endif'. Did you forget to register or load this tag?
[2025-06-29 13:12:23] ERROR - django.request - log_response:241 - Internal Server Error: /shift/shifts/
Traceback (most recent call last):
  File "/opt/anaconda3/envs/aps/lib/python3.10/site-packages/django/template/base.py", line 502, in parse
    compile_func = self.tags[command]
KeyError: 'endblock'

During handling of the above exception, another exception occurred:

Traceback (most recent call last):
  File "/Users/harshalsmac/WORK/ardur/ardurPeopleSoft/trueAlign/shift/views.py", line 301, in shift_list
    return render(request, 'shift/shift_list.html', context)
  File "/opt/anaconda3/envs/aps/lib/python3.10/site-packages/django/shortcuts.py", line 25, in render
    content = loader.render_to_string(template_name, context, request, using=using)
  File "/opt/anaconda3/envs/aps/lib/python3.10/site-packages/django/template/loader.py", line 61, in render_to_string
    template = get_template(template_name, using=using)
  File "/opt/anaconda3/envs/aps/lib/python3.10/site-packages/django/template/loader.py", line 15, in get_template
    return engine.get_template(template_name)
  File "/opt/anaconda3/envs/aps/lib/python3.10/site-packages/django/template/backends/django.py", line 33, in get_template
    return Template(self.engine.get_template(template_name), self)
  File "/opt/anaconda3/envs/aps/lib/python3.10/site-packages/django/template/engine.py", line 177, in get_template
    template, origin = self.find_template(template_name)
  File "/opt/anaconda3/envs/aps/lib/python3.10/site-packages/django/template/engine.py", line 159, in find_template
    template = loader.get_template(name, skip=skip)
  File "/opt/anaconda3/envs/aps/lib/python3.10/site-packages/django/template/loaders/cached.py", line 57, in get_template
    template = super().get_template(template_name, skip)
  File "/opt/anaconda3/envs/aps/lib/python3.10/site-packages/django/template/loaders/base.py", line 28, in get_template
    return Template(
  File "/opt/anaconda3/envs/aps/lib/python3.10/site-packages/django/template/base.py", line 154, in __init__
    self.nodelist = self.compile_nodelist()
  File "/opt/anaconda3/envs/aps/lib/python3.10/site-packages/django/template/base.py", line 196, in compile_nodelist
    return parser.parse()
  File "/opt/anaconda3/envs/aps/lib/python3.10/site-packages/django/template/base.py", line 510, in parse
    raise self.error(token, e)
  File "/opt/anaconda3/envs/aps/lib/python3.10/site-packages/django/template/base.py", line 508, in parse
    compiled_result = compile_func(self, token)
  File "/opt/anaconda3/envs/aps/lib/python3.10/site-packages/django/template/loader_tags.py", line 295, in do_extends
    nodelist = parser.parse()
  File "/opt/anaconda3/envs/aps/lib/python3.10/site-packages/django/template/base.py", line 510, in parse
    raise self.error(token, e)
  File "/opt/anaconda3/envs/aps/lib/python3.10/site-packages/django/template/base.py", line 508, in parse
    compiled_result = compile_func(self, token)
  File "/opt/anaconda3/envs/aps/lib/python3.10/site-packages/django/template/loader_tags.py", line 234, in do_block
    nodelist = parser.parse(("endblock",))
  File "/opt/anaconda3/envs/aps/lib/python3.10/site-packages/django/template/base.py", line 510, in parse
    raise self.error(token, e)
  File "/opt/anaconda3/envs/aps/lib/python3.10/site-packages/django/template/base.py", line 508, in parse
    compiled_result = compile_func(self, token)
  File "/opt/anaconda3/envs/aps/lib/python3.10/site-packages/django/template/loader_tags.py", line 234, in do_block
    nodelist = parser.parse(("endblock",))
  File "/opt/anaconda3/envs/aps/lib/python3.10/site-packages/django/template/base.py", line 510, in parse
    raise self.error(token, e)
  File "/opt/anaconda3/envs/aps/lib/python3.10/site-packages/django/template/base.py", line 508, in parse
    compiled_result = compile_func(self, token)
  File "/opt/anaconda3/envs/aps/lib/python3.10/site-packages/django/template/defaulttags.py", line 961, in do_if
    nodelist = parser.parse(("elif", "else", "endif"))
  File "/opt/anaconda3/envs/aps/lib/python3.10/site-packages/django/template/base.py", line 510, in parse
    raise self.error(token, e)
  File "/opt/anaconda3/envs/aps/lib/python3.10/site-packages/django/template/base.py", line 508, in parse
    compiled_result = compile_func(self, token)
  File "/opt/anaconda3/envs/aps/lib/python3.10/site-packages/django/template/defaulttags.py", line 961, in do_if
    nodelist = parser.parse(("elif", "else", "endif"))
  File "/opt/anaconda3/envs/aps/lib/python3.10/site-packages/django/template/base.py", line 510, in parse
    raise self.error(token, e)
  File "/opt/anaconda3/envs/aps/lib/python3.10/site-packages/django/template/base.py", line 508, in parse
    compiled_result = compile_func(self, token)
  File "/opt/anaconda3/envs/aps/lib/python3.10/site-packages/django/template/defaulttags.py", line 961, in do_if
    nodelist = parser.parse(("elif", "else", "endif"))
  File "/opt/anaconda3/envs/aps/lib/python3.10/site-packages/django/template/base.py", line 504, in parse
    self.invalid_block_tag(token, command, parse_until)
  File "/opt/anaconda3/envs/aps/lib/python3.10/site-packages/django/template/base.py", line 555, in invalid_block_tag
    raise self.error(
django.template.exceptions.TemplateSyntaxError: Invalid block tag on line 467: 'endblock', expected 'elif', 'else' or 'endif'. Did you forget to register or load this tag?

During handling of the above exception, another exception occurred:

Traceback (most recent call last):
  File "/opt/anaconda3/envs/aps/lib/python3.10/site-packages/django/template/base.py", line 502, in parse
    compile_func = self.tags[command]
KeyError: 'endblock'

During handling of the above exception, another exception occurred:

Traceback (most recent call last):
  File "/opt/anaconda3/envs/aps/lib/python3.10/site-packages/django/core/handlers/exception.py", line 55, in inner
    response = get_response(request)
  File "/opt/anaconda3/envs/aps/lib/python3.10/site-packages/django/core/handlers/base.py", line 197, in _get_response
    response = wrapped_callback(request, *callback_args, **callback_kwargs)
  File "/opt/anaconda3/envs/aps/lib/python3.10/site-packages/django/contrib/auth/decorators.py", line 23, in _wrapper_view
    return view_func(request, *args, **kwargs)
  File "/Users/harshalsmac/WORK/ardur/ardurPeopleSoft/trueAlign/shift/decorators.py", line 53, in wrapper_func
    return view_func(request, *args, **kwargs)
  File "/Users/harshalsmac/WORK/ardur/ardurPeopleSoft/trueAlign/shift/views.py", line 79, in wrapper
    result = func(request, *args, **kwargs)
  File "/Users/harshalsmac/WORK/ardur/ardurPeopleSoft/trueAlign/shift/views.py", line 306, in shift_list
    return render(request, 'shift/shift_list.html', {'error': True})
  File "/opt/anaconda3/envs/aps/lib/python3.10/site-packages/django/shortcuts.py", line 25, in render
    content = loader.render_to_string(template_name, context, request, using=using)
  File "/opt/anaconda3/envs/aps/lib/python3.10/site-packages/django/template/loader.py", line 61, in render_to_string
    template = get_template(template_name, using=using)
  File "/opt/anaconda3/envs/aps/lib/python3.10/site-packages/django/template/loader.py", line 15, in get_template
    return engine.get_template(template_name)
  File "/opt/anaconda3/envs/aps/lib/python3.10/site-packages/django/template/backends/django.py", line 33, in get_template
    return Template(self.engine.get_template(template_name), self)
  File "/opt/anaconda3/envs/aps/lib/python3.10/site-packages/django/template/engine.py", line 177, in get_template
    template, origin = self.find_template(template_name)
  File "/opt/anaconda3/envs/aps/lib/python3.10/site-packages/django/template/engine.py", line 159, in find_template
    template = loader.get_template(name, skip=skip)
  File "/opt/anaconda3/envs/aps/lib/python3.10/site-packages/django/template/loaders/cached.py", line 57, in get_template
    template = super().get_template(template_name, skip)
  File "/opt/anaconda3/envs/aps/lib/python3.10/site-packages/django/template/loaders/base.py", line 28, in get_template
    return Template(
  File "/opt/anaconda3/envs/aps/lib/python3.10/site-packages/django/template/base.py", line 154, in __init__
    self.nodelist = self.compile_nodelist()
  File "/opt/anaconda3/envs/aps/lib/python3.10/site-packages/django/template/base.py", line 196, in compile_nodelist
    return parser.parse()
  File "/opt/anaconda3/envs/aps/lib/python3.10/site-packages/django/template/base.py", line 510, in parse
    raise self.error(token, e)
  File "/opt/anaconda3/envs/aps/lib/python3.10/site-packages/django/template/base.py", line 508, in parse
    compiled_result = compile_func(self, token)
  File "/opt/anaconda3/envs/aps/lib/python3.10/site-packages/django/template/loader_tags.py", line 295, in do_extends
    nodelist = parser.parse()
  File "/opt/anaconda3/envs/aps/lib/python3.10/site-packages/django/template/base.py", line 510, in parse
    raise self.error(token, e)
  File "/opt/anaconda3/envs/aps/lib/python3.10/site-packages/django/template/base.py", line 508, in parse
    compiled_result = compile_func(self, token)
  File "/opt/anaconda3/envs/aps/lib/python3.10/site-packages/django/template/loader_tags.py", line 234, in do_block
    nodelist = parser.parse(("endblock",))
  File "/opt/anaconda3/envs/aps/lib/python3.10/site-packages/django/template/base.py", line 510, in parse
    raise self.error(token, e)
  File "/opt/anaconda3/envs/aps/lib/python3.10/site-packages/django/template/base.py", line 508, in parse
    compiled_result = compile_func(self, token)
  File "/opt/anaconda3/envs/aps/lib/python3.10/site-packages/django/template/loader_tags.py", line 234, in do_block
    nodelist = parser.parse(("endblock",))
  File "/opt/anaconda3/envs/aps/lib/python3.10/site-packages/django/template/base.py", line 510, in parse
    raise self.error(token, e)
  File "/opt/anaconda3/envs/aps/lib/python3.10/site-packages/django/template/base.py", line 508, in parse
    compiled_result = compile_func(self, token)
  File "/opt/anaconda3/envs/aps/lib/python3.10/site-packages/django/template/defaulttags.py", line 961, in do_if
    nodelist = parser.parse(("elif", "else", "endif"))
  File "/opt/anaconda3/envs/aps/lib/python3.10/site-packages/django/template/base.py", line 510, in parse
    raise self.error(token, e)
  File "/opt/anaconda3/envs/aps/lib/python3.10/site-packages/django/template/base.py", line 508, in parse
    compiled_result = compile_func(self, token)
  File "/opt/anaconda3/envs/aps/lib/python3.10/site-packages/django/template/defaulttags.py", line 961, in do_if
    nodelist = parser.parse(("elif", "else", "endif"))
  File "/opt/anaconda3/envs/aps/lib/python3.10/site-packages/django/template/base.py", line 510, in parse
    raise self.error(token, e)
  File "/opt/anaconda3/envs/aps/lib/python3.10/site-packages/django/template/base.py", line 508, in parse
    compiled_result = compile_func(self, token)
  File "/opt/anaconda3/envs/aps/lib/python3.10/site-packages/django/template/defaulttags.py", line 961, in do_if
    nodelist = parser.parse(("elif", "else", "endif"))
  File "/opt/anaconda3/envs/aps/lib/python3.10/site-packages/django/template/base.py", line 504, in parse
    self.invalid_block_tag(token, command, parse_until)
  File "/opt/anaconda3/envs/aps/lib/python3.10/site-packages/django/template/base.py", line 555, in invalid_block_tag
    raise self.error(
django.template.exceptions.TemplateSyntaxError: Invalid block tag on line 467: 'endblock', expected 'elif', 'else' or 'endif'. Did you forget to register or load this tag?
[2025-06-29 13:21:45] ERROR - django.request - log_response:241 - Internal Server Error: /shift/shifts/
Traceback (most recent call last):
  File "/opt/anaconda3/envs/aps/lib/python3.10/site-packages/django/template/smartif.py", line 180, in translate_token
    op = OPERATORS[token]
KeyError: 'filter_form.is_active.value=""="true"'

During handling of the above exception, another exception occurred:

Traceback (most recent call last):
  File "/Users/harshalsmac/WORK/ardur/ardurPeopleSoft/trueAlign/shift/views.py", line 301, in shift_list
    return render(request, 'shift/shift_list.html', context)
  File "/opt/anaconda3/envs/aps/lib/python3.10/site-packages/django/shortcuts.py", line 25, in render
    content = loader.render_to_string(template_name, context, request, using=using)
  File "/opt/anaconda3/envs/aps/lib/python3.10/site-packages/django/template/loader.py", line 61, in render_to_string
    template = get_template(template_name, using=using)
  File "/opt/anaconda3/envs/aps/lib/python3.10/site-packages/django/template/loader.py", line 15, in get_template
    return engine.get_template(template_name)
  File "/opt/anaconda3/envs/aps/lib/python3.10/site-packages/django/template/backends/django.py", line 33, in get_template
    return Template(self.engine.get_template(template_name), self)
  File "/opt/anaconda3/envs/aps/lib/python3.10/site-packages/django/template/engine.py", line 177, in get_template
    template, origin = self.find_template(template_name)
  File "/opt/anaconda3/envs/aps/lib/python3.10/site-packages/django/template/engine.py", line 159, in find_template
    template = loader.get_template(name, skip=skip)
  File "/opt/anaconda3/envs/aps/lib/python3.10/site-packages/django/template/loaders/cached.py", line 57, in get_template
    template = super().get_template(template_name, skip)
  File "/opt/anaconda3/envs/aps/lib/python3.10/site-packages/django/template/loaders/base.py", line 28, in get_template
    return Template(
  File "/opt/anaconda3/envs/aps/lib/python3.10/site-packages/django/template/base.py", line 154, in __init__
    self.nodelist = self.compile_nodelist()
  File "/opt/anaconda3/envs/aps/lib/python3.10/site-packages/django/template/base.py", line 196, in compile_nodelist
    return parser.parse()
  File "/opt/anaconda3/envs/aps/lib/python3.10/site-packages/django/template/base.py", line 510, in parse
    raise self.error(token, e)
  File "/opt/anaconda3/envs/aps/lib/python3.10/site-packages/django/template/base.py", line 508, in parse
    compiled_result = compile_func(self, token)
  File "/opt/anaconda3/envs/aps/lib/python3.10/site-packages/django/template/loader_tags.py", line 295, in do_extends
    nodelist = parser.parse()
  File "/opt/anaconda3/envs/aps/lib/python3.10/site-packages/django/template/base.py", line 510, in parse
    raise self.error(token, e)
  File "/opt/anaconda3/envs/aps/lib/python3.10/site-packages/django/template/base.py", line 508, in parse
    compiled_result = compile_func(self, token)
  File "/opt/anaconda3/envs/aps/lib/python3.10/site-packages/django/template/loader_tags.py", line 234, in do_block
    nodelist = parser.parse(("endblock",))
  File "/opt/anaconda3/envs/aps/lib/python3.10/site-packages/django/template/base.py", line 510, in parse
    raise self.error(token, e)
  File "/opt/anaconda3/envs/aps/lib/python3.10/site-packages/django/template/base.py", line 508, in parse
    compiled_result = compile_func(self, token)
  File "/opt/anaconda3/envs/aps/lib/python3.10/site-packages/django/template/loader_tags.py", line 234, in do_block
    nodelist = parser.parse(("endblock",))
  File "/opt/anaconda3/envs/aps/lib/python3.10/site-packages/django/template/base.py", line 510, in parse
    raise self.error(token, e)
  File "/opt/anaconda3/envs/aps/lib/python3.10/site-packages/django/template/base.py", line 508, in parse
    compiled_result = compile_func(self, token)
  File "/opt/anaconda3/envs/aps/lib/python3.10/site-packages/django/template/defaulttags.py", line 960, in do_if
    condition = TemplateIfParser(parser, bits).parse()
  File "/opt/anaconda3/envs/aps/lib/python3.10/site-packages/django/template/defaulttags.py", line 893, in __init__
    super().__init__(*args, **kwargs)
  File "/opt/anaconda3/envs/aps/lib/python3.10/site-packages/django/template/smartif.py", line 171, in __init__
    mapped_tokens.append(self.translate_token(token))
  File "/opt/anaconda3/envs/aps/lib/python3.10/site-packages/django/template/smartif.py", line 182, in translate_token
    return self.create_var(token)
  File "/opt/anaconda3/envs/aps/lib/python3.10/site-packages/django/template/defaulttags.py", line 896, in create_var
    return TemplateLiteral(self.template_parser.compile_filter(value), value)
  File "/opt/anaconda3/envs/aps/lib/python3.10/site-packages/django/template/base.py", line 597, in compile_filter
    return FilterExpression(token, self)
  File "/opt/anaconda3/envs/aps/lib/python3.10/site-packages/django/template/base.py", line 698, in __init__
    raise TemplateSyntaxError(
django.template.exceptions.TemplateSyntaxError: Could not parse the remainder: '=""="true"' from 'filter_form.is_active.value=""="true"'

During handling of the above exception, another exception occurred:

Traceback (most recent call last):
  File "/opt/anaconda3/envs/aps/lib/python3.10/site-packages/django/template/smartif.py", line 180, in translate_token
    op = OPERATORS[token]
KeyError: 'filter_form.is_active.value=""="true"'

During handling of the above exception, another exception occurred:

Traceback (most recent call last):
  File "/opt/anaconda3/envs/aps/lib/python3.10/site-packages/django/core/handlers/exception.py", line 55, in inner
    response = get_response(request)
  File "/opt/anaconda3/envs/aps/lib/python3.10/site-packages/django/core/handlers/base.py", line 197, in _get_response
    response = wrapped_callback(request, *callback_args, **callback_kwargs)
  File "/opt/anaconda3/envs/aps/lib/python3.10/site-packages/django/contrib/auth/decorators.py", line 23, in _wrapper_view
    return view_func(request, *args, **kwargs)
  File "/Users/harshalsmac/WORK/ardur/ardurPeopleSoft/trueAlign/shift/decorators.py", line 53, in wrapper_func
    return view_func(request, *args, **kwargs)
  File "/Users/harshalsmac/WORK/ardur/ardurPeopleSoft/trueAlign/shift/views.py", line 79, in wrapper
    result = func(request, *args, **kwargs)
  File "/Users/harshalsmac/WORK/ardur/ardurPeopleSoft/trueAlign/shift/views.py", line 306, in shift_list
    return render(request, 'shift/shift_list.html', {'error': True})
  File "/opt/anaconda3/envs/aps/lib/python3.10/site-packages/django/shortcuts.py", line 25, in render
    content = loader.render_to_string(template_name, context, request, using=using)
  File "/opt/anaconda3/envs/aps/lib/python3.10/site-packages/django/template/loader.py", line 61, in render_to_string
    template = get_template(template_name, using=using)
  File "/opt/anaconda3/envs/aps/lib/python3.10/site-packages/django/template/loader.py", line 15, in get_template
    return engine.get_template(template_name)
  File "/opt/anaconda3/envs/aps/lib/python3.10/site-packages/django/template/backends/django.py", line 33, in get_template
    return Template(self.engine.get_template(template_name), self)
  File "/opt/anaconda3/envs/aps/lib/python3.10/site-packages/django/template/engine.py", line 177, in get_template
    template, origin = self.find_template(template_name)
  File "/opt/anaconda3/envs/aps/lib/python3.10/site-packages/django/template/engine.py", line 159, in find_template
    template = loader.get_template(name, skip=skip)
  File "/opt/anaconda3/envs/aps/lib/python3.10/site-packages/django/template/loaders/cached.py", line 57, in get_template
    template = super().get_template(template_name, skip)
  File "/opt/anaconda3/envs/aps/lib/python3.10/site-packages/django/template/loaders/base.py", line 28, in get_template
    return Template(
  File "/opt/anaconda3/envs/aps/lib/python3.10/site-packages/django/template/base.py", line 154, in __init__
    self.nodelist = self.compile_nodelist()
  File "/opt/anaconda3/envs/aps/lib/python3.10/site-packages/django/template/base.py", line 196, in compile_nodelist
    return parser.parse()
  File "/opt/anaconda3/envs/aps/lib/python3.10/site-packages/django/template/base.py", line 510, in parse
    raise self.error(token, e)
  File "/opt/anaconda3/envs/aps/lib/python3.10/site-packages/django/template/base.py", line 508, in parse
    compiled_result = compile_func(self, token)
  File "/opt/anaconda3/envs/aps/lib/python3.10/site-packages/django/template/loader_tags.py", line 295, in do_extends
    nodelist = parser.parse()
  File "/opt/anaconda3/envs/aps/lib/python3.10/site-packages/django/template/base.py", line 510, in parse
    raise self.error(token, e)
  File "/opt/anaconda3/envs/aps/lib/python3.10/site-packages/django/template/base.py", line 508, in parse
    compiled_result = compile_func(self, token)
  File "/opt/anaconda3/envs/aps/lib/python3.10/site-packages/django/template/loader_tags.py", line 234, in do_block
    nodelist = parser.parse(("endblock",))
  File "/opt/anaconda3/envs/aps/lib/python3.10/site-packages/django/template/base.py", line 510, in parse
    raise self.error(token, e)
  File "/opt/anaconda3/envs/aps/lib/python3.10/site-packages/django/template/base.py", line 508, in parse
    compiled_result = compile_func(self, token)
  File "/opt/anaconda3/envs/aps/lib/python3.10/site-packages/django/template/loader_tags.py", line 234, in do_block
    nodelist = parser.parse(("endblock",))
  File "/opt/anaconda3/envs/aps/lib/python3.10/site-packages/django/template/base.py", line 510, in parse
    raise self.error(token, e)
  File "/opt/anaconda3/envs/aps/lib/python3.10/site-packages/django/template/base.py", line 508, in parse
    compiled_result = compile_func(self, token)
  File "/opt/anaconda3/envs/aps/lib/python3.10/site-packages/django/template/defaulttags.py", line 960, in do_if
    condition = TemplateIfParser(parser, bits).parse()
  File "/opt/anaconda3/envs/aps/lib/python3.10/site-packages/django/template/defaulttags.py", line 893, in __init__
    super().__init__(*args, **kwargs)
  File "/opt/anaconda3/envs/aps/lib/python3.10/site-packages/django/template/smartif.py", line 171, in __init__
    mapped_tokens.append(self.translate_token(token))
  File "/opt/anaconda3/envs/aps/lib/python3.10/site-packages/django/template/smartif.py", line 182, in translate_token
    return self.create_var(token)
  File "/opt/anaconda3/envs/aps/lib/python3.10/site-packages/django/template/defaulttags.py", line 896, in create_var
    return TemplateLiteral(self.template_parser.compile_filter(value), value)
  File "/opt/anaconda3/envs/aps/lib/python3.10/site-packages/django/template/base.py", line 597, in compile_filter
    return FilterExpression(token, self)
  File "/opt/anaconda3/envs/aps/lib/python3.10/site-packages/django/template/base.py", line 698, in __init__
    raise TemplateSyntaxError(
django.template.exceptions.TemplateSyntaxError: Could not parse the remainder: '=""="true"' from 'filter_form.is_active.value=""="true"'
[2025-06-29 13:22:07] ERROR - django.request - log_response:241 - Internal Server Error: /shift/shifts/
Traceback (most recent call last):
  File "/opt/anaconda3/envs/aps/lib/python3.10/site-packages/django/template/base.py", line 502, in parse
    compile_func = self.tags[command]
KeyError: 'endfor'

During handling of the above exception, another exception occurred:

Traceback (most recent call last):
  File "/Users/harshalsmac/WORK/ardur/ardurPeopleSoft/trueAlign/shift/views.py", line 301, in shift_list
    return render(request, 'shift/shift_list.html', context)
  File "/opt/anaconda3/envs/aps/lib/python3.10/site-packages/django/shortcuts.py", line 25, in render
    content = loader.render_to_string(template_name, context, request, using=using)
  File "/opt/anaconda3/envs/aps/lib/python3.10/site-packages/django/template/loader.py", line 61, in render_to_string
    template = get_template(template_name, using=using)
  File "/opt/anaconda3/envs/aps/lib/python3.10/site-packages/django/template/loader.py", line 15, in get_template
    return engine.get_template(template_name)
  File "/opt/anaconda3/envs/aps/lib/python3.10/site-packages/django/template/backends/django.py", line 33, in get_template
    return Template(self.engine.get_template(template_name), self)
  File "/opt/anaconda3/envs/aps/lib/python3.10/site-packages/django/template/engine.py", line 177, in get_template
    template, origin = self.find_template(template_name)
  File "/opt/anaconda3/envs/aps/lib/python3.10/site-packages/django/template/engine.py", line 159, in find_template
    template = loader.get_template(name, skip=skip)
  File "/opt/anaconda3/envs/aps/lib/python3.10/site-packages/django/template/loaders/cached.py", line 57, in get_template
    template = super().get_template(template_name, skip)
  File "/opt/anaconda3/envs/aps/lib/python3.10/site-packages/django/template/loaders/base.py", line 28, in get_template
    return Template(
  File "/opt/anaconda3/envs/aps/lib/python3.10/site-packages/django/template/base.py", line 154, in __init__
    self.nodelist = self.compile_nodelist()
  File "/opt/anaconda3/envs/aps/lib/python3.10/site-packages/django/template/base.py", line 196, in compile_nodelist
    return parser.parse()
  File "/opt/anaconda3/envs/aps/lib/python3.10/site-packages/django/template/base.py", line 510, in parse
    raise self.error(token, e)
  File "/opt/anaconda3/envs/aps/lib/python3.10/site-packages/django/template/base.py", line 508, in parse
    compiled_result = compile_func(self, token)
  File "/opt/anaconda3/envs/aps/lib/python3.10/site-packages/django/template/loader_tags.py", line 295, in do_extends
    nodelist = parser.parse()
  File "/opt/anaconda3/envs/aps/lib/python3.10/site-packages/django/template/base.py", line 510, in parse
    raise self.error(token, e)
  File "/opt/anaconda3/envs/aps/lib/python3.10/site-packages/django/template/base.py", line 508, in parse
    compiled_result = compile_func(self, token)
  File "/opt/anaconda3/envs/aps/lib/python3.10/site-packages/django/template/loader_tags.py", line 234, in do_block
    nodelist = parser.parse(("endblock",))
  File "/opt/anaconda3/envs/aps/lib/python3.10/site-packages/django/template/base.py", line 510, in parse
    raise self.error(token, e)
  File "/opt/anaconda3/envs/aps/lib/python3.10/site-packages/django/template/base.py", line 508, in parse
    compiled_result = compile_func(self, token)
  File "/opt/anaconda3/envs/aps/lib/python3.10/site-packages/django/template/loader_tags.py", line 234, in do_block
    nodelist = parser.parse(("endblock",))
  File "/opt/anaconda3/envs/aps/lib/python3.10/site-packages/django/template/base.py", line 510, in parse
    raise self.error(token, e)
  File "/opt/anaconda3/envs/aps/lib/python3.10/site-packages/django/template/base.py", line 508, in parse
    compiled_result = compile_func(self, token)
  File "/opt/anaconda3/envs/aps/lib/python3.10/site-packages/django/template/defaulttags.py", line 961, in do_if
    nodelist = parser.parse(("elif", "else", "endif"))
  File "/opt/anaconda3/envs/aps/lib/python3.10/site-packages/django/template/base.py", line 510, in parse
    raise self.error(token, e)
  File "/opt/anaconda3/envs/aps/lib/python3.10/site-packages/django/template/base.py", line 508, in parse
    compiled_result = compile_func(self, token)
  File "/opt/anaconda3/envs/aps/lib/python3.10/site-packages/django/template/defaulttags.py", line 961, in do_if
    nodelist = parser.parse(("elif", "else", "endif"))
  File "/opt/anaconda3/envs/aps/lib/python3.10/site-packages/django/template/base.py", line 510, in parse
    raise self.error(token, e)
  File "/opt/anaconda3/envs/aps/lib/python3.10/site-packages/django/template/base.py", line 508, in parse
    compiled_result = compile_func(self, token)
  File "/opt/anaconda3/envs/aps/lib/python3.10/site-packages/django/template/defaulttags.py", line 961, in do_if
    nodelist = parser.parse(("elif", "else", "endif"))
  File "/opt/anaconda3/envs/aps/lib/python3.10/site-packages/django/template/base.py", line 504, in parse
    self.invalid_block_tag(token, command, parse_until)
  File "/opt/anaconda3/envs/aps/lib/python3.10/site-packages/django/template/base.py", line 555, in invalid_block_tag
    raise self.error(
django.template.exceptions.TemplateSyntaxError: Invalid block tag on line 424: 'endfor', expected 'elif', 'else' or 'endif'. Did you forget to register or load this tag?

During handling of the above exception, another exception occurred:

Traceback (most recent call last):
  File "/opt/anaconda3/envs/aps/lib/python3.10/site-packages/django/template/base.py", line 502, in parse
    compile_func = self.tags[command]
KeyError: 'endfor'

During handling of the above exception, another exception occurred:

Traceback (most recent call last):
  File "/opt/anaconda3/envs/aps/lib/python3.10/site-packages/django/core/handlers/exception.py", line 55, in inner
    response = get_response(request)
  File "/opt/anaconda3/envs/aps/lib/python3.10/site-packages/django/core/handlers/base.py", line 197, in _get_response
    response = wrapped_callback(request, *callback_args, **callback_kwargs)
  File "/opt/anaconda3/envs/aps/lib/python3.10/site-packages/django/contrib/auth/decorators.py", line 23, in _wrapper_view
    return view_func(request, *args, **kwargs)
  File "/Users/harshalsmac/WORK/ardur/ardurPeopleSoft/trueAlign/shift/decorators.py", line 53, in wrapper_func
    return view_func(request, *args, **kwargs)
  File "/Users/harshalsmac/WORK/ardur/ardurPeopleSoft/trueAlign/shift/views.py", line 79, in wrapper
    result = func(request, *args, **kwargs)
  File "/Users/harshalsmac/WORK/ardur/ardurPeopleSoft/trueAlign/shift/views.py", line 306, in shift_list
    return render(request, 'shift/shift_list.html', {'error': True})
  File "/opt/anaconda3/envs/aps/lib/python3.10/site-packages/django/shortcuts.py", line 25, in render
    content = loader.render_to_string(template_name, context, request, using=using)
  File "/opt/anaconda3/envs/aps/lib/python3.10/site-packages/django/template/loader.py", line 61, in render_to_string
    template = get_template(template_name, using=using)
  File "/opt/anaconda3/envs/aps/lib/python3.10/site-packages/django/template/loader.py", line 15, in get_template
    return engine.get_template(template_name)
  File "/opt/anaconda3/envs/aps/lib/python3.10/site-packages/django/template/backends/django.py", line 33, in get_template
    return Template(self.engine.get_template(template_name), self)
  File "/opt/anaconda3/envs/aps/lib/python3.10/site-packages/django/template/engine.py", line 177, in get_template
    template, origin = self.find_template(template_name)
  File "/opt/anaconda3/envs/aps/lib/python3.10/site-packages/django/template/engine.py", line 159, in find_template
    template = loader.get_template(name, skip=skip)
  File "/opt/anaconda3/envs/aps/lib/python3.10/site-packages/django/template/loaders/cached.py", line 57, in get_template
    template = super().get_template(template_name, skip)
  File "/opt/anaconda3/envs/aps/lib/python3.10/site-packages/django/template/loaders/base.py", line 28, in get_template
    return Template(
  File "/opt/anaconda3/envs/aps/lib/python3.10/site-packages/django/template/base.py", line 154, in __init__
    self.nodelist = self.compile_nodelist()
  File "/opt/anaconda3/envs/aps/lib/python3.10/site-packages/django/template/base.py", line 196, in compile_nodelist
    return parser.parse()
  File "/opt/anaconda3/envs/aps/lib/python3.10/site-packages/django/template/base.py", line 510, in parse
    raise self.error(token, e)
  File "/opt/anaconda3/envs/aps/lib/python3.10/site-packages/django/template/base.py", line 508, in parse
    compiled_result = compile_func(self, token)
  File "/opt/anaconda3/envs/aps/lib/python3.10/site-packages/django/template/loader_tags.py", line 295, in do_extends
    nodelist = parser.parse()
  File "/opt/anaconda3/envs/aps/lib/python3.10/site-packages/django/template/base.py", line 510, in parse
    raise self.error(token, e)
  File "/opt/anaconda3/envs/aps/lib/python3.10/site-packages/django/template/base.py", line 508, in parse
    compiled_result = compile_func(self, token)
  File "/opt/anaconda3/envs/aps/lib/python3.10/site-packages/django/template/loader_tags.py", line 234, in do_block
    nodelist = parser.parse(("endblock",))
  File "/opt/anaconda3/envs/aps/lib/python3.10/site-packages/django/template/base.py", line 510, in parse
    raise self.error(token, e)
  File "/opt/anaconda3/envs/aps/lib/python3.10/site-packages/django/template/base.py", line 508, in parse
    compiled_result = compile_func(self, token)
  File "/opt/anaconda3/envs/aps/lib/python3.10/site-packages/django/template/loader_tags.py", line 234, in do_block
    nodelist = parser.parse(("endblock",))
  File "/opt/anaconda3/envs/aps/lib/python3.10/site-packages/django/template/base.py", line 510, in parse
    raise self.error(token, e)
  File "/opt/anaconda3/envs/aps/lib/python3.10/site-packages/django/template/base.py", line 508, in parse
    compiled_result = compile_func(self, token)
  File "/opt/anaconda3/envs/aps/lib/python3.10/site-packages/django/template/defaulttags.py", line 961, in do_if
    nodelist = parser.parse(("elif", "else", "endif"))
  File "/opt/anaconda3/envs/aps/lib/python3.10/site-packages/django/template/base.py", line 510, in parse
    raise self.error(token, e)
  File "/opt/anaconda3/envs/aps/lib/python3.10/site-packages/django/template/base.py", line 508, in parse
    compiled_result = compile_func(self, token)
  File "/opt/anaconda3/envs/aps/lib/python3.10/site-packages/django/template/defaulttags.py", line 961, in do_if
    nodelist = parser.parse(("elif", "else", "endif"))
  File "/opt/anaconda3/envs/aps/lib/python3.10/site-packages/django/template/base.py", line 510, in parse
    raise self.error(token, e)
  File "/opt/anaconda3/envs/aps/lib/python3.10/site-packages/django/template/base.py", line 508, in parse
    compiled_result = compile_func(self, token)
  File "/opt/anaconda3/envs/aps/lib/python3.10/site-packages/django/template/defaulttags.py", line 961, in do_if
    nodelist = parser.parse(("elif", "else", "endif"))
  File "/opt/anaconda3/envs/aps/lib/python3.10/site-packages/django/template/base.py", line 504, in parse
    self.invalid_block_tag(token, command, parse_until)
  File "/opt/anaconda3/envs/aps/lib/python3.10/site-packages/django/template/base.py", line 555, in invalid_block_tag
    raise self.error(
django.template.exceptions.TemplateSyntaxError: Invalid block tag on line 424: 'endfor', expected 'elif', 'else' or 'endif'. Did you forget to register or load this tag?
[2025-06-29 13:22:21] ERROR - django.request - log_response:241 - Internal Server Error: /shift/shifts/
Traceback (most recent call last):
  File "/opt/anaconda3/envs/aps/lib/python3.10/site-packages/django/template/base.py", line 502, in parse
    compile_func = self.tags[command]
KeyError: 'endfor'

During handling of the above exception, another exception occurred:

Traceback (most recent call last):
  File "/Users/harshalsmac/WORK/ardur/ardurPeopleSoft/trueAlign/shift/views.py", line 301, in shift_list
    return render(request, 'shift/shift_list.html', context)
  File "/opt/anaconda3/envs/aps/lib/python3.10/site-packages/django/shortcuts.py", line 25, in render
    content = loader.render_to_string(template_name, context, request, using=using)
  File "/opt/anaconda3/envs/aps/lib/python3.10/site-packages/django/template/loader.py", line 61, in render_to_string
    template = get_template(template_name, using=using)
  File "/opt/anaconda3/envs/aps/lib/python3.10/site-packages/django/template/loader.py", line 15, in get_template
    return engine.get_template(template_name)
  File "/opt/anaconda3/envs/aps/lib/python3.10/site-packages/django/template/backends/django.py", line 33, in get_template
    return Template(self.engine.get_template(template_name), self)
  File "/opt/anaconda3/envs/aps/lib/python3.10/site-packages/django/template/engine.py", line 177, in get_template
    template, origin = self.find_template(template_name)
  File "/opt/anaconda3/envs/aps/lib/python3.10/site-packages/django/template/engine.py", line 159, in find_template
    template = loader.get_template(name, skip=skip)
  File "/opt/anaconda3/envs/aps/lib/python3.10/site-packages/django/template/loaders/cached.py", line 57, in get_template
    template = super().get_template(template_name, skip)
  File "/opt/anaconda3/envs/aps/lib/python3.10/site-packages/django/template/loaders/base.py", line 28, in get_template
    return Template(
  File "/opt/anaconda3/envs/aps/lib/python3.10/site-packages/django/template/base.py", line 154, in __init__
    self.nodelist = self.compile_nodelist()
  File "/opt/anaconda3/envs/aps/lib/python3.10/site-packages/django/template/base.py", line 196, in compile_nodelist
    return parser.parse()
  File "/opt/anaconda3/envs/aps/lib/python3.10/site-packages/django/template/base.py", line 510, in parse
    raise self.error(token, e)
  File "/opt/anaconda3/envs/aps/lib/python3.10/site-packages/django/template/base.py", line 508, in parse
    compiled_result = compile_func(self, token)
  File "/opt/anaconda3/envs/aps/lib/python3.10/site-packages/django/template/loader_tags.py", line 295, in do_extends
    nodelist = parser.parse()
  File "/opt/anaconda3/envs/aps/lib/python3.10/site-packages/django/template/base.py", line 510, in parse
    raise self.error(token, e)
  File "/opt/anaconda3/envs/aps/lib/python3.10/site-packages/django/template/base.py", line 508, in parse
    compiled_result = compile_func(self, token)
  File "/opt/anaconda3/envs/aps/lib/python3.10/site-packages/django/template/loader_tags.py", line 234, in do_block
    nodelist = parser.parse(("endblock",))
  File "/opt/anaconda3/envs/aps/lib/python3.10/site-packages/django/template/base.py", line 510, in parse
    raise self.error(token, e)
  File "/opt/anaconda3/envs/aps/lib/python3.10/site-packages/django/template/base.py", line 508, in parse
    compiled_result = compile_func(self, token)
  File "/opt/anaconda3/envs/aps/lib/python3.10/site-packages/django/template/loader_tags.py", line 234, in do_block
    nodelist = parser.parse(("endblock",))
  File "/opt/anaconda3/envs/aps/lib/python3.10/site-packages/django/template/base.py", line 510, in parse
    raise self.error(token, e)
  File "/opt/anaconda3/envs/aps/lib/python3.10/site-packages/django/template/base.py", line 508, in parse
    compiled_result = compile_func(self, token)
  File "/opt/anaconda3/envs/aps/lib/python3.10/site-packages/django/template/defaulttags.py", line 961, in do_if
    nodelist = parser.parse(("elif", "else", "endif"))
  File "/opt/anaconda3/envs/aps/lib/python3.10/site-packages/django/template/base.py", line 510, in parse
    raise self.error(token, e)
  File "/opt/anaconda3/envs/aps/lib/python3.10/site-packages/django/template/base.py", line 508, in parse
    compiled_result = compile_func(self, token)
  File "/opt/anaconda3/envs/aps/lib/python3.10/site-packages/django/template/defaulttags.py", line 961, in do_if
    nodelist = parser.parse(("elif", "else", "endif"))
  File "/opt/anaconda3/envs/aps/lib/python3.10/site-packages/django/template/base.py", line 510, in parse
    raise self.error(token, e)
  File "/opt/anaconda3/envs/aps/lib/python3.10/site-packages/django/template/base.py", line 508, in parse
    compiled_result = compile_func(self, token)
  File "/opt/anaconda3/envs/aps/lib/python3.10/site-packages/django/template/defaulttags.py", line 961, in do_if
    nodelist = parser.parse(("elif", "else", "endif"))
  File "/opt/anaconda3/envs/aps/lib/python3.10/site-packages/django/template/base.py", line 504, in parse
    self.invalid_block_tag(token, command, parse_until)
  File "/opt/anaconda3/envs/aps/lib/python3.10/site-packages/django/template/base.py", line 555, in invalid_block_tag
    raise self.error(
django.template.exceptions.TemplateSyntaxError: Invalid block tag on line 423: 'endfor', expected 'elif', 'else' or 'endif'. Did you forget to register or load this tag?

During handling of the above exception, another exception occurred:

Traceback (most recent call last):
  File "/opt/anaconda3/envs/aps/lib/python3.10/site-packages/django/template/base.py", line 502, in parse
    compile_func = self.tags[command]
KeyError: 'endfor'

During handling of the above exception, another exception occurred:

Traceback (most recent call last):
  File "/opt/anaconda3/envs/aps/lib/python3.10/site-packages/django/core/handlers/exception.py", line 55, in inner
    response = get_response(request)
  File "/opt/anaconda3/envs/aps/lib/python3.10/site-packages/django/core/handlers/base.py", line 197, in _get_response
    response = wrapped_callback(request, *callback_args, **callback_kwargs)
  File "/opt/anaconda3/envs/aps/lib/python3.10/site-packages/django/contrib/auth/decorators.py", line 23, in _wrapper_view
    return view_func(request, *args, **kwargs)
  File "/Users/harshalsmac/WORK/ardur/ardurPeopleSoft/trueAlign/shift/decorators.py", line 53, in wrapper_func
    return view_func(request, *args, **kwargs)
  File "/Users/harshalsmac/WORK/ardur/ardurPeopleSoft/trueAlign/shift/views.py", line 79, in wrapper
    result = func(request, *args, **kwargs)
  File "/Users/harshalsmac/WORK/ardur/ardurPeopleSoft/trueAlign/shift/views.py", line 306, in shift_list
    return render(request, 'shift/shift_list.html', {'error': True})
  File "/opt/anaconda3/envs/aps/lib/python3.10/site-packages/django/shortcuts.py", line 25, in render
    content = loader.render_to_string(template_name, context, request, using=using)
  File "/opt/anaconda3/envs/aps/lib/python3.10/site-packages/django/template/loader.py", line 61, in render_to_string
    template = get_template(template_name, using=using)
  File "/opt/anaconda3/envs/aps/lib/python3.10/site-packages/django/template/loader.py", line 15, in get_template
    return engine.get_template(template_name)
  File "/opt/anaconda3/envs/aps/lib/python3.10/site-packages/django/template/backends/django.py", line 33, in get_template
    return Template(self.engine.get_template(template_name), self)
  File "/opt/anaconda3/envs/aps/lib/python3.10/site-packages/django/template/engine.py", line 177, in get_template
    template, origin = self.find_template(template_name)
  File "/opt/anaconda3/envs/aps/lib/python3.10/site-packages/django/template/engine.py", line 159, in find_template
    template = loader.get_template(name, skip=skip)
  File "/opt/anaconda3/envs/aps/lib/python3.10/site-packages/django/template/loaders/cached.py", line 57, in get_template
    template = super().get_template(template_name, skip)
  File "/opt/anaconda3/envs/aps/lib/python3.10/site-packages/django/template/loaders/base.py", line 28, in get_template
    return Template(
  File "/opt/anaconda3/envs/aps/lib/python3.10/site-packages/django/template/base.py", line 154, in __init__
    self.nodelist = self.compile_nodelist()
  File "/opt/anaconda3/envs/aps/lib/python3.10/site-packages/django/template/base.py", line 196, in compile_nodelist
    return parser.parse()
  File "/opt/anaconda3/envs/aps/lib/python3.10/site-packages/django/template/base.py", line 510, in parse
    raise self.error(token, e)
  File "/opt/anaconda3/envs/aps/lib/python3.10/site-packages/django/template/base.py", line 508, in parse
    compiled_result = compile_func(self, token)
  File "/opt/anaconda3/envs/aps/lib/python3.10/site-packages/django/template/loader_tags.py", line 295, in do_extends
    nodelist = parser.parse()
  File "/opt/anaconda3/envs/aps/lib/python3.10/site-packages/django/template/base.py", line 510, in parse
    raise self.error(token, e)
  File "/opt/anaconda3/envs/aps/lib/python3.10/site-packages/django/template/base.py", line 508, in parse
    compiled_result = compile_func(self, token)
  File "/opt/anaconda3/envs/aps/lib/python3.10/site-packages/django/template/loader_tags.py", line 234, in do_block
    nodelist = parser.parse(("endblock",))
  File "/opt/anaconda3/envs/aps/lib/python3.10/site-packages/django/template/base.py", line 510, in parse
    raise self.error(token, e)
  File "/opt/anaconda3/envs/aps/lib/python3.10/site-packages/django/template/base.py", line 508, in parse
    compiled_result = compile_func(self, token)
  File "/opt/anaconda3/envs/aps/lib/python3.10/site-packages/django/template/loader_tags.py", line 234, in do_block
    nodelist = parser.parse(("endblock",))
  File "/opt/anaconda3/envs/aps/lib/python3.10/site-packages/django/template/base.py", line 510, in parse
    raise self.error(token, e)
  File "/opt/anaconda3/envs/aps/lib/python3.10/site-packages/django/template/base.py", line 508, in parse
    compiled_result = compile_func(self, token)
  File "/opt/anaconda3/envs/aps/lib/python3.10/site-packages/django/template/defaulttags.py", line 961, in do_if
    nodelist = parser.parse(("elif", "else", "endif"))
  File "/opt/anaconda3/envs/aps/lib/python3.10/site-packages/django/template/base.py", line 510, in parse
    raise self.error(token, e)
  File "/opt/anaconda3/envs/aps/lib/python3.10/site-packages/django/template/base.py", line 508, in parse
    compiled_result = compile_func(self, token)
  File "/opt/anaconda3/envs/aps/lib/python3.10/site-packages/django/template/defaulttags.py", line 961, in do_if
    nodelist = parser.parse(("elif", "else", "endif"))
  File "/opt/anaconda3/envs/aps/lib/python3.10/site-packages/django/template/base.py", line 510, in parse
    raise self.error(token, e)
  File "/opt/anaconda3/envs/aps/lib/python3.10/site-packages/django/template/base.py", line 508, in parse
    compiled_result = compile_func(self, token)
  File "/opt/anaconda3/envs/aps/lib/python3.10/site-packages/django/template/defaulttags.py", line 961, in do_if
    nodelist = parser.parse(("elif", "else", "endif"))
  File "/opt/anaconda3/envs/aps/lib/python3.10/site-packages/django/template/base.py", line 504, in parse
    self.invalid_block_tag(token, command, parse_until)
  File "/opt/anaconda3/envs/aps/lib/python3.10/site-packages/django/template/base.py", line 555, in invalid_block_tag
    raise self.error(
django.template.exceptions.TemplateSyntaxError: Invalid block tag on line 423: 'endfor', expected 'elif', 'else' or 'endif'. Did you forget to register or load this tag?
[2025-06-29 13:22:41] ERROR - django.request - log_response:241 - Internal Server Error: /shift/shifts/
Traceback (most recent call last):
  File "/opt/anaconda3/envs/aps/lib/python3.10/site-packages/django/template/base.py", line 502, in parse
    compile_func = self.tags[command]
KeyError: 'endblock'

During handling of the above exception, another exception occurred:

Traceback (most recent call last):
  File "/Users/harshalsmac/WORK/ardur/ardurPeopleSoft/trueAlign/shift/views.py", line 301, in shift_list
    return render(request, 'shift/shift_list.html', context)
  File "/opt/anaconda3/envs/aps/lib/python3.10/site-packages/django/shortcuts.py", line 25, in render
    content = loader.render_to_string(template_name, context, request, using=using)
  File "/opt/anaconda3/envs/aps/lib/python3.10/site-packages/django/template/loader.py", line 61, in render_to_string
    template = get_template(template_name, using=using)
  File "/opt/anaconda3/envs/aps/lib/python3.10/site-packages/django/template/loader.py", line 15, in get_template
    return engine.get_template(template_name)
  File "/opt/anaconda3/envs/aps/lib/python3.10/site-packages/django/template/backends/django.py", line 33, in get_template
    return Template(self.engine.get_template(template_name), self)
  File "/opt/anaconda3/envs/aps/lib/python3.10/site-packages/django/template/engine.py", line 177, in get_template
    template, origin = self.find_template(template_name)
  File "/opt/anaconda3/envs/aps/lib/python3.10/site-packages/django/template/engine.py", line 159, in find_template
    template = loader.get_template(name, skip=skip)
  File "/opt/anaconda3/envs/aps/lib/python3.10/site-packages/django/template/loaders/cached.py", line 57, in get_template
    template = super().get_template(template_name, skip)
  File "/opt/anaconda3/envs/aps/lib/python3.10/site-packages/django/template/loaders/base.py", line 28, in get_template
    return Template(
  File "/opt/anaconda3/envs/aps/lib/python3.10/site-packages/django/template/base.py", line 154, in __init__
    self.nodelist = self.compile_nodelist()
  File "/opt/anaconda3/envs/aps/lib/python3.10/site-packages/django/template/base.py", line 196, in compile_nodelist
    return parser.parse()
  File "/opt/anaconda3/envs/aps/lib/python3.10/site-packages/django/template/base.py", line 510, in parse
    raise self.error(token, e)
  File "/opt/anaconda3/envs/aps/lib/python3.10/site-packages/django/template/base.py", line 508, in parse
    compiled_result = compile_func(self, token)
  File "/opt/anaconda3/envs/aps/lib/python3.10/site-packages/django/template/loader_tags.py", line 295, in do_extends
    nodelist = parser.parse()
  File "/opt/anaconda3/envs/aps/lib/python3.10/site-packages/django/template/base.py", line 510, in parse
    raise self.error(token, e)
  File "/opt/anaconda3/envs/aps/lib/python3.10/site-packages/django/template/base.py", line 508, in parse
    compiled_result = compile_func(self, token)
  File "/opt/anaconda3/envs/aps/lib/python3.10/site-packages/django/template/loader_tags.py", line 234, in do_block
    nodelist = parser.parse(("endblock",))
  File "/opt/anaconda3/envs/aps/lib/python3.10/site-packages/django/template/base.py", line 510, in parse
    raise self.error(token, e)
  File "/opt/anaconda3/envs/aps/lib/python3.10/site-packages/django/template/base.py", line 508, in parse
    compiled_result = compile_func(self, token)
  File "/opt/anaconda3/envs/aps/lib/python3.10/site-packages/django/template/loader_tags.py", line 234, in do_block
    nodelist = parser.parse(("endblock",))
  File "/opt/anaconda3/envs/aps/lib/python3.10/site-packages/django/template/base.py", line 510, in parse
    raise self.error(token, e)
  File "/opt/anaconda3/envs/aps/lib/python3.10/site-packages/django/template/base.py", line 508, in parse
    compiled_result = compile_func(self, token)
  File "/opt/anaconda3/envs/aps/lib/python3.10/site-packages/django/template/defaulttags.py", line 961, in do_if
    nodelist = parser.parse(("elif", "else", "endif"))
  File "/opt/anaconda3/envs/aps/lib/python3.10/site-packages/django/template/base.py", line 510, in parse
    raise self.error(token, e)
  File "/opt/anaconda3/envs/aps/lib/python3.10/site-packages/django/template/base.py", line 508, in parse
    compiled_result = compile_func(self, token)
  File "/opt/anaconda3/envs/aps/lib/python3.10/site-packages/django/template/defaulttags.py", line 961, in do_if
    nodelist = parser.parse(("elif", "else", "endif"))
  File "/opt/anaconda3/envs/aps/lib/python3.10/site-packages/django/template/base.py", line 504, in parse
    self.invalid_block_tag(token, command, parse_until)
  File "/opt/anaconda3/envs/aps/lib/python3.10/site-packages/django/template/base.py", line 555, in invalid_block_tag
    raise self.error(
django.template.exceptions.TemplateSyntaxError: Invalid block tag on line 470: 'endblock', expected 'elif', 'else' or 'endif'. Did you forget to register or load this tag?

During handling of the above exception, another exception occurred:

Traceback (most recent call last):
  File "/opt/anaconda3/envs/aps/lib/python3.10/site-packages/django/template/base.py", line 502, in parse
    compile_func = self.tags[command]
KeyError: 'endblock'

During handling of the above exception, another exception occurred:

Traceback (most recent call last):
  File "/opt/anaconda3/envs/aps/lib/python3.10/site-packages/django/core/handlers/exception.py", line 55, in inner
    response = get_response(request)
  File "/opt/anaconda3/envs/aps/lib/python3.10/site-packages/django/core/handlers/base.py", line 197, in _get_response
    response = wrapped_callback(request, *callback_args, **callback_kwargs)
  File "/opt/anaconda3/envs/aps/lib/python3.10/site-packages/django/contrib/auth/decorators.py", line 23, in _wrapper_view
    return view_func(request, *args, **kwargs)
  File "/Users/harshalsmac/WORK/ardur/ardurPeopleSoft/trueAlign/shift/decorators.py", line 53, in wrapper_func
    return view_func(request, *args, **kwargs)
  File "/Users/harshalsmac/WORK/ardur/ardurPeopleSoft/trueAlign/shift/views.py", line 79, in wrapper
    result = func(request, *args, **kwargs)
  File "/Users/harshalsmac/WORK/ardur/ardurPeopleSoft/trueAlign/shift/views.py", line 306, in shift_list
    return render(request, 'shift/shift_list.html', {'error': True})
  File "/opt/anaconda3/envs/aps/lib/python3.10/site-packages/django/shortcuts.py", line 25, in render
    content = loader.render_to_string(template_name, context, request, using=using)
  File "/opt/anaconda3/envs/aps/lib/python3.10/site-packages/django/template/loader.py", line 61, in render_to_string
    template = get_template(template_name, using=using)
  File "/opt/anaconda3/envs/aps/lib/python3.10/site-packages/django/template/loader.py", line 15, in get_template
    return engine.get_template(template_name)
  File "/opt/anaconda3/envs/aps/lib/python3.10/site-packages/django/template/backends/django.py", line 33, in get_template
    return Template(self.engine.get_template(template_name), self)
  File "/opt/anaconda3/envs/aps/lib/python3.10/site-packages/django/template/engine.py", line 177, in get_template
    template, origin = self.find_template(template_name)
  File "/opt/anaconda3/envs/aps/lib/python3.10/site-packages/django/template/engine.py", line 159, in find_template
    template = loader.get_template(name, skip=skip)
  File "/opt/anaconda3/envs/aps/lib/python3.10/site-packages/django/template/loaders/cached.py", line 57, in get_template
    template = super().get_template(template_name, skip)
  File "/opt/anaconda3/envs/aps/lib/python3.10/site-packages/django/template/loaders/base.py", line 28, in get_template
    return Template(
  File "/opt/anaconda3/envs/aps/lib/python3.10/site-packages/django/template/base.py", line 154, in __init__
    self.nodelist = self.compile_nodelist()
  File "/opt/anaconda3/envs/aps/lib/python3.10/site-packages/django/template/base.py", line 196, in compile_nodelist
    return parser.parse()
  File "/opt/anaconda3/envs/aps/lib/python3.10/site-packages/django/template/base.py", line 510, in parse
    raise self.error(token, e)
  File "/opt/anaconda3/envs/aps/lib/python3.10/site-packages/django/template/base.py", line 508, in parse
    compiled_result = compile_func(self, token)
  File "/opt/anaconda3/envs/aps/lib/python3.10/site-packages/django/template/loader_tags.py", line 295, in do_extends
    nodelist = parser.parse()
  File "/opt/anaconda3/envs/aps/lib/python3.10/site-packages/django/template/base.py", line 510, in parse
    raise self.error(token, e)
  File "/opt/anaconda3/envs/aps/lib/python3.10/site-packages/django/template/base.py", line 508, in parse
    compiled_result = compile_func(self, token)
  File "/opt/anaconda3/envs/aps/lib/python3.10/site-packages/django/template/loader_tags.py", line 234, in do_block
    nodelist = parser.parse(("endblock",))
  File "/opt/anaconda3/envs/aps/lib/python3.10/site-packages/django/template/base.py", line 510, in parse
    raise self.error(token, e)
  File "/opt/anaconda3/envs/aps/lib/python3.10/site-packages/django/template/base.py", line 508, in parse
    compiled_result = compile_func(self, token)
  File "/opt/anaconda3/envs/aps/lib/python3.10/site-packages/django/template/loader_tags.py", line 234, in do_block
    nodelist = parser.parse(("endblock",))
  File "/opt/anaconda3/envs/aps/lib/python3.10/site-packages/django/template/base.py", line 510, in parse
    raise self.error(token, e)
  File "/opt/anaconda3/envs/aps/lib/python3.10/site-packages/django/template/base.py", line 508, in parse
    compiled_result = compile_func(self, token)
  File "/opt/anaconda3/envs/aps/lib/python3.10/site-packages/django/template/defaulttags.py", line 961, in do_if
    nodelist = parser.parse(("elif", "else", "endif"))
  File "/opt/anaconda3/envs/aps/lib/python3.10/site-packages/django/template/base.py", line 510, in parse
    raise self.error(token, e)
  File "/opt/anaconda3/envs/aps/lib/python3.10/site-packages/django/template/base.py", line 508, in parse
    compiled_result = compile_func(self, token)
  File "/opt/anaconda3/envs/aps/lib/python3.10/site-packages/django/template/defaulttags.py", line 961, in do_if
    nodelist = parser.parse(("elif", "else", "endif"))
  File "/opt/anaconda3/envs/aps/lib/python3.10/site-packages/django/template/base.py", line 504, in parse
    self.invalid_block_tag(token, command, parse_until)
  File "/opt/anaconda3/envs/aps/lib/python3.10/site-packages/django/template/base.py", line 555, in invalid_block_tag
    raise self.error(
django.template.exceptions.TemplateSyntaxError: Invalid block tag on line 470: 'endblock', expected 'elif', 'else' or 'endif'. Did you forget to register or load this tag?
[2025-06-29 13:32:51] ERROR - django.request - log_response:241 - Internal Server Error: /api/session/update/
[2025-06-29 13:33:47] ERROR - django.request - log_response:241 - Internal Server Error: /api/session/update/
[2025-06-29 13:46:46] ERROR - django.request - log_response:241 - Internal Server Error: /shift/shifts/
Traceback (most recent call last):
  File "/Users/harshalsmac/WORK/ardur/ardurPeopleSoft/trueAlign/shift/views.py", line 301, in shift_list
    return render(request, 'shift/shift_list.html', context)
  File "/opt/anaconda3/envs/aps/lib/python3.10/site-packages/django/shortcuts.py", line 25, in render
    content = loader.render_to_string(template_name, context, request, using=using)
  File "/opt/anaconda3/envs/aps/lib/python3.10/site-packages/django/template/loader.py", line 61, in render_to_string
    template = get_template(template_name, using=using)
  File "/opt/anaconda3/envs/aps/lib/python3.10/site-packages/django/template/loader.py", line 15, in get_template
    return engine.get_template(template_name)
  File "/opt/anaconda3/envs/aps/lib/python3.10/site-packages/django/template/backends/django.py", line 33, in get_template
    return Template(self.engine.get_template(template_name), self)
  File "/opt/anaconda3/envs/aps/lib/python3.10/site-packages/django/template/engine.py", line 177, in get_template
    template, origin = self.find_template(template_name)
  File "/opt/anaconda3/envs/aps/lib/python3.10/site-packages/django/template/engine.py", line 159, in find_template
    template = loader.get_template(name, skip=skip)
  File "/opt/anaconda3/envs/aps/lib/python3.10/site-packages/django/template/loaders/cached.py", line 57, in get_template
    template = super().get_template(template_name, skip)
  File "/opt/anaconda3/envs/aps/lib/python3.10/site-packages/django/template/loaders/base.py", line 28, in get_template
    return Template(
  File "/opt/anaconda3/envs/aps/lib/python3.10/site-packages/django/template/base.py", line 154, in __init__
    self.nodelist = self.compile_nodelist()
  File "/opt/anaconda3/envs/aps/lib/python3.10/site-packages/django/template/base.py", line 196, in compile_nodelist
    return parser.parse()
  File "/opt/anaconda3/envs/aps/lib/python3.10/site-packages/django/template/base.py", line 510, in parse
    raise self.error(token, e)
  File "/opt/anaconda3/envs/aps/lib/python3.10/site-packages/django/template/base.py", line 508, in parse
    compiled_result = compile_func(self, token)
  File "/opt/anaconda3/envs/aps/lib/python3.10/site-packages/django/template/loader_tags.py", line 295, in do_extends
    nodelist = parser.parse()
  File "/opt/anaconda3/envs/aps/lib/python3.10/site-packages/django/template/base.py", line 510, in parse
    raise self.error(token, e)
  File "/opt/anaconda3/envs/aps/lib/python3.10/site-packages/django/template/base.py", line 508, in parse
    compiled_result = compile_func(self, token)
  File "/opt/anaconda3/envs/aps/lib/python3.10/site-packages/django/template/loader_tags.py", line 234, in do_block
    nodelist = parser.parse(("endblock",))
  File "/opt/anaconda3/envs/aps/lib/python3.10/site-packages/django/template/base.py", line 515, in parse
    self.unclosed_block_tag(parse_until)
  File "/opt/anaconda3/envs/aps/lib/python3.10/site-packages/django/template/base.py", line 578, in unclosed_block_tag
    raise self.error(token, msg)
django.template.exceptions.TemplateSyntaxError: Unclosed tag on line 1: 'block'. Looking for one of: endblock.

During handling of the above exception, another exception occurred:

Traceback (most recent call last):
  File "/opt/anaconda3/envs/aps/lib/python3.10/site-packages/django/core/handlers/exception.py", line 55, in inner
    response = get_response(request)
  File "/opt/anaconda3/envs/aps/lib/python3.10/site-packages/django/core/handlers/base.py", line 197, in _get_response
    response = wrapped_callback(request, *callback_args, **callback_kwargs)
  File "/opt/anaconda3/envs/aps/lib/python3.10/site-packages/django/contrib/auth/decorators.py", line 23, in _wrapper_view
    return view_func(request, *args, **kwargs)
  File "/Users/harshalsmac/WORK/ardur/ardurPeopleSoft/trueAlign/shift/decorators.py", line 53, in wrapper_func
    return view_func(request, *args, **kwargs)
  File "/Users/harshalsmac/WORK/ardur/ardurPeopleSoft/trueAlign/shift/views.py", line 79, in wrapper
    result = func(request, *args, **kwargs)
  File "/Users/harshalsmac/WORK/ardur/ardurPeopleSoft/trueAlign/shift/views.py", line 306, in shift_list
    return render(request, 'shift/shift_list.html', {'error': True})
  File "/opt/anaconda3/envs/aps/lib/python3.10/site-packages/django/shortcuts.py", line 25, in render
    content = loader.render_to_string(template_name, context, request, using=using)
  File "/opt/anaconda3/envs/aps/lib/python3.10/site-packages/django/template/loader.py", line 61, in render_to_string
    template = get_template(template_name, using=using)
  File "/opt/anaconda3/envs/aps/lib/python3.10/site-packages/django/template/loader.py", line 15, in get_template
    return engine.get_template(template_name)
  File "/opt/anaconda3/envs/aps/lib/python3.10/site-packages/django/template/backends/django.py", line 33, in get_template
    return Template(self.engine.get_template(template_name), self)
  File "/opt/anaconda3/envs/aps/lib/python3.10/site-packages/django/template/engine.py", line 177, in get_template
    template, origin = self.find_template(template_name)
  File "/opt/anaconda3/envs/aps/lib/python3.10/site-packages/django/template/engine.py", line 159, in find_template
    template = loader.get_template(name, skip=skip)
  File "/opt/anaconda3/envs/aps/lib/python3.10/site-packages/django/template/loaders/cached.py", line 57, in get_template
    template = super().get_template(template_name, skip)
  File "/opt/anaconda3/envs/aps/lib/python3.10/site-packages/django/template/loaders/base.py", line 28, in get_template
    return Template(
  File "/opt/anaconda3/envs/aps/lib/python3.10/site-packages/django/template/base.py", line 154, in __init__
    self.nodelist = self.compile_nodelist()
  File "/opt/anaconda3/envs/aps/lib/python3.10/site-packages/django/template/base.py", line 196, in compile_nodelist
    return parser.parse()
  File "/opt/anaconda3/envs/aps/lib/python3.10/site-packages/django/template/base.py", line 510, in parse
    raise self.error(token, e)
  File "/opt/anaconda3/envs/aps/lib/python3.10/site-packages/django/template/base.py", line 508, in parse
    compiled_result = compile_func(self, token)
  File "/opt/anaconda3/envs/aps/lib/python3.10/site-packages/django/template/loader_tags.py", line 295, in do_extends
    nodelist = parser.parse()
  File "/opt/anaconda3/envs/aps/lib/python3.10/site-packages/django/template/base.py", line 510, in parse
    raise self.error(token, e)
  File "/opt/anaconda3/envs/aps/lib/python3.10/site-packages/django/template/base.py", line 508, in parse
    compiled_result = compile_func(self, token)
  File "/opt/anaconda3/envs/aps/lib/python3.10/site-packages/django/template/loader_tags.py", line 234, in do_block
    nodelist = parser.parse(("endblock",))
  File "/opt/anaconda3/envs/aps/lib/python3.10/site-packages/django/template/base.py", line 515, in parse
    self.unclosed_block_tag(parse_until)
  File "/opt/anaconda3/envs/aps/lib/python3.10/site-packages/django/template/base.py", line 578, in unclosed_block_tag
    raise self.error(token, msg)
django.template.exceptions.TemplateSyntaxError: Unclosed tag on line 1: 'block'. Looking for one of: endblock.
[2025-06-29 13:46:46] ERROR - django.request - log_response:241 - Internal Server Error: /api/session/update/
[2025-06-29 13:47:02] ERROR - django.request - log_response:241 - Internal Server Error: /shift/shifts/
Traceback (most recent call last):
  File "/opt/anaconda3/envs/aps/lib/python3.10/site-packages/django/template/smartif.py", line 180, in translate_token
    op = OPERATORS[token]
KeyError: 'filter_form.is_active.value=""="true"'

During handling of the above exception, another exception occurred:

Traceback (most recent call last):
  File "/Users/harshalsmac/WORK/ardur/ardurPeopleSoft/trueAlign/shift/views.py", line 301, in shift_list
    return render(request, 'shift/shift_list.html', context)
  File "/opt/anaconda3/envs/aps/lib/python3.10/site-packages/django/shortcuts.py", line 25, in render
    content = loader.render_to_string(template_name, context, request, using=using)
  File "/opt/anaconda3/envs/aps/lib/python3.10/site-packages/django/template/loader.py", line 61, in render_to_string
    template = get_template(template_name, using=using)
  File "/opt/anaconda3/envs/aps/lib/python3.10/site-packages/django/template/loader.py", line 15, in get_template
    return engine.get_template(template_name)
  File "/opt/anaconda3/envs/aps/lib/python3.10/site-packages/django/template/backends/django.py", line 33, in get_template
    return Template(self.engine.get_template(template_name), self)
  File "/opt/anaconda3/envs/aps/lib/python3.10/site-packages/django/template/engine.py", line 177, in get_template
    template, origin = self.find_template(template_name)
  File "/opt/anaconda3/envs/aps/lib/python3.10/site-packages/django/template/engine.py", line 159, in find_template
    template = loader.get_template(name, skip=skip)
  File "/opt/anaconda3/envs/aps/lib/python3.10/site-packages/django/template/loaders/cached.py", line 57, in get_template
    template = super().get_template(template_name, skip)
  File "/opt/anaconda3/envs/aps/lib/python3.10/site-packages/django/template/loaders/base.py", line 28, in get_template
    return Template(
  File "/opt/anaconda3/envs/aps/lib/python3.10/site-packages/django/template/base.py", line 154, in __init__
    self.nodelist = self.compile_nodelist()
  File "/opt/anaconda3/envs/aps/lib/python3.10/site-packages/django/template/base.py", line 196, in compile_nodelist
    return parser.parse()
  File "/opt/anaconda3/envs/aps/lib/python3.10/site-packages/django/template/base.py", line 510, in parse
    raise self.error(token, e)
  File "/opt/anaconda3/envs/aps/lib/python3.10/site-packages/django/template/base.py", line 508, in parse
    compiled_result = compile_func(self, token)
  File "/opt/anaconda3/envs/aps/lib/python3.10/site-packages/django/template/loader_tags.py", line 295, in do_extends
    nodelist = parser.parse()
  File "/opt/anaconda3/envs/aps/lib/python3.10/site-packages/django/template/base.py", line 510, in parse
    raise self.error(token, e)
  File "/opt/anaconda3/envs/aps/lib/python3.10/site-packages/django/template/base.py", line 508, in parse
    compiled_result = compile_func(self, token)
  File "/opt/anaconda3/envs/aps/lib/python3.10/site-packages/django/template/loader_tags.py", line 234, in do_block
    nodelist = parser.parse(("endblock",))
  File "/opt/anaconda3/envs/aps/lib/python3.10/site-packages/django/template/base.py", line 510, in parse
    raise self.error(token, e)
  File "/opt/anaconda3/envs/aps/lib/python3.10/site-packages/django/template/base.py", line 508, in parse
    compiled_result = compile_func(self, token)
  File "/opt/anaconda3/envs/aps/lib/python3.10/site-packages/django/template/defaulttags.py", line 960, in do_if
    condition = TemplateIfParser(parser, bits).parse()
  File "/opt/anaconda3/envs/aps/lib/python3.10/site-packages/django/template/defaulttags.py", line 893, in __init__
    super().__init__(*args, **kwargs)
  File "/opt/anaconda3/envs/aps/lib/python3.10/site-packages/django/template/smartif.py", line 171, in __init__
    mapped_tokens.append(self.translate_token(token))
  File "/opt/anaconda3/envs/aps/lib/python3.10/site-packages/django/template/smartif.py", line 182, in translate_token
    return self.create_var(token)
  File "/opt/anaconda3/envs/aps/lib/python3.10/site-packages/django/template/defaulttags.py", line 896, in create_var
    return TemplateLiteral(self.template_parser.compile_filter(value), value)
  File "/opt/anaconda3/envs/aps/lib/python3.10/site-packages/django/template/base.py", line 597, in compile_filter
    return FilterExpression(token, self)
  File "/opt/anaconda3/envs/aps/lib/python3.10/site-packages/django/template/base.py", line 698, in __init__
    raise TemplateSyntaxError(
django.template.exceptions.TemplateSyntaxError: Could not parse the remainder: '=""="true"' from 'filter_form.is_active.value=""="true"'

During handling of the above exception, another exception occurred:

Traceback (most recent call last):
  File "/opt/anaconda3/envs/aps/lib/python3.10/site-packages/django/template/smartif.py", line 180, in translate_token
    op = OPERATORS[token]
KeyError: 'filter_form.is_active.value=""="true"'

During handling of the above exception, another exception occurred:

Traceback (most recent call last):
  File "/opt/anaconda3/envs/aps/lib/python3.10/site-packages/django/core/handlers/exception.py", line 55, in inner
    response = get_response(request)
  File "/opt/anaconda3/envs/aps/lib/python3.10/site-packages/django/core/handlers/base.py", line 197, in _get_response
    response = wrapped_callback(request, *callback_args, **callback_kwargs)
  File "/opt/anaconda3/envs/aps/lib/python3.10/site-packages/django/contrib/auth/decorators.py", line 23, in _wrapper_view
    return view_func(request, *args, **kwargs)
  File "/Users/harshalsmac/WORK/ardur/ardurPeopleSoft/trueAlign/shift/decorators.py", line 53, in wrapper_func
    return view_func(request, *args, **kwargs)
  File "/Users/harshalsmac/WORK/ardur/ardurPeopleSoft/trueAlign/shift/views.py", line 79, in wrapper
    result = func(request, *args, **kwargs)
  File "/Users/harshalsmac/WORK/ardur/ardurPeopleSoft/trueAlign/shift/views.py", line 306, in shift_list
    return render(request, 'shift/shift_list.html', {'error': True})
  File "/opt/anaconda3/envs/aps/lib/python3.10/site-packages/django/shortcuts.py", line 25, in render
    content = loader.render_to_string(template_name, context, request, using=using)
  File "/opt/anaconda3/envs/aps/lib/python3.10/site-packages/django/template/loader.py", line 61, in render_to_string
    template = get_template(template_name, using=using)
  File "/opt/anaconda3/envs/aps/lib/python3.10/site-packages/django/template/loader.py", line 15, in get_template
    return engine.get_template(template_name)
  File "/opt/anaconda3/envs/aps/lib/python3.10/site-packages/django/template/backends/django.py", line 33, in get_template
    return Template(self.engine.get_template(template_name), self)
  File "/opt/anaconda3/envs/aps/lib/python3.10/site-packages/django/template/engine.py", line 177, in get_template
    template, origin = self.find_template(template_name)
  File "/opt/anaconda3/envs/aps/lib/python3.10/site-packages/django/template/engine.py", line 159, in find_template
    template = loader.get_template(name, skip=skip)
  File "/opt/anaconda3/envs/aps/lib/python3.10/site-packages/django/template/loaders/cached.py", line 57, in get_template
    template = super().get_template(template_name, skip)
  File "/opt/anaconda3/envs/aps/lib/python3.10/site-packages/django/template/loaders/base.py", line 28, in get_template
    return Template(
  File "/opt/anaconda3/envs/aps/lib/python3.10/site-packages/django/template/base.py", line 154, in __init__
    self.nodelist = self.compile_nodelist()
  File "/opt/anaconda3/envs/aps/lib/python3.10/site-packages/django/template/base.py", line 196, in compile_nodelist
    return parser.parse()
  File "/opt/anaconda3/envs/aps/lib/python3.10/site-packages/django/template/base.py", line 510, in parse
    raise self.error(token, e)
  File "/opt/anaconda3/envs/aps/lib/python3.10/site-packages/django/template/base.py", line 508, in parse
    compiled_result = compile_func(self, token)
  File "/opt/anaconda3/envs/aps/lib/python3.10/site-packages/django/template/loader_tags.py", line 295, in do_extends
    nodelist = parser.parse()
  File "/opt/anaconda3/envs/aps/lib/python3.10/site-packages/django/template/base.py", line 510, in parse
    raise self.error(token, e)
  File "/opt/anaconda3/envs/aps/lib/python3.10/site-packages/django/template/base.py", line 508, in parse
    compiled_result = compile_func(self, token)
  File "/opt/anaconda3/envs/aps/lib/python3.10/site-packages/django/template/loader_tags.py", line 234, in do_block
    nodelist = parser.parse(("endblock",))
  File "/opt/anaconda3/envs/aps/lib/python3.10/site-packages/django/template/base.py", line 510, in parse
    raise self.error(token, e)
  File "/opt/anaconda3/envs/aps/lib/python3.10/site-packages/django/template/base.py", line 508, in parse
    compiled_result = compile_func(self, token)
  File "/opt/anaconda3/envs/aps/lib/python3.10/site-packages/django/template/defaulttags.py", line 960, in do_if
    condition = TemplateIfParser(parser, bits).parse()
  File "/opt/anaconda3/envs/aps/lib/python3.10/site-packages/django/template/defaulttags.py", line 893, in __init__
    super().__init__(*args, **kwargs)
  File "/opt/anaconda3/envs/aps/lib/python3.10/site-packages/django/template/smartif.py", line 171, in __init__
    mapped_tokens.append(self.translate_token(token))
  File "/opt/anaconda3/envs/aps/lib/python3.10/site-packages/django/template/smartif.py", line 182, in translate_token
    return self.create_var(token)
  File "/opt/anaconda3/envs/aps/lib/python3.10/site-packages/django/template/defaulttags.py", line 896, in create_var
    return TemplateLiteral(self.template_parser.compile_filter(value), value)
  File "/opt/anaconda3/envs/aps/lib/python3.10/site-packages/django/template/base.py", line 597, in compile_filter
    return FilterExpression(token, self)
  File "/opt/anaconda3/envs/aps/lib/python3.10/site-packages/django/template/base.py", line 698, in __init__
    raise TemplateSyntaxError(
django.template.exceptions.TemplateSyntaxError: Could not parse the remainder: '=""="true"' from 'filter_form.is_active.value=""="true"'
[2025-06-29 13:47:23] ERROR - django.request - log_response:241 - Internal Server Error: /shift/shifts/
Traceback (most recent call last):
  File "/opt/anaconda3/envs/aps/lib/python3.10/site-packages/django/template/base.py", line 502, in parse
    compile_func = self.tags[command]
KeyError: 'endblock'

During handling of the above exception, another exception occurred:

Traceback (most recent call last):
  File "/Users/harshalsmac/WORK/ardur/ardurPeopleSoft/trueAlign/shift/views.py", line 301, in shift_list
    return render(request, 'shift/shift_list.html', context)
  File "/opt/anaconda3/envs/aps/lib/python3.10/site-packages/django/shortcuts.py", line 25, in render
    content = loader.render_to_string(template_name, context, request, using=using)
  File "/opt/anaconda3/envs/aps/lib/python3.10/site-packages/django/template/loader.py", line 61, in render_to_string
    template = get_template(template_name, using=using)
  File "/opt/anaconda3/envs/aps/lib/python3.10/site-packages/django/template/loader.py", line 15, in get_template
    return engine.get_template(template_name)
  File "/opt/anaconda3/envs/aps/lib/python3.10/site-packages/django/template/backends/django.py", line 33, in get_template
    return Template(self.engine.get_template(template_name), self)
  File "/opt/anaconda3/envs/aps/lib/python3.10/site-packages/django/template/engine.py", line 177, in get_template
    template, origin = self.find_template(template_name)
  File "/opt/anaconda3/envs/aps/lib/python3.10/site-packages/django/template/engine.py", line 159, in find_template
    template = loader.get_template(name, skip=skip)
  File "/opt/anaconda3/envs/aps/lib/python3.10/site-packages/django/template/loaders/cached.py", line 57, in get_template
    template = super().get_template(template_name, skip)
  File "/opt/anaconda3/envs/aps/lib/python3.10/site-packages/django/template/loaders/base.py", line 28, in get_template
    return Template(
  File "/opt/anaconda3/envs/aps/lib/python3.10/site-packages/django/template/base.py", line 154, in __init__
    self.nodelist = self.compile_nodelist()
  File "/opt/anaconda3/envs/aps/lib/python3.10/site-packages/django/template/base.py", line 196, in compile_nodelist
    return parser.parse()
  File "/opt/anaconda3/envs/aps/lib/python3.10/site-packages/django/template/base.py", line 510, in parse
    raise self.error(token, e)
  File "/opt/anaconda3/envs/aps/lib/python3.10/site-packages/django/template/base.py", line 508, in parse
    compiled_result = compile_func(self, token)
  File "/opt/anaconda3/envs/aps/lib/python3.10/site-packages/django/template/loader_tags.py", line 295, in do_extends
    nodelist = parser.parse()
  File "/opt/anaconda3/envs/aps/lib/python3.10/site-packages/django/template/base.py", line 510, in parse
    raise self.error(token, e)
  File "/opt/anaconda3/envs/aps/lib/python3.10/site-packages/django/template/base.py", line 508, in parse
    compiled_result = compile_func(self, token)
  File "/opt/anaconda3/envs/aps/lib/python3.10/site-packages/django/template/loader_tags.py", line 234, in do_block
    nodelist = parser.parse(("endblock",))
  File "/opt/anaconda3/envs/aps/lib/python3.10/site-packages/django/template/base.py", line 510, in parse
    raise self.error(token, e)
  File "/opt/anaconda3/envs/aps/lib/python3.10/site-packages/django/template/base.py", line 508, in parse
    compiled_result = compile_func(self, token)
  File "/opt/anaconda3/envs/aps/lib/python3.10/site-packages/django/template/defaulttags.py", line 961, in do_if
    nodelist = parser.parse(("elif", "else", "endif"))
  File "/opt/anaconda3/envs/aps/lib/python3.10/site-packages/django/template/base.py", line 510, in parse
    raise self.error(token, e)
  File "/opt/anaconda3/envs/aps/lib/python3.10/site-packages/django/template/base.py", line 508, in parse
    compiled_result = compile_func(self, token)
  File "/opt/anaconda3/envs/aps/lib/python3.10/site-packages/django/template/defaulttags.py", line 961, in do_if
    nodelist = parser.parse(("elif", "else", "endif"))
  File "/opt/anaconda3/envs/aps/lib/python3.10/site-packages/django/template/base.py", line 504, in parse
    self.invalid_block_tag(token, command, parse_until)
  File "/opt/anaconda3/envs/aps/lib/python3.10/site-packages/django/template/base.py", line 555, in invalid_block_tag
    raise self.error(
django.template.exceptions.TemplateSyntaxError: Invalid block tag on line 469: 'endblock', expected 'elif', 'else' or 'endif'. Did you forget to register or load this tag?

During handling of the above exception, another exception occurred:

Traceback (most recent call last):
  File "/opt/anaconda3/envs/aps/lib/python3.10/site-packages/django/template/base.py", line 502, in parse
    compile_func = self.tags[command]
KeyError: 'endblock'

During handling of the above exception, another exception occurred:

Traceback (most recent call last):
  File "/opt/anaconda3/envs/aps/lib/python3.10/site-packages/django/core/handlers/exception.py", line 55, in inner
    response = get_response(request)
  File "/opt/anaconda3/envs/aps/lib/python3.10/site-packages/django/core/handlers/base.py", line 197, in _get_response
    response = wrapped_callback(request, *callback_args, **callback_kwargs)
  File "/opt/anaconda3/envs/aps/lib/python3.10/site-packages/django/contrib/auth/decorators.py", line 23, in _wrapper_view
    return view_func(request, *args, **kwargs)
  File "/Users/harshalsmac/WORK/ardur/ardurPeopleSoft/trueAlign/shift/decorators.py", line 53, in wrapper_func
    return view_func(request, *args, **kwargs)
  File "/Users/harshalsmac/WORK/ardur/ardurPeopleSoft/trueAlign/shift/views.py", line 79, in wrapper
    result = func(request, *args, **kwargs)
  File "/Users/harshalsmac/WORK/ardur/ardurPeopleSoft/trueAlign/shift/views.py", line 306, in shift_list
    return render(request, 'shift/shift_list.html', {'error': True})
  File "/opt/anaconda3/envs/aps/lib/python3.10/site-packages/django/shortcuts.py", line 25, in render
    content = loader.render_to_string(template_name, context, request, using=using)
  File "/opt/anaconda3/envs/aps/lib/python3.10/site-packages/django/template/loader.py", line 61, in render_to_string
    template = get_template(template_name, using=using)
  File "/opt/anaconda3/envs/aps/lib/python3.10/site-packages/django/template/loader.py", line 15, in get_template
    return engine.get_template(template_name)
  File "/opt/anaconda3/envs/aps/lib/python3.10/site-packages/django/template/backends/django.py", line 33, in get_template
    return Template(self.engine.get_template(template_name), self)
  File "/opt/anaconda3/envs/aps/lib/python3.10/site-packages/django/template/engine.py", line 177, in get_template
    template, origin = self.find_template(template_name)
  File "/opt/anaconda3/envs/aps/lib/python3.10/site-packages/django/template/engine.py", line 159, in find_template
    template = loader.get_template(name, skip=skip)
  File "/opt/anaconda3/envs/aps/lib/python3.10/site-packages/django/template/loaders/cached.py", line 57, in get_template
    template = super().get_template(template_name, skip)
  File "/opt/anaconda3/envs/aps/lib/python3.10/site-packages/django/template/loaders/base.py", line 28, in get_template
    return Template(
  File "/opt/anaconda3/envs/aps/lib/python3.10/site-packages/django/template/base.py", line 154, in __init__
    self.nodelist = self.compile_nodelist()
  File "/opt/anaconda3/envs/aps/lib/python3.10/site-packages/django/template/base.py", line 196, in compile_nodelist
    return parser.parse()
  File "/opt/anaconda3/envs/aps/lib/python3.10/site-packages/django/template/base.py", line 510, in parse
    raise self.error(token, e)
  File "/opt/anaconda3/envs/aps/lib/python3.10/site-packages/django/template/base.py", line 508, in parse
    compiled_result = compile_func(self, token)
  File "/opt/anaconda3/envs/aps/lib/python3.10/site-packages/django/template/loader_tags.py", line 295, in do_extends
    nodelist = parser.parse()
  File "/opt/anaconda3/envs/aps/lib/python3.10/site-packages/django/template/base.py", line 510, in parse
    raise self.error(token, e)
  File "/opt/anaconda3/envs/aps/lib/python3.10/site-packages/django/template/base.py", line 508, in parse
    compiled_result = compile_func(self, token)
  File "/opt/anaconda3/envs/aps/lib/python3.10/site-packages/django/template/loader_tags.py", line 234, in do_block
    nodelist = parser.parse(("endblock",))
  File "/opt/anaconda3/envs/aps/lib/python3.10/site-packages/django/template/base.py", line 510, in parse
    raise self.error(token, e)
  File "/opt/anaconda3/envs/aps/lib/python3.10/site-packages/django/template/base.py", line 508, in parse
    compiled_result = compile_func(self, token)
  File "/opt/anaconda3/envs/aps/lib/python3.10/site-packages/django/template/defaulttags.py", line 961, in do_if
    nodelist = parser.parse(("elif", "else", "endif"))
  File "/opt/anaconda3/envs/aps/lib/python3.10/site-packages/django/template/base.py", line 510, in parse
    raise self.error(token, e)
  File "/opt/anaconda3/envs/aps/lib/python3.10/site-packages/django/template/base.py", line 508, in parse
    compiled_result = compile_func(self, token)
  File "/opt/anaconda3/envs/aps/lib/python3.10/site-packages/django/template/defaulttags.py", line 961, in do_if
    nodelist = parser.parse(("elif", "else", "endif"))
  File "/opt/anaconda3/envs/aps/lib/python3.10/site-packages/django/template/base.py", line 504, in parse
    self.invalid_block_tag(token, command, parse_until)
  File "/opt/anaconda3/envs/aps/lib/python3.10/site-packages/django/template/base.py", line 555, in invalid_block_tag
    raise self.error(
django.template.exceptions.TemplateSyntaxError: Invalid block tag on line 469: 'endblock', expected 'elif', 'else' or 'endif'. Did you forget to register or load this tag?
[2025-06-29 13:47:42] ERROR - django.request - log_response:241 - Internal Server Error: /shift/shifts/
Traceback (most recent call last):
  File "/opt/anaconda3/envs/aps/lib/python3.10/site-packages/django/template/base.py", line 502, in parse
    compile_func = self.tags[command]
KeyError: 'endblock'

During handling of the above exception, another exception occurred:

Traceback (most recent call last):
  File "/Users/harshalsmac/WORK/ardur/ardurPeopleSoft/trueAlign/shift/views.py", line 301, in shift_list
    return render(request, 'shift/shift_list.html', context)
  File "/opt/anaconda3/envs/aps/lib/python3.10/site-packages/django/shortcuts.py", line 25, in render
    content = loader.render_to_string(template_name, context, request, using=using)
  File "/opt/anaconda3/envs/aps/lib/python3.10/site-packages/django/template/loader.py", line 61, in render_to_string
    template = get_template(template_name, using=using)
  File "/opt/anaconda3/envs/aps/lib/python3.10/site-packages/django/template/loader.py", line 15, in get_template
    return engine.get_template(template_name)
  File "/opt/anaconda3/envs/aps/lib/python3.10/site-packages/django/template/backends/django.py", line 33, in get_template
    return Template(self.engine.get_template(template_name), self)
  File "/opt/anaconda3/envs/aps/lib/python3.10/site-packages/django/template/engine.py", line 177, in get_template
    template, origin = self.find_template(template_name)
  File "/opt/anaconda3/envs/aps/lib/python3.10/site-packages/django/template/engine.py", line 159, in find_template
    template = loader.get_template(name, skip=skip)
  File "/opt/anaconda3/envs/aps/lib/python3.10/site-packages/django/template/loaders/cached.py", line 57, in get_template
    template = super().get_template(template_name, skip)
  File "/opt/anaconda3/envs/aps/lib/python3.10/site-packages/django/template/loaders/base.py", line 28, in get_template
    return Template(
  File "/opt/anaconda3/envs/aps/lib/python3.10/site-packages/django/template/base.py", line 154, in __init__
    self.nodelist = self.compile_nodelist()
  File "/opt/anaconda3/envs/aps/lib/python3.10/site-packages/django/template/base.py", line 196, in compile_nodelist
    return parser.parse()
  File "/opt/anaconda3/envs/aps/lib/python3.10/site-packages/django/template/base.py", line 510, in parse
    raise self.error(token, e)
  File "/opt/anaconda3/envs/aps/lib/python3.10/site-packages/django/template/base.py", line 508, in parse
    compiled_result = compile_func(self, token)
  File "/opt/anaconda3/envs/aps/lib/python3.10/site-packages/django/template/loader_tags.py", line 295, in do_extends
    nodelist = parser.parse()
  File "/opt/anaconda3/envs/aps/lib/python3.10/site-packages/django/template/base.py", line 510, in parse
    raise self.error(token, e)
  File "/opt/anaconda3/envs/aps/lib/python3.10/site-packages/django/template/base.py", line 508, in parse
    compiled_result = compile_func(self, token)
  File "/opt/anaconda3/envs/aps/lib/python3.10/site-packages/django/template/loader_tags.py", line 234, in do_block
    nodelist = parser.parse(("endblock",))
  File "/opt/anaconda3/envs/aps/lib/python3.10/site-packages/django/template/base.py", line 510, in parse
    raise self.error(token, e)
  File "/opt/anaconda3/envs/aps/lib/python3.10/site-packages/django/template/base.py", line 508, in parse
    compiled_result = compile_func(self, token)
  File "/opt/anaconda3/envs/aps/lib/python3.10/site-packages/django/template/defaulttags.py", line 961, in do_if
    nodelist = parser.parse(("elif", "else", "endif"))
  File "/opt/anaconda3/envs/aps/lib/python3.10/site-packages/django/template/base.py", line 510, in parse
    raise self.error(token, e)
  File "/opt/anaconda3/envs/aps/lib/python3.10/site-packages/django/template/base.py", line 508, in parse
    compiled_result = compile_func(self, token)
  File "/opt/anaconda3/envs/aps/lib/python3.10/site-packages/django/template/defaulttags.py", line 961, in do_if
    nodelist = parser.parse(("elif", "else", "endif"))
  File "/opt/anaconda3/envs/aps/lib/python3.10/site-packages/django/template/base.py", line 504, in parse
    self.invalid_block_tag(token, command, parse_until)
  File "/opt/anaconda3/envs/aps/lib/python3.10/site-packages/django/template/base.py", line 555, in invalid_block_tag
    raise self.error(
django.template.exceptions.TemplateSyntaxError: Invalid block tag on line 468: 'endblock', expected 'elif', 'else' or 'endif'. Did you forget to register or load this tag?

During handling of the above exception, another exception occurred:

Traceback (most recent call last):
  File "/opt/anaconda3/envs/aps/lib/python3.10/site-packages/django/template/base.py", line 502, in parse
    compile_func = self.tags[command]
KeyError: 'endblock'

During handling of the above exception, another exception occurred:

Traceback (most recent call last):
  File "/opt/anaconda3/envs/aps/lib/python3.10/site-packages/django/core/handlers/exception.py", line 55, in inner
    response = get_response(request)
  File "/opt/anaconda3/envs/aps/lib/python3.10/site-packages/django/core/handlers/base.py", line 197, in _get_response
    response = wrapped_callback(request, *callback_args, **callback_kwargs)
  File "/opt/anaconda3/envs/aps/lib/python3.10/site-packages/django/contrib/auth/decorators.py", line 23, in _wrapper_view
    return view_func(request, *args, **kwargs)
  File "/Users/harshalsmac/WORK/ardur/ardurPeopleSoft/trueAlign/shift/decorators.py", line 53, in wrapper_func
    return view_func(request, *args, **kwargs)
  File "/Users/harshalsmac/WORK/ardur/ardurPeopleSoft/trueAlign/shift/views.py", line 79, in wrapper
    result = func(request, *args, **kwargs)
  File "/Users/harshalsmac/WORK/ardur/ardurPeopleSoft/trueAlign/shift/views.py", line 306, in shift_list
    return render(request, 'shift/shift_list.html', {'error': True})
  File "/opt/anaconda3/envs/aps/lib/python3.10/site-packages/django/shortcuts.py", line 25, in render
    content = loader.render_to_string(template_name, context, request, using=using)
  File "/opt/anaconda3/envs/aps/lib/python3.10/site-packages/django/template/loader.py", line 61, in render_to_string
    template = get_template(template_name, using=using)
  File "/opt/anaconda3/envs/aps/lib/python3.10/site-packages/django/template/loader.py", line 15, in get_template
    return engine.get_template(template_name)
  File "/opt/anaconda3/envs/aps/lib/python3.10/site-packages/django/template/backends/django.py", line 33, in get_template
    return Template(self.engine.get_template(template_name), self)
  File "/opt/anaconda3/envs/aps/lib/python3.10/site-packages/django/template/engine.py", line 177, in get_template
    template, origin = self.find_template(template_name)
  File "/opt/anaconda3/envs/aps/lib/python3.10/site-packages/django/template/engine.py", line 159, in find_template
    template = loader.get_template(name, skip=skip)
  File "/opt/anaconda3/envs/aps/lib/python3.10/site-packages/django/template/loaders/cached.py", line 57, in get_template
    template = super().get_template(template_name, skip)
  File "/opt/anaconda3/envs/aps/lib/python3.10/site-packages/django/template/loaders/base.py", line 28, in get_template
    return Template(
  File "/opt/anaconda3/envs/aps/lib/python3.10/site-packages/django/template/base.py", line 154, in __init__
    self.nodelist = self.compile_nodelist()
  File "/opt/anaconda3/envs/aps/lib/python3.10/site-packages/django/template/base.py", line 196, in compile_nodelist
    return parser.parse()
  File "/opt/anaconda3/envs/aps/lib/python3.10/site-packages/django/template/base.py", line 510, in parse
    raise self.error(token, e)
  File "/opt/anaconda3/envs/aps/lib/python3.10/site-packages/django/template/base.py", line 508, in parse
    compiled_result = compile_func(self, token)
  File "/opt/anaconda3/envs/aps/lib/python3.10/site-packages/django/template/loader_tags.py", line 295, in do_extends
    nodelist = parser.parse()
  File "/opt/anaconda3/envs/aps/lib/python3.10/site-packages/django/template/base.py", line 510, in parse
    raise self.error(token, e)
  File "/opt/anaconda3/envs/aps/lib/python3.10/site-packages/django/template/base.py", line 508, in parse
    compiled_result = compile_func(self, token)
  File "/opt/anaconda3/envs/aps/lib/python3.10/site-packages/django/template/loader_tags.py", line 234, in do_block
    nodelist = parser.parse(("endblock",))
  File "/opt/anaconda3/envs/aps/lib/python3.10/site-packages/django/template/base.py", line 510, in parse
    raise self.error(token, e)
  File "/opt/anaconda3/envs/aps/lib/python3.10/site-packages/django/template/base.py", line 508, in parse
    compiled_result = compile_func(self, token)
  File "/opt/anaconda3/envs/aps/lib/python3.10/site-packages/django/template/defaulttags.py", line 961, in do_if
    nodelist = parser.parse(("elif", "else", "endif"))
  File "/opt/anaconda3/envs/aps/lib/python3.10/site-packages/django/template/base.py", line 510, in parse
    raise self.error(token, e)
  File "/opt/anaconda3/envs/aps/lib/python3.10/site-packages/django/template/base.py", line 508, in parse
    compiled_result = compile_func(self, token)
  File "/opt/anaconda3/envs/aps/lib/python3.10/site-packages/django/template/defaulttags.py", line 961, in do_if
    nodelist = parser.parse(("elif", "else", "endif"))
  File "/opt/anaconda3/envs/aps/lib/python3.10/site-packages/django/template/base.py", line 504, in parse
    self.invalid_block_tag(token, command, parse_until)
  File "/opt/anaconda3/envs/aps/lib/python3.10/site-packages/django/template/base.py", line 555, in invalid_block_tag
    raise self.error(
django.template.exceptions.TemplateSyntaxError: Invalid block tag on line 468: 'endblock', expected 'elif', 'else' or 'endif'. Did you forget to register or load this tag?
[2025-06-29 13:47:50] ERROR - django.request - log_response:241 - Internal Server Error: /shift/shifts/
Traceback (most recent call last):
  File "/opt/anaconda3/envs/aps/lib/python3.10/site-packages/django/template/base.py", line 502, in parse
    compile_func = self.tags[command]
KeyError: 'endblock'

During handling of the above exception, another exception occurred:

Traceback (most recent call last):
  File "/Users/harshalsmac/WORK/ardur/ardurPeopleSoft/trueAlign/shift/views.py", line 301, in shift_list
    return render(request, 'shift/shift_list.html', context)
  File "/opt/anaconda3/envs/aps/lib/python3.10/site-packages/django/shortcuts.py", line 25, in render
    content = loader.render_to_string(template_name, context, request, using=using)
  File "/opt/anaconda3/envs/aps/lib/python3.10/site-packages/django/template/loader.py", line 61, in render_to_string
    template = get_template(template_name, using=using)
  File "/opt/anaconda3/envs/aps/lib/python3.10/site-packages/django/template/loader.py", line 15, in get_template
    return engine.get_template(template_name)
  File "/opt/anaconda3/envs/aps/lib/python3.10/site-packages/django/template/backends/django.py", line 33, in get_template
    return Template(self.engine.get_template(template_name), self)
  File "/opt/anaconda3/envs/aps/lib/python3.10/site-packages/django/template/engine.py", line 177, in get_template
    template, origin = self.find_template(template_name)
  File "/opt/anaconda3/envs/aps/lib/python3.10/site-packages/django/template/engine.py", line 159, in find_template
    template = loader.get_template(name, skip=skip)
  File "/opt/anaconda3/envs/aps/lib/python3.10/site-packages/django/template/loaders/cached.py", line 57, in get_template
    template = super().get_template(template_name, skip)
  File "/opt/anaconda3/envs/aps/lib/python3.10/site-packages/django/template/loaders/base.py", line 28, in get_template
    return Template(
  File "/opt/anaconda3/envs/aps/lib/python3.10/site-packages/django/template/base.py", line 154, in __init__
    self.nodelist = self.compile_nodelist()
  File "/opt/anaconda3/envs/aps/lib/python3.10/site-packages/django/template/base.py", line 196, in compile_nodelist
    return parser.parse()
  File "/opt/anaconda3/envs/aps/lib/python3.10/site-packages/django/template/base.py", line 510, in parse
    raise self.error(token, e)
  File "/opt/anaconda3/envs/aps/lib/python3.10/site-packages/django/template/base.py", line 508, in parse
    compiled_result = compile_func(self, token)
  File "/opt/anaconda3/envs/aps/lib/python3.10/site-packages/django/template/loader_tags.py", line 295, in do_extends
    nodelist = parser.parse()
  File "/opt/anaconda3/envs/aps/lib/python3.10/site-packages/django/template/base.py", line 510, in parse
    raise self.error(token, e)
  File "/opt/anaconda3/envs/aps/lib/python3.10/site-packages/django/template/base.py", line 508, in parse
    compiled_result = compile_func(self, token)
  File "/opt/anaconda3/envs/aps/lib/python3.10/site-packages/django/template/loader_tags.py", line 234, in do_block
    nodelist = parser.parse(("endblock",))
  File "/opt/anaconda3/envs/aps/lib/python3.10/site-packages/django/template/base.py", line 510, in parse
    raise self.error(token, e)
  File "/opt/anaconda3/envs/aps/lib/python3.10/site-packages/django/template/base.py", line 508, in parse
    compiled_result = compile_func(self, token)
  File "/opt/anaconda3/envs/aps/lib/python3.10/site-packages/django/template/defaulttags.py", line 961, in do_if
    nodelist = parser.parse(("elif", "else", "endif"))
  File "/opt/anaconda3/envs/aps/lib/python3.10/site-packages/django/template/base.py", line 510, in parse
    raise self.error(token, e)
  File "/opt/anaconda3/envs/aps/lib/python3.10/site-packages/django/template/base.py", line 508, in parse
    compiled_result = compile_func(self, token)
  File "/opt/anaconda3/envs/aps/lib/python3.10/site-packages/django/template/defaulttags.py", line 961, in do_if
    nodelist = parser.parse(("elif", "else", "endif"))
  File "/opt/anaconda3/envs/aps/lib/python3.10/site-packages/django/template/base.py", line 504, in parse
    self.invalid_block_tag(token, command, parse_until)
  File "/opt/anaconda3/envs/aps/lib/python3.10/site-packages/django/template/base.py", line 555, in invalid_block_tag
    raise self.error(
django.template.exceptions.TemplateSyntaxError: Invalid block tag on line 468: 'endblock', expected 'elif', 'else' or 'endif'. Did you forget to register or load this tag?

During handling of the above exception, another exception occurred:

Traceback (most recent call last):
  File "/opt/anaconda3/envs/aps/lib/python3.10/site-packages/django/template/base.py", line 502, in parse
    compile_func = self.tags[command]
KeyError: 'endblock'

During handling of the above exception, another exception occurred:

Traceback (most recent call last):
  File "/opt/anaconda3/envs/aps/lib/python3.10/site-packages/django/core/handlers/exception.py", line 55, in inner
    response = get_response(request)
  File "/opt/anaconda3/envs/aps/lib/python3.10/site-packages/django/core/handlers/base.py", line 197, in _get_response
    response = wrapped_callback(request, *callback_args, **callback_kwargs)
  File "/opt/anaconda3/envs/aps/lib/python3.10/site-packages/django/contrib/auth/decorators.py", line 23, in _wrapper_view
    return view_func(request, *args, **kwargs)
  File "/Users/harshalsmac/WORK/ardur/ardurPeopleSoft/trueAlign/shift/decorators.py", line 53, in wrapper_func
    return view_func(request, *args, **kwargs)
  File "/Users/harshalsmac/WORK/ardur/ardurPeopleSoft/trueAlign/shift/views.py", line 79, in wrapper
    result = func(request, *args, **kwargs)
  File "/Users/harshalsmac/WORK/ardur/ardurPeopleSoft/trueAlign/shift/views.py", line 306, in shift_list
    return render(request, 'shift/shift_list.html', {'error': True})
  File "/opt/anaconda3/envs/aps/lib/python3.10/site-packages/django/shortcuts.py", line 25, in render
    content = loader.render_to_string(template_name, context, request, using=using)
  File "/opt/anaconda3/envs/aps/lib/python3.10/site-packages/django/template/loader.py", line 61, in render_to_string
    template = get_template(template_name, using=using)
  File "/opt/anaconda3/envs/aps/lib/python3.10/site-packages/django/template/loader.py", line 15, in get_template
    return engine.get_template(template_name)
  File "/opt/anaconda3/envs/aps/lib/python3.10/site-packages/django/template/backends/django.py", line 33, in get_template
    return Template(self.engine.get_template(template_name), self)
  File "/opt/anaconda3/envs/aps/lib/python3.10/site-packages/django/template/engine.py", line 177, in get_template
    template, origin = self.find_template(template_name)
  File "/opt/anaconda3/envs/aps/lib/python3.10/site-packages/django/template/engine.py", line 159, in find_template
    template = loader.get_template(name, skip=skip)
  File "/opt/anaconda3/envs/aps/lib/python3.10/site-packages/django/template/loaders/cached.py", line 57, in get_template
    template = super().get_template(template_name, skip)
  File "/opt/anaconda3/envs/aps/lib/python3.10/site-packages/django/template/loaders/base.py", line 28, in get_template
    return Template(
  File "/opt/anaconda3/envs/aps/lib/python3.10/site-packages/django/template/base.py", line 154, in __init__
    self.nodelist = self.compile_nodelist()
  File "/opt/anaconda3/envs/aps/lib/python3.10/site-packages/django/template/base.py", line 196, in compile_nodelist
    return parser.parse()
  File "/opt/anaconda3/envs/aps/lib/python3.10/site-packages/django/template/base.py", line 510, in parse
    raise self.error(token, e)
  File "/opt/anaconda3/envs/aps/lib/python3.10/site-packages/django/template/base.py", line 508, in parse
    compiled_result = compile_func(self, token)
  File "/opt/anaconda3/envs/aps/lib/python3.10/site-packages/django/template/loader_tags.py", line 295, in do_extends
    nodelist = parser.parse()
  File "/opt/anaconda3/envs/aps/lib/python3.10/site-packages/django/template/base.py", line 510, in parse
    raise self.error(token, e)
  File "/opt/anaconda3/envs/aps/lib/python3.10/site-packages/django/template/base.py", line 508, in parse
    compiled_result = compile_func(self, token)
  File "/opt/anaconda3/envs/aps/lib/python3.10/site-packages/django/template/loader_tags.py", line 234, in do_block
    nodelist = parser.parse(("endblock",))
  File "/opt/anaconda3/envs/aps/lib/python3.10/site-packages/django/template/base.py", line 510, in parse
    raise self.error(token, e)
  File "/opt/anaconda3/envs/aps/lib/python3.10/site-packages/django/template/base.py", line 508, in parse
    compiled_result = compile_func(self, token)
  File "/opt/anaconda3/envs/aps/lib/python3.10/site-packages/django/template/defaulttags.py", line 961, in do_if
    nodelist = parser.parse(("elif", "else", "endif"))
  File "/opt/anaconda3/envs/aps/lib/python3.10/site-packages/django/template/base.py", line 510, in parse
    raise self.error(token, e)
  File "/opt/anaconda3/envs/aps/lib/python3.10/site-packages/django/template/base.py", line 508, in parse
    compiled_result = compile_func(self, token)
  File "/opt/anaconda3/envs/aps/lib/python3.10/site-packages/django/template/defaulttags.py", line 961, in do_if
    nodelist = parser.parse(("elif", "else", "endif"))
  File "/opt/anaconda3/envs/aps/lib/python3.10/site-packages/django/template/base.py", line 504, in parse
    self.invalid_block_tag(token, command, parse_until)
  File "/opt/anaconda3/envs/aps/lib/python3.10/site-packages/django/template/base.py", line 555, in invalid_block_tag
    raise self.error(
django.template.exceptions.TemplateSyntaxError: Invalid block tag on line 468: 'endblock', expected 'elif', 'else' or 'endif'. Did you forget to register or load this tag?
[2025-06-29 13:52:33] ERROR - django.request - log_response:241 - Internal Server Error: /shift/shifts/
Traceback (most recent call last):
  File "/opt/anaconda3/envs/aps/lib/python3.10/site-packages/django/template/base.py", line 502, in parse
    compile_func = self.tags[command]
KeyError: 'endblock'

During handling of the above exception, another exception occurred:

Traceback (most recent call last):
  File "/Users/harshalsmac/WORK/ardur/ardurPeopleSoft/trueAlign/shift/views.py", line 301, in shift_list
    return render(request, 'shift/shift_list.html', context)
  File "/opt/anaconda3/envs/aps/lib/python3.10/site-packages/django/shortcuts.py", line 25, in render
    content = loader.render_to_string(template_name, context, request, using=using)
  File "/opt/anaconda3/envs/aps/lib/python3.10/site-packages/django/template/loader.py", line 61, in render_to_string
    template = get_template(template_name, using=using)
  File "/opt/anaconda3/envs/aps/lib/python3.10/site-packages/django/template/loader.py", line 15, in get_template
    return engine.get_template(template_name)
  File "/opt/anaconda3/envs/aps/lib/python3.10/site-packages/django/template/backends/django.py", line 33, in get_template
    return Template(self.engine.get_template(template_name), self)
  File "/opt/anaconda3/envs/aps/lib/python3.10/site-packages/django/template/engine.py", line 177, in get_template
    template, origin = self.find_template(template_name)
  File "/opt/anaconda3/envs/aps/lib/python3.10/site-packages/django/template/engine.py", line 159, in find_template
    template = loader.get_template(name, skip=skip)
  File "/opt/anaconda3/envs/aps/lib/python3.10/site-packages/django/template/loaders/cached.py", line 57, in get_template
    template = super().get_template(template_name, skip)
  File "/opt/anaconda3/envs/aps/lib/python3.10/site-packages/django/template/loaders/base.py", line 28, in get_template
    return Template(
  File "/opt/anaconda3/envs/aps/lib/python3.10/site-packages/django/template/base.py", line 154, in __init__
    self.nodelist = self.compile_nodelist()
  File "/opt/anaconda3/envs/aps/lib/python3.10/site-packages/django/template/base.py", line 196, in compile_nodelist
    return parser.parse()
  File "/opt/anaconda3/envs/aps/lib/python3.10/site-packages/django/template/base.py", line 510, in parse
    raise self.error(token, e)
  File "/opt/anaconda3/envs/aps/lib/python3.10/site-packages/django/template/base.py", line 508, in parse
    compiled_result = compile_func(self, token)
  File "/opt/anaconda3/envs/aps/lib/python3.10/site-packages/django/template/loader_tags.py", line 295, in do_extends
    nodelist = parser.parse()
  File "/opt/anaconda3/envs/aps/lib/python3.10/site-packages/django/template/base.py", line 510, in parse
    raise self.error(token, e)
  File "/opt/anaconda3/envs/aps/lib/python3.10/site-packages/django/template/base.py", line 508, in parse
    compiled_result = compile_func(self, token)
  File "/opt/anaconda3/envs/aps/lib/python3.10/site-packages/django/template/loader_tags.py", line 234, in do_block
    nodelist = parser.parse(("endblock",))
  File "/opt/anaconda3/envs/aps/lib/python3.10/site-packages/django/template/base.py", line 510, in parse
    raise self.error(token, e)
  File "/opt/anaconda3/envs/aps/lib/python3.10/site-packages/django/template/base.py", line 508, in parse
    compiled_result = compile_func(self, token)
  File "/opt/anaconda3/envs/aps/lib/python3.10/site-packages/django/template/defaulttags.py", line 961, in do_if
    nodelist = parser.parse(("elif", "else", "endif"))
  File "/opt/anaconda3/envs/aps/lib/python3.10/site-packages/django/template/base.py", line 504, in parse
    self.invalid_block_tag(token, command, parse_until)
  File "/opt/anaconda3/envs/aps/lib/python3.10/site-packages/django/template/base.py", line 555, in invalid_block_tag
    raise self.error(
django.template.exceptions.TemplateSyntaxError: Invalid block tag on line 466: 'endblock', expected 'elif', 'else' or 'endif'. Did you forget to register or load this tag?

During handling of the above exception, another exception occurred:

Traceback (most recent call last):
  File "/opt/anaconda3/envs/aps/lib/python3.10/site-packages/django/template/base.py", line 502, in parse
    compile_func = self.tags[command]
KeyError: 'endblock'

During handling of the above exception, another exception occurred:

Traceback (most recent call last):
  File "/opt/anaconda3/envs/aps/lib/python3.10/site-packages/django/core/handlers/exception.py", line 55, in inner
    response = get_response(request)
  File "/opt/anaconda3/envs/aps/lib/python3.10/site-packages/django/core/handlers/base.py", line 197, in _get_response
    response = wrapped_callback(request, *callback_args, **callback_kwargs)
  File "/opt/anaconda3/envs/aps/lib/python3.10/site-packages/django/contrib/auth/decorators.py", line 23, in _wrapper_view
    return view_func(request, *args, **kwargs)
  File "/Users/harshalsmac/WORK/ardur/ardurPeopleSoft/trueAlign/shift/decorators.py", line 53, in wrapper_func
    return view_func(request, *args, **kwargs)
  File "/Users/harshalsmac/WORK/ardur/ardurPeopleSoft/trueAlign/shift/views.py", line 79, in wrapper
    result = func(request, *args, **kwargs)
  File "/Users/harshalsmac/WORK/ardur/ardurPeopleSoft/trueAlign/shift/views.py", line 306, in shift_list
    return render(request, 'shift/shift_list.html', {'error': True})
  File "/opt/anaconda3/envs/aps/lib/python3.10/site-packages/django/shortcuts.py", line 25, in render
    content = loader.render_to_string(template_name, context, request, using=using)
  File "/opt/anaconda3/envs/aps/lib/python3.10/site-packages/django/template/loader.py", line 61, in render_to_string
    template = get_template(template_name, using=using)
  File "/opt/anaconda3/envs/aps/lib/python3.10/site-packages/django/template/loader.py", line 15, in get_template
    return engine.get_template(template_name)
  File "/opt/anaconda3/envs/aps/lib/python3.10/site-packages/django/template/backends/django.py", line 33, in get_template
    return Template(self.engine.get_template(template_name), self)
  File "/opt/anaconda3/envs/aps/lib/python3.10/site-packages/django/template/engine.py", line 177, in get_template
    template, origin = self.find_template(template_name)
  File "/opt/anaconda3/envs/aps/lib/python3.10/site-packages/django/template/engine.py", line 159, in find_template
    template = loader.get_template(name, skip=skip)
  File "/opt/anaconda3/envs/aps/lib/python3.10/site-packages/django/template/loaders/cached.py", line 57, in get_template
    template = super().get_template(template_name, skip)
  File "/opt/anaconda3/envs/aps/lib/python3.10/site-packages/django/template/loaders/base.py", line 28, in get_template
    return Template(
  File "/opt/anaconda3/envs/aps/lib/python3.10/site-packages/django/template/base.py", line 154, in __init__
    self.nodelist = self.compile_nodelist()
  File "/opt/anaconda3/envs/aps/lib/python3.10/site-packages/django/template/base.py", line 196, in compile_nodelist
    return parser.parse()
  File "/opt/anaconda3/envs/aps/lib/python3.10/site-packages/django/template/base.py", line 510, in parse
    raise self.error(token, e)
  File "/opt/anaconda3/envs/aps/lib/python3.10/site-packages/django/template/base.py", line 508, in parse
    compiled_result = compile_func(self, token)
  File "/opt/anaconda3/envs/aps/lib/python3.10/site-packages/django/template/loader_tags.py", line 295, in do_extends
    nodelist = parser.parse()
  File "/opt/anaconda3/envs/aps/lib/python3.10/site-packages/django/template/base.py", line 510, in parse
    raise self.error(token, e)
  File "/opt/anaconda3/envs/aps/lib/python3.10/site-packages/django/template/base.py", line 508, in parse
    compiled_result = compile_func(self, token)
  File "/opt/anaconda3/envs/aps/lib/python3.10/site-packages/django/template/loader_tags.py", line 234, in do_block
    nodelist = parser.parse(("endblock",))
  File "/opt/anaconda3/envs/aps/lib/python3.10/site-packages/django/template/base.py", line 510, in parse
    raise self.error(token, e)
  File "/opt/anaconda3/envs/aps/lib/python3.10/site-packages/django/template/base.py", line 508, in parse
    compiled_result = compile_func(self, token)
  File "/opt/anaconda3/envs/aps/lib/python3.10/site-packages/django/template/defaulttags.py", line 961, in do_if
    nodelist = parser.parse(("elif", "else", "endif"))
  File "/opt/anaconda3/envs/aps/lib/python3.10/site-packages/django/template/base.py", line 504, in parse
    self.invalid_block_tag(token, command, parse_until)
  File "/opt/anaconda3/envs/aps/lib/python3.10/site-packages/django/template/base.py", line 555, in invalid_block_tag
    raise self.error(
django.template.exceptions.TemplateSyntaxError: Invalid block tag on line 466: 'endblock', expected 'elif', 'else' or 'endif'. Did you forget to register or load this tag?
[2025-06-29 13:52:35] ERROR - django.request - log_response:241 - Internal Server Error: /shift/shifts/
Traceback (most recent call last):
  File "/opt/anaconda3/envs/aps/lib/python3.10/site-packages/django/template/base.py", line 502, in parse
    compile_func = self.tags[command]
KeyError: 'endblock'

During handling of the above exception, another exception occurred:

Traceback (most recent call last):
  File "/Users/harshalsmac/WORK/ardur/ardurPeopleSoft/trueAlign/shift/views.py", line 301, in shift_list
    return render(request, 'shift/shift_list.html', context)
  File "/opt/anaconda3/envs/aps/lib/python3.10/site-packages/django/shortcuts.py", line 25, in render
    content = loader.render_to_string(template_name, context, request, using=using)
  File "/opt/anaconda3/envs/aps/lib/python3.10/site-packages/django/template/loader.py", line 61, in render_to_string
    template = get_template(template_name, using=using)
  File "/opt/anaconda3/envs/aps/lib/python3.10/site-packages/django/template/loader.py", line 15, in get_template
    return engine.get_template(template_name)
  File "/opt/anaconda3/envs/aps/lib/python3.10/site-packages/django/template/backends/django.py", line 33, in get_template
    return Template(self.engine.get_template(template_name), self)
  File "/opt/anaconda3/envs/aps/lib/python3.10/site-packages/django/template/engine.py", line 177, in get_template
    template, origin = self.find_template(template_name)
  File "/opt/anaconda3/envs/aps/lib/python3.10/site-packages/django/template/engine.py", line 159, in find_template
    template = loader.get_template(name, skip=skip)
  File "/opt/anaconda3/envs/aps/lib/python3.10/site-packages/django/template/loaders/cached.py", line 57, in get_template
    template = super().get_template(template_name, skip)
  File "/opt/anaconda3/envs/aps/lib/python3.10/site-packages/django/template/loaders/base.py", line 28, in get_template
    return Template(
  File "/opt/anaconda3/envs/aps/lib/python3.10/site-packages/django/template/base.py", line 154, in __init__
    self.nodelist = self.compile_nodelist()
  File "/opt/anaconda3/envs/aps/lib/python3.10/site-packages/django/template/base.py", line 196, in compile_nodelist
    return parser.parse()
  File "/opt/anaconda3/envs/aps/lib/python3.10/site-packages/django/template/base.py", line 510, in parse
    raise self.error(token, e)
  File "/opt/anaconda3/envs/aps/lib/python3.10/site-packages/django/template/base.py", line 508, in parse
    compiled_result = compile_func(self, token)
  File "/opt/anaconda3/envs/aps/lib/python3.10/site-packages/django/template/loader_tags.py", line 295, in do_extends
    nodelist = parser.parse()
  File "/opt/anaconda3/envs/aps/lib/python3.10/site-packages/django/template/base.py", line 510, in parse
    raise self.error(token, e)
  File "/opt/anaconda3/envs/aps/lib/python3.10/site-packages/django/template/base.py", line 508, in parse
    compiled_result = compile_func(self, token)
  File "/opt/anaconda3/envs/aps/lib/python3.10/site-packages/django/template/loader_tags.py", line 234, in do_block
    nodelist = parser.parse(("endblock",))
  File "/opt/anaconda3/envs/aps/lib/python3.10/site-packages/django/template/base.py", line 510, in parse
    raise self.error(token, e)
  File "/opt/anaconda3/envs/aps/lib/python3.10/site-packages/django/template/base.py", line 508, in parse
    compiled_result = compile_func(self, token)
  File "/opt/anaconda3/envs/aps/lib/python3.10/site-packages/django/template/defaulttags.py", line 961, in do_if
    nodelist = parser.parse(("elif", "else", "endif"))
  File "/opt/anaconda3/envs/aps/lib/python3.10/site-packages/django/template/base.py", line 504, in parse
    self.invalid_block_tag(token, command, parse_until)
  File "/opt/anaconda3/envs/aps/lib/python3.10/site-packages/django/template/base.py", line 555, in invalid_block_tag
    raise self.error(
django.template.exceptions.TemplateSyntaxError: Invalid block tag on line 466: 'endblock', expected 'elif', 'else' or 'endif'. Did you forget to register or load this tag?

During handling of the above exception, another exception occurred:

Traceback (most recent call last):
  File "/opt/anaconda3/envs/aps/lib/python3.10/site-packages/django/template/base.py", line 502, in parse
    compile_func = self.tags[command]
KeyError: 'endblock'

During handling of the above exception, another exception occurred:

Traceback (most recent call last):
  File "/opt/anaconda3/envs/aps/lib/python3.10/site-packages/django/core/handlers/exception.py", line 55, in inner
    response = get_response(request)
  File "/opt/anaconda3/envs/aps/lib/python3.10/site-packages/django/core/handlers/base.py", line 197, in _get_response
    response = wrapped_callback(request, *callback_args, **callback_kwargs)
  File "/opt/anaconda3/envs/aps/lib/python3.10/site-packages/django/contrib/auth/decorators.py", line 23, in _wrapper_view
    return view_func(request, *args, **kwargs)
  File "/Users/harshalsmac/WORK/ardur/ardurPeopleSoft/trueAlign/shift/decorators.py", line 53, in wrapper_func
    return view_func(request, *args, **kwargs)
  File "/Users/harshalsmac/WORK/ardur/ardurPeopleSoft/trueAlign/shift/views.py", line 79, in wrapper
    result = func(request, *args, **kwargs)
  File "/Users/harshalsmac/WORK/ardur/ardurPeopleSoft/trueAlign/shift/views.py", line 306, in shift_list
    return render(request, 'shift/shift_list.html', {'error': True})
  File "/opt/anaconda3/envs/aps/lib/python3.10/site-packages/django/shortcuts.py", line 25, in render
    content = loader.render_to_string(template_name, context, request, using=using)
  File "/opt/anaconda3/envs/aps/lib/python3.10/site-packages/django/template/loader.py", line 61, in render_to_string
    template = get_template(template_name, using=using)
  File "/opt/anaconda3/envs/aps/lib/python3.10/site-packages/django/template/loader.py", line 15, in get_template
    return engine.get_template(template_name)
  File "/opt/anaconda3/envs/aps/lib/python3.10/site-packages/django/template/backends/django.py", line 33, in get_template
    return Template(self.engine.get_template(template_name), self)
  File "/opt/anaconda3/envs/aps/lib/python3.10/site-packages/django/template/engine.py", line 177, in get_template
    template, origin = self.find_template(template_name)
  File "/opt/anaconda3/envs/aps/lib/python3.10/site-packages/django/template/engine.py", line 159, in find_template
    template = loader.get_template(name, skip=skip)
  File "/opt/anaconda3/envs/aps/lib/python3.10/site-packages/django/template/loaders/cached.py", line 57, in get_template
    template = super().get_template(template_name, skip)
  File "/opt/anaconda3/envs/aps/lib/python3.10/site-packages/django/template/loaders/base.py", line 28, in get_template
    return Template(
  File "/opt/anaconda3/envs/aps/lib/python3.10/site-packages/django/template/base.py", line 154, in __init__
    self.nodelist = self.compile_nodelist()
  File "/opt/anaconda3/envs/aps/lib/python3.10/site-packages/django/template/base.py", line 196, in compile_nodelist
    return parser.parse()
  File "/opt/anaconda3/envs/aps/lib/python3.10/site-packages/django/template/base.py", line 510, in parse
    raise self.error(token, e)
  File "/opt/anaconda3/envs/aps/lib/python3.10/site-packages/django/template/base.py", line 508, in parse
    compiled_result = compile_func(self, token)
  File "/opt/anaconda3/envs/aps/lib/python3.10/site-packages/django/template/loader_tags.py", line 295, in do_extends
    nodelist = parser.parse()
  File "/opt/anaconda3/envs/aps/lib/python3.10/site-packages/django/template/base.py", line 510, in parse
    raise self.error(token, e)
  File "/opt/anaconda3/envs/aps/lib/python3.10/site-packages/django/template/base.py", line 508, in parse
    compiled_result = compile_func(self, token)
  File "/opt/anaconda3/envs/aps/lib/python3.10/site-packages/django/template/loader_tags.py", line 234, in do_block
    nodelist = parser.parse(("endblock",))
  File "/opt/anaconda3/envs/aps/lib/python3.10/site-packages/django/template/base.py", line 510, in parse
    raise self.error(token, e)
  File "/opt/anaconda3/envs/aps/lib/python3.10/site-packages/django/template/base.py", line 508, in parse
    compiled_result = compile_func(self, token)
  File "/opt/anaconda3/envs/aps/lib/python3.10/site-packages/django/template/defaulttags.py", line 961, in do_if
    nodelist = parser.parse(("elif", "else", "endif"))
  File "/opt/anaconda3/envs/aps/lib/python3.10/site-packages/django/template/base.py", line 504, in parse
    self.invalid_block_tag(token, command, parse_until)
  File "/opt/anaconda3/envs/aps/lib/python3.10/site-packages/django/template/base.py", line 555, in invalid_block_tag
    raise self.error(
django.template.exceptions.TemplateSyntaxError: Invalid block tag on line 466: 'endblock', expected 'elif', 'else' or 'endif'. Did you forget to register or load this tag?
[2025-06-29 13:52:36] ERROR - django.request - log_response:241 - Internal Server Error: /shift/shifts/
Traceback (most recent call last):
  File "/opt/anaconda3/envs/aps/lib/python3.10/site-packages/django/template/base.py", line 502, in parse
    compile_func = self.tags[command]
KeyError: 'endblock'

During handling of the above exception, another exception occurred:

Traceback (most recent call last):
  File "/Users/harshalsmac/WORK/ardur/ardurPeopleSoft/trueAlign/shift/views.py", line 301, in shift_list
    return render(request, 'shift/shift_list.html', context)
  File "/opt/anaconda3/envs/aps/lib/python3.10/site-packages/django/shortcuts.py", line 25, in render
    content = loader.render_to_string(template_name, context, request, using=using)
  File "/opt/anaconda3/envs/aps/lib/python3.10/site-packages/django/template/loader.py", line 61, in render_to_string
    template = get_template(template_name, using=using)
  File "/opt/anaconda3/envs/aps/lib/python3.10/site-packages/django/template/loader.py", line 15, in get_template
    return engine.get_template(template_name)
  File "/opt/anaconda3/envs/aps/lib/python3.10/site-packages/django/template/backends/django.py", line 33, in get_template
    return Template(self.engine.get_template(template_name), self)
  File "/opt/anaconda3/envs/aps/lib/python3.10/site-packages/django/template/engine.py", line 177, in get_template
    template, origin = self.find_template(template_name)
  File "/opt/anaconda3/envs/aps/lib/python3.10/site-packages/django/template/engine.py", line 159, in find_template
    template = loader.get_template(name, skip=skip)
  File "/opt/anaconda3/envs/aps/lib/python3.10/site-packages/django/template/loaders/cached.py", line 57, in get_template
    template = super().get_template(template_name, skip)
  File "/opt/anaconda3/envs/aps/lib/python3.10/site-packages/django/template/loaders/base.py", line 28, in get_template
    return Template(
  File "/opt/anaconda3/envs/aps/lib/python3.10/site-packages/django/template/base.py", line 154, in __init__
    self.nodelist = self.compile_nodelist()
  File "/opt/anaconda3/envs/aps/lib/python3.10/site-packages/django/template/base.py", line 196, in compile_nodelist
    return parser.parse()
  File "/opt/anaconda3/envs/aps/lib/python3.10/site-packages/django/template/base.py", line 510, in parse
    raise self.error(token, e)
  File "/opt/anaconda3/envs/aps/lib/python3.10/site-packages/django/template/base.py", line 508, in parse
    compiled_result = compile_func(self, token)
  File "/opt/anaconda3/envs/aps/lib/python3.10/site-packages/django/template/loader_tags.py", line 295, in do_extends
    nodelist = parser.parse()
  File "/opt/anaconda3/envs/aps/lib/python3.10/site-packages/django/template/base.py", line 510, in parse
    raise self.error(token, e)
  File "/opt/anaconda3/envs/aps/lib/python3.10/site-packages/django/template/base.py", line 508, in parse
    compiled_result = compile_func(self, token)
  File "/opt/anaconda3/envs/aps/lib/python3.10/site-packages/django/template/loader_tags.py", line 234, in do_block
    nodelist = parser.parse(("endblock",))
  File "/opt/anaconda3/envs/aps/lib/python3.10/site-packages/django/template/base.py", line 510, in parse
    raise self.error(token, e)
  File "/opt/anaconda3/envs/aps/lib/python3.10/site-packages/django/template/base.py", line 508, in parse
    compiled_result = compile_func(self, token)
  File "/opt/anaconda3/envs/aps/lib/python3.10/site-packages/django/template/defaulttags.py", line 961, in do_if
    nodelist = parser.parse(("elif", "else", "endif"))
  File "/opt/anaconda3/envs/aps/lib/python3.10/site-packages/django/template/base.py", line 504, in parse
    self.invalid_block_tag(token, command, parse_until)
  File "/opt/anaconda3/envs/aps/lib/python3.10/site-packages/django/template/base.py", line 555, in invalid_block_tag
    raise self.error(
django.template.exceptions.TemplateSyntaxError: Invalid block tag on line 466: 'endblock', expected 'elif', 'else' or 'endif'. Did you forget to register or load this tag?

During handling of the above exception, another exception occurred:

Traceback (most recent call last):
  File "/opt/anaconda3/envs/aps/lib/python3.10/site-packages/django/template/base.py", line 502, in parse
    compile_func = self.tags[command]
KeyError: 'endblock'

During handling of the above exception, another exception occurred:

Traceback (most recent call last):
  File "/opt/anaconda3/envs/aps/lib/python3.10/site-packages/django/core/handlers/exception.py", line 55, in inner
    response = get_response(request)
  File "/opt/anaconda3/envs/aps/lib/python3.10/site-packages/django/core/handlers/base.py", line 197, in _get_response
    response = wrapped_callback(request, *callback_args, **callback_kwargs)
  File "/opt/anaconda3/envs/aps/lib/python3.10/site-packages/django/contrib/auth/decorators.py", line 23, in _wrapper_view
    return view_func(request, *args, **kwargs)
  File "/Users/harshalsmac/WORK/ardur/ardurPeopleSoft/trueAlign/shift/decorators.py", line 53, in wrapper_func
    return view_func(request, *args, **kwargs)
  File "/Users/harshalsmac/WORK/ardur/ardurPeopleSoft/trueAlign/shift/views.py", line 79, in wrapper
    result = func(request, *args, **kwargs)
  File "/Users/harshalsmac/WORK/ardur/ardurPeopleSoft/trueAlign/shift/views.py", line 306, in shift_list
    return render(request, 'shift/shift_list.html', {'error': True})
  File "/opt/anaconda3/envs/aps/lib/python3.10/site-packages/django/shortcuts.py", line 25, in render
    content = loader.render_to_string(template_name, context, request, using=using)
  File "/opt/anaconda3/envs/aps/lib/python3.10/site-packages/django/template/loader.py", line 61, in render_to_string
    template = get_template(template_name, using=using)
  File "/opt/anaconda3/envs/aps/lib/python3.10/site-packages/django/template/loader.py", line 15, in get_template
    return engine.get_template(template_name)
  File "/opt/anaconda3/envs/aps/lib/python3.10/site-packages/django/template/backends/django.py", line 33, in get_template
    return Template(self.engine.get_template(template_name), self)
  File "/opt/anaconda3/envs/aps/lib/python3.10/site-packages/django/template/engine.py", line 177, in get_template
    template, origin = self.find_template(template_name)
  File "/opt/anaconda3/envs/aps/lib/python3.10/site-packages/django/template/engine.py", line 159, in find_template
    template = loader.get_template(name, skip=skip)
  File "/opt/anaconda3/envs/aps/lib/python3.10/site-packages/django/template/loaders/cached.py", line 57, in get_template
    template = super().get_template(template_name, skip)
  File "/opt/anaconda3/envs/aps/lib/python3.10/site-packages/django/template/loaders/base.py", line 28, in get_template
    return Template(
  File "/opt/anaconda3/envs/aps/lib/python3.10/site-packages/django/template/base.py", line 154, in __init__
    self.nodelist = self.compile_nodelist()
  File "/opt/anaconda3/envs/aps/lib/python3.10/site-packages/django/template/base.py", line 196, in compile_nodelist
    return parser.parse()
  File "/opt/anaconda3/envs/aps/lib/python3.10/site-packages/django/template/base.py", line 510, in parse
    raise self.error(token, e)
  File "/opt/anaconda3/envs/aps/lib/python3.10/site-packages/django/template/base.py", line 508, in parse
    compiled_result = compile_func(self, token)
  File "/opt/anaconda3/envs/aps/lib/python3.10/site-packages/django/template/loader_tags.py", line 295, in do_extends
    nodelist = parser.parse()
  File "/opt/anaconda3/envs/aps/lib/python3.10/site-packages/django/template/base.py", line 510, in parse
    raise self.error(token, e)
  File "/opt/anaconda3/envs/aps/lib/python3.10/site-packages/django/template/base.py", line 508, in parse
    compiled_result = compile_func(self, token)
  File "/opt/anaconda3/envs/aps/lib/python3.10/site-packages/django/template/loader_tags.py", line 234, in do_block
    nodelist = parser.parse(("endblock",))
  File "/opt/anaconda3/envs/aps/lib/python3.10/site-packages/django/template/base.py", line 510, in parse
    raise self.error(token, e)
  File "/opt/anaconda3/envs/aps/lib/python3.10/site-packages/django/template/base.py", line 508, in parse
    compiled_result = compile_func(self, token)
  File "/opt/anaconda3/envs/aps/lib/python3.10/site-packages/django/template/defaulttags.py", line 961, in do_if
    nodelist = parser.parse(("elif", "else", "endif"))
  File "/opt/anaconda3/envs/aps/lib/python3.10/site-packages/django/template/base.py", line 504, in parse
    self.invalid_block_tag(token, command, parse_until)
  File "/opt/anaconda3/envs/aps/lib/python3.10/site-packages/django/template/base.py", line 555, in invalid_block_tag
    raise self.error(
django.template.exceptions.TemplateSyntaxError: Invalid block tag on line 466: 'endblock', expected 'elif', 'else' or 'endif'. Did you forget to register or load this tag?
[2025-06-29 13:52:43] ERROR - django.request - log_response:241 - Internal Server Error: /shift/shifts/
Traceback (most recent call last):
  File "/opt/anaconda3/envs/aps/lib/python3.10/site-packages/django/template/base.py", line 502, in parse
    compile_func = self.tags[command]
KeyError: 'endblock'

During handling of the above exception, another exception occurred:

Traceback (most recent call last):
  File "/Users/harshalsmac/WORK/ardur/ardurPeopleSoft/trueAlign/shift/views.py", line 301, in shift_list
    return render(request, 'shift/shift_list.html', context)
  File "/opt/anaconda3/envs/aps/lib/python3.10/site-packages/django/shortcuts.py", line 25, in render
    content = loader.render_to_string(template_name, context, request, using=using)
  File "/opt/anaconda3/envs/aps/lib/python3.10/site-packages/django/template/loader.py", line 61, in render_to_string
    template = get_template(template_name, using=using)
  File "/opt/anaconda3/envs/aps/lib/python3.10/site-packages/django/template/loader.py", line 15, in get_template
    return engine.get_template(template_name)
  File "/opt/anaconda3/envs/aps/lib/python3.10/site-packages/django/template/backends/django.py", line 33, in get_template
    return Template(self.engine.get_template(template_name), self)
  File "/opt/anaconda3/envs/aps/lib/python3.10/site-packages/django/template/engine.py", line 177, in get_template
    template, origin = self.find_template(template_name)
  File "/opt/anaconda3/envs/aps/lib/python3.10/site-packages/django/template/engine.py", line 159, in find_template
    template = loader.get_template(name, skip=skip)
  File "/opt/anaconda3/envs/aps/lib/python3.10/site-packages/django/template/loaders/cached.py", line 57, in get_template
    template = super().get_template(template_name, skip)
  File "/opt/anaconda3/envs/aps/lib/python3.10/site-packages/django/template/loaders/base.py", line 28, in get_template
    return Template(
  File "/opt/anaconda3/envs/aps/lib/python3.10/site-packages/django/template/base.py", line 154, in __init__
    self.nodelist = self.compile_nodelist()
  File "/opt/anaconda3/envs/aps/lib/python3.10/site-packages/django/template/base.py", line 196, in compile_nodelist
    return parser.parse()
  File "/opt/anaconda3/envs/aps/lib/python3.10/site-packages/django/template/base.py", line 510, in parse
    raise self.error(token, e)
  File "/opt/anaconda3/envs/aps/lib/python3.10/site-packages/django/template/base.py", line 508, in parse
    compiled_result = compile_func(self, token)
  File "/opt/anaconda3/envs/aps/lib/python3.10/site-packages/django/template/loader_tags.py", line 295, in do_extends
    nodelist = parser.parse()
  File "/opt/anaconda3/envs/aps/lib/python3.10/site-packages/django/template/base.py", line 510, in parse
    raise self.error(token, e)
  File "/opt/anaconda3/envs/aps/lib/python3.10/site-packages/django/template/base.py", line 508, in parse
    compiled_result = compile_func(self, token)
  File "/opt/anaconda3/envs/aps/lib/python3.10/site-packages/django/template/loader_tags.py", line 234, in do_block
    nodelist = parser.parse(("endblock",))
  File "/opt/anaconda3/envs/aps/lib/python3.10/site-packages/django/template/base.py", line 510, in parse
    raise self.error(token, e)
  File "/opt/anaconda3/envs/aps/lib/python3.10/site-packages/django/template/base.py", line 508, in parse
    compiled_result = compile_func(self, token)
  File "/opt/anaconda3/envs/aps/lib/python3.10/site-packages/django/template/defaulttags.py", line 961, in do_if
    nodelist = parser.parse(("elif", "else", "endif"))
  File "/opt/anaconda3/envs/aps/lib/python3.10/site-packages/django/template/base.py", line 510, in parse
    raise self.error(token, e)
  File "/opt/anaconda3/envs/aps/lib/python3.10/site-packages/django/template/base.py", line 508, in parse
    compiled_result = compile_func(self, token)
  File "/opt/anaconda3/envs/aps/lib/python3.10/site-packages/django/template/defaulttags.py", line 961, in do_if
    nodelist = parser.parse(("elif", "else", "endif"))
  File "/opt/anaconda3/envs/aps/lib/python3.10/site-packages/django/template/base.py", line 504, in parse
    self.invalid_block_tag(token, command, parse_until)
  File "/opt/anaconda3/envs/aps/lib/python3.10/site-packages/django/template/base.py", line 555, in invalid_block_tag
    raise self.error(
django.template.exceptions.TemplateSyntaxError: Invalid block tag on line 465: 'endblock', expected 'elif', 'else' or 'endif'. Did you forget to register or load this tag?

During handling of the above exception, another exception occurred:

Traceback (most recent call last):
  File "/opt/anaconda3/envs/aps/lib/python3.10/site-packages/django/template/base.py", line 502, in parse
    compile_func = self.tags[command]
KeyError: 'endblock'

During handling of the above exception, another exception occurred:

Traceback (most recent call last):
  File "/opt/anaconda3/envs/aps/lib/python3.10/site-packages/django/core/handlers/exception.py", line 55, in inner
    response = get_response(request)
  File "/opt/anaconda3/envs/aps/lib/python3.10/site-packages/django/core/handlers/base.py", line 197, in _get_response
    response = wrapped_callback(request, *callback_args, **callback_kwargs)
  File "/opt/anaconda3/envs/aps/lib/python3.10/site-packages/django/contrib/auth/decorators.py", line 23, in _wrapper_view
    return view_func(request, *args, **kwargs)
  File "/Users/harshalsmac/WORK/ardur/ardurPeopleSoft/trueAlign/shift/decorators.py", line 53, in wrapper_func
    return view_func(request, *args, **kwargs)
  File "/Users/harshalsmac/WORK/ardur/ardurPeopleSoft/trueAlign/shift/views.py", line 79, in wrapper
    result = func(request, *args, **kwargs)
  File "/Users/harshalsmac/WORK/ardur/ardurPeopleSoft/trueAlign/shift/views.py", line 306, in shift_list
    return render(request, 'shift/shift_list.html', {'error': True})
  File "/opt/anaconda3/envs/aps/lib/python3.10/site-packages/django/shortcuts.py", line 25, in render
    content = loader.render_to_string(template_name, context, request, using=using)
  File "/opt/anaconda3/envs/aps/lib/python3.10/site-packages/django/template/loader.py", line 61, in render_to_string
    template = get_template(template_name, using=using)
  File "/opt/anaconda3/envs/aps/lib/python3.10/site-packages/django/template/loader.py", line 15, in get_template
    return engine.get_template(template_name)
  File "/opt/anaconda3/envs/aps/lib/python3.10/site-packages/django/template/backends/django.py", line 33, in get_template
    return Template(self.engine.get_template(template_name), self)
  File "/opt/anaconda3/envs/aps/lib/python3.10/site-packages/django/template/engine.py", line 177, in get_template
    template, origin = self.find_template(template_name)
  File "/opt/anaconda3/envs/aps/lib/python3.10/site-packages/django/template/engine.py", line 159, in find_template
    template = loader.get_template(name, skip=skip)
  File "/opt/anaconda3/envs/aps/lib/python3.10/site-packages/django/template/loaders/cached.py", line 57, in get_template
    template = super().get_template(template_name, skip)
  File "/opt/anaconda3/envs/aps/lib/python3.10/site-packages/django/template/loaders/base.py", line 28, in get_template
    return Template(
  File "/opt/anaconda3/envs/aps/lib/python3.10/site-packages/django/template/base.py", line 154, in __init__
    self.nodelist = self.compile_nodelist()
  File "/opt/anaconda3/envs/aps/lib/python3.10/site-packages/django/template/base.py", line 196, in compile_nodelist
    return parser.parse()
  File "/opt/anaconda3/envs/aps/lib/python3.10/site-packages/django/template/base.py", line 510, in parse
    raise self.error(token, e)
  File "/opt/anaconda3/envs/aps/lib/python3.10/site-packages/django/template/base.py", line 508, in parse
    compiled_result = compile_func(self, token)
  File "/opt/anaconda3/envs/aps/lib/python3.10/site-packages/django/template/loader_tags.py", line 295, in do_extends
    nodelist = parser.parse()
  File "/opt/anaconda3/envs/aps/lib/python3.10/site-packages/django/template/base.py", line 510, in parse
    raise self.error(token, e)
  File "/opt/anaconda3/envs/aps/lib/python3.10/site-packages/django/template/base.py", line 508, in parse
    compiled_result = compile_func(self, token)
  File "/opt/anaconda3/envs/aps/lib/python3.10/site-packages/django/template/loader_tags.py", line 234, in do_block
    nodelist = parser.parse(("endblock",))
  File "/opt/anaconda3/envs/aps/lib/python3.10/site-packages/django/template/base.py", line 510, in parse
    raise self.error(token, e)
  File "/opt/anaconda3/envs/aps/lib/python3.10/site-packages/django/template/base.py", line 508, in parse
    compiled_result = compile_func(self, token)
  File "/opt/anaconda3/envs/aps/lib/python3.10/site-packages/django/template/defaulttags.py", line 961, in do_if
    nodelist = parser.parse(("elif", "else", "endif"))
  File "/opt/anaconda3/envs/aps/lib/python3.10/site-packages/django/template/base.py", line 510, in parse
    raise self.error(token, e)
  File "/opt/anaconda3/envs/aps/lib/python3.10/site-packages/django/template/base.py", line 508, in parse
    compiled_result = compile_func(self, token)
  File "/opt/anaconda3/envs/aps/lib/python3.10/site-packages/django/template/defaulttags.py", line 961, in do_if
    nodelist = parser.parse(("elif", "else", "endif"))
  File "/opt/anaconda3/envs/aps/lib/python3.10/site-packages/django/template/base.py", line 504, in parse
    self.invalid_block_tag(token, command, parse_until)
  File "/opt/anaconda3/envs/aps/lib/python3.10/site-packages/django/template/base.py", line 555, in invalid_block_tag
    raise self.error(
django.template.exceptions.TemplateSyntaxError: Invalid block tag on line 465: 'endblock', expected 'elif', 'else' or 'endif'. Did you forget to register or load this tag?
[2025-06-29 13:52:55] ERROR - django.request - log_response:241 - Internal Server Error: /shift/shifts/
Traceback (most recent call last):
  File "/opt/anaconda3/envs/aps/lib/python3.10/site-packages/django/template/base.py", line 502, in parse
    compile_func = self.tags[command]
KeyError: 'endblock'

During handling of the above exception, another exception occurred:

Traceback (most recent call last):
  File "/Users/harshalsmac/WORK/ardur/ardurPeopleSoft/trueAlign/shift/views.py", line 301, in shift_list
    return render(request, 'shift/shift_list.html', context)
  File "/opt/anaconda3/envs/aps/lib/python3.10/site-packages/django/shortcuts.py", line 25, in render
    content = loader.render_to_string(template_name, context, request, using=using)
  File "/opt/anaconda3/envs/aps/lib/python3.10/site-packages/django/template/loader.py", line 61, in render_to_string
    template = get_template(template_name, using=using)
  File "/opt/anaconda3/envs/aps/lib/python3.10/site-packages/django/template/loader.py", line 15, in get_template
    return engine.get_template(template_name)
  File "/opt/anaconda3/envs/aps/lib/python3.10/site-packages/django/template/backends/django.py", line 33, in get_template
    return Template(self.engine.get_template(template_name), self)
  File "/opt/anaconda3/envs/aps/lib/python3.10/site-packages/django/template/engine.py", line 177, in get_template
    template, origin = self.find_template(template_name)
  File "/opt/anaconda3/envs/aps/lib/python3.10/site-packages/django/template/engine.py", line 159, in find_template
    template = loader.get_template(name, skip=skip)
  File "/opt/anaconda3/envs/aps/lib/python3.10/site-packages/django/template/loaders/cached.py", line 57, in get_template
    template = super().get_template(template_name, skip)
  File "/opt/anaconda3/envs/aps/lib/python3.10/site-packages/django/template/loaders/base.py", line 28, in get_template
    return Template(
  File "/opt/anaconda3/envs/aps/lib/python3.10/site-packages/django/template/base.py", line 154, in __init__
    self.nodelist = self.compile_nodelist()
  File "/opt/anaconda3/envs/aps/lib/python3.10/site-packages/django/template/base.py", line 196, in compile_nodelist
    return parser.parse()
  File "/opt/anaconda3/envs/aps/lib/python3.10/site-packages/django/template/base.py", line 510, in parse
    raise self.error(token, e)
  File "/opt/anaconda3/envs/aps/lib/python3.10/site-packages/django/template/base.py", line 508, in parse
    compiled_result = compile_func(self, token)
  File "/opt/anaconda3/envs/aps/lib/python3.10/site-packages/django/template/loader_tags.py", line 295, in do_extends
    nodelist = parser.parse()
  File "/opt/anaconda3/envs/aps/lib/python3.10/site-packages/django/template/base.py", line 510, in parse
    raise self.error(token, e)
  File "/opt/anaconda3/envs/aps/lib/python3.10/site-packages/django/template/base.py", line 508, in parse
    compiled_result = compile_func(self, token)
  File "/opt/anaconda3/envs/aps/lib/python3.10/site-packages/django/template/loader_tags.py", line 234, in do_block
    nodelist = parser.parse(("endblock",))
  File "/opt/anaconda3/envs/aps/lib/python3.10/site-packages/django/template/base.py", line 510, in parse
    raise self.error(token, e)
  File "/opt/anaconda3/envs/aps/lib/python3.10/site-packages/django/template/base.py", line 508, in parse
    compiled_result = compile_func(self, token)
  File "/opt/anaconda3/envs/aps/lib/python3.10/site-packages/django/template/defaulttags.py", line 961, in do_if
    nodelist = parser.parse(("elif", "else", "endif"))
  File "/opt/anaconda3/envs/aps/lib/python3.10/site-packages/django/template/base.py", line 504, in parse
    self.invalid_block_tag(token, command, parse_until)
  File "/opt/anaconda3/envs/aps/lib/python3.10/site-packages/django/template/base.py", line 555, in invalid_block_tag
    raise self.error(
django.template.exceptions.TemplateSyntaxError: Invalid block tag on line 466: 'endblock', expected 'elif', 'else' or 'endif'. Did you forget to register or load this tag?

During handling of the above exception, another exception occurred:

Traceback (most recent call last):
  File "/opt/anaconda3/envs/aps/lib/python3.10/site-packages/django/template/base.py", line 502, in parse
    compile_func = self.tags[command]
KeyError: 'endblock'

During handling of the above exception, another exception occurred:

Traceback (most recent call last):
  File "/opt/anaconda3/envs/aps/lib/python3.10/site-packages/django/core/handlers/exception.py", line 55, in inner
    response = get_response(request)
  File "/opt/anaconda3/envs/aps/lib/python3.10/site-packages/django/core/handlers/base.py", line 197, in _get_response
    response = wrapped_callback(request, *callback_args, **callback_kwargs)
  File "/opt/anaconda3/envs/aps/lib/python3.10/site-packages/django/contrib/auth/decorators.py", line 23, in _wrapper_view
    return view_func(request, *args, **kwargs)
  File "/Users/harshalsmac/WORK/ardur/ardurPeopleSoft/trueAlign/shift/decorators.py", line 53, in wrapper_func
    return view_func(request, *args, **kwargs)
  File "/Users/harshalsmac/WORK/ardur/ardurPeopleSoft/trueAlign/shift/views.py", line 79, in wrapper
    result = func(request, *args, **kwargs)
  File "/Users/harshalsmac/WORK/ardur/ardurPeopleSoft/trueAlign/shift/views.py", line 306, in shift_list
    return render(request, 'shift/shift_list.html', {'error': True})
  File "/opt/anaconda3/envs/aps/lib/python3.10/site-packages/django/shortcuts.py", line 25, in render
    content = loader.render_to_string(template_name, context, request, using=using)
  File "/opt/anaconda3/envs/aps/lib/python3.10/site-packages/django/template/loader.py", line 61, in render_to_string
    template = get_template(template_name, using=using)
  File "/opt/anaconda3/envs/aps/lib/python3.10/site-packages/django/template/loader.py", line 15, in get_template
    return engine.get_template(template_name)
  File "/opt/anaconda3/envs/aps/lib/python3.10/site-packages/django/template/backends/django.py", line 33, in get_template
    return Template(self.engine.get_template(template_name), self)
  File "/opt/anaconda3/envs/aps/lib/python3.10/site-packages/django/template/engine.py", line 177, in get_template
    template, origin = self.find_template(template_name)
  File "/opt/anaconda3/envs/aps/lib/python3.10/site-packages/django/template/engine.py", line 159, in find_template
    template = loader.get_template(name, skip=skip)
  File "/opt/anaconda3/envs/aps/lib/python3.10/site-packages/django/template/loaders/cached.py", line 57, in get_template
    template = super().get_template(template_name, skip)
  File "/opt/anaconda3/envs/aps/lib/python3.10/site-packages/django/template/loaders/base.py", line 28, in get_template
    return Template(
  File "/opt/anaconda3/envs/aps/lib/python3.10/site-packages/django/template/base.py", line 154, in __init__
    self.nodelist = self.compile_nodelist()
  File "/opt/anaconda3/envs/aps/lib/python3.10/site-packages/django/template/base.py", line 196, in compile_nodelist
    return parser.parse()
  File "/opt/anaconda3/envs/aps/lib/python3.10/site-packages/django/template/base.py", line 510, in parse
    raise self.error(token, e)
  File "/opt/anaconda3/envs/aps/lib/python3.10/site-packages/django/template/base.py", line 508, in parse
    compiled_result = compile_func(self, token)
  File "/opt/anaconda3/envs/aps/lib/python3.10/site-packages/django/template/loader_tags.py", line 295, in do_extends
    nodelist = parser.parse()
  File "/opt/anaconda3/envs/aps/lib/python3.10/site-packages/django/template/base.py", line 510, in parse
    raise self.error(token, e)
  File "/opt/anaconda3/envs/aps/lib/python3.10/site-packages/django/template/base.py", line 508, in parse
    compiled_result = compile_func(self, token)
  File "/opt/anaconda3/envs/aps/lib/python3.10/site-packages/django/template/loader_tags.py", line 234, in do_block
    nodelist = parser.parse(("endblock",))
  File "/opt/anaconda3/envs/aps/lib/python3.10/site-packages/django/template/base.py", line 510, in parse
    raise self.error(token, e)
  File "/opt/anaconda3/envs/aps/lib/python3.10/site-packages/django/template/base.py", line 508, in parse
    compiled_result = compile_func(self, token)
  File "/opt/anaconda3/envs/aps/lib/python3.10/site-packages/django/template/defaulttags.py", line 961, in do_if
    nodelist = parser.parse(("elif", "else", "endif"))
  File "/opt/anaconda3/envs/aps/lib/python3.10/site-packages/django/template/base.py", line 504, in parse
    self.invalid_block_tag(token, command, parse_until)
  File "/opt/anaconda3/envs/aps/lib/python3.10/site-packages/django/template/base.py", line 555, in invalid_block_tag
    raise self.error(
django.template.exceptions.TemplateSyntaxError: Invalid block tag on line 466: 'endblock', expected 'elif', 'else' or 'endif'. Did you forget to register or load this tag?
[2025-06-29 13:52:56] ERROR - django.request - log_response:241 - Internal Server Error: /shift/shifts/
Traceback (most recent call last):
  File "/opt/anaconda3/envs/aps/lib/python3.10/site-packages/django/template/base.py", line 502, in parse
    compile_func = self.tags[command]
KeyError: 'endblock'

During handling of the above exception, another exception occurred:

Traceback (most recent call last):
  File "/Users/harshalsmac/WORK/ardur/ardurPeopleSoft/trueAlign/shift/views.py", line 301, in shift_list
    return render(request, 'shift/shift_list.html', context)
  File "/opt/anaconda3/envs/aps/lib/python3.10/site-packages/django/shortcuts.py", line 25, in render
    content = loader.render_to_string(template_name, context, request, using=using)
  File "/opt/anaconda3/envs/aps/lib/python3.10/site-packages/django/template/loader.py", line 61, in render_to_string
    template = get_template(template_name, using=using)
  File "/opt/anaconda3/envs/aps/lib/python3.10/site-packages/django/template/loader.py", line 15, in get_template
    return engine.get_template(template_name)
  File "/opt/anaconda3/envs/aps/lib/python3.10/site-packages/django/template/backends/django.py", line 33, in get_template
    return Template(self.engine.get_template(template_name), self)
  File "/opt/anaconda3/envs/aps/lib/python3.10/site-packages/django/template/engine.py", line 177, in get_template
    template, origin = self.find_template(template_name)
  File "/opt/anaconda3/envs/aps/lib/python3.10/site-packages/django/template/engine.py", line 159, in find_template
    template = loader.get_template(name, skip=skip)
  File "/opt/anaconda3/envs/aps/lib/python3.10/site-packages/django/template/loaders/cached.py", line 57, in get_template
    template = super().get_template(template_name, skip)
  File "/opt/anaconda3/envs/aps/lib/python3.10/site-packages/django/template/loaders/base.py", line 28, in get_template
    return Template(
  File "/opt/anaconda3/envs/aps/lib/python3.10/site-packages/django/template/base.py", line 154, in __init__
    self.nodelist = self.compile_nodelist()
  File "/opt/anaconda3/envs/aps/lib/python3.10/site-packages/django/template/base.py", line 196, in compile_nodelist
    return parser.parse()
  File "/opt/anaconda3/envs/aps/lib/python3.10/site-packages/django/template/base.py", line 510, in parse
    raise self.error(token, e)
  File "/opt/anaconda3/envs/aps/lib/python3.10/site-packages/django/template/base.py", line 508, in parse
    compiled_result = compile_func(self, token)
  File "/opt/anaconda3/envs/aps/lib/python3.10/site-packages/django/template/loader_tags.py", line 295, in do_extends
    nodelist = parser.parse()
  File "/opt/anaconda3/envs/aps/lib/python3.10/site-packages/django/template/base.py", line 510, in parse
    raise self.error(token, e)
  File "/opt/anaconda3/envs/aps/lib/python3.10/site-packages/django/template/base.py", line 508, in parse
    compiled_result = compile_func(self, token)
  File "/opt/anaconda3/envs/aps/lib/python3.10/site-packages/django/template/loader_tags.py", line 234, in do_block
    nodelist = parser.parse(("endblock",))
  File "/opt/anaconda3/envs/aps/lib/python3.10/site-packages/django/template/base.py", line 510, in parse
    raise self.error(token, e)
  File "/opt/anaconda3/envs/aps/lib/python3.10/site-packages/django/template/base.py", line 508, in parse
    compiled_result = compile_func(self, token)
  File "/opt/anaconda3/envs/aps/lib/python3.10/site-packages/django/template/defaulttags.py", line 961, in do_if
    nodelist = parser.parse(("elif", "else", "endif"))
  File "/opt/anaconda3/envs/aps/lib/python3.10/site-packages/django/template/base.py", line 504, in parse
    self.invalid_block_tag(token, command, parse_until)
  File "/opt/anaconda3/envs/aps/lib/python3.10/site-packages/django/template/base.py", line 555, in invalid_block_tag
    raise self.error(
django.template.exceptions.TemplateSyntaxError: Invalid block tag on line 466: 'endblock', expected 'elif', 'else' or 'endif'. Did you forget to register or load this tag?

During handling of the above exception, another exception occurred:

Traceback (most recent call last):
  File "/opt/anaconda3/envs/aps/lib/python3.10/site-packages/django/template/base.py", line 502, in parse
    compile_func = self.tags[command]
KeyError: 'endblock'

During handling of the above exception, another exception occurred:

Traceback (most recent call last):
  File "/opt/anaconda3/envs/aps/lib/python3.10/site-packages/django/core/handlers/exception.py", line 55, in inner
    response = get_response(request)
  File "/opt/anaconda3/envs/aps/lib/python3.10/site-packages/django/core/handlers/base.py", line 197, in _get_response
    response = wrapped_callback(request, *callback_args, **callback_kwargs)
  File "/opt/anaconda3/envs/aps/lib/python3.10/site-packages/django/contrib/auth/decorators.py", line 23, in _wrapper_view
    return view_func(request, *args, **kwargs)
  File "/Users/harshalsmac/WORK/ardur/ardurPeopleSoft/trueAlign/shift/decorators.py", line 53, in wrapper_func
    return view_func(request, *args, **kwargs)
  File "/Users/harshalsmac/WORK/ardur/ardurPeopleSoft/trueAlign/shift/views.py", line 79, in wrapper
    result = func(request, *args, **kwargs)
  File "/Users/harshalsmac/WORK/ardur/ardurPeopleSoft/trueAlign/shift/views.py", line 306, in shift_list
    return render(request, 'shift/shift_list.html', {'error': True})
  File "/opt/anaconda3/envs/aps/lib/python3.10/site-packages/django/shortcuts.py", line 25, in render
    content = loader.render_to_string(template_name, context, request, using=using)
  File "/opt/anaconda3/envs/aps/lib/python3.10/site-packages/django/template/loader.py", line 61, in render_to_string
    template = get_template(template_name, using=using)
  File "/opt/anaconda3/envs/aps/lib/python3.10/site-packages/django/template/loader.py", line 15, in get_template
    return engine.get_template(template_name)
  File "/opt/anaconda3/envs/aps/lib/python3.10/site-packages/django/template/backends/django.py", line 33, in get_template
    return Template(self.engine.get_template(template_name), self)
  File "/opt/anaconda3/envs/aps/lib/python3.10/site-packages/django/template/engine.py", line 177, in get_template
    template, origin = self.find_template(template_name)
  File "/opt/anaconda3/envs/aps/lib/python3.10/site-packages/django/template/engine.py", line 159, in find_template
    template = loader.get_template(name, skip=skip)
  File "/opt/anaconda3/envs/aps/lib/python3.10/site-packages/django/template/loaders/cached.py", line 57, in get_template
    template = super().get_template(template_name, skip)
  File "/opt/anaconda3/envs/aps/lib/python3.10/site-packages/django/template/loaders/base.py", line 28, in get_template
    return Template(
  File "/opt/anaconda3/envs/aps/lib/python3.10/site-packages/django/template/base.py", line 154, in __init__
    self.nodelist = self.compile_nodelist()
  File "/opt/anaconda3/envs/aps/lib/python3.10/site-packages/django/template/base.py", line 196, in compile_nodelist
    return parser.parse()
  File "/opt/anaconda3/envs/aps/lib/python3.10/site-packages/django/template/base.py", line 510, in parse
    raise self.error(token, e)
  File "/opt/anaconda3/envs/aps/lib/python3.10/site-packages/django/template/base.py", line 508, in parse
    compiled_result = compile_func(self, token)
  File "/opt/anaconda3/envs/aps/lib/python3.10/site-packages/django/template/loader_tags.py", line 295, in do_extends
    nodelist = parser.parse()
  File "/opt/anaconda3/envs/aps/lib/python3.10/site-packages/django/template/base.py", line 510, in parse
    raise self.error(token, e)
  File "/opt/anaconda3/envs/aps/lib/python3.10/site-packages/django/template/base.py", line 508, in parse
    compiled_result = compile_func(self, token)
  File "/opt/anaconda3/envs/aps/lib/python3.10/site-packages/django/template/loader_tags.py", line 234, in do_block
    nodelist = parser.parse(("endblock",))
  File "/opt/anaconda3/envs/aps/lib/python3.10/site-packages/django/template/base.py", line 510, in parse
    raise self.error(token, e)
  File "/opt/anaconda3/envs/aps/lib/python3.10/site-packages/django/template/base.py", line 508, in parse
    compiled_result = compile_func(self, token)
  File "/opt/anaconda3/envs/aps/lib/python3.10/site-packages/django/template/defaulttags.py", line 961, in do_if
    nodelist = parser.parse(("elif", "else", "endif"))
  File "/opt/anaconda3/envs/aps/lib/python3.10/site-packages/django/template/base.py", line 504, in parse
    self.invalid_block_tag(token, command, parse_until)
  File "/opt/anaconda3/envs/aps/lib/python3.10/site-packages/django/template/base.py", line 555, in invalid_block_tag
    raise self.error(
django.template.exceptions.TemplateSyntaxError: Invalid block tag on line 466: 'endblock', expected 'elif', 'else' or 'endif'. Did you forget to register or load this tag?
[2025-06-29 13:53:06] ERROR - django.request - log_response:241 - Internal Server Error: /shift/shifts/
Traceback (most recent call last):
  File "/opt/anaconda3/envs/aps/lib/python3.10/site-packages/django/template/base.py", line 502, in parse
    compile_func = self.tags[command]
KeyError: 'endblock'

During handling of the above exception, another exception occurred:

Traceback (most recent call last):
  File "/Users/harshalsmac/WORK/ardur/ardurPeopleSoft/trueAlign/shift/views.py", line 301, in shift_list
    return render(request, 'shift/shift_list.html', context)
  File "/opt/anaconda3/envs/aps/lib/python3.10/site-packages/django/shortcuts.py", line 25, in render
    content = loader.render_to_string(template_name, context, request, using=using)
  File "/opt/anaconda3/envs/aps/lib/python3.10/site-packages/django/template/loader.py", line 61, in render_to_string
    template = get_template(template_name, using=using)
  File "/opt/anaconda3/envs/aps/lib/python3.10/site-packages/django/template/loader.py", line 15, in get_template
    return engine.get_template(template_name)
  File "/opt/anaconda3/envs/aps/lib/python3.10/site-packages/django/template/backends/django.py", line 33, in get_template
    return Template(self.engine.get_template(template_name), self)
  File "/opt/anaconda3/envs/aps/lib/python3.10/site-packages/django/template/engine.py", line 177, in get_template
    template, origin = self.find_template(template_name)
  File "/opt/anaconda3/envs/aps/lib/python3.10/site-packages/django/template/engine.py", line 159, in find_template
    template = loader.get_template(name, skip=skip)
  File "/opt/anaconda3/envs/aps/lib/python3.10/site-packages/django/template/loaders/cached.py", line 57, in get_template
    template = super().get_template(template_name, skip)
  File "/opt/anaconda3/envs/aps/lib/python3.10/site-packages/django/template/loaders/base.py", line 28, in get_template
    return Template(
  File "/opt/anaconda3/envs/aps/lib/python3.10/site-packages/django/template/base.py", line 154, in __init__
    self.nodelist = self.compile_nodelist()
  File "/opt/anaconda3/envs/aps/lib/python3.10/site-packages/django/template/base.py", line 196, in compile_nodelist
    return parser.parse()
  File "/opt/anaconda3/envs/aps/lib/python3.10/site-packages/django/template/base.py", line 510, in parse
    raise self.error(token, e)
  File "/opt/anaconda3/envs/aps/lib/python3.10/site-packages/django/template/base.py", line 508, in parse
    compiled_result = compile_func(self, token)
  File "/opt/anaconda3/envs/aps/lib/python3.10/site-packages/django/template/loader_tags.py", line 295, in do_extends
    nodelist = parser.parse()
  File "/opt/anaconda3/envs/aps/lib/python3.10/site-packages/django/template/base.py", line 510, in parse
    raise self.error(token, e)
  File "/opt/anaconda3/envs/aps/lib/python3.10/site-packages/django/template/base.py", line 508, in parse
    compiled_result = compile_func(self, token)
  File "/opt/anaconda3/envs/aps/lib/python3.10/site-packages/django/template/loader_tags.py", line 234, in do_block
    nodelist = parser.parse(("endblock",))
  File "/opt/anaconda3/envs/aps/lib/python3.10/site-packages/django/template/base.py", line 510, in parse
    raise self.error(token, e)
  File "/opt/anaconda3/envs/aps/lib/python3.10/site-packages/django/template/base.py", line 508, in parse
    compiled_result = compile_func(self, token)
  File "/opt/anaconda3/envs/aps/lib/python3.10/site-packages/django/template/defaulttags.py", line 961, in do_if
    nodelist = parser.parse(("elif", "else", "endif"))
  File "/opt/anaconda3/envs/aps/lib/python3.10/site-packages/django/template/base.py", line 504, in parse
    self.invalid_block_tag(token, command, parse_until)
  File "/opt/anaconda3/envs/aps/lib/python3.10/site-packages/django/template/base.py", line 555, in invalid_block_tag
    raise self.error(
django.template.exceptions.TemplateSyntaxError: Invalid block tag on line 465: 'endblock', expected 'elif', 'else' or 'endif'. Did you forget to register or load this tag?

During handling of the above exception, another exception occurred:

Traceback (most recent call last):
  File "/opt/anaconda3/envs/aps/lib/python3.10/site-packages/django/template/base.py", line 502, in parse
    compile_func = self.tags[command]
KeyError: 'endblock'

During handling of the above exception, another exception occurred:

Traceback (most recent call last):
  File "/opt/anaconda3/envs/aps/lib/python3.10/site-packages/django/core/handlers/exception.py", line 55, in inner
    response = get_response(request)
  File "/opt/anaconda3/envs/aps/lib/python3.10/site-packages/django/core/handlers/base.py", line 197, in _get_response
    response = wrapped_callback(request, *callback_args, **callback_kwargs)
  File "/opt/anaconda3/envs/aps/lib/python3.10/site-packages/django/contrib/auth/decorators.py", line 23, in _wrapper_view
    return view_func(request, *args, **kwargs)
  File "/Users/harshalsmac/WORK/ardur/ardurPeopleSoft/trueAlign/shift/decorators.py", line 53, in wrapper_func
    return view_func(request, *args, **kwargs)
  File "/Users/harshalsmac/WORK/ardur/ardurPeopleSoft/trueAlign/shift/views.py", line 79, in wrapper
    result = func(request, *args, **kwargs)
  File "/Users/harshalsmac/WORK/ardur/ardurPeopleSoft/trueAlign/shift/views.py", line 306, in shift_list
    return render(request, 'shift/shift_list.html', {'error': True})
  File "/opt/anaconda3/envs/aps/lib/python3.10/site-packages/django/shortcuts.py", line 25, in render
    content = loader.render_to_string(template_name, context, request, using=using)
  File "/opt/anaconda3/envs/aps/lib/python3.10/site-packages/django/template/loader.py", line 61, in render_to_string
    template = get_template(template_name, using=using)
  File "/opt/anaconda3/envs/aps/lib/python3.10/site-packages/django/template/loader.py", line 15, in get_template
    return engine.get_template(template_name)
  File "/opt/anaconda3/envs/aps/lib/python3.10/site-packages/django/template/backends/django.py", line 33, in get_template
    return Template(self.engine.get_template(template_name), self)
  File "/opt/anaconda3/envs/aps/lib/python3.10/site-packages/django/template/engine.py", line 177, in get_template
    template, origin = self.find_template(template_name)
  File "/opt/anaconda3/envs/aps/lib/python3.10/site-packages/django/template/engine.py", line 159, in find_template
    template = loader.get_template(name, skip=skip)
  File "/opt/anaconda3/envs/aps/lib/python3.10/site-packages/django/template/loaders/cached.py", line 57, in get_template
    template = super().get_template(template_name, skip)
  File "/opt/anaconda3/envs/aps/lib/python3.10/site-packages/django/template/loaders/base.py", line 28, in get_template
    return Template(
  File "/opt/anaconda3/envs/aps/lib/python3.10/site-packages/django/template/base.py", line 154, in __init__
    self.nodelist = self.compile_nodelist()
  File "/opt/anaconda3/envs/aps/lib/python3.10/site-packages/django/template/base.py", line 196, in compile_nodelist
    return parser.parse()
  File "/opt/anaconda3/envs/aps/lib/python3.10/site-packages/django/template/base.py", line 510, in parse
    raise self.error(token, e)
  File "/opt/anaconda3/envs/aps/lib/python3.10/site-packages/django/template/base.py", line 508, in parse
    compiled_result = compile_func(self, token)
  File "/opt/anaconda3/envs/aps/lib/python3.10/site-packages/django/template/loader_tags.py", line 295, in do_extends
    nodelist = parser.parse()
  File "/opt/anaconda3/envs/aps/lib/python3.10/site-packages/django/template/base.py", line 510, in parse
    raise self.error(token, e)
  File "/opt/anaconda3/envs/aps/lib/python3.10/site-packages/django/template/base.py", line 508, in parse
    compiled_result = compile_func(self, token)
  File "/opt/anaconda3/envs/aps/lib/python3.10/site-packages/django/template/loader_tags.py", line 234, in do_block
    nodelist = parser.parse(("endblock",))
  File "/opt/anaconda3/envs/aps/lib/python3.10/site-packages/django/template/base.py", line 510, in parse
    raise self.error(token, e)
  File "/opt/anaconda3/envs/aps/lib/python3.10/site-packages/django/template/base.py", line 508, in parse
    compiled_result = compile_func(self, token)
  File "/opt/anaconda3/envs/aps/lib/python3.10/site-packages/django/template/defaulttags.py", line 961, in do_if
    nodelist = parser.parse(("elif", "else", "endif"))
  File "/opt/anaconda3/envs/aps/lib/python3.10/site-packages/django/template/base.py", line 504, in parse
    self.invalid_block_tag(token, command, parse_until)
  File "/opt/anaconda3/envs/aps/lib/python3.10/site-packages/django/template/base.py", line 555, in invalid_block_tag
    raise self.error(
django.template.exceptions.TemplateSyntaxError: Invalid block tag on line 465: 'endblock', expected 'elif', 'else' or 'endif'. Did you forget to register or load this tag?
[2025-06-29 13:55:37] ERROR - django.request - log_response:241 - Internal Server Error: /api/session/update/
[2025-06-29 13:58:23] ERROR - django.request - log_response:241 - Internal Server Error: /api/session/update/
[2025-06-29 14:02:40] ERROR - django.request - log_response:241 - Internal Server Error: /shift/shifts/
Traceback (most recent call last):
  File "/Users/harshalsmac/WORK/ardur/ardurPeopleSoft/trueAlign/shift/views.py", line 301, in shift_list
    return render(request, 'shift/shift_list.html', context)
  File "/opt/anaconda3/envs/aps/lib/python3.10/site-packages/django/shortcuts.py", line 25, in render
    content = loader.render_to_string(template_name, context, request, using=using)
  File "/opt/anaconda3/envs/aps/lib/python3.10/site-packages/django/template/loader.py", line 61, in render_to_string
    template = get_template(template_name, using=using)
  File "/opt/anaconda3/envs/aps/lib/python3.10/site-packages/django/template/loader.py", line 15, in get_template
    return engine.get_template(template_name)
  File "/opt/anaconda3/envs/aps/lib/python3.10/site-packages/django/template/backends/django.py", line 33, in get_template
    return Template(self.engine.get_template(template_name), self)
  File "/opt/anaconda3/envs/aps/lib/python3.10/site-packages/django/template/engine.py", line 177, in get_template
    template, origin = self.find_template(template_name)
  File "/opt/anaconda3/envs/aps/lib/python3.10/site-packages/django/template/engine.py", line 159, in find_template
    template = loader.get_template(name, skip=skip)
  File "/opt/anaconda3/envs/aps/lib/python3.10/site-packages/django/template/loaders/cached.py", line 57, in get_template
    template = super().get_template(template_name, skip)
  File "/opt/anaconda3/envs/aps/lib/python3.10/site-packages/django/template/loaders/base.py", line 28, in get_template
    return Template(
  File "/opt/anaconda3/envs/aps/lib/python3.10/site-packages/django/template/base.py", line 154, in __init__
    self.nodelist = self.compile_nodelist()
  File "/opt/anaconda3/envs/aps/lib/python3.10/site-packages/django/template/base.py", line 196, in compile_nodelist
    return parser.parse()
  File "/opt/anaconda3/envs/aps/lib/python3.10/site-packages/django/template/base.py", line 510, in parse
    raise self.error(token, e)
  File "/opt/anaconda3/envs/aps/lib/python3.10/site-packages/django/template/base.py", line 508, in parse
    compiled_result = compile_func(self, token)
  File "/opt/anaconda3/envs/aps/lib/python3.10/site-packages/django/template/loader_tags.py", line 295, in do_extends
    nodelist = parser.parse()
  File "/opt/anaconda3/envs/aps/lib/python3.10/site-packages/django/template/base.py", line 510, in parse
    raise self.error(token, e)
  File "/opt/anaconda3/envs/aps/lib/python3.10/site-packages/django/template/base.py", line 508, in parse
    compiled_result = compile_func(self, token)
  File "/opt/anaconda3/envs/aps/lib/python3.10/site-packages/django/template/loader_tags.py", line 234, in do_block
    nodelist = parser.parse(("endblock",))
  File "/opt/anaconda3/envs/aps/lib/python3.10/site-packages/django/template/base.py", line 515, in parse
    self.unclosed_block_tag(parse_until)
  File "/opt/anaconda3/envs/aps/lib/python3.10/site-packages/django/template/base.py", line 578, in unclosed_block_tag
    raise self.error(token, msg)
django.template.exceptions.TemplateSyntaxError: Unclosed tag on line 1: 'block'. Looking for one of: endblock.

During handling of the above exception, another exception occurred:

Traceback (most recent call last):
  File "/opt/anaconda3/envs/aps/lib/python3.10/site-packages/django/core/handlers/exception.py", line 55, in inner
    response = get_response(request)
  File "/opt/anaconda3/envs/aps/lib/python3.10/site-packages/django/core/handlers/base.py", line 197, in _get_response
    response = wrapped_callback(request, *callback_args, **callback_kwargs)
  File "/opt/anaconda3/envs/aps/lib/python3.10/site-packages/django/contrib/auth/decorators.py", line 23, in _wrapper_view
    return view_func(request, *args, **kwargs)
  File "/Users/harshalsmac/WORK/ardur/ardurPeopleSoft/trueAlign/shift/decorators.py", line 53, in wrapper_func
    return view_func(request, *args, **kwargs)
  File "/Users/harshalsmac/WORK/ardur/ardurPeopleSoft/trueAlign/shift/views.py", line 79, in wrapper
    result = func(request, *args, **kwargs)
  File "/Users/harshalsmac/WORK/ardur/ardurPeopleSoft/trueAlign/shift/views.py", line 306, in shift_list
    return render(request, 'shift/shift_list.html', {'error': True})
  File "/opt/anaconda3/envs/aps/lib/python3.10/site-packages/django/shortcuts.py", line 25, in render
    content = loader.render_to_string(template_name, context, request, using=using)
  File "/opt/anaconda3/envs/aps/lib/python3.10/site-packages/django/template/loader.py", line 61, in render_to_string
    template = get_template(template_name, using=using)
  File "/opt/anaconda3/envs/aps/lib/python3.10/site-packages/django/template/loader.py", line 15, in get_template
    return engine.get_template(template_name)
  File "/opt/anaconda3/envs/aps/lib/python3.10/site-packages/django/template/backends/django.py", line 33, in get_template
    return Template(self.engine.get_template(template_name), self)
  File "/opt/anaconda3/envs/aps/lib/python3.10/site-packages/django/template/engine.py", line 177, in get_template
    template, origin = self.find_template(template_name)
  File "/opt/anaconda3/envs/aps/lib/python3.10/site-packages/django/template/engine.py", line 159, in find_template
    template = loader.get_template(name, skip=skip)
  File "/opt/anaconda3/envs/aps/lib/python3.10/site-packages/django/template/loaders/cached.py", line 57, in get_template
    template = super().get_template(template_name, skip)
  File "/opt/anaconda3/envs/aps/lib/python3.10/site-packages/django/template/loaders/base.py", line 28, in get_template
    return Template(
  File "/opt/anaconda3/envs/aps/lib/python3.10/site-packages/django/template/base.py", line 154, in __init__
    self.nodelist = self.compile_nodelist()
  File "/opt/anaconda3/envs/aps/lib/python3.10/site-packages/django/template/base.py", line 196, in compile_nodelist
    return parser.parse()
  File "/opt/anaconda3/envs/aps/lib/python3.10/site-packages/django/template/base.py", line 510, in parse
    raise self.error(token, e)
  File "/opt/anaconda3/envs/aps/lib/python3.10/site-packages/django/template/base.py", line 508, in parse
    compiled_result = compile_func(self, token)
  File "/opt/anaconda3/envs/aps/lib/python3.10/site-packages/django/template/loader_tags.py", line 295, in do_extends
    nodelist = parser.parse()
  File "/opt/anaconda3/envs/aps/lib/python3.10/site-packages/django/template/base.py", line 510, in parse
    raise self.error(token, e)
  File "/opt/anaconda3/envs/aps/lib/python3.10/site-packages/django/template/base.py", line 508, in parse
    compiled_result = compile_func(self, token)
  File "/opt/anaconda3/envs/aps/lib/python3.10/site-packages/django/template/loader_tags.py", line 234, in do_block
    nodelist = parser.parse(("endblock",))
  File "/opt/anaconda3/envs/aps/lib/python3.10/site-packages/django/template/base.py", line 515, in parse
    self.unclosed_block_tag(parse_until)
  File "/opt/anaconda3/envs/aps/lib/python3.10/site-packages/django/template/base.py", line 578, in unclosed_block_tag
    raise self.error(token, msg)
django.template.exceptions.TemplateSyntaxError: Unclosed tag on line 1: 'block'. Looking for one of: endblock.
[2025-06-29 14:02:40] ERROR - django.request - log_response:241 - Internal Server Error: /api/session/update/
[2025-06-29 14:02:54] ERROR - django.request - log_response:241 - Internal Server Error: /shift/shifts/
Traceback (most recent call last):
  File "/opt/anaconda3/envs/aps/lib/python3.10/site-packages/django/template/smartif.py", line 180, in translate_token
    op = OPERATORS[token]
KeyError: 'filter_form.is_active.value=""="true"'

During handling of the above exception, another exception occurred:

Traceback (most recent call last):
  File "/Users/harshalsmac/WORK/ardur/ardurPeopleSoft/trueAlign/shift/views.py", line 301, in shift_list
    return render(request, 'shift/shift_list.html', context)
  File "/opt/anaconda3/envs/aps/lib/python3.10/site-packages/django/shortcuts.py", line 25, in render
    content = loader.render_to_string(template_name, context, request, using=using)
  File "/opt/anaconda3/envs/aps/lib/python3.10/site-packages/django/template/loader.py", line 61, in render_to_string
    template = get_template(template_name, using=using)
  File "/opt/anaconda3/envs/aps/lib/python3.10/site-packages/django/template/loader.py", line 15, in get_template
    return engine.get_template(template_name)
  File "/opt/anaconda3/envs/aps/lib/python3.10/site-packages/django/template/backends/django.py", line 33, in get_template
    return Template(self.engine.get_template(template_name), self)
  File "/opt/anaconda3/envs/aps/lib/python3.10/site-packages/django/template/engine.py", line 177, in get_template
    template, origin = self.find_template(template_name)
  File "/opt/anaconda3/envs/aps/lib/python3.10/site-packages/django/template/engine.py", line 159, in find_template
    template = loader.get_template(name, skip=skip)
  File "/opt/anaconda3/envs/aps/lib/python3.10/site-packages/django/template/loaders/cached.py", line 57, in get_template
    template = super().get_template(template_name, skip)
  File "/opt/anaconda3/envs/aps/lib/python3.10/site-packages/django/template/loaders/base.py", line 28, in get_template
    return Template(
  File "/opt/anaconda3/envs/aps/lib/python3.10/site-packages/django/template/base.py", line 154, in __init__
    self.nodelist = self.compile_nodelist()
  File "/opt/anaconda3/envs/aps/lib/python3.10/site-packages/django/template/base.py", line 196, in compile_nodelist
    return parser.parse()
  File "/opt/anaconda3/envs/aps/lib/python3.10/site-packages/django/template/base.py", line 510, in parse
    raise self.error(token, e)
  File "/opt/anaconda3/envs/aps/lib/python3.10/site-packages/django/template/base.py", line 508, in parse
    compiled_result = compile_func(self, token)
  File "/opt/anaconda3/envs/aps/lib/python3.10/site-packages/django/template/loader_tags.py", line 295, in do_extends
    nodelist = parser.parse()
  File "/opt/anaconda3/envs/aps/lib/python3.10/site-packages/django/template/base.py", line 510, in parse
    raise self.error(token, e)
  File "/opt/anaconda3/envs/aps/lib/python3.10/site-packages/django/template/base.py", line 508, in parse
    compiled_result = compile_func(self, token)
  File "/opt/anaconda3/envs/aps/lib/python3.10/site-packages/django/template/loader_tags.py", line 234, in do_block
    nodelist = parser.parse(("endblock",))
  File "/opt/anaconda3/envs/aps/lib/python3.10/site-packages/django/template/base.py", line 510, in parse
    raise self.error(token, e)
  File "/opt/anaconda3/envs/aps/lib/python3.10/site-packages/django/template/base.py", line 508, in parse
    compiled_result = compile_func(self, token)
  File "/opt/anaconda3/envs/aps/lib/python3.10/site-packages/django/template/loader_tags.py", line 234, in do_block
    nodelist = parser.parse(("endblock",))
  File "/opt/anaconda3/envs/aps/lib/python3.10/site-packages/django/template/base.py", line 510, in parse
    raise self.error(token, e)
  File "/opt/anaconda3/envs/aps/lib/python3.10/site-packages/django/template/base.py", line 508, in parse
    compiled_result = compile_func(self, token)
  File "/opt/anaconda3/envs/aps/lib/python3.10/site-packages/django/template/defaulttags.py", line 960, in do_if
    condition = TemplateIfParser(parser, bits).parse()
  File "/opt/anaconda3/envs/aps/lib/python3.10/site-packages/django/template/defaulttags.py", line 893, in __init__
    super().__init__(*args, **kwargs)
  File "/opt/anaconda3/envs/aps/lib/python3.10/site-packages/django/template/smartif.py", line 171, in __init__
    mapped_tokens.append(self.translate_token(token))
  File "/opt/anaconda3/envs/aps/lib/python3.10/site-packages/django/template/smartif.py", line 182, in translate_token
    return self.create_var(token)
  File "/opt/anaconda3/envs/aps/lib/python3.10/site-packages/django/template/defaulttags.py", line 896, in create_var
    return TemplateLiteral(self.template_parser.compile_filter(value), value)
  File "/opt/anaconda3/envs/aps/lib/python3.10/site-packages/django/template/base.py", line 597, in compile_filter
    return FilterExpression(token, self)
  File "/opt/anaconda3/envs/aps/lib/python3.10/site-packages/django/template/base.py", line 698, in __init__
    raise TemplateSyntaxError(
django.template.exceptions.TemplateSyntaxError: Could not parse the remainder: '=""="true"' from 'filter_form.is_active.value=""="true"'

During handling of the above exception, another exception occurred:

Traceback (most recent call last):
  File "/opt/anaconda3/envs/aps/lib/python3.10/site-packages/django/template/smartif.py", line 180, in translate_token
    op = OPERATORS[token]
KeyError: 'filter_form.is_active.value=""="true"'

During handling of the above exception, another exception occurred:

Traceback (most recent call last):
  File "/opt/anaconda3/envs/aps/lib/python3.10/site-packages/django/core/handlers/exception.py", line 55, in inner
    response = get_response(request)
  File "/opt/anaconda3/envs/aps/lib/python3.10/site-packages/django/core/handlers/base.py", line 197, in _get_response
    response = wrapped_callback(request, *callback_args, **callback_kwargs)
  File "/opt/anaconda3/envs/aps/lib/python3.10/site-packages/django/contrib/auth/decorators.py", line 23, in _wrapper_view
    return view_func(request, *args, **kwargs)
  File "/Users/harshalsmac/WORK/ardur/ardurPeopleSoft/trueAlign/shift/decorators.py", line 53, in wrapper_func
    return view_func(request, *args, **kwargs)
  File "/Users/harshalsmac/WORK/ardur/ardurPeopleSoft/trueAlign/shift/views.py", line 79, in wrapper
    result = func(request, *args, **kwargs)
  File "/Users/harshalsmac/WORK/ardur/ardurPeopleSoft/trueAlign/shift/views.py", line 306, in shift_list
    return render(request, 'shift/shift_list.html', {'error': True})
  File "/opt/anaconda3/envs/aps/lib/python3.10/site-packages/django/shortcuts.py", line 25, in render
    content = loader.render_to_string(template_name, context, request, using=using)
  File "/opt/anaconda3/envs/aps/lib/python3.10/site-packages/django/template/loader.py", line 61, in render_to_string
    template = get_template(template_name, using=using)
  File "/opt/anaconda3/envs/aps/lib/python3.10/site-packages/django/template/loader.py", line 15, in get_template
    return engine.get_template(template_name)
  File "/opt/anaconda3/envs/aps/lib/python3.10/site-packages/django/template/backends/django.py", line 33, in get_template
    return Template(self.engine.get_template(template_name), self)
  File "/opt/anaconda3/envs/aps/lib/python3.10/site-packages/django/template/engine.py", line 177, in get_template
    template, origin = self.find_template(template_name)
  File "/opt/anaconda3/envs/aps/lib/python3.10/site-packages/django/template/engine.py", line 159, in find_template
    template = loader.get_template(name, skip=skip)
  File "/opt/anaconda3/envs/aps/lib/python3.10/site-packages/django/template/loaders/cached.py", line 57, in get_template
    template = super().get_template(template_name, skip)
  File "/opt/anaconda3/envs/aps/lib/python3.10/site-packages/django/template/loaders/base.py", line 28, in get_template
    return Template(
  File "/opt/anaconda3/envs/aps/lib/python3.10/site-packages/django/template/base.py", line 154, in __init__
    self.nodelist = self.compile_nodelist()
  File "/opt/anaconda3/envs/aps/lib/python3.10/site-packages/django/template/base.py", line 196, in compile_nodelist
    return parser.parse()
  File "/opt/anaconda3/envs/aps/lib/python3.10/site-packages/django/template/base.py", line 510, in parse
    raise self.error(token, e)
  File "/opt/anaconda3/envs/aps/lib/python3.10/site-packages/django/template/base.py", line 508, in parse
    compiled_result = compile_func(self, token)
  File "/opt/anaconda3/envs/aps/lib/python3.10/site-packages/django/template/loader_tags.py", line 295, in do_extends
    nodelist = parser.parse()
  File "/opt/anaconda3/envs/aps/lib/python3.10/site-packages/django/template/base.py", line 510, in parse
    raise self.error(token, e)
  File "/opt/anaconda3/envs/aps/lib/python3.10/site-packages/django/template/base.py", line 508, in parse
    compiled_result = compile_func(self, token)
  File "/opt/anaconda3/envs/aps/lib/python3.10/site-packages/django/template/loader_tags.py", line 234, in do_block
    nodelist = parser.parse(("endblock",))
  File "/opt/anaconda3/envs/aps/lib/python3.10/site-packages/django/template/base.py", line 510, in parse
    raise self.error(token, e)
  File "/opt/anaconda3/envs/aps/lib/python3.10/site-packages/django/template/base.py", line 508, in parse
    compiled_result = compile_func(self, token)
  File "/opt/anaconda3/envs/aps/lib/python3.10/site-packages/django/template/loader_tags.py", line 234, in do_block
    nodelist = parser.parse(("endblock",))
  File "/opt/anaconda3/envs/aps/lib/python3.10/site-packages/django/template/base.py", line 510, in parse
    raise self.error(token, e)
  File "/opt/anaconda3/envs/aps/lib/python3.10/site-packages/django/template/base.py", line 508, in parse
    compiled_result = compile_func(self, token)
  File "/opt/anaconda3/envs/aps/lib/python3.10/site-packages/django/template/defaulttags.py", line 960, in do_if
    condition = TemplateIfParser(parser, bits).parse()
  File "/opt/anaconda3/envs/aps/lib/python3.10/site-packages/django/template/defaulttags.py", line 893, in __init__
    super().__init__(*args, **kwargs)
  File "/opt/anaconda3/envs/aps/lib/python3.10/site-packages/django/template/smartif.py", line 171, in __init__
    mapped_tokens.append(self.translate_token(token))
  File "/opt/anaconda3/envs/aps/lib/python3.10/site-packages/django/template/smartif.py", line 182, in translate_token
    return self.create_var(token)
  File "/opt/anaconda3/envs/aps/lib/python3.10/site-packages/django/template/defaulttags.py", line 896, in create_var
    return TemplateLiteral(self.template_parser.compile_filter(value), value)
  File "/opt/anaconda3/envs/aps/lib/python3.10/site-packages/django/template/base.py", line 597, in compile_filter
    return FilterExpression(token, self)
  File "/opt/anaconda3/envs/aps/lib/python3.10/site-packages/django/template/base.py", line 698, in __init__
    raise TemplateSyntaxError(
django.template.exceptions.TemplateSyntaxError: Could not parse the remainder: '=""="true"' from 'filter_form.is_active.value=""="true"'
[2025-06-29 14:03:11] ERROR - django.request - log_response:241 - Internal Server Error: /shift/shifts/
Traceback (most recent call last):
  File "/opt/anaconda3/envs/aps/lib/python3.10/site-packages/django/template/base.py", line 502, in parse
    compile_func = self.tags[command]
KeyError: 'endblock'

During handling of the above exception, another exception occurred:

Traceback (most recent call last):
  File "/Users/harshalsmac/WORK/ardur/ardurPeopleSoft/trueAlign/shift/views.py", line 301, in shift_list
    return render(request, 'shift/shift_list.html', context)
  File "/opt/anaconda3/envs/aps/lib/python3.10/site-packages/django/shortcuts.py", line 25, in render
    content = loader.render_to_string(template_name, context, request, using=using)
  File "/opt/anaconda3/envs/aps/lib/python3.10/site-packages/django/template/loader.py", line 61, in render_to_string
    template = get_template(template_name, using=using)
  File "/opt/anaconda3/envs/aps/lib/python3.10/site-packages/django/template/loader.py", line 15, in get_template
    return engine.get_template(template_name)
  File "/opt/anaconda3/envs/aps/lib/python3.10/site-packages/django/template/backends/django.py", line 33, in get_template
    return Template(self.engine.get_template(template_name), self)
  File "/opt/anaconda3/envs/aps/lib/python3.10/site-packages/django/template/engine.py", line 177, in get_template
    template, origin = self.find_template(template_name)
  File "/opt/anaconda3/envs/aps/lib/python3.10/site-packages/django/template/engine.py", line 159, in find_template
    template = loader.get_template(name, skip=skip)
  File "/opt/anaconda3/envs/aps/lib/python3.10/site-packages/django/template/loaders/cached.py", line 57, in get_template
    template = super().get_template(template_name, skip)
  File "/opt/anaconda3/envs/aps/lib/python3.10/site-packages/django/template/loaders/base.py", line 28, in get_template
    return Template(
  File "/opt/anaconda3/envs/aps/lib/python3.10/site-packages/django/template/base.py", line 154, in __init__
    self.nodelist = self.compile_nodelist()
  File "/opt/anaconda3/envs/aps/lib/python3.10/site-packages/django/template/base.py", line 196, in compile_nodelist
    return parser.parse()
  File "/opt/anaconda3/envs/aps/lib/python3.10/site-packages/django/template/base.py", line 510, in parse
    raise self.error(token, e)
  File "/opt/anaconda3/envs/aps/lib/python3.10/site-packages/django/template/base.py", line 508, in parse
    compiled_result = compile_func(self, token)
  File "/opt/anaconda3/envs/aps/lib/python3.10/site-packages/django/template/loader_tags.py", line 295, in do_extends
    nodelist = parser.parse()
  File "/opt/anaconda3/envs/aps/lib/python3.10/site-packages/django/template/base.py", line 510, in parse
    raise self.error(token, e)
  File "/opt/anaconda3/envs/aps/lib/python3.10/site-packages/django/template/base.py", line 508, in parse
    compiled_result = compile_func(self, token)
  File "/opt/anaconda3/envs/aps/lib/python3.10/site-packages/django/template/loader_tags.py", line 234, in do_block
    nodelist = parser.parse(("endblock",))
  File "/opt/anaconda3/envs/aps/lib/python3.10/site-packages/django/template/base.py", line 510, in parse
    raise self.error(token, e)
  File "/opt/anaconda3/envs/aps/lib/python3.10/site-packages/django/template/base.py", line 508, in parse
    compiled_result = compile_func(self, token)
  File "/opt/anaconda3/envs/aps/lib/python3.10/site-packages/django/template/loader_tags.py", line 234, in do_block
    nodelist = parser.parse(("endblock",))
  File "/opt/anaconda3/envs/aps/lib/python3.10/site-packages/django/template/base.py", line 510, in parse
    raise self.error(token, e)
  File "/opt/anaconda3/envs/aps/lib/python3.10/site-packages/django/template/base.py", line 508, in parse
    compiled_result = compile_func(self, token)
  File "/opt/anaconda3/envs/aps/lib/python3.10/site-packages/django/template/defaulttags.py", line 961, in do_if
    nodelist = parser.parse(("elif", "else", "endif"))
  File "/opt/anaconda3/envs/aps/lib/python3.10/site-packages/django/template/base.py", line 510, in parse
    raise self.error(token, e)
  File "/opt/anaconda3/envs/aps/lib/python3.10/site-packages/django/template/base.py", line 508, in parse
    compiled_result = compile_func(self, token)
  File "/opt/anaconda3/envs/aps/lib/python3.10/site-packages/django/template/defaulttags.py", line 961, in do_if
    nodelist = parser.parse(("elif", "else", "endif"))
  File "/opt/anaconda3/envs/aps/lib/python3.10/site-packages/django/template/base.py", line 504, in parse
    self.invalid_block_tag(token, command, parse_until)
  File "/opt/anaconda3/envs/aps/lib/python3.10/site-packages/django/template/base.py", line 555, in invalid_block_tag
    raise self.error(
django.template.exceptions.TemplateSyntaxError: Invalid block tag on line 470: 'endblock', expected 'elif', 'else' or 'endif'. Did you forget to register or load this tag?

During handling of the above exception, another exception occurred:

Traceback (most recent call last):
  File "/opt/anaconda3/envs/aps/lib/python3.10/site-packages/django/template/base.py", line 502, in parse
    compile_func = self.tags[command]
KeyError: 'endblock'

During handling of the above exception, another exception occurred:

Traceback (most recent call last):
  File "/opt/anaconda3/envs/aps/lib/python3.10/site-packages/django/core/handlers/exception.py", line 55, in inner
    response = get_response(request)
  File "/opt/anaconda3/envs/aps/lib/python3.10/site-packages/django/core/handlers/base.py", line 197, in _get_response
    response = wrapped_callback(request, *callback_args, **callback_kwargs)
  File "/opt/anaconda3/envs/aps/lib/python3.10/site-packages/django/contrib/auth/decorators.py", line 23, in _wrapper_view
    return view_func(request, *args, **kwargs)
  File "/Users/harshalsmac/WORK/ardur/ardurPeopleSoft/trueAlign/shift/decorators.py", line 53, in wrapper_func
    return view_func(request, *args, **kwargs)
  File "/Users/harshalsmac/WORK/ardur/ardurPeopleSoft/trueAlign/shift/views.py", line 79, in wrapper
    result = func(request, *args, **kwargs)
  File "/Users/harshalsmac/WORK/ardur/ardurPeopleSoft/trueAlign/shift/views.py", line 306, in shift_list
    return render(request, 'shift/shift_list.html', {'error': True})
  File "/opt/anaconda3/envs/aps/lib/python3.10/site-packages/django/shortcuts.py", line 25, in render
    content = loader.render_to_string(template_name, context, request, using=using)
  File "/opt/anaconda3/envs/aps/lib/python3.10/site-packages/django/template/loader.py", line 61, in render_to_string
    template = get_template(template_name, using=using)
  File "/opt/anaconda3/envs/aps/lib/python3.10/site-packages/django/template/loader.py", line 15, in get_template
    return engine.get_template(template_name)
  File "/opt/anaconda3/envs/aps/lib/python3.10/site-packages/django/template/backends/django.py", line 33, in get_template
    return Template(self.engine.get_template(template_name), self)
  File "/opt/anaconda3/envs/aps/lib/python3.10/site-packages/django/template/engine.py", line 177, in get_template
    template, origin = self.find_template(template_name)
  File "/opt/anaconda3/envs/aps/lib/python3.10/site-packages/django/template/engine.py", line 159, in find_template
    template = loader.get_template(name, skip=skip)
  File "/opt/anaconda3/envs/aps/lib/python3.10/site-packages/django/template/loaders/cached.py", line 57, in get_template
    template = super().get_template(template_name, skip)
  File "/opt/anaconda3/envs/aps/lib/python3.10/site-packages/django/template/loaders/base.py", line 28, in get_template
    return Template(
  File "/opt/anaconda3/envs/aps/lib/python3.10/site-packages/django/template/base.py", line 154, in __init__
    self.nodelist = self.compile_nodelist()
  File "/opt/anaconda3/envs/aps/lib/python3.10/site-packages/django/template/base.py", line 196, in compile_nodelist
    return parser.parse()
  File "/opt/anaconda3/envs/aps/lib/python3.10/site-packages/django/template/base.py", line 510, in parse
    raise self.error(token, e)
  File "/opt/anaconda3/envs/aps/lib/python3.10/site-packages/django/template/base.py", line 508, in parse
    compiled_result = compile_func(self, token)
  File "/opt/anaconda3/envs/aps/lib/python3.10/site-packages/django/template/loader_tags.py", line 295, in do_extends
    nodelist = parser.parse()
  File "/opt/anaconda3/envs/aps/lib/python3.10/site-packages/django/template/base.py", line 510, in parse
    raise self.error(token, e)
  File "/opt/anaconda3/envs/aps/lib/python3.10/site-packages/django/template/base.py", line 508, in parse
    compiled_result = compile_func(self, token)
  File "/opt/anaconda3/envs/aps/lib/python3.10/site-packages/django/template/loader_tags.py", line 234, in do_block
    nodelist = parser.parse(("endblock",))
  File "/opt/anaconda3/envs/aps/lib/python3.10/site-packages/django/template/base.py", line 510, in parse
    raise self.error(token, e)
  File "/opt/anaconda3/envs/aps/lib/python3.10/site-packages/django/template/base.py", line 508, in parse
    compiled_result = compile_func(self, token)
  File "/opt/anaconda3/envs/aps/lib/python3.10/site-packages/django/template/loader_tags.py", line 234, in do_block
    nodelist = parser.parse(("endblock",))
  File "/opt/anaconda3/envs/aps/lib/python3.10/site-packages/django/template/base.py", line 510, in parse
    raise self.error(token, e)
  File "/opt/anaconda3/envs/aps/lib/python3.10/site-packages/django/template/base.py", line 508, in parse
    compiled_result = compile_func(self, token)
  File "/opt/anaconda3/envs/aps/lib/python3.10/site-packages/django/template/defaulttags.py", line 961, in do_if
    nodelist = parser.parse(("elif", "else", "endif"))
  File "/opt/anaconda3/envs/aps/lib/python3.10/site-packages/django/template/base.py", line 510, in parse
    raise self.error(token, e)
  File "/opt/anaconda3/envs/aps/lib/python3.10/site-packages/django/template/base.py", line 508, in parse
    compiled_result = compile_func(self, token)
  File "/opt/anaconda3/envs/aps/lib/python3.10/site-packages/django/template/defaulttags.py", line 961, in do_if
    nodelist = parser.parse(("elif", "else", "endif"))
  File "/opt/anaconda3/envs/aps/lib/python3.10/site-packages/django/template/base.py", line 504, in parse
    self.invalid_block_tag(token, command, parse_until)
  File "/opt/anaconda3/envs/aps/lib/python3.10/site-packages/django/template/base.py", line 555, in invalid_block_tag
    raise self.error(
django.template.exceptions.TemplateSyntaxError: Invalid block tag on line 470: 'endblock', expected 'elif', 'else' or 'endif'. Did you forget to register or load this tag?
[2025-06-29 14:09:16] ERROR - django.request - log_response:241 - Internal Server Error: /shift/shifts/
Traceback (most recent call last):
  File "/opt/anaconda3/envs/aps/lib/python3.10/site-packages/django/template/base.py", line 502, in parse
    compile_func = self.tags[command]
KeyError: 'endif'

During handling of the above exception, another exception occurred:

Traceback (most recent call last):
  File "/Users/harshalsmac/WORK/ardur/ardurPeopleSoft/trueAlign/shift/views.py", line 301, in shift_list
    return render(request, 'shift/shift_list.html', context)
  File "/opt/anaconda3/envs/aps/lib/python3.10/site-packages/django/shortcuts.py", line 25, in render
    content = loader.render_to_string(template_name, context, request, using=using)
  File "/opt/anaconda3/envs/aps/lib/python3.10/site-packages/django/template/loader.py", line 61, in render_to_string
    template = get_template(template_name, using=using)
  File "/opt/anaconda3/envs/aps/lib/python3.10/site-packages/django/template/loader.py", line 15, in get_template
    return engine.get_template(template_name)
  File "/opt/anaconda3/envs/aps/lib/python3.10/site-packages/django/template/backends/django.py", line 33, in get_template
    return Template(self.engine.get_template(template_name), self)
  File "/opt/anaconda3/envs/aps/lib/python3.10/site-packages/django/template/engine.py", line 177, in get_template
    template, origin = self.find_template(template_name)
  File "/opt/anaconda3/envs/aps/lib/python3.10/site-packages/django/template/engine.py", line 159, in find_template
    template = loader.get_template(name, skip=skip)
  File "/opt/anaconda3/envs/aps/lib/python3.10/site-packages/django/template/loaders/cached.py", line 57, in get_template
    template = super().get_template(template_name, skip)
  File "/opt/anaconda3/envs/aps/lib/python3.10/site-packages/django/template/loaders/base.py", line 28, in get_template
    return Template(
  File "/opt/anaconda3/envs/aps/lib/python3.10/site-packages/django/template/base.py", line 154, in __init__
    self.nodelist = self.compile_nodelist()
  File "/opt/anaconda3/envs/aps/lib/python3.10/site-packages/django/template/base.py", line 196, in compile_nodelist
    return parser.parse()
  File "/opt/anaconda3/envs/aps/lib/python3.10/site-packages/django/template/base.py", line 510, in parse
    raise self.error(token, e)
  File "/opt/anaconda3/envs/aps/lib/python3.10/site-packages/django/template/base.py", line 508, in parse
    compiled_result = compile_func(self, token)
  File "/opt/anaconda3/envs/aps/lib/python3.10/site-packages/django/template/loader_tags.py", line 295, in do_extends
    nodelist = parser.parse()
  File "/opt/anaconda3/envs/aps/lib/python3.10/site-packages/django/template/base.py", line 510, in parse
    raise self.error(token, e)
  File "/opt/anaconda3/envs/aps/lib/python3.10/site-packages/django/template/base.py", line 508, in parse
    compiled_result = compile_func(self, token)
  File "/opt/anaconda3/envs/aps/lib/python3.10/site-packages/django/template/loader_tags.py", line 234, in do_block
    nodelist = parser.parse(("endblock",))
  File "/opt/anaconda3/envs/aps/lib/python3.10/site-packages/django/template/base.py", line 510, in parse
    raise self.error(token, e)
  File "/opt/anaconda3/envs/aps/lib/python3.10/site-packages/django/template/base.py", line 508, in parse
    compiled_result = compile_func(self, token)
  File "/opt/anaconda3/envs/aps/lib/python3.10/site-packages/django/template/loader_tags.py", line 234, in do_block
    nodelist = parser.parse(("endblock",))
  File "/opt/anaconda3/envs/aps/lib/python3.10/site-packages/django/template/base.py", line 504, in parse
    self.invalid_block_tag(token, command, parse_until)
  File "/opt/anaconda3/envs/aps/lib/python3.10/site-packages/django/template/base.py", line 555, in invalid_block_tag
    raise self.error(
django.template.exceptions.TemplateSyntaxError: Invalid block tag on line 482: 'endif', expected 'endblock'. Did you forget to register or load this tag?

During handling of the above exception, another exception occurred:

Traceback (most recent call last):
  File "/opt/anaconda3/envs/aps/lib/python3.10/site-packages/django/template/base.py", line 502, in parse
    compile_func = self.tags[command]
KeyError: 'endif'

During handling of the above exception, another exception occurred:

Traceback (most recent call last):
  File "/opt/anaconda3/envs/aps/lib/python3.10/site-packages/django/core/handlers/exception.py", line 55, in inner
    response = get_response(request)
  File "/opt/anaconda3/envs/aps/lib/python3.10/site-packages/django/core/handlers/base.py", line 197, in _get_response
    response = wrapped_callback(request, *callback_args, **callback_kwargs)
  File "/opt/anaconda3/envs/aps/lib/python3.10/site-packages/django/contrib/auth/decorators.py", line 23, in _wrapper_view
    return view_func(request, *args, **kwargs)
  File "/Users/harshalsmac/WORK/ardur/ardurPeopleSoft/trueAlign/shift/decorators.py", line 53, in wrapper_func
    return view_func(request, *args, **kwargs)
  File "/Users/harshalsmac/WORK/ardur/ardurPeopleSoft/trueAlign/shift/views.py", line 79, in wrapper
    result = func(request, *args, **kwargs)
  File "/Users/harshalsmac/WORK/ardur/ardurPeopleSoft/trueAlign/shift/views.py", line 306, in shift_list
    return render(request, 'shift/shift_list.html', {'error': True})
  File "/opt/anaconda3/envs/aps/lib/python3.10/site-packages/django/shortcuts.py", line 25, in render
    content = loader.render_to_string(template_name, context, request, using=using)
  File "/opt/anaconda3/envs/aps/lib/python3.10/site-packages/django/template/loader.py", line 61, in render_to_string
    template = get_template(template_name, using=using)
  File "/opt/anaconda3/envs/aps/lib/python3.10/site-packages/django/template/loader.py", line 15, in get_template
    return engine.get_template(template_name)
  File "/opt/anaconda3/envs/aps/lib/python3.10/site-packages/django/template/backends/django.py", line 33, in get_template
    return Template(self.engine.get_template(template_name), self)
  File "/opt/anaconda3/envs/aps/lib/python3.10/site-packages/django/template/engine.py", line 177, in get_template
    template, origin = self.find_template(template_name)
  File "/opt/anaconda3/envs/aps/lib/python3.10/site-packages/django/template/engine.py", line 159, in find_template
    template = loader.get_template(name, skip=skip)
  File "/opt/anaconda3/envs/aps/lib/python3.10/site-packages/django/template/loaders/cached.py", line 57, in get_template
    template = super().get_template(template_name, skip)
  File "/opt/anaconda3/envs/aps/lib/python3.10/site-packages/django/template/loaders/base.py", line 28, in get_template
    return Template(
  File "/opt/anaconda3/envs/aps/lib/python3.10/site-packages/django/template/base.py", line 154, in __init__
    self.nodelist = self.compile_nodelist()
  File "/opt/anaconda3/envs/aps/lib/python3.10/site-packages/django/template/base.py", line 196, in compile_nodelist
    return parser.parse()
  File "/opt/anaconda3/envs/aps/lib/python3.10/site-packages/django/template/base.py", line 510, in parse
    raise self.error(token, e)
  File "/opt/anaconda3/envs/aps/lib/python3.10/site-packages/django/template/base.py", line 508, in parse
    compiled_result = compile_func(self, token)
  File "/opt/anaconda3/envs/aps/lib/python3.10/site-packages/django/template/loader_tags.py", line 295, in do_extends
    nodelist = parser.parse()
  File "/opt/anaconda3/envs/aps/lib/python3.10/site-packages/django/template/base.py", line 510, in parse
    raise self.error(token, e)
  File "/opt/anaconda3/envs/aps/lib/python3.10/site-packages/django/template/base.py", line 508, in parse
    compiled_result = compile_func(self, token)
  File "/opt/anaconda3/envs/aps/lib/python3.10/site-packages/django/template/loader_tags.py", line 234, in do_block
    nodelist = parser.parse(("endblock",))
  File "/opt/anaconda3/envs/aps/lib/python3.10/site-packages/django/template/base.py", line 510, in parse
    raise self.error(token, e)
  File "/opt/anaconda3/envs/aps/lib/python3.10/site-packages/django/template/base.py", line 508, in parse
    compiled_result = compile_func(self, token)
  File "/opt/anaconda3/envs/aps/lib/python3.10/site-packages/django/template/loader_tags.py", line 234, in do_block
    nodelist = parser.parse(("endblock",))
  File "/opt/anaconda3/envs/aps/lib/python3.10/site-packages/django/template/base.py", line 504, in parse
    self.invalid_block_tag(token, command, parse_until)
  File "/opt/anaconda3/envs/aps/lib/python3.10/site-packages/django/template/base.py", line 555, in invalid_block_tag
    raise self.error(
django.template.exceptions.TemplateSyntaxError: Invalid block tag on line 482: 'endif', expected 'endblock'. Did you forget to register or load this tag?
[2025-06-29 14:09:29] ERROR - django.request - log_response:241 - Internal Server Error: /shift/shifts/
Traceback (most recent call last):
  File "/opt/anaconda3/envs/aps/lib/python3.10/site-packages/django/template/base.py", line 502, in parse
    compile_func = self.tags[command]
KeyError: 'endblock'

During handling of the above exception, another exception occurred:

Traceback (most recent call last):
  File "/Users/harshalsmac/WORK/ardur/ardurPeopleSoft/trueAlign/shift/views.py", line 301, in shift_list
    return render(request, 'shift/shift_list.html', context)
  File "/opt/anaconda3/envs/aps/lib/python3.10/site-packages/django/shortcuts.py", line 25, in render
    content = loader.render_to_string(template_name, context, request, using=using)
  File "/opt/anaconda3/envs/aps/lib/python3.10/site-packages/django/template/loader.py", line 61, in render_to_string
    template = get_template(template_name, using=using)
  File "/opt/anaconda3/envs/aps/lib/python3.10/site-packages/django/template/loader.py", line 15, in get_template
    return engine.get_template(template_name)
  File "/opt/anaconda3/envs/aps/lib/python3.10/site-packages/django/template/backends/django.py", line 33, in get_template
    return Template(self.engine.get_template(template_name), self)
  File "/opt/anaconda3/envs/aps/lib/python3.10/site-packages/django/template/engine.py", line 177, in get_template
    template, origin = self.find_template(template_name)
  File "/opt/anaconda3/envs/aps/lib/python3.10/site-packages/django/template/engine.py", line 159, in find_template
    template = loader.get_template(name, skip=skip)
  File "/opt/anaconda3/envs/aps/lib/python3.10/site-packages/django/template/loaders/cached.py", line 57, in get_template
    template = super().get_template(template_name, skip)
  File "/opt/anaconda3/envs/aps/lib/python3.10/site-packages/django/template/loaders/base.py", line 28, in get_template
    return Template(
  File "/opt/anaconda3/envs/aps/lib/python3.10/site-packages/django/template/base.py", line 154, in __init__
    self.nodelist = self.compile_nodelist()
  File "/opt/anaconda3/envs/aps/lib/python3.10/site-packages/django/template/base.py", line 196, in compile_nodelist
    return parser.parse()
  File "/opt/anaconda3/envs/aps/lib/python3.10/site-packages/django/template/base.py", line 510, in parse
    raise self.error(token, e)
  File "/opt/anaconda3/envs/aps/lib/python3.10/site-packages/django/template/base.py", line 508, in parse
    compiled_result = compile_func(self, token)
  File "/opt/anaconda3/envs/aps/lib/python3.10/site-packages/django/template/loader_tags.py", line 295, in do_extends
    nodelist = parser.parse()
  File "/opt/anaconda3/envs/aps/lib/python3.10/site-packages/django/template/base.py", line 510, in parse
    raise self.error(token, e)
  File "/opt/anaconda3/envs/aps/lib/python3.10/site-packages/django/template/base.py", line 508, in parse
    compiled_result = compile_func(self, token)
  File "/opt/anaconda3/envs/aps/lib/python3.10/site-packages/django/template/loader_tags.py", line 234, in do_block
    nodelist = parser.parse(("endblock",))
  File "/opt/anaconda3/envs/aps/lib/python3.10/site-packages/django/template/base.py", line 510, in parse
    raise self.error(token, e)
  File "/opt/anaconda3/envs/aps/lib/python3.10/site-packages/django/template/base.py", line 508, in parse
    compiled_result = compile_func(self, token)
  File "/opt/anaconda3/envs/aps/lib/python3.10/site-packages/django/template/loader_tags.py", line 234, in do_block
    nodelist = parser.parse(("endblock",))
  File "/opt/anaconda3/envs/aps/lib/python3.10/site-packages/django/template/base.py", line 510, in parse
    raise self.error(token, e)
  File "/opt/anaconda3/envs/aps/lib/python3.10/site-packages/django/template/base.py", line 508, in parse
    compiled_result = compile_func(self, token)
  File "/opt/anaconda3/envs/aps/lib/python3.10/site-packages/django/template/defaulttags.py", line 961, in do_if
    nodelist = parser.parse(("elif", "else", "endif"))
  File "/opt/anaconda3/envs/aps/lib/python3.10/site-packages/django/template/base.py", line 510, in parse
    raise self.error(token, e)
  File "/opt/anaconda3/envs/aps/lib/python3.10/site-packages/django/template/base.py", line 508, in parse
    compiled_result = compile_func(self, token)
  File "/opt/anaconda3/envs/aps/lib/python3.10/site-packages/django/template/defaulttags.py", line 961, in do_if
    nodelist = parser.parse(("elif", "else", "endif"))
  File "/opt/anaconda3/envs/aps/lib/python3.10/site-packages/django/template/base.py", line 504, in parse
    self.invalid_block_tag(token, command, parse_until)
  File "/opt/anaconda3/envs/aps/lib/python3.10/site-packages/django/template/base.py", line 555, in invalid_block_tag
    raise self.error(
django.template.exceptions.TemplateSyntaxError: Invalid block tag on line 473: 'endblock', expected 'elif', 'else' or 'endif'. Did you forget to register or load this tag?

During handling of the above exception, another exception occurred:

Traceback (most recent call last):
  File "/opt/anaconda3/envs/aps/lib/python3.10/site-packages/django/template/base.py", line 502, in parse
    compile_func = self.tags[command]
KeyError: 'endblock'

During handling of the above exception, another exception occurred:

Traceback (most recent call last):
  File "/opt/anaconda3/envs/aps/lib/python3.10/site-packages/django/core/handlers/exception.py", line 55, in inner
    response = get_response(request)
  File "/opt/anaconda3/envs/aps/lib/python3.10/site-packages/django/core/handlers/base.py", line 197, in _get_response
    response = wrapped_callback(request, *callback_args, **callback_kwargs)
  File "/opt/anaconda3/envs/aps/lib/python3.10/site-packages/django/contrib/auth/decorators.py", line 23, in _wrapper_view
    return view_func(request, *args, **kwargs)
  File "/Users/harshalsmac/WORK/ardur/ardurPeopleSoft/trueAlign/shift/decorators.py", line 53, in wrapper_func
    return view_func(request, *args, **kwargs)
  File "/Users/harshalsmac/WORK/ardur/ardurPeopleSoft/trueAlign/shift/views.py", line 79, in wrapper
    result = func(request, *args, **kwargs)
  File "/Users/harshalsmac/WORK/ardur/ardurPeopleSoft/trueAlign/shift/views.py", line 306, in shift_list
    return render(request, 'shift/shift_list.html', {'error': True})
  File "/opt/anaconda3/envs/aps/lib/python3.10/site-packages/django/shortcuts.py", line 25, in render
    content = loader.render_to_string(template_name, context, request, using=using)
  File "/opt/anaconda3/envs/aps/lib/python3.10/site-packages/django/template/loader.py", line 61, in render_to_string
    template = get_template(template_name, using=using)
  File "/opt/anaconda3/envs/aps/lib/python3.10/site-packages/django/template/loader.py", line 15, in get_template
    return engine.get_template(template_name)
  File "/opt/anaconda3/envs/aps/lib/python3.10/site-packages/django/template/backends/django.py", line 33, in get_template
    return Template(self.engine.get_template(template_name), self)
  File "/opt/anaconda3/envs/aps/lib/python3.10/site-packages/django/template/engine.py", line 177, in get_template
    template, origin = self.find_template(template_name)
  File "/opt/anaconda3/envs/aps/lib/python3.10/site-packages/django/template/engine.py", line 159, in find_template
    template = loader.get_template(name, skip=skip)
  File "/opt/anaconda3/envs/aps/lib/python3.10/site-packages/django/template/loaders/cached.py", line 57, in get_template
    template = super().get_template(template_name, skip)
  File "/opt/anaconda3/envs/aps/lib/python3.10/site-packages/django/template/loaders/base.py", line 28, in get_template
    return Template(
  File "/opt/anaconda3/envs/aps/lib/python3.10/site-packages/django/template/base.py", line 154, in __init__
    self.nodelist = self.compile_nodelist()
  File "/opt/anaconda3/envs/aps/lib/python3.10/site-packages/django/template/base.py", line 196, in compile_nodelist
    return parser.parse()
  File "/opt/anaconda3/envs/aps/lib/python3.10/site-packages/django/template/base.py", line 510, in parse
    raise self.error(token, e)
  File "/opt/anaconda3/envs/aps/lib/python3.10/site-packages/django/template/base.py", line 508, in parse
    compiled_result = compile_func(self, token)
  File "/opt/anaconda3/envs/aps/lib/python3.10/site-packages/django/template/loader_tags.py", line 295, in do_extends
    nodelist = parser.parse()
  File "/opt/anaconda3/envs/aps/lib/python3.10/site-packages/django/template/base.py", line 510, in parse
    raise self.error(token, e)
  File "/opt/anaconda3/envs/aps/lib/python3.10/site-packages/django/template/base.py", line 508, in parse
    compiled_result = compile_func(self, token)
  File "/opt/anaconda3/envs/aps/lib/python3.10/site-packages/django/template/loader_tags.py", line 234, in do_block
    nodelist = parser.parse(("endblock",))
  File "/opt/anaconda3/envs/aps/lib/python3.10/site-packages/django/template/base.py", line 510, in parse
    raise self.error(token, e)
  File "/opt/anaconda3/envs/aps/lib/python3.10/site-packages/django/template/base.py", line 508, in parse
    compiled_result = compile_func(self, token)
  File "/opt/anaconda3/envs/aps/lib/python3.10/site-packages/django/template/loader_tags.py", line 234, in do_block
    nodelist = parser.parse(("endblock",))
  File "/opt/anaconda3/envs/aps/lib/python3.10/site-packages/django/template/base.py", line 510, in parse
    raise self.error(token, e)
  File "/opt/anaconda3/envs/aps/lib/python3.10/site-packages/django/template/base.py", line 508, in parse
    compiled_result = compile_func(self, token)
  File "/opt/anaconda3/envs/aps/lib/python3.10/site-packages/django/template/defaulttags.py", line 961, in do_if
    nodelist = parser.parse(("elif", "else", "endif"))
  File "/opt/anaconda3/envs/aps/lib/python3.10/site-packages/django/template/base.py", line 510, in parse
    raise self.error(token, e)
  File "/opt/anaconda3/envs/aps/lib/python3.10/site-packages/django/template/base.py", line 508, in parse
    compiled_result = compile_func(self, token)
  File "/opt/anaconda3/envs/aps/lib/python3.10/site-packages/django/template/defaulttags.py", line 961, in do_if
    nodelist = parser.parse(("elif", "else", "endif"))
  File "/opt/anaconda3/envs/aps/lib/python3.10/site-packages/django/template/base.py", line 504, in parse
    self.invalid_block_tag(token, command, parse_until)
  File "/opt/anaconda3/envs/aps/lib/python3.10/site-packages/django/template/base.py", line 555, in invalid_block_tag
    raise self.error(
django.template.exceptions.TemplateSyntaxError: Invalid block tag on line 473: 'endblock', expected 'elif', 'else' or 'endif'. Did you forget to register or load this tag?
[2025-06-29 14:11:59] ERROR - django.request - log_response:241 - Internal Server Error: /shift/shifts/
Traceback (most recent call last):
  File "/opt/anaconda3/envs/aps/lib/python3.10/site-packages/django/template/base.py", line 502, in parse
    compile_func = self.tags[command]
KeyError: 'endblock'

During handling of the above exception, another exception occurred:

Traceback (most recent call last):
  File "/Users/harshalsmac/WORK/ardur/ardurPeopleSoft/trueAlign/shift/views.py", line 301, in shift_list
    return render(request, 'shift/shift_list.html', context)
  File "/opt/anaconda3/envs/aps/lib/python3.10/site-packages/django/shortcuts.py", line 25, in render
    content = loader.render_to_string(template_name, context, request, using=using)
  File "/opt/anaconda3/envs/aps/lib/python3.10/site-packages/django/template/loader.py", line 61, in render_to_string
    template = get_template(template_name, using=using)
  File "/opt/anaconda3/envs/aps/lib/python3.10/site-packages/django/template/loader.py", line 15, in get_template
    return engine.get_template(template_name)
  File "/opt/anaconda3/envs/aps/lib/python3.10/site-packages/django/template/backends/django.py", line 33, in get_template
    return Template(self.engine.get_template(template_name), self)
  File "/opt/anaconda3/envs/aps/lib/python3.10/site-packages/django/template/engine.py", line 177, in get_template
    template, origin = self.find_template(template_name)
  File "/opt/anaconda3/envs/aps/lib/python3.10/site-packages/django/template/engine.py", line 159, in find_template
    template = loader.get_template(name, skip=skip)
  File "/opt/anaconda3/envs/aps/lib/python3.10/site-packages/django/template/loaders/cached.py", line 57, in get_template
    template = super().get_template(template_name, skip)
  File "/opt/anaconda3/envs/aps/lib/python3.10/site-packages/django/template/loaders/base.py", line 28, in get_template
    return Template(
  File "/opt/anaconda3/envs/aps/lib/python3.10/site-packages/django/template/base.py", line 154, in __init__
    self.nodelist = self.compile_nodelist()
  File "/opt/anaconda3/envs/aps/lib/python3.10/site-packages/django/template/base.py", line 196, in compile_nodelist
    return parser.parse()
  File "/opt/anaconda3/envs/aps/lib/python3.10/site-packages/django/template/base.py", line 510, in parse
    raise self.error(token, e)
  File "/opt/anaconda3/envs/aps/lib/python3.10/site-packages/django/template/base.py", line 508, in parse
    compiled_result = compile_func(self, token)
  File "/opt/anaconda3/envs/aps/lib/python3.10/site-packages/django/template/loader_tags.py", line 295, in do_extends
    nodelist = parser.parse()
  File "/opt/anaconda3/envs/aps/lib/python3.10/site-packages/django/template/base.py", line 510, in parse
    raise self.error(token, e)
  File "/opt/anaconda3/envs/aps/lib/python3.10/site-packages/django/template/base.py", line 508, in parse
    compiled_result = compile_func(self, token)
  File "/opt/anaconda3/envs/aps/lib/python3.10/site-packages/django/template/loader_tags.py", line 234, in do_block
    nodelist = parser.parse(("endblock",))
  File "/opt/anaconda3/envs/aps/lib/python3.10/site-packages/django/template/base.py", line 510, in parse
    raise self.error(token, e)
  File "/opt/anaconda3/envs/aps/lib/python3.10/site-packages/django/template/base.py", line 508, in parse
    compiled_result = compile_func(self, token)
  File "/opt/anaconda3/envs/aps/lib/python3.10/site-packages/django/template/defaulttags.py", line 961, in do_if
    nodelist = parser.parse(("elif", "else", "endif"))
  File "/opt/anaconda3/envs/aps/lib/python3.10/site-packages/django/template/base.py", line 510, in parse
    raise self.error(token, e)
  File "/opt/anaconda3/envs/aps/lib/python3.10/site-packages/django/template/base.py", line 508, in parse
    compiled_result = compile_func(self, token)
  File "/opt/anaconda3/envs/aps/lib/python3.10/site-packages/django/template/defaulttags.py", line 961, in do_if
    nodelist = parser.parse(("elif", "else", "endif"))
  File "/opt/anaconda3/envs/aps/lib/python3.10/site-packages/django/template/base.py", line 504, in parse
    self.invalid_block_tag(token, command, parse_until)
  File "/opt/anaconda3/envs/aps/lib/python3.10/site-packages/django/template/base.py", line 555, in invalid_block_tag
    raise self.error(
django.template.exceptions.TemplateSyntaxError: Invalid block tag on line 480: 'endblock', expected 'elif', 'else' or 'endif'. Did you forget to register or load this tag?

During handling of the above exception, another exception occurred:

Traceback (most recent call last):
  File "/opt/anaconda3/envs/aps/lib/python3.10/site-packages/django/template/base.py", line 502, in parse
    compile_func = self.tags[command]
KeyError: 'endblock'

During handling of the above exception, another exception occurred:

Traceback (most recent call last):
  File "/opt/anaconda3/envs/aps/lib/python3.10/site-packages/django/core/handlers/exception.py", line 55, in inner
    response = get_response(request)
  File "/opt/anaconda3/envs/aps/lib/python3.10/site-packages/django/core/handlers/base.py", line 197, in _get_response
    response = wrapped_callback(request, *callback_args, **callback_kwargs)
  File "/opt/anaconda3/envs/aps/lib/python3.10/site-packages/django/contrib/auth/decorators.py", line 23, in _wrapper_view
    return view_func(request, *args, **kwargs)
  File "/Users/harshalsmac/WORK/ardur/ardurPeopleSoft/trueAlign/shift/decorators.py", line 53, in wrapper_func
    return view_func(request, *args, **kwargs)
  File "/Users/harshalsmac/WORK/ardur/ardurPeopleSoft/trueAlign/shift/views.py", line 79, in wrapper
    result = func(request, *args, **kwargs)
  File "/Users/harshalsmac/WORK/ardur/ardurPeopleSoft/trueAlign/shift/views.py", line 306, in shift_list
    return render(request, 'shift/shift_list.html', {'error': True})
  File "/opt/anaconda3/envs/aps/lib/python3.10/site-packages/django/shortcuts.py", line 25, in render
    content = loader.render_to_string(template_name, context, request, using=using)
  File "/opt/anaconda3/envs/aps/lib/python3.10/site-packages/django/template/loader.py", line 61, in render_to_string
    template = get_template(template_name, using=using)
  File "/opt/anaconda3/envs/aps/lib/python3.10/site-packages/django/template/loader.py", line 15, in get_template
    return engine.get_template(template_name)
  File "/opt/anaconda3/envs/aps/lib/python3.10/site-packages/django/template/backends/django.py", line 33, in get_template
    return Template(self.engine.get_template(template_name), self)
  File "/opt/anaconda3/envs/aps/lib/python3.10/site-packages/django/template/engine.py", line 177, in get_template
    template, origin = self.find_template(template_name)
  File "/opt/anaconda3/envs/aps/lib/python3.10/site-packages/django/template/engine.py", line 159, in find_template
    template = loader.get_template(name, skip=skip)
  File "/opt/anaconda3/envs/aps/lib/python3.10/site-packages/django/template/loaders/cached.py", line 57, in get_template
    template = super().get_template(template_name, skip)
  File "/opt/anaconda3/envs/aps/lib/python3.10/site-packages/django/template/loaders/base.py", line 28, in get_template
    return Template(
  File "/opt/anaconda3/envs/aps/lib/python3.10/site-packages/django/template/base.py", line 154, in __init__
    self.nodelist = self.compile_nodelist()
  File "/opt/anaconda3/envs/aps/lib/python3.10/site-packages/django/template/base.py", line 196, in compile_nodelist
    return parser.parse()
  File "/opt/anaconda3/envs/aps/lib/python3.10/site-packages/django/template/base.py", line 510, in parse
    raise self.error(token, e)
  File "/opt/anaconda3/envs/aps/lib/python3.10/site-packages/django/template/base.py", line 508, in parse
    compiled_result = compile_func(self, token)
  File "/opt/anaconda3/envs/aps/lib/python3.10/site-packages/django/template/loader_tags.py", line 295, in do_extends
    nodelist = parser.parse()
  File "/opt/anaconda3/envs/aps/lib/python3.10/site-packages/django/template/base.py", line 510, in parse
    raise self.error(token, e)
  File "/opt/anaconda3/envs/aps/lib/python3.10/site-packages/django/template/base.py", line 508, in parse
    compiled_result = compile_func(self, token)
  File "/opt/anaconda3/envs/aps/lib/python3.10/site-packages/django/template/loader_tags.py", line 234, in do_block
    nodelist = parser.parse(("endblock",))
  File "/opt/anaconda3/envs/aps/lib/python3.10/site-packages/django/template/base.py", line 510, in parse
    raise self.error(token, e)
  File "/opt/anaconda3/envs/aps/lib/python3.10/site-packages/django/template/base.py", line 508, in parse
    compiled_result = compile_func(self, token)
  File "/opt/anaconda3/envs/aps/lib/python3.10/site-packages/django/template/defaulttags.py", line 961, in do_if
    nodelist = parser.parse(("elif", "else", "endif"))
  File "/opt/anaconda3/envs/aps/lib/python3.10/site-packages/django/template/base.py", line 510, in parse
    raise self.error(token, e)
  File "/opt/anaconda3/envs/aps/lib/python3.10/site-packages/django/template/base.py", line 508, in parse
    compiled_result = compile_func(self, token)
  File "/opt/anaconda3/envs/aps/lib/python3.10/site-packages/django/template/defaulttags.py", line 961, in do_if
    nodelist = parser.parse(("elif", "else", "endif"))
  File "/opt/anaconda3/envs/aps/lib/python3.10/site-packages/django/template/base.py", line 504, in parse
    self.invalid_block_tag(token, command, parse_until)
  File "/opt/anaconda3/envs/aps/lib/python3.10/site-packages/django/template/base.py", line 555, in invalid_block_tag
    raise self.error(
django.template.exceptions.TemplateSyntaxError: Invalid block tag on line 480: 'endblock', expected 'elif', 'else' or 'endif'. Did you forget to register or load this tag?
[2025-06-29 15:33:29] ERROR - django.request - log_response:241 - Internal Server Error: /shift/shifts/
Traceback (most recent call last):
  File "/opt/anaconda3/envs/aps/lib/python3.10/site-packages/django/template/smartif.py", line 180, in translate_token
    op = OPERATORS[token]
KeyError: 'filter_form.is_active.value=""="true"'

During handling of the above exception, another exception occurred:

Traceback (most recent call last):
  File "/Users/harshalsmac/WORK/ardur/ardurPeopleSoft/trueAlign/shift/views.py", line 301, in shift_list
    return render(request, 'shift/shift_list.html', context)
  File "/opt/anaconda3/envs/aps/lib/python3.10/site-packages/django/shortcuts.py", line 25, in render
    content = loader.render_to_string(template_name, context, request, using=using)
  File "/opt/anaconda3/envs/aps/lib/python3.10/site-packages/django/template/loader.py", line 61, in render_to_string
    template = get_template(template_name, using=using)
  File "/opt/anaconda3/envs/aps/lib/python3.10/site-packages/django/template/loader.py", line 15, in get_template
    return engine.get_template(template_name)
  File "/opt/anaconda3/envs/aps/lib/python3.10/site-packages/django/template/backends/django.py", line 33, in get_template
    return Template(self.engine.get_template(template_name), self)
  File "/opt/anaconda3/envs/aps/lib/python3.10/site-packages/django/template/engine.py", line 177, in get_template
    template, origin = self.find_template(template_name)
  File "/opt/anaconda3/envs/aps/lib/python3.10/site-packages/django/template/engine.py", line 159, in find_template
    template = loader.get_template(name, skip=skip)
  File "/opt/anaconda3/envs/aps/lib/python3.10/site-packages/django/template/loaders/cached.py", line 57, in get_template
    template = super().get_template(template_name, skip)
  File "/opt/anaconda3/envs/aps/lib/python3.10/site-packages/django/template/loaders/base.py", line 28, in get_template
    return Template(
  File "/opt/anaconda3/envs/aps/lib/python3.10/site-packages/django/template/base.py", line 154, in __init__
    self.nodelist = self.compile_nodelist()
  File "/opt/anaconda3/envs/aps/lib/python3.10/site-packages/django/template/base.py", line 196, in compile_nodelist
    return parser.parse()
  File "/opt/anaconda3/envs/aps/lib/python3.10/site-packages/django/template/base.py", line 510, in parse
    raise self.error(token, e)
  File "/opt/anaconda3/envs/aps/lib/python3.10/site-packages/django/template/base.py", line 508, in parse
    compiled_result = compile_func(self, token)
  File "/opt/anaconda3/envs/aps/lib/python3.10/site-packages/django/template/loader_tags.py", line 295, in do_extends
    nodelist = parser.parse()
  File "/opt/anaconda3/envs/aps/lib/python3.10/site-packages/django/template/base.py", line 510, in parse
    raise self.error(token, e)
  File "/opt/anaconda3/envs/aps/lib/python3.10/site-packages/django/template/base.py", line 508, in parse
    compiled_result = compile_func(self, token)
  File "/opt/anaconda3/envs/aps/lib/python3.10/site-packages/django/template/loader_tags.py", line 234, in do_block
    nodelist = parser.parse(("endblock",))
  File "/opt/anaconda3/envs/aps/lib/python3.10/site-packages/django/template/base.py", line 510, in parse
    raise self.error(token, e)
  File "/opt/anaconda3/envs/aps/lib/python3.10/site-packages/django/template/base.py", line 508, in parse
    compiled_result = compile_func(self, token)
  File "/opt/anaconda3/envs/aps/lib/python3.10/site-packages/django/template/loader_tags.py", line 234, in do_block
    nodelist = parser.parse(("endblock",))
  File "/opt/anaconda3/envs/aps/lib/python3.10/site-packages/django/template/base.py", line 510, in parse
    raise self.error(token, e)
  File "/opt/anaconda3/envs/aps/lib/python3.10/site-packages/django/template/base.py", line 508, in parse
    compiled_result = compile_func(self, token)
  File "/opt/anaconda3/envs/aps/lib/python3.10/site-packages/django/template/defaulttags.py", line 960, in do_if
    condition = TemplateIfParser(parser, bits).parse()
  File "/opt/anaconda3/envs/aps/lib/python3.10/site-packages/django/template/defaulttags.py", line 893, in __init__
    super().__init__(*args, **kwargs)
  File "/opt/anaconda3/envs/aps/lib/python3.10/site-packages/django/template/smartif.py", line 171, in __init__
    mapped_tokens.append(self.translate_token(token))
  File "/opt/anaconda3/envs/aps/lib/python3.10/site-packages/django/template/smartif.py", line 182, in translate_token
    return self.create_var(token)
  File "/opt/anaconda3/envs/aps/lib/python3.10/site-packages/django/template/defaulttags.py", line 896, in create_var
    return TemplateLiteral(self.template_parser.compile_filter(value), value)
  File "/opt/anaconda3/envs/aps/lib/python3.10/site-packages/django/template/base.py", line 597, in compile_filter
    return FilterExpression(token, self)
  File "/opt/anaconda3/envs/aps/lib/python3.10/site-packages/django/template/base.py", line 698, in __init__
    raise TemplateSyntaxError(
django.template.exceptions.TemplateSyntaxError: Could not parse the remainder: '=""="true"' from 'filter_form.is_active.value=""="true"'

During handling of the above exception, another exception occurred:

Traceback (most recent call last):
  File "/opt/anaconda3/envs/aps/lib/python3.10/site-packages/django/template/smartif.py", line 180, in translate_token
    op = OPERATORS[token]
KeyError: 'filter_form.is_active.value=""="true"'

During handling of the above exception, another exception occurred:

Traceback (most recent call last):
  File "/opt/anaconda3/envs/aps/lib/python3.10/site-packages/django/core/handlers/exception.py", line 55, in inner
    response = get_response(request)
  File "/opt/anaconda3/envs/aps/lib/python3.10/site-packages/django/core/handlers/base.py", line 197, in _get_response
    response = wrapped_callback(request, *callback_args, **callback_kwargs)
  File "/opt/anaconda3/envs/aps/lib/python3.10/site-packages/django/contrib/auth/decorators.py", line 23, in _wrapper_view
    return view_func(request, *args, **kwargs)
  File "/Users/harshalsmac/WORK/ardur/ardurPeopleSoft/trueAlign/shift/decorators.py", line 53, in wrapper_func
    return view_func(request, *args, **kwargs)
  File "/Users/harshalsmac/WORK/ardur/ardurPeopleSoft/trueAlign/shift/views.py", line 79, in wrapper
    result = func(request, *args, **kwargs)
  File "/Users/harshalsmac/WORK/ardur/ardurPeopleSoft/trueAlign/shift/views.py", line 306, in shift_list
    return render(request, 'shift/shift_list.html', {'error': True})
  File "/opt/anaconda3/envs/aps/lib/python3.10/site-packages/django/shortcuts.py", line 25, in render
    content = loader.render_to_string(template_name, context, request, using=using)
  File "/opt/anaconda3/envs/aps/lib/python3.10/site-packages/django/template/loader.py", line 61, in render_to_string
    template = get_template(template_name, using=using)
  File "/opt/anaconda3/envs/aps/lib/python3.10/site-packages/django/template/loader.py", line 15, in get_template
    return engine.get_template(template_name)
  File "/opt/anaconda3/envs/aps/lib/python3.10/site-packages/django/template/backends/django.py", line 33, in get_template
    return Template(self.engine.get_template(template_name), self)
  File "/opt/anaconda3/envs/aps/lib/python3.10/site-packages/django/template/engine.py", line 177, in get_template
    template, origin = self.find_template(template_name)
  File "/opt/anaconda3/envs/aps/lib/python3.10/site-packages/django/template/engine.py", line 159, in find_template
    template = loader.get_template(name, skip=skip)
  File "/opt/anaconda3/envs/aps/lib/python3.10/site-packages/django/template/loaders/cached.py", line 57, in get_template
    template = super().get_template(template_name, skip)
  File "/opt/anaconda3/envs/aps/lib/python3.10/site-packages/django/template/loaders/base.py", line 28, in get_template
    return Template(
  File "/opt/anaconda3/envs/aps/lib/python3.10/site-packages/django/template/base.py", line 154, in __init__
    self.nodelist = self.compile_nodelist()
  File "/opt/anaconda3/envs/aps/lib/python3.10/site-packages/django/template/base.py", line 196, in compile_nodelist
    return parser.parse()
  File "/opt/anaconda3/envs/aps/lib/python3.10/site-packages/django/template/base.py", line 510, in parse
    raise self.error(token, e)
  File "/opt/anaconda3/envs/aps/lib/python3.10/site-packages/django/template/base.py", line 508, in parse
    compiled_result = compile_func(self, token)
  File "/opt/anaconda3/envs/aps/lib/python3.10/site-packages/django/template/loader_tags.py", line 295, in do_extends
    nodelist = parser.parse()
  File "/opt/anaconda3/envs/aps/lib/python3.10/site-packages/django/template/base.py", line 510, in parse
    raise self.error(token, e)
  File "/opt/anaconda3/envs/aps/lib/python3.10/site-packages/django/template/base.py", line 508, in parse
    compiled_result = compile_func(self, token)
  File "/opt/anaconda3/envs/aps/lib/python3.10/site-packages/django/template/loader_tags.py", line 234, in do_block
    nodelist = parser.parse(("endblock",))
  File "/opt/anaconda3/envs/aps/lib/python3.10/site-packages/django/template/base.py", line 510, in parse
    raise self.error(token, e)
  File "/opt/anaconda3/envs/aps/lib/python3.10/site-packages/django/template/base.py", line 508, in parse
    compiled_result = compile_func(self, token)
  File "/opt/anaconda3/envs/aps/lib/python3.10/site-packages/django/template/loader_tags.py", line 234, in do_block
    nodelist = parser.parse(("endblock",))
  File "/opt/anaconda3/envs/aps/lib/python3.10/site-packages/django/template/base.py", line 510, in parse
    raise self.error(token, e)
  File "/opt/anaconda3/envs/aps/lib/python3.10/site-packages/django/template/base.py", line 508, in parse
    compiled_result = compile_func(self, token)
  File "/opt/anaconda3/envs/aps/lib/python3.10/site-packages/django/template/defaulttags.py", line 960, in do_if
    condition = TemplateIfParser(parser, bits).parse()
  File "/opt/anaconda3/envs/aps/lib/python3.10/site-packages/django/template/defaulttags.py", line 893, in __init__
    super().__init__(*args, **kwargs)
  File "/opt/anaconda3/envs/aps/lib/python3.10/site-packages/django/template/smartif.py", line 171, in __init__
    mapped_tokens.append(self.translate_token(token))
  File "/opt/anaconda3/envs/aps/lib/python3.10/site-packages/django/template/smartif.py", line 182, in translate_token
    return self.create_var(token)
  File "/opt/anaconda3/envs/aps/lib/python3.10/site-packages/django/template/defaulttags.py", line 896, in create_var
    return TemplateLiteral(self.template_parser.compile_filter(value), value)
  File "/opt/anaconda3/envs/aps/lib/python3.10/site-packages/django/template/base.py", line 597, in compile_filter
    return FilterExpression(token, self)
  File "/opt/anaconda3/envs/aps/lib/python3.10/site-packages/django/template/base.py", line 698, in __init__
    raise TemplateSyntaxError(
django.template.exceptions.TemplateSyntaxError: Could not parse the remainder: '=""="true"' from 'filter_form.is_active.value=""="true"'
[2025-06-29 15:33:45] ERROR - django.request - log_response:241 - Internal Server Error: /shift/shifts/
Traceback (most recent call last):
  File "/opt/anaconda3/envs/aps/lib/python3.10/site-packages/django/template/base.py", line 502, in parse
    compile_func = self.tags[command]
KeyError: 'endblock'

During handling of the above exception, another exception occurred:

Traceback (most recent call last):
  File "/Users/harshalsmac/WORK/ardur/ardurPeopleSoft/trueAlign/shift/views.py", line 301, in shift_list
    return render(request, 'shift/shift_list.html', context)
  File "/opt/anaconda3/envs/aps/lib/python3.10/site-packages/django/shortcuts.py", line 25, in render
    content = loader.render_to_string(template_name, context, request, using=using)
  File "/opt/anaconda3/envs/aps/lib/python3.10/site-packages/django/template/loader.py", line 61, in render_to_string
    template = get_template(template_name, using=using)
  File "/opt/anaconda3/envs/aps/lib/python3.10/site-packages/django/template/loader.py", line 15, in get_template
    return engine.get_template(template_name)
  File "/opt/anaconda3/envs/aps/lib/python3.10/site-packages/django/template/backends/django.py", line 33, in get_template
    return Template(self.engine.get_template(template_name), self)
  File "/opt/anaconda3/envs/aps/lib/python3.10/site-packages/django/template/engine.py", line 177, in get_template
    template, origin = self.find_template(template_name)
  File "/opt/anaconda3/envs/aps/lib/python3.10/site-packages/django/template/engine.py", line 159, in find_template
    template = loader.get_template(name, skip=skip)
  File "/opt/anaconda3/envs/aps/lib/python3.10/site-packages/django/template/loaders/cached.py", line 57, in get_template
    template = super().get_template(template_name, skip)
  File "/opt/anaconda3/envs/aps/lib/python3.10/site-packages/django/template/loaders/base.py", line 28, in get_template
    return Template(
  File "/opt/anaconda3/envs/aps/lib/python3.10/site-packages/django/template/base.py", line 154, in __init__
    self.nodelist = self.compile_nodelist()
  File "/opt/anaconda3/envs/aps/lib/python3.10/site-packages/django/template/base.py", line 196, in compile_nodelist
    return parser.parse()
  File "/opt/anaconda3/envs/aps/lib/python3.10/site-packages/django/template/base.py", line 510, in parse
    raise self.error(token, e)
  File "/opt/anaconda3/envs/aps/lib/python3.10/site-packages/django/template/base.py", line 508, in parse
    compiled_result = compile_func(self, token)
  File "/opt/anaconda3/envs/aps/lib/python3.10/site-packages/django/template/loader_tags.py", line 295, in do_extends
    nodelist = parser.parse()
  File "/opt/anaconda3/envs/aps/lib/python3.10/site-packages/django/template/base.py", line 510, in parse
    raise self.error(token, e)
  File "/opt/anaconda3/envs/aps/lib/python3.10/site-packages/django/template/base.py", line 508, in parse
    compiled_result = compile_func(self, token)
  File "/opt/anaconda3/envs/aps/lib/python3.10/site-packages/django/template/loader_tags.py", line 234, in do_block
    nodelist = parser.parse(("endblock",))
  File "/opt/anaconda3/envs/aps/lib/python3.10/site-packages/django/template/base.py", line 510, in parse
    raise self.error(token, e)
  File "/opt/anaconda3/envs/aps/lib/python3.10/site-packages/django/template/base.py", line 508, in parse
    compiled_result = compile_func(self, token)
  File "/opt/anaconda3/envs/aps/lib/python3.10/site-packages/django/template/loader_tags.py", line 234, in do_block
    nodelist = parser.parse(("endblock",))
  File "/opt/anaconda3/envs/aps/lib/python3.10/site-packages/django/template/base.py", line 510, in parse
    raise self.error(token, e)
  File "/opt/anaconda3/envs/aps/lib/python3.10/site-packages/django/template/base.py", line 508, in parse
    compiled_result = compile_func(self, token)
  File "/opt/anaconda3/envs/aps/lib/python3.10/site-packages/django/template/defaulttags.py", line 961, in do_if
    nodelist = parser.parse(("elif", "else", "endif"))
  File "/opt/anaconda3/envs/aps/lib/python3.10/site-packages/django/template/base.py", line 510, in parse
    raise self.error(token, e)
  File "/opt/anaconda3/envs/aps/lib/python3.10/site-packages/django/template/base.py", line 508, in parse
    compiled_result = compile_func(self, token)
  File "/opt/anaconda3/envs/aps/lib/python3.10/site-packages/django/template/defaulttags.py", line 961, in do_if
    nodelist = parser.parse(("elif", "else", "endif"))
  File "/opt/anaconda3/envs/aps/lib/python3.10/site-packages/django/template/base.py", line 510, in parse
    raise self.error(token, e)
  File "/opt/anaconda3/envs/aps/lib/python3.10/site-packages/django/template/base.py", line 508, in parse
    compiled_result = compile_func(self, token)
  File "/opt/anaconda3/envs/aps/lib/python3.10/site-packages/django/template/defaulttags.py", line 961, in do_if
    nodelist = parser.parse(("elif", "else", "endif"))
  File "/opt/anaconda3/envs/aps/lib/python3.10/site-packages/django/template/base.py", line 510, in parse
    raise self.error(token, e)
  File "/opt/anaconda3/envs/aps/lib/python3.10/site-packages/django/template/base.py", line 508, in parse
    compiled_result = compile_func(self, token)
  File "/opt/anaconda3/envs/aps/lib/python3.10/site-packages/django/template/defaulttags.py", line 961, in do_if
    nodelist = parser.parse(("elif", "else", "endif"))
  File "/opt/anaconda3/envs/aps/lib/python3.10/site-packages/django/template/base.py", line 504, in parse
    self.invalid_block_tag(token, command, parse_until)
  File "/opt/anaconda3/envs/aps/lib/python3.10/site-packages/django/template/base.py", line 555, in invalid_block_tag
    raise self.error(
django.template.exceptions.TemplateSyntaxError: Invalid block tag on line 642: 'endblock', expected 'elif', 'else' or 'endif'. Did you forget to register or load this tag?

During handling of the above exception, another exception occurred:

Traceback (most recent call last):
  File "/opt/anaconda3/envs/aps/lib/python3.10/site-packages/django/template/base.py", line 502, in parse
    compile_func = self.tags[command]
KeyError: 'endblock'

During handling of the above exception, another exception occurred:

Traceback (most recent call last):
  File "/opt/anaconda3/envs/aps/lib/python3.10/site-packages/django/core/handlers/exception.py", line 55, in inner
    response = get_response(request)
  File "/opt/anaconda3/envs/aps/lib/python3.10/site-packages/django/core/handlers/base.py", line 197, in _get_response
    response = wrapped_callback(request, *callback_args, **callback_kwargs)
  File "/opt/anaconda3/envs/aps/lib/python3.10/site-packages/django/contrib/auth/decorators.py", line 23, in _wrapper_view
    return view_func(request, *args, **kwargs)
  File "/Users/harshalsmac/WORK/ardur/ardurPeopleSoft/trueAlign/shift/decorators.py", line 53, in wrapper_func
    return view_func(request, *args, **kwargs)
  File "/Users/harshalsmac/WORK/ardur/ardurPeopleSoft/trueAlign/shift/views.py", line 79, in wrapper
    result = func(request, *args, **kwargs)
  File "/Users/harshalsmac/WORK/ardur/ardurPeopleSoft/trueAlign/shift/views.py", line 306, in shift_list
    return render(request, 'shift/shift_list.html', {'error': True})
  File "/opt/anaconda3/envs/aps/lib/python3.10/site-packages/django/shortcuts.py", line 25, in render
    content = loader.render_to_string(template_name, context, request, using=using)
  File "/opt/anaconda3/envs/aps/lib/python3.10/site-packages/django/template/loader.py", line 61, in render_to_string
    template = get_template(template_name, using=using)
  File "/opt/anaconda3/envs/aps/lib/python3.10/site-packages/django/template/loader.py", line 15, in get_template
    return engine.get_template(template_name)
  File "/opt/anaconda3/envs/aps/lib/python3.10/site-packages/django/template/backends/django.py", line 33, in get_template
    return Template(self.engine.get_template(template_name), self)
  File "/opt/anaconda3/envs/aps/lib/python3.10/site-packages/django/template/engine.py", line 177, in get_template
    template, origin = self.find_template(template_name)
  File "/opt/anaconda3/envs/aps/lib/python3.10/site-packages/django/template/engine.py", line 159, in find_template
    template = loader.get_template(name, skip=skip)
  File "/opt/anaconda3/envs/aps/lib/python3.10/site-packages/django/template/loaders/cached.py", line 57, in get_template
    template = super().get_template(template_name, skip)
  File "/opt/anaconda3/envs/aps/lib/python3.10/site-packages/django/template/loaders/base.py", line 28, in get_template
    return Template(
  File "/opt/anaconda3/envs/aps/lib/python3.10/site-packages/django/template/base.py", line 154, in __init__
    self.nodelist = self.compile_nodelist()
  File "/opt/anaconda3/envs/aps/lib/python3.10/site-packages/django/template/base.py", line 196, in compile_nodelist
    return parser.parse()
  File "/opt/anaconda3/envs/aps/lib/python3.10/site-packages/django/template/base.py", line 510, in parse
    raise self.error(token, e)
  File "/opt/anaconda3/envs/aps/lib/python3.10/site-packages/django/template/base.py", line 508, in parse
    compiled_result = compile_func(self, token)
  File "/opt/anaconda3/envs/aps/lib/python3.10/site-packages/django/template/loader_tags.py", line 295, in do_extends
    nodelist = parser.parse()
  File "/opt/anaconda3/envs/aps/lib/python3.10/site-packages/django/template/base.py", line 510, in parse
    raise self.error(token, e)
  File "/opt/anaconda3/envs/aps/lib/python3.10/site-packages/django/template/base.py", line 508, in parse
    compiled_result = compile_func(self, token)
  File "/opt/anaconda3/envs/aps/lib/python3.10/site-packages/django/template/loader_tags.py", line 234, in do_block
    nodelist = parser.parse(("endblock",))
  File "/opt/anaconda3/envs/aps/lib/python3.10/site-packages/django/template/base.py", line 510, in parse
    raise self.error(token, e)
  File "/opt/anaconda3/envs/aps/lib/python3.10/site-packages/django/template/base.py", line 508, in parse
    compiled_result = compile_func(self, token)
  File "/opt/anaconda3/envs/aps/lib/python3.10/site-packages/django/template/loader_tags.py", line 234, in do_block
    nodelist = parser.parse(("endblock",))
  File "/opt/anaconda3/envs/aps/lib/python3.10/site-packages/django/template/base.py", line 510, in parse
    raise self.error(token, e)
  File "/opt/anaconda3/envs/aps/lib/python3.10/site-packages/django/template/base.py", line 508, in parse
    compiled_result = compile_func(self, token)
  File "/opt/anaconda3/envs/aps/lib/python3.10/site-packages/django/template/defaulttags.py", line 961, in do_if
    nodelist = parser.parse(("elif", "else", "endif"))
  File "/opt/anaconda3/envs/aps/lib/python3.10/site-packages/django/template/base.py", line 510, in parse
    raise self.error(token, e)
  File "/opt/anaconda3/envs/aps/lib/python3.10/site-packages/django/template/base.py", line 508, in parse
    compiled_result = compile_func(self, token)
  File "/opt/anaconda3/envs/aps/lib/python3.10/site-packages/django/template/defaulttags.py", line 961, in do_if
    nodelist = parser.parse(("elif", "else", "endif"))
  File "/opt/anaconda3/envs/aps/lib/python3.10/site-packages/django/template/base.py", line 510, in parse
    raise self.error(token, e)
  File "/opt/anaconda3/envs/aps/lib/python3.10/site-packages/django/template/base.py", line 508, in parse
    compiled_result = compile_func(self, token)
  File "/opt/anaconda3/envs/aps/lib/python3.10/site-packages/django/template/defaulttags.py", line 961, in do_if
    nodelist = parser.parse(("elif", "else", "endif"))
  File "/opt/anaconda3/envs/aps/lib/python3.10/site-packages/django/template/base.py", line 510, in parse
    raise self.error(token, e)
  File "/opt/anaconda3/envs/aps/lib/python3.10/site-packages/django/template/base.py", line 508, in parse
    compiled_result = compile_func(self, token)
  File "/opt/anaconda3/envs/aps/lib/python3.10/site-packages/django/template/defaulttags.py", line 961, in do_if
    nodelist = parser.parse(("elif", "else", "endif"))
  File "/opt/anaconda3/envs/aps/lib/python3.10/site-packages/django/template/base.py", line 504, in parse
    self.invalid_block_tag(token, command, parse_until)
  File "/opt/anaconda3/envs/aps/lib/python3.10/site-packages/django/template/base.py", line 555, in invalid_block_tag
    raise self.error(
django.template.exceptions.TemplateSyntaxError: Invalid block tag on line 642: 'endblock', expected 'elif', 'else' or 'endif'. Did you forget to register or load this tag?
[2025-06-29 15:34:55] ERROR - django.request - log_response:241 - Internal Server Error: /shift/shifts/
Traceback (most recent call last):
  File "/opt/anaconda3/envs/aps/lib/python3.10/site-packages/django/template/base.py", line 502, in parse
    compile_func = self.tags[command]
KeyError: 'endblock'

During handling of the above exception, another exception occurred:

Traceback (most recent call last):
  File "/Users/harshalsmac/WORK/ardur/ardurPeopleSoft/trueAlign/shift/views.py", line 301, in shift_list
    return render(request, 'shift/shift_list.html', context)
  File "/opt/anaconda3/envs/aps/lib/python3.10/site-packages/django/shortcuts.py", line 25, in render
    content = loader.render_to_string(template_name, context, request, using=using)
  File "/opt/anaconda3/envs/aps/lib/python3.10/site-packages/django/template/loader.py", line 61, in render_to_string
    template = get_template(template_name, using=using)
  File "/opt/anaconda3/envs/aps/lib/python3.10/site-packages/django/template/loader.py", line 15, in get_template
    return engine.get_template(template_name)
  File "/opt/anaconda3/envs/aps/lib/python3.10/site-packages/django/template/backends/django.py", line 33, in get_template
    return Template(self.engine.get_template(template_name), self)
  File "/opt/anaconda3/envs/aps/lib/python3.10/site-packages/django/template/engine.py", line 177, in get_template
    template, origin = self.find_template(template_name)
  File "/opt/anaconda3/envs/aps/lib/python3.10/site-packages/django/template/engine.py", line 159, in find_template
    template = loader.get_template(name, skip=skip)
  File "/opt/anaconda3/envs/aps/lib/python3.10/site-packages/django/template/loaders/cached.py", line 57, in get_template
    template = super().get_template(template_name, skip)
  File "/opt/anaconda3/envs/aps/lib/python3.10/site-packages/django/template/loaders/base.py", line 28, in get_template
    return Template(
  File "/opt/anaconda3/envs/aps/lib/python3.10/site-packages/django/template/base.py", line 154, in __init__
    self.nodelist = self.compile_nodelist()
  File "/opt/anaconda3/envs/aps/lib/python3.10/site-packages/django/template/base.py", line 196, in compile_nodelist
    return parser.parse()
  File "/opt/anaconda3/envs/aps/lib/python3.10/site-packages/django/template/base.py", line 510, in parse
    raise self.error(token, e)
  File "/opt/anaconda3/envs/aps/lib/python3.10/site-packages/django/template/base.py", line 508, in parse
    compiled_result = compile_func(self, token)
  File "/opt/anaconda3/envs/aps/lib/python3.10/site-packages/django/template/loader_tags.py", line 295, in do_extends
    nodelist = parser.parse()
  File "/opt/anaconda3/envs/aps/lib/python3.10/site-packages/django/template/base.py", line 510, in parse
    raise self.error(token, e)
  File "/opt/anaconda3/envs/aps/lib/python3.10/site-packages/django/template/base.py", line 508, in parse
    compiled_result = compile_func(self, token)
  File "/opt/anaconda3/envs/aps/lib/python3.10/site-packages/django/template/loader_tags.py", line 234, in do_block
    nodelist = parser.parse(("endblock",))
  File "/opt/anaconda3/envs/aps/lib/python3.10/site-packages/django/template/base.py", line 510, in parse
    raise self.error(token, e)
  File "/opt/anaconda3/envs/aps/lib/python3.10/site-packages/django/template/base.py", line 508, in parse
    compiled_result = compile_func(self, token)
  File "/opt/anaconda3/envs/aps/lib/python3.10/site-packages/django/template/loader_tags.py", line 234, in do_block
    nodelist = parser.parse(("endblock",))
  File "/opt/anaconda3/envs/aps/lib/python3.10/site-packages/django/template/base.py", line 510, in parse
    raise self.error(token, e)
  File "/opt/anaconda3/envs/aps/lib/python3.10/site-packages/django/template/base.py", line 508, in parse
    compiled_result = compile_func(self, token)
  File "/opt/anaconda3/envs/aps/lib/python3.10/site-packages/django/template/defaulttags.py", line 961, in do_if
    nodelist = parser.parse(("elif", "else", "endif"))
  File "/opt/anaconda3/envs/aps/lib/python3.10/site-packages/django/template/base.py", line 510, in parse
    raise self.error(token, e)
  File "/opt/anaconda3/envs/aps/lib/python3.10/site-packages/django/template/base.py", line 508, in parse
    compiled_result = compile_func(self, token)
  File "/opt/anaconda3/envs/aps/lib/python3.10/site-packages/django/template/defaulttags.py", line 961, in do_if
    nodelist = parser.parse(("elif", "else", "endif"))
  File "/opt/anaconda3/envs/aps/lib/python3.10/site-packages/django/template/base.py", line 510, in parse
    raise self.error(token, e)
  File "/opt/anaconda3/envs/aps/lib/python3.10/site-packages/django/template/base.py", line 508, in parse
    compiled_result = compile_func(self, token)
  File "/opt/anaconda3/envs/aps/lib/python3.10/site-packages/django/template/defaulttags.py", line 961, in do_if
    nodelist = parser.parse(("elif", "else", "endif"))
  File "/opt/anaconda3/envs/aps/lib/python3.10/site-packages/django/template/base.py", line 510, in parse
    raise self.error(token, e)
  File "/opt/anaconda3/envs/aps/lib/python3.10/site-packages/django/template/base.py", line 508, in parse
    compiled_result = compile_func(self, token)
  File "/opt/anaconda3/envs/aps/lib/python3.10/site-packages/django/template/defaulttags.py", line 961, in do_if
    nodelist = parser.parse(("elif", "else", "endif"))
  File "/opt/anaconda3/envs/aps/lib/python3.10/site-packages/django/template/base.py", line 504, in parse
    self.invalid_block_tag(token, command, parse_until)
  File "/opt/anaconda3/envs/aps/lib/python3.10/site-packages/django/template/base.py", line 555, in invalid_block_tag
    raise self.error(
django.template.exceptions.TemplateSyntaxError: Invalid block tag on line 644: 'endblock', expected 'elif', 'else' or 'endif'. Did you forget to register or load this tag?

During handling of the above exception, another exception occurred:

Traceback (most recent call last):
  File "/opt/anaconda3/envs/aps/lib/python3.10/site-packages/django/template/base.py", line 502, in parse
    compile_func = self.tags[command]
KeyError: 'endblock'

During handling of the above exception, another exception occurred:

Traceback (most recent call last):
  File "/opt/anaconda3/envs/aps/lib/python3.10/site-packages/django/core/handlers/exception.py", line 55, in inner
    response = get_response(request)
  File "/opt/anaconda3/envs/aps/lib/python3.10/site-packages/django/core/handlers/base.py", line 197, in _get_response
    response = wrapped_callback(request, *callback_args, **callback_kwargs)
  File "/opt/anaconda3/envs/aps/lib/python3.10/site-packages/django/contrib/auth/decorators.py", line 23, in _wrapper_view
    return view_func(request, *args, **kwargs)
  File "/Users/harshalsmac/WORK/ardur/ardurPeopleSoft/trueAlign/shift/decorators.py", line 53, in wrapper_func
    return view_func(request, *args, **kwargs)
  File "/Users/harshalsmac/WORK/ardur/ardurPeopleSoft/trueAlign/shift/views.py", line 79, in wrapper
    result = func(request, *args, **kwargs)
  File "/Users/harshalsmac/WORK/ardur/ardurPeopleSoft/trueAlign/shift/views.py", line 306, in shift_list
    return render(request, 'shift/shift_list.html', {'error': True})
  File "/opt/anaconda3/envs/aps/lib/python3.10/site-packages/django/shortcuts.py", line 25, in render
    content = loader.render_to_string(template_name, context, request, using=using)
  File "/opt/anaconda3/envs/aps/lib/python3.10/site-packages/django/template/loader.py", line 61, in render_to_string
    template = get_template(template_name, using=using)
  File "/opt/anaconda3/envs/aps/lib/python3.10/site-packages/django/template/loader.py", line 15, in get_template
    return engine.get_template(template_name)
  File "/opt/anaconda3/envs/aps/lib/python3.10/site-packages/django/template/backends/django.py", line 33, in get_template
    return Template(self.engine.get_template(template_name), self)
  File "/opt/anaconda3/envs/aps/lib/python3.10/site-packages/django/template/engine.py", line 177, in get_template
    template, origin = self.find_template(template_name)
  File "/opt/anaconda3/envs/aps/lib/python3.10/site-packages/django/template/engine.py", line 159, in find_template
    template = loader.get_template(name, skip=skip)
  File "/opt/anaconda3/envs/aps/lib/python3.10/site-packages/django/template/loaders/cached.py", line 57, in get_template
    template = super().get_template(template_name, skip)
  File "/opt/anaconda3/envs/aps/lib/python3.10/site-packages/django/template/loaders/base.py", line 28, in get_template
    return Template(
  File "/opt/anaconda3/envs/aps/lib/python3.10/site-packages/django/template/base.py", line 154, in __init__
    self.nodelist = self.compile_nodelist()
  File "/opt/anaconda3/envs/aps/lib/python3.10/site-packages/django/template/base.py", line 196, in compile_nodelist
    return parser.parse()
  File "/opt/anaconda3/envs/aps/lib/python3.10/site-packages/django/template/base.py", line 510, in parse
    raise self.error(token, e)
  File "/opt/anaconda3/envs/aps/lib/python3.10/site-packages/django/template/base.py", line 508, in parse
    compiled_result = compile_func(self, token)
  File "/opt/anaconda3/envs/aps/lib/python3.10/site-packages/django/template/loader_tags.py", line 295, in do_extends
    nodelist = parser.parse()
  File "/opt/anaconda3/envs/aps/lib/python3.10/site-packages/django/template/base.py", line 510, in parse
    raise self.error(token, e)
  File "/opt/anaconda3/envs/aps/lib/python3.10/site-packages/django/template/base.py", line 508, in parse
    compiled_result = compile_func(self, token)
  File "/opt/anaconda3/envs/aps/lib/python3.10/site-packages/django/template/loader_tags.py", line 234, in do_block
    nodelist = parser.parse(("endblock",))
  File "/opt/anaconda3/envs/aps/lib/python3.10/site-packages/django/template/base.py", line 510, in parse
    raise self.error(token, e)
  File "/opt/anaconda3/envs/aps/lib/python3.10/site-packages/django/template/base.py", line 508, in parse
    compiled_result = compile_func(self, token)
  File "/opt/anaconda3/envs/aps/lib/python3.10/site-packages/django/template/loader_tags.py", line 234, in do_block
    nodelist = parser.parse(("endblock",))
  File "/opt/anaconda3/envs/aps/lib/python3.10/site-packages/django/template/base.py", line 510, in parse
    raise self.error(token, e)
  File "/opt/anaconda3/envs/aps/lib/python3.10/site-packages/django/template/base.py", line 508, in parse
    compiled_result = compile_func(self, token)
  File "/opt/anaconda3/envs/aps/lib/python3.10/site-packages/django/template/defaulttags.py", line 961, in do_if
    nodelist = parser.parse(("elif", "else", "endif"))
  File "/opt/anaconda3/envs/aps/lib/python3.10/site-packages/django/template/base.py", line 510, in parse
    raise self.error(token, e)
  File "/opt/anaconda3/envs/aps/lib/python3.10/site-packages/django/template/base.py", line 508, in parse
    compiled_result = compile_func(self, token)
  File "/opt/anaconda3/envs/aps/lib/python3.10/site-packages/django/template/defaulttags.py", line 961, in do_if
    nodelist = parser.parse(("elif", "else", "endif"))
  File "/opt/anaconda3/envs/aps/lib/python3.10/site-packages/django/template/base.py", line 510, in parse
    raise self.error(token, e)
  File "/opt/anaconda3/envs/aps/lib/python3.10/site-packages/django/template/base.py", line 508, in parse
    compiled_result = compile_func(self, token)
  File "/opt/anaconda3/envs/aps/lib/python3.10/site-packages/django/template/defaulttags.py", line 961, in do_if
    nodelist = parser.parse(("elif", "else", "endif"))
  File "/opt/anaconda3/envs/aps/lib/python3.10/site-packages/django/template/base.py", line 510, in parse
    raise self.error(token, e)
  File "/opt/anaconda3/envs/aps/lib/python3.10/site-packages/django/template/base.py", line 508, in parse
    compiled_result = compile_func(self, token)
  File "/opt/anaconda3/envs/aps/lib/python3.10/site-packages/django/template/defaulttags.py", line 961, in do_if
    nodelist = parser.parse(("elif", "else", "endif"))
  File "/opt/anaconda3/envs/aps/lib/python3.10/site-packages/django/template/base.py", line 504, in parse
    self.invalid_block_tag(token, command, parse_until)
  File "/opt/anaconda3/envs/aps/lib/python3.10/site-packages/django/template/base.py", line 555, in invalid_block_tag
    raise self.error(
django.template.exceptions.TemplateSyntaxError: Invalid block tag on line 644: 'endblock', expected 'elif', 'else' or 'endif'. Did you forget to register or load this tag?
[2025-06-29 15:34:56] ERROR - django.request - log_response:241 - Internal Server Error: /shift/shifts/
Traceback (most recent call last):
  File "/opt/anaconda3/envs/aps/lib/python3.10/site-packages/django/template/base.py", line 502, in parse
    compile_func = self.tags[command]
KeyError: 'endblock'

During handling of the above exception, another exception occurred:

Traceback (most recent call last):
  File "/Users/harshalsmac/WORK/ardur/ardurPeopleSoft/trueAlign/shift/views.py", line 301, in shift_list
    return render(request, 'shift/shift_list.html', context)
  File "/opt/anaconda3/envs/aps/lib/python3.10/site-packages/django/shortcuts.py", line 25, in render
    content = loader.render_to_string(template_name, context, request, using=using)
  File "/opt/anaconda3/envs/aps/lib/python3.10/site-packages/django/template/loader.py", line 61, in render_to_string
    template = get_template(template_name, using=using)
  File "/opt/anaconda3/envs/aps/lib/python3.10/site-packages/django/template/loader.py", line 15, in get_template
    return engine.get_template(template_name)
  File "/opt/anaconda3/envs/aps/lib/python3.10/site-packages/django/template/backends/django.py", line 33, in get_template
    return Template(self.engine.get_template(template_name), self)
  File "/opt/anaconda3/envs/aps/lib/python3.10/site-packages/django/template/engine.py", line 177, in get_template
    template, origin = self.find_template(template_name)
  File "/opt/anaconda3/envs/aps/lib/python3.10/site-packages/django/template/engine.py", line 159, in find_template
    template = loader.get_template(name, skip=skip)
  File "/opt/anaconda3/envs/aps/lib/python3.10/site-packages/django/template/loaders/cached.py", line 57, in get_template
    template = super().get_template(template_name, skip)
  File "/opt/anaconda3/envs/aps/lib/python3.10/site-packages/django/template/loaders/base.py", line 28, in get_template
    return Template(
  File "/opt/anaconda3/envs/aps/lib/python3.10/site-packages/django/template/base.py", line 154, in __init__
    self.nodelist = self.compile_nodelist()
  File "/opt/anaconda3/envs/aps/lib/python3.10/site-packages/django/template/base.py", line 196, in compile_nodelist
    return parser.parse()
  File "/opt/anaconda3/envs/aps/lib/python3.10/site-packages/django/template/base.py", line 510, in parse
    raise self.error(token, e)
  File "/opt/anaconda3/envs/aps/lib/python3.10/site-packages/django/template/base.py", line 508, in parse
    compiled_result = compile_func(self, token)
  File "/opt/anaconda3/envs/aps/lib/python3.10/site-packages/django/template/loader_tags.py", line 295, in do_extends
    nodelist = parser.parse()
  File "/opt/anaconda3/envs/aps/lib/python3.10/site-packages/django/template/base.py", line 510, in parse
    raise self.error(token, e)
  File "/opt/anaconda3/envs/aps/lib/python3.10/site-packages/django/template/base.py", line 508, in parse
    compiled_result = compile_func(self, token)
  File "/opt/anaconda3/envs/aps/lib/python3.10/site-packages/django/template/loader_tags.py", line 234, in do_block
    nodelist = parser.parse(("endblock",))
  File "/opt/anaconda3/envs/aps/lib/python3.10/site-packages/django/template/base.py", line 510, in parse
    raise self.error(token, e)
  File "/opt/anaconda3/envs/aps/lib/python3.10/site-packages/django/template/base.py", line 508, in parse
    compiled_result = compile_func(self, token)
  File "/opt/anaconda3/envs/aps/lib/python3.10/site-packages/django/template/loader_tags.py", line 234, in do_block
    nodelist = parser.parse(("endblock",))
  File "/opt/anaconda3/envs/aps/lib/python3.10/site-packages/django/template/base.py", line 510, in parse
    raise self.error(token, e)
  File "/opt/anaconda3/envs/aps/lib/python3.10/site-packages/django/template/base.py", line 508, in parse
    compiled_result = compile_func(self, token)
  File "/opt/anaconda3/envs/aps/lib/python3.10/site-packages/django/template/defaulttags.py", line 961, in do_if
    nodelist = parser.parse(("elif", "else", "endif"))
  File "/opt/anaconda3/envs/aps/lib/python3.10/site-packages/django/template/base.py", line 510, in parse
    raise self.error(token, e)
  File "/opt/anaconda3/envs/aps/lib/python3.10/site-packages/django/template/base.py", line 508, in parse
    compiled_result = compile_func(self, token)
  File "/opt/anaconda3/envs/aps/lib/python3.10/site-packages/django/template/defaulttags.py", line 961, in do_if
    nodelist = parser.parse(("elif", "else", "endif"))
  File "/opt/anaconda3/envs/aps/lib/python3.10/site-packages/django/template/base.py", line 510, in parse
    raise self.error(token, e)
  File "/opt/anaconda3/envs/aps/lib/python3.10/site-packages/django/template/base.py", line 508, in parse
    compiled_result = compile_func(self, token)
  File "/opt/anaconda3/envs/aps/lib/python3.10/site-packages/django/template/defaulttags.py", line 961, in do_if
    nodelist = parser.parse(("elif", "else", "endif"))
  File "/opt/anaconda3/envs/aps/lib/python3.10/site-packages/django/template/base.py", line 510, in parse
    raise self.error(token, e)
  File "/opt/anaconda3/envs/aps/lib/python3.10/site-packages/django/template/base.py", line 508, in parse
    compiled_result = compile_func(self, token)
  File "/opt/anaconda3/envs/aps/lib/python3.10/site-packages/django/template/defaulttags.py", line 961, in do_if
    nodelist = parser.parse(("elif", "else", "endif"))
  File "/opt/anaconda3/envs/aps/lib/python3.10/site-packages/django/template/base.py", line 504, in parse
    self.invalid_block_tag(token, command, parse_until)
  File "/opt/anaconda3/envs/aps/lib/python3.10/site-packages/django/template/base.py", line 555, in invalid_block_tag
    raise self.error(
django.template.exceptions.TemplateSyntaxError: Invalid block tag on line 644: 'endblock', expected 'elif', 'else' or 'endif'. Did you forget to register or load this tag?

During handling of the above exception, another exception occurred:

Traceback (most recent call last):
  File "/opt/anaconda3/envs/aps/lib/python3.10/site-packages/django/template/base.py", line 502, in parse
    compile_func = self.tags[command]
KeyError: 'endblock'

During handling of the above exception, another exception occurred:

Traceback (most recent call last):
  File "/opt/anaconda3/envs/aps/lib/python3.10/site-packages/django/core/handlers/exception.py", line 55, in inner
    response = get_response(request)
  File "/opt/anaconda3/envs/aps/lib/python3.10/site-packages/django/core/handlers/base.py", line 197, in _get_response
    response = wrapped_callback(request, *callback_args, **callback_kwargs)
  File "/opt/anaconda3/envs/aps/lib/python3.10/site-packages/django/contrib/auth/decorators.py", line 23, in _wrapper_view
    return view_func(request, *args, **kwargs)
  File "/Users/harshalsmac/WORK/ardur/ardurPeopleSoft/trueAlign/shift/decorators.py", line 53, in wrapper_func
    return view_func(request, *args, **kwargs)
  File "/Users/harshalsmac/WORK/ardur/ardurPeopleSoft/trueAlign/shift/views.py", line 79, in wrapper
    result = func(request, *args, **kwargs)
  File "/Users/harshalsmac/WORK/ardur/ardurPeopleSoft/trueAlign/shift/views.py", line 306, in shift_list
    return render(request, 'shift/shift_list.html', {'error': True})
  File "/opt/anaconda3/envs/aps/lib/python3.10/site-packages/django/shortcuts.py", line 25, in render
    content = loader.render_to_string(template_name, context, request, using=using)
  File "/opt/anaconda3/envs/aps/lib/python3.10/site-packages/django/template/loader.py", line 61, in render_to_string
    template = get_template(template_name, using=using)
  File "/opt/anaconda3/envs/aps/lib/python3.10/site-packages/django/template/loader.py", line 15, in get_template
    return engine.get_template(template_name)
  File "/opt/anaconda3/envs/aps/lib/python3.10/site-packages/django/template/backends/django.py", line 33, in get_template
    return Template(self.engine.get_template(template_name), self)
  File "/opt/anaconda3/envs/aps/lib/python3.10/site-packages/django/template/engine.py", line 177, in get_template
    template, origin = self.find_template(template_name)
  File "/opt/anaconda3/envs/aps/lib/python3.10/site-packages/django/template/engine.py", line 159, in find_template
    template = loader.get_template(name, skip=skip)
  File "/opt/anaconda3/envs/aps/lib/python3.10/site-packages/django/template/loaders/cached.py", line 57, in get_template
    template = super().get_template(template_name, skip)
  File "/opt/anaconda3/envs/aps/lib/python3.10/site-packages/django/template/loaders/base.py", line 28, in get_template
    return Template(
  File "/opt/anaconda3/envs/aps/lib/python3.10/site-packages/django/template/base.py", line 154, in __init__
    self.nodelist = self.compile_nodelist()
  File "/opt/anaconda3/envs/aps/lib/python3.10/site-packages/django/template/base.py", line 196, in compile_nodelist
    return parser.parse()
  File "/opt/anaconda3/envs/aps/lib/python3.10/site-packages/django/template/base.py", line 510, in parse
    raise self.error(token, e)
  File "/opt/anaconda3/envs/aps/lib/python3.10/site-packages/django/template/base.py", line 508, in parse
    compiled_result = compile_func(self, token)
  File "/opt/anaconda3/envs/aps/lib/python3.10/site-packages/django/template/loader_tags.py", line 295, in do_extends
    nodelist = parser.parse()
  File "/opt/anaconda3/envs/aps/lib/python3.10/site-packages/django/template/base.py", line 510, in parse
    raise self.error(token, e)
  File "/opt/anaconda3/envs/aps/lib/python3.10/site-packages/django/template/base.py", line 508, in parse
    compiled_result = compile_func(self, token)
  File "/opt/anaconda3/envs/aps/lib/python3.10/site-packages/django/template/loader_tags.py", line 234, in do_block
    nodelist = parser.parse(("endblock",))
  File "/opt/anaconda3/envs/aps/lib/python3.10/site-packages/django/template/base.py", line 510, in parse
    raise self.error(token, e)
  File "/opt/anaconda3/envs/aps/lib/python3.10/site-packages/django/template/base.py", line 508, in parse
    compiled_result = compile_func(self, token)
  File "/opt/anaconda3/envs/aps/lib/python3.10/site-packages/django/template/loader_tags.py", line 234, in do_block
    nodelist = parser.parse(("endblock",))
  File "/opt/anaconda3/envs/aps/lib/python3.10/site-packages/django/template/base.py", line 510, in parse
    raise self.error(token, e)
  File "/opt/anaconda3/envs/aps/lib/python3.10/site-packages/django/template/base.py", line 508, in parse
    compiled_result = compile_func(self, token)
  File "/opt/anaconda3/envs/aps/lib/python3.10/site-packages/django/template/defaulttags.py", line 961, in do_if
    nodelist = parser.parse(("elif", "else", "endif"))
  File "/opt/anaconda3/envs/aps/lib/python3.10/site-packages/django/template/base.py", line 510, in parse
    raise self.error(token, e)
  File "/opt/anaconda3/envs/aps/lib/python3.10/site-packages/django/template/base.py", line 508, in parse
    compiled_result = compile_func(self, token)
  File "/opt/anaconda3/envs/aps/lib/python3.10/site-packages/django/template/defaulttags.py", line 961, in do_if
    nodelist = parser.parse(("elif", "else", "endif"))
  File "/opt/anaconda3/envs/aps/lib/python3.10/site-packages/django/template/base.py", line 510, in parse
    raise self.error(token, e)
  File "/opt/anaconda3/envs/aps/lib/python3.10/site-packages/django/template/base.py", line 508, in parse
    compiled_result = compile_func(self, token)
  File "/opt/anaconda3/envs/aps/lib/python3.10/site-packages/django/template/defaulttags.py", line 961, in do_if
    nodelist = parser.parse(("elif", "else", "endif"))
  File "/opt/anaconda3/envs/aps/lib/python3.10/site-packages/django/template/base.py", line 510, in parse
    raise self.error(token, e)
  File "/opt/anaconda3/envs/aps/lib/python3.10/site-packages/django/template/base.py", line 508, in parse
    compiled_result = compile_func(self, token)
  File "/opt/anaconda3/envs/aps/lib/python3.10/site-packages/django/template/defaulttags.py", line 961, in do_if
    nodelist = parser.parse(("elif", "else", "endif"))
  File "/opt/anaconda3/envs/aps/lib/python3.10/site-packages/django/template/base.py", line 504, in parse
    self.invalid_block_tag(token, command, parse_until)
  File "/opt/anaconda3/envs/aps/lib/python3.10/site-packages/django/template/base.py", line 555, in invalid_block_tag
    raise self.error(
django.template.exceptions.TemplateSyntaxError: Invalid block tag on line 644: 'endblock', expected 'elif', 'else' or 'endif'. Did you forget to register or load this tag?
[2025-06-29 15:45:52] ERROR - django.request - log_response:241 - Internal Server Error: /shift/shifts/
Traceback (most recent call last):
  File "/opt/anaconda3/envs/aps/lib/python3.10/site-packages/django/template/smartif.py", line 180, in translate_token
    op = OPERATORS[token]
KeyError: 'filter_form.is_active.value=""="true"'

During handling of the above exception, another exception occurred:

Traceback (most recent call last):
  File "/Users/harshalsmac/WORK/ardur/ardurPeopleSoft/trueAlign/shift/views.py", line 301, in shift_list
    return render(request, 'shift/shift_list.html', context)
  File "/opt/anaconda3/envs/aps/lib/python3.10/site-packages/django/shortcuts.py", line 25, in render
    content = loader.render_to_string(template_name, context, request, using=using)
  File "/opt/anaconda3/envs/aps/lib/python3.10/site-packages/django/template/loader.py", line 61, in render_to_string
    template = get_template(template_name, using=using)
  File "/opt/anaconda3/envs/aps/lib/python3.10/site-packages/django/template/loader.py", line 15, in get_template
    return engine.get_template(template_name)
  File "/opt/anaconda3/envs/aps/lib/python3.10/site-packages/django/template/backends/django.py", line 33, in get_template
    return Template(self.engine.get_template(template_name), self)
  File "/opt/anaconda3/envs/aps/lib/python3.10/site-packages/django/template/engine.py", line 177, in get_template
    template, origin = self.find_template(template_name)
  File "/opt/anaconda3/envs/aps/lib/python3.10/site-packages/django/template/engine.py", line 159, in find_template
    template = loader.get_template(name, skip=skip)
  File "/opt/anaconda3/envs/aps/lib/python3.10/site-packages/django/template/loaders/cached.py", line 57, in get_template
    template = super().get_template(template_name, skip)
  File "/opt/anaconda3/envs/aps/lib/python3.10/site-packages/django/template/loaders/base.py", line 28, in get_template
    return Template(
  File "/opt/anaconda3/envs/aps/lib/python3.10/site-packages/django/template/base.py", line 154, in __init__
    self.nodelist = self.compile_nodelist()
  File "/opt/anaconda3/envs/aps/lib/python3.10/site-packages/django/template/base.py", line 196, in compile_nodelist
    return parser.parse()
  File "/opt/anaconda3/envs/aps/lib/python3.10/site-packages/django/template/base.py", line 510, in parse
    raise self.error(token, e)
  File "/opt/anaconda3/envs/aps/lib/python3.10/site-packages/django/template/base.py", line 508, in parse
    compiled_result = compile_func(self, token)
  File "/opt/anaconda3/envs/aps/lib/python3.10/site-packages/django/template/loader_tags.py", line 295, in do_extends
    nodelist = parser.parse()
  File "/opt/anaconda3/envs/aps/lib/python3.10/site-packages/django/template/base.py", line 510, in parse
    raise self.error(token, e)
  File "/opt/anaconda3/envs/aps/lib/python3.10/site-packages/django/template/base.py", line 508, in parse
    compiled_result = compile_func(self, token)
  File "/opt/anaconda3/envs/aps/lib/python3.10/site-packages/django/template/loader_tags.py", line 234, in do_block
    nodelist = parser.parse(("endblock",))
  File "/opt/anaconda3/envs/aps/lib/python3.10/site-packages/django/template/base.py", line 510, in parse
    raise self.error(token, e)
  File "/opt/anaconda3/envs/aps/lib/python3.10/site-packages/django/template/base.py", line 508, in parse
    compiled_result = compile_func(self, token)
  File "/opt/anaconda3/envs/aps/lib/python3.10/site-packages/django/template/defaulttags.py", line 960, in do_if
    condition = TemplateIfParser(parser, bits).parse()
  File "/opt/anaconda3/envs/aps/lib/python3.10/site-packages/django/template/defaulttags.py", line 893, in __init__
    super().__init__(*args, **kwargs)
  File "/opt/anaconda3/envs/aps/lib/python3.10/site-packages/django/template/smartif.py", line 171, in __init__
    mapped_tokens.append(self.translate_token(token))
  File "/opt/anaconda3/envs/aps/lib/python3.10/site-packages/django/template/smartif.py", line 182, in translate_token
    return self.create_var(token)
  File "/opt/anaconda3/envs/aps/lib/python3.10/site-packages/django/template/defaulttags.py", line 896, in create_var
    return TemplateLiteral(self.template_parser.compile_filter(value), value)
  File "/opt/anaconda3/envs/aps/lib/python3.10/site-packages/django/template/base.py", line 597, in compile_filter
    return FilterExpression(token, self)
  File "/opt/anaconda3/envs/aps/lib/python3.10/site-packages/django/template/base.py", line 698, in __init__
    raise TemplateSyntaxError(
django.template.exceptions.TemplateSyntaxError: Could not parse the remainder: '=""="true"' from 'filter_form.is_active.value=""="true"'

During handling of the above exception, another exception occurred:

Traceback (most recent call last):
  File "/opt/anaconda3/envs/aps/lib/python3.10/site-packages/django/template/smartif.py", line 180, in translate_token
    op = OPERATORS[token]
KeyError: 'filter_form.is_active.value=""="true"'

During handling of the above exception, another exception occurred:

Traceback (most recent call last):
  File "/opt/anaconda3/envs/aps/lib/python3.10/site-packages/django/core/handlers/exception.py", line 55, in inner
    response = get_response(request)
  File "/opt/anaconda3/envs/aps/lib/python3.10/site-packages/django/core/handlers/base.py", line 197, in _get_response
    response = wrapped_callback(request, *callback_args, **callback_kwargs)
  File "/opt/anaconda3/envs/aps/lib/python3.10/site-packages/django/contrib/auth/decorators.py", line 23, in _wrapper_view
    return view_func(request, *args, **kwargs)
  File "/Users/harshalsmac/WORK/ardur/ardurPeopleSoft/trueAlign/shift/decorators.py", line 53, in wrapper_func
    return view_func(request, *args, **kwargs)
  File "/Users/harshalsmac/WORK/ardur/ardurPeopleSoft/trueAlign/shift/views.py", line 79, in wrapper
    result = func(request, *args, **kwargs)
  File "/Users/harshalsmac/WORK/ardur/ardurPeopleSoft/trueAlign/shift/views.py", line 306, in shift_list
    return render(request, 'shift/shift_list.html', {'error': True})
  File "/opt/anaconda3/envs/aps/lib/python3.10/site-packages/django/shortcuts.py", line 25, in render
    content = loader.render_to_string(template_name, context, request, using=using)
  File "/opt/anaconda3/envs/aps/lib/python3.10/site-packages/django/template/loader.py", line 61, in render_to_string
    template = get_template(template_name, using=using)
  File "/opt/anaconda3/envs/aps/lib/python3.10/site-packages/django/template/loader.py", line 15, in get_template
    return engine.get_template(template_name)
  File "/opt/anaconda3/envs/aps/lib/python3.10/site-packages/django/template/backends/django.py", line 33, in get_template
    return Template(self.engine.get_template(template_name), self)
  File "/opt/anaconda3/envs/aps/lib/python3.10/site-packages/django/template/engine.py", line 177, in get_template
    template, origin = self.find_template(template_name)
  File "/opt/anaconda3/envs/aps/lib/python3.10/site-packages/django/template/engine.py", line 159, in find_template
    template = loader.get_template(name, skip=skip)
  File "/opt/anaconda3/envs/aps/lib/python3.10/site-packages/django/template/loaders/cached.py", line 57, in get_template
    template = super().get_template(template_name, skip)
  File "/opt/anaconda3/envs/aps/lib/python3.10/site-packages/django/template/loaders/base.py", line 28, in get_template
    return Template(
  File "/opt/anaconda3/envs/aps/lib/python3.10/site-packages/django/template/base.py", line 154, in __init__
    self.nodelist = self.compile_nodelist()
  File "/opt/anaconda3/envs/aps/lib/python3.10/site-packages/django/template/base.py", line 196, in compile_nodelist
    return parser.parse()
  File "/opt/anaconda3/envs/aps/lib/python3.10/site-packages/django/template/base.py", line 510, in parse
    raise self.error(token, e)
  File "/opt/anaconda3/envs/aps/lib/python3.10/site-packages/django/template/base.py", line 508, in parse
    compiled_result = compile_func(self, token)
  File "/opt/anaconda3/envs/aps/lib/python3.10/site-packages/django/template/loader_tags.py", line 295, in do_extends
    nodelist = parser.parse()
  File "/opt/anaconda3/envs/aps/lib/python3.10/site-packages/django/template/base.py", line 510, in parse
    raise self.error(token, e)
  File "/opt/anaconda3/envs/aps/lib/python3.10/site-packages/django/template/base.py", line 508, in parse
    compiled_result = compile_func(self, token)
  File "/opt/anaconda3/envs/aps/lib/python3.10/site-packages/django/template/loader_tags.py", line 234, in do_block
    nodelist = parser.parse(("endblock",))
  File "/opt/anaconda3/envs/aps/lib/python3.10/site-packages/django/template/base.py", line 510, in parse
    raise self.error(token, e)
  File "/opt/anaconda3/envs/aps/lib/python3.10/site-packages/django/template/base.py", line 508, in parse
    compiled_result = compile_func(self, token)
  File "/opt/anaconda3/envs/aps/lib/python3.10/site-packages/django/template/defaulttags.py", line 960, in do_if
    condition = TemplateIfParser(parser, bits).parse()
  File "/opt/anaconda3/envs/aps/lib/python3.10/site-packages/django/template/defaulttags.py", line 893, in __init__
    super().__init__(*args, **kwargs)
  File "/opt/anaconda3/envs/aps/lib/python3.10/site-packages/django/template/smartif.py", line 171, in __init__
    mapped_tokens.append(self.translate_token(token))
  File "/opt/anaconda3/envs/aps/lib/python3.10/site-packages/django/template/smartif.py", line 182, in translate_token
    return self.create_var(token)
  File "/opt/anaconda3/envs/aps/lib/python3.10/site-packages/django/template/defaulttags.py", line 896, in create_var
    return TemplateLiteral(self.template_parser.compile_filter(value), value)
  File "/opt/anaconda3/envs/aps/lib/python3.10/site-packages/django/template/base.py", line 597, in compile_filter
    return FilterExpression(token, self)
  File "/opt/anaconda3/envs/aps/lib/python3.10/site-packages/django/template/base.py", line 698, in __init__
    raise TemplateSyntaxError(
django.template.exceptions.TemplateSyntaxError: Could not parse the remainder: '=""="true"' from 'filter_form.is_active.value=""="true"'
[2025-06-29 15:46:01] ERROR - django.request - log_response:241 - Internal Server Error: /shift/shifts/
Traceback (most recent call last):
  File "/opt/anaconda3/envs/aps/lib/python3.10/site-packages/django/template/base.py", line 502, in parse
    compile_func = self.tags[command]
KeyError: 'endblock'

During handling of the above exception, another exception occurred:

Traceback (most recent call last):
  File "/Users/harshalsmac/WORK/ardur/ardurPeopleSoft/trueAlign/shift/views.py", line 301, in shift_list
    return render(request, 'shift/shift_list.html', context)
  File "/opt/anaconda3/envs/aps/lib/python3.10/site-packages/django/shortcuts.py", line 25, in render
    content = loader.render_to_string(template_name, context, request, using=using)
  File "/opt/anaconda3/envs/aps/lib/python3.10/site-packages/django/template/loader.py", line 61, in render_to_string
    template = get_template(template_name, using=using)
  File "/opt/anaconda3/envs/aps/lib/python3.10/site-packages/django/template/loader.py", line 15, in get_template
    return engine.get_template(template_name)
  File "/opt/anaconda3/envs/aps/lib/python3.10/site-packages/django/template/backends/django.py", line 33, in get_template
    return Template(self.engine.get_template(template_name), self)
  File "/opt/anaconda3/envs/aps/lib/python3.10/site-packages/django/template/engine.py", line 177, in get_template
    template, origin = self.find_template(template_name)
  File "/opt/anaconda3/envs/aps/lib/python3.10/site-packages/django/template/engine.py", line 159, in find_template
    template = loader.get_template(name, skip=skip)
  File "/opt/anaconda3/envs/aps/lib/python3.10/site-packages/django/template/loaders/cached.py", line 57, in get_template
    template = super().get_template(template_name, skip)
  File "/opt/anaconda3/envs/aps/lib/python3.10/site-packages/django/template/loaders/base.py", line 28, in get_template
    return Template(
  File "/opt/anaconda3/envs/aps/lib/python3.10/site-packages/django/template/base.py", line 154, in __init__
    self.nodelist = self.compile_nodelist()
  File "/opt/anaconda3/envs/aps/lib/python3.10/site-packages/django/template/base.py", line 196, in compile_nodelist
    return parser.parse()
  File "/opt/anaconda3/envs/aps/lib/python3.10/site-packages/django/template/base.py", line 510, in parse
    raise self.error(token, e)
  File "/opt/anaconda3/envs/aps/lib/python3.10/site-packages/django/template/base.py", line 508, in parse
    compiled_result = compile_func(self, token)
  File "/opt/anaconda3/envs/aps/lib/python3.10/site-packages/django/template/loader_tags.py", line 295, in do_extends
    nodelist = parser.parse()
  File "/opt/anaconda3/envs/aps/lib/python3.10/site-packages/django/template/base.py", line 510, in parse
    raise self.error(token, e)
  File "/opt/anaconda3/envs/aps/lib/python3.10/site-packages/django/template/base.py", line 508, in parse
    compiled_result = compile_func(self, token)
  File "/opt/anaconda3/envs/aps/lib/python3.10/site-packages/django/template/loader_tags.py", line 234, in do_block
    nodelist = parser.parse(("endblock",))
  File "/opt/anaconda3/envs/aps/lib/python3.10/site-packages/django/template/base.py", line 510, in parse
    raise self.error(token, e)
  File "/opt/anaconda3/envs/aps/lib/python3.10/site-packages/django/template/base.py", line 508, in parse
    compiled_result = compile_func(self, token)
  File "/opt/anaconda3/envs/aps/lib/python3.10/site-packages/django/template/defaulttags.py", line 961, in do_if
    nodelist = parser.parse(("elif", "else", "endif"))
  File "/opt/anaconda3/envs/aps/lib/python3.10/site-packages/django/template/base.py", line 510, in parse
    raise self.error(token, e)
  File "/opt/anaconda3/envs/aps/lib/python3.10/site-packages/django/template/base.py", line 508, in parse
    compiled_result = compile_func(self, token)
  File "/opt/anaconda3/envs/aps/lib/python3.10/site-packages/django/template/defaulttags.py", line 961, in do_if
    nodelist = parser.parse(("elif", "else", "endif"))
  File "/opt/anaconda3/envs/aps/lib/python3.10/site-packages/django/template/base.py", line 510, in parse
    raise self.error(token, e)
  File "/opt/anaconda3/envs/aps/lib/python3.10/site-packages/django/template/base.py", line 508, in parse
    compiled_result = compile_func(self, token)
  File "/opt/anaconda3/envs/aps/lib/python3.10/site-packages/django/template/defaulttags.py", line 961, in do_if
    nodelist = parser.parse(("elif", "else", "endif"))
  File "/opt/anaconda3/envs/aps/lib/python3.10/site-packages/django/template/base.py", line 510, in parse
    raise self.error(token, e)
  File "/opt/anaconda3/envs/aps/lib/python3.10/site-packages/django/template/base.py", line 508, in parse
    compiled_result = compile_func(self, token)
  File "/opt/anaconda3/envs/aps/lib/python3.10/site-packages/django/template/defaulttags.py", line 961, in do_if
    nodelist = parser.parse(("elif", "else", "endif"))
  File "/opt/anaconda3/envs/aps/lib/python3.10/site-packages/django/template/base.py", line 504, in parse
    self.invalid_block_tag(token, command, parse_until)
  File "/opt/anaconda3/envs/aps/lib/python3.10/site-packages/django/template/base.py", line 555, in invalid_block_tag
    raise self.error(
django.template.exceptions.TemplateSyntaxError: Invalid block tag on line 644: 'endblock', expected 'elif', 'else' or 'endif'. Did you forget to register or load this tag?

During handling of the above exception, another exception occurred:

Traceback (most recent call last):
  File "/opt/anaconda3/envs/aps/lib/python3.10/site-packages/django/template/base.py", line 502, in parse
    compile_func = self.tags[command]
KeyError: 'endblock'

During handling of the above exception, another exception occurred:

Traceback (most recent call last):
  File "/opt/anaconda3/envs/aps/lib/python3.10/site-packages/django/core/handlers/exception.py", line 55, in inner
    response = get_response(request)
  File "/opt/anaconda3/envs/aps/lib/python3.10/site-packages/django/core/handlers/base.py", line 197, in _get_response
    response = wrapped_callback(request, *callback_args, **callback_kwargs)
  File "/opt/anaconda3/envs/aps/lib/python3.10/site-packages/django/contrib/auth/decorators.py", line 23, in _wrapper_view
    return view_func(request, *args, **kwargs)
  File "/Users/harshalsmac/WORK/ardur/ardurPeopleSoft/trueAlign/shift/decorators.py", line 53, in wrapper_func
    return view_func(request, *args, **kwargs)
  File "/Users/harshalsmac/WORK/ardur/ardurPeopleSoft/trueAlign/shift/views.py", line 79, in wrapper
    result = func(request, *args, **kwargs)
  File "/Users/harshalsmac/WORK/ardur/ardurPeopleSoft/trueAlign/shift/views.py", line 306, in shift_list
    return render(request, 'shift/shift_list.html', {'error': True})
  File "/opt/anaconda3/envs/aps/lib/python3.10/site-packages/django/shortcuts.py", line 25, in render
    content = loader.render_to_string(template_name, context, request, using=using)
  File "/opt/anaconda3/envs/aps/lib/python3.10/site-packages/django/template/loader.py", line 61, in render_to_string
    template = get_template(template_name, using=using)
  File "/opt/anaconda3/envs/aps/lib/python3.10/site-packages/django/template/loader.py", line 15, in get_template
    return engine.get_template(template_name)
  File "/opt/anaconda3/envs/aps/lib/python3.10/site-packages/django/template/backends/django.py", line 33, in get_template
    return Template(self.engine.get_template(template_name), self)
  File "/opt/anaconda3/envs/aps/lib/python3.10/site-packages/django/template/engine.py", line 177, in get_template
    template, origin = self.find_template(template_name)
  File "/opt/anaconda3/envs/aps/lib/python3.10/site-packages/django/template/engine.py", line 159, in find_template
    template = loader.get_template(name, skip=skip)
  File "/opt/anaconda3/envs/aps/lib/python3.10/site-packages/django/template/loaders/cached.py", line 57, in get_template
    template = super().get_template(template_name, skip)
  File "/opt/anaconda3/envs/aps/lib/python3.10/site-packages/django/template/loaders/base.py", line 28, in get_template
    return Template(
  File "/opt/anaconda3/envs/aps/lib/python3.10/site-packages/django/template/base.py", line 154, in __init__
    self.nodelist = self.compile_nodelist()
  File "/opt/anaconda3/envs/aps/lib/python3.10/site-packages/django/template/base.py", line 196, in compile_nodelist
    return parser.parse()
  File "/opt/anaconda3/envs/aps/lib/python3.10/site-packages/django/template/base.py", line 510, in parse
    raise self.error(token, e)
  File "/opt/anaconda3/envs/aps/lib/python3.10/site-packages/django/template/base.py", line 508, in parse
    compiled_result = compile_func(self, token)
  File "/opt/anaconda3/envs/aps/lib/python3.10/site-packages/django/template/loader_tags.py", line 295, in do_extends
    nodelist = parser.parse()
  File "/opt/anaconda3/envs/aps/lib/python3.10/site-packages/django/template/base.py", line 510, in parse
    raise self.error(token, e)
  File "/opt/anaconda3/envs/aps/lib/python3.10/site-packages/django/template/base.py", line 508, in parse
    compiled_result = compile_func(self, token)
  File "/opt/anaconda3/envs/aps/lib/python3.10/site-packages/django/template/loader_tags.py", line 234, in do_block
    nodelist = parser.parse(("endblock",))
  File "/opt/anaconda3/envs/aps/lib/python3.10/site-packages/django/template/base.py", line 510, in parse
    raise self.error(token, e)
  File "/opt/anaconda3/envs/aps/lib/python3.10/site-packages/django/template/base.py", line 508, in parse
    compiled_result = compile_func(self, token)
  File "/opt/anaconda3/envs/aps/lib/python3.10/site-packages/django/template/defaulttags.py", line 961, in do_if
    nodelist = parser.parse(("elif", "else", "endif"))
  File "/opt/anaconda3/envs/aps/lib/python3.10/site-packages/django/template/base.py", line 510, in parse
    raise self.error(token, e)
  File "/opt/anaconda3/envs/aps/lib/python3.10/site-packages/django/template/base.py", line 508, in parse
    compiled_result = compile_func(self, token)
  File "/opt/anaconda3/envs/aps/lib/python3.10/site-packages/django/template/defaulttags.py", line 961, in do_if
    nodelist = parser.parse(("elif", "else", "endif"))
  File "/opt/anaconda3/envs/aps/lib/python3.10/site-packages/django/template/base.py", line 510, in parse
    raise self.error(token, e)
  File "/opt/anaconda3/envs/aps/lib/python3.10/site-packages/django/template/base.py", line 508, in parse
    compiled_result = compile_func(self, token)
  File "/opt/anaconda3/envs/aps/lib/python3.10/site-packages/django/template/defaulttags.py", line 961, in do_if
    nodelist = parser.parse(("elif", "else", "endif"))
  File "/opt/anaconda3/envs/aps/lib/python3.10/site-packages/django/template/base.py", line 510, in parse
    raise self.error(token, e)
  File "/opt/anaconda3/envs/aps/lib/python3.10/site-packages/django/template/base.py", line 508, in parse
    compiled_result = compile_func(self, token)
  File "/opt/anaconda3/envs/aps/lib/python3.10/site-packages/django/template/defaulttags.py", line 961, in do_if
    nodelist = parser.parse(("elif", "else", "endif"))
  File "/opt/anaconda3/envs/aps/lib/python3.10/site-packages/django/template/base.py", line 504, in parse
    self.invalid_block_tag(token, command, parse_until)
  File "/opt/anaconda3/envs/aps/lib/python3.10/site-packages/django/template/base.py", line 555, in invalid_block_tag
    raise self.error(
django.template.exceptions.TemplateSyntaxError: Invalid block tag on line 644: 'endblock', expected 'elif', 'else' or 'endif'. Did you forget to register or load this tag?
[2025-06-29 16:07:07] ERROR - django.request - log_response:241 - Internal Server Error: /api/session/update/
[2025-06-29 16:07:36] ERROR - django.request - log_response:241 - Internal Server Error: /api/session/update/
[2025-06-29 16:09:28] ERROR - django.request - log_response:241 - Internal Server Error: /api/session/update/
[2025-06-29 16:20:48] ERROR - django.request - log_response:241 - Internal Server Error: /api/session/update/
[2025-06-29 16:21:52] ERROR - django.request - log_response:241 - Internal Server Error: /api/session/update/
[2025-06-29 17:06:02] ERROR - django.request - log_response:241 - Internal Server Error: /api/session/update/
[2025-06-29 17:06:19] ERROR - django.request - log_response:241 - Internal Server Error: /api/session/update/
[2025-06-29 17:06:29] ERROR - django.request - log_response:241 - Internal Server Error: /api/session/update/
[2025-06-29 17:42:28] ERROR - django.request - log_response:241 - Internal Server Error: /api/session/update/
[2025-06-29 17:56:50] ERROR - django.request - log_response:241 - Internal Server Error: /shift/shifts/
Traceback (most recent call last):
  File "/Users/harshalsmac/WORK/ardur/ardurPeopleSoft/trueAlign/shift/views.py", line 301, in shift_list
    return render(request, 'shift/shift_list.html', context)
  File "/opt/anaconda3/envs/aps/lib/python3.10/site-packages/django/shortcuts.py", line 25, in render
    content = loader.render_to_string(template_name, context, request, using=using)
  File "/opt/anaconda3/envs/aps/lib/python3.10/site-packages/django/template/loader.py", line 61, in render_to_string
    template = get_template(template_name, using=using)
  File "/opt/anaconda3/envs/aps/lib/python3.10/site-packages/django/template/loader.py", line 15, in get_template
    return engine.get_template(template_name)
  File "/opt/anaconda3/envs/aps/lib/python3.10/site-packages/django/template/backends/django.py", line 33, in get_template
    return Template(self.engine.get_template(template_name), self)
  File "/opt/anaconda3/envs/aps/lib/python3.10/site-packages/django/template/engine.py", line 177, in get_template
    template, origin = self.find_template(template_name)
  File "/opt/anaconda3/envs/aps/lib/python3.10/site-packages/django/template/engine.py", line 159, in find_template
    template = loader.get_template(name, skip=skip)
  File "/opt/anaconda3/envs/aps/lib/python3.10/site-packages/django/template/loaders/cached.py", line 57, in get_template
    template = super().get_template(template_name, skip)
  File "/opt/anaconda3/envs/aps/lib/python3.10/site-packages/django/template/loaders/base.py", line 28, in get_template
    return Template(
  File "/opt/anaconda3/envs/aps/lib/python3.10/site-packages/django/template/base.py", line 154, in __init__
    self.nodelist = self.compile_nodelist()
  File "/opt/anaconda3/envs/aps/lib/python3.10/site-packages/django/template/base.py", line 196, in compile_nodelist
    return parser.parse()
  File "/opt/anaconda3/envs/aps/lib/python3.10/site-packages/django/template/base.py", line 510, in parse
    raise self.error(token, e)
  File "/opt/anaconda3/envs/aps/lib/python3.10/site-packages/django/template/base.py", line 508, in parse
    compiled_result = compile_func(self, token)
  File "/opt/anaconda3/envs/aps/lib/python3.10/site-packages/django/template/loader_tags.py", line 295, in do_extends
    nodelist = parser.parse()
  File "/opt/anaconda3/envs/aps/lib/python3.10/site-packages/django/template/base.py", line 510, in parse
    raise self.error(token, e)
  File "/opt/anaconda3/envs/aps/lib/python3.10/site-packages/django/template/base.py", line 508, in parse
    compiled_result = compile_func(self, token)
  File "/opt/anaconda3/envs/aps/lib/python3.10/site-packages/django/template/loader_tags.py", line 234, in do_block
    nodelist = parser.parse(("endblock",))
  File "/opt/anaconda3/envs/aps/lib/python3.10/site-packages/django/template/base.py", line 510, in parse
    raise self.error(token, e)
  File "/opt/anaconda3/envs/aps/lib/python3.10/site-packages/django/template/base.py", line 508, in parse
    compiled_result = compile_func(self, token)
  File "/opt/anaconda3/envs/aps/lib/python3.10/site-packages/django/template/defaulttags.py", line 961, in do_if
    nodelist = parser.parse(("elif", "else", "endif"))
  File "/opt/anaconda3/envs/aps/lib/python3.10/site-packages/django/template/base.py", line 510, in parse
    raise self.error(token, e)
  File "/opt/anaconda3/envs/aps/lib/python3.10/site-packages/django/template/base.py", line 508, in parse
    compiled_result = compile_func(self, token)
  File "/opt/anaconda3/envs/aps/lib/python3.10/site-packages/django/template/defaulttags.py", line 861, in do_for
    nodelist_loop = parser.parse(
  File "/opt/anaconda3/envs/aps/lib/python3.10/site-packages/django/template/base.py", line 515, in parse
    self.unclosed_block_tag(parse_until)
  File "/opt/anaconda3/envs/aps/lib/python3.10/site-packages/django/template/base.py", line 578, in unclosed_block_tag
    raise self.error(token, msg)
django.template.exceptions.TemplateSyntaxError: Unclosed tag on line 477: 'for'. Looking for one of: empty, endfor.

During handling of the above exception, another exception occurred:

Traceback (most recent call last):
  File "/opt/anaconda3/envs/aps/lib/python3.10/site-packages/django/core/handlers/exception.py", line 55, in inner
    response = get_response(request)
  File "/opt/anaconda3/envs/aps/lib/python3.10/site-packages/django/core/handlers/base.py", line 197, in _get_response
    response = wrapped_callback(request, *callback_args, **callback_kwargs)
  File "/opt/anaconda3/envs/aps/lib/python3.10/site-packages/django/contrib/auth/decorators.py", line 23, in _wrapper_view
    return view_func(request, *args, **kwargs)
  File "/Users/harshalsmac/WORK/ardur/ardurPeopleSoft/trueAlign/shift/decorators.py", line 53, in wrapper_func
    return view_func(request, *args, **kwargs)
  File "/Users/harshalsmac/WORK/ardur/ardurPeopleSoft/trueAlign/shift/views.py", line 79, in wrapper
    result = func(request, *args, **kwargs)
  File "/Users/harshalsmac/WORK/ardur/ardurPeopleSoft/trueAlign/shift/views.py", line 306, in shift_list
    return render(request, 'shift/shift_list.html', {'error': True})
  File "/opt/anaconda3/envs/aps/lib/python3.10/site-packages/django/shortcuts.py", line 25, in render
    content = loader.render_to_string(template_name, context, request, using=using)
  File "/opt/anaconda3/envs/aps/lib/python3.10/site-packages/django/template/loader.py", line 61, in render_to_string
    template = get_template(template_name, using=using)
  File "/opt/anaconda3/envs/aps/lib/python3.10/site-packages/django/template/loader.py", line 15, in get_template
    return engine.get_template(template_name)
  File "/opt/anaconda3/envs/aps/lib/python3.10/site-packages/django/template/backends/django.py", line 33, in get_template
    return Template(self.engine.get_template(template_name), self)
  File "/opt/anaconda3/envs/aps/lib/python3.10/site-packages/django/template/engine.py", line 177, in get_template
    template, origin = self.find_template(template_name)
  File "/opt/anaconda3/envs/aps/lib/python3.10/site-packages/django/template/engine.py", line 159, in find_template
    template = loader.get_template(name, skip=skip)
  File "/opt/anaconda3/envs/aps/lib/python3.10/site-packages/django/template/loaders/cached.py", line 57, in get_template
    template = super().get_template(template_name, skip)
  File "/opt/anaconda3/envs/aps/lib/python3.10/site-packages/django/template/loaders/base.py", line 28, in get_template
    return Template(
  File "/opt/anaconda3/envs/aps/lib/python3.10/site-packages/django/template/base.py", line 154, in __init__
    self.nodelist = self.compile_nodelist()
  File "/opt/anaconda3/envs/aps/lib/python3.10/site-packages/django/template/base.py", line 196, in compile_nodelist
    return parser.parse()
  File "/opt/anaconda3/envs/aps/lib/python3.10/site-packages/django/template/base.py", line 510, in parse
    raise self.error(token, e)
  File "/opt/anaconda3/envs/aps/lib/python3.10/site-packages/django/template/base.py", line 508, in parse
    compiled_result = compile_func(self, token)
  File "/opt/anaconda3/envs/aps/lib/python3.10/site-packages/django/template/loader_tags.py", line 295, in do_extends
    nodelist = parser.parse()
  File "/opt/anaconda3/envs/aps/lib/python3.10/site-packages/django/template/base.py", line 510, in parse
    raise self.error(token, e)
  File "/opt/anaconda3/envs/aps/lib/python3.10/site-packages/django/template/base.py", line 508, in parse
    compiled_result = compile_func(self, token)
  File "/opt/anaconda3/envs/aps/lib/python3.10/site-packages/django/template/loader_tags.py", line 234, in do_block
    nodelist = parser.parse(("endblock",))
  File "/opt/anaconda3/envs/aps/lib/python3.10/site-packages/django/template/base.py", line 510, in parse
    raise self.error(token, e)
  File "/opt/anaconda3/envs/aps/lib/python3.10/site-packages/django/template/base.py", line 508, in parse
    compiled_result = compile_func(self, token)
  File "/opt/anaconda3/envs/aps/lib/python3.10/site-packages/django/template/defaulttags.py", line 961, in do_if
    nodelist = parser.parse(("elif", "else", "endif"))
  File "/opt/anaconda3/envs/aps/lib/python3.10/site-packages/django/template/base.py", line 510, in parse
    raise self.error(token, e)
  File "/opt/anaconda3/envs/aps/lib/python3.10/site-packages/django/template/base.py", line 508, in parse
    compiled_result = compile_func(self, token)
  File "/opt/anaconda3/envs/aps/lib/python3.10/site-packages/django/template/defaulttags.py", line 861, in do_for
    nodelist_loop = parser.parse(
  File "/opt/anaconda3/envs/aps/lib/python3.10/site-packages/django/template/base.py", line 515, in parse
    self.unclosed_block_tag(parse_until)
  File "/opt/anaconda3/envs/aps/lib/python3.10/site-packages/django/template/base.py", line 578, in unclosed_block_tag
    raise self.error(token, msg)
django.template.exceptions.TemplateSyntaxError: Unclosed tag on line 477: 'for'. Looking for one of: empty, endfor.
[2025-06-29 17:58:56] ERROR - django.request - log_response:241 - Internal Server Error: /shift/shifts/
Traceback (most recent call last):
  File "/opt/anaconda3/envs/aps/lib/python3.10/site-packages/django/template/smartif.py", line 180, in translate_token
    op = OPERATORS[token]
KeyError: 'filter_form.is_active.value=""="true"'

During handling of the above exception, another exception occurred:

Traceback (most recent call last):
  File "/Users/harshalsmac/WORK/ardur/ardurPeopleSoft/trueAlign/shift/views.py", line 301, in shift_list
    return render(request, 'shift/shift_list.html', context)
  File "/opt/anaconda3/envs/aps/lib/python3.10/site-packages/django/shortcuts.py", line 25, in render
    content = loader.render_to_string(template_name, context, request, using=using)
  File "/opt/anaconda3/envs/aps/lib/python3.10/site-packages/django/template/loader.py", line 61, in render_to_string
    template = get_template(template_name, using=using)
  File "/opt/anaconda3/envs/aps/lib/python3.10/site-packages/django/template/loader.py", line 15, in get_template
    return engine.get_template(template_name)
  File "/opt/anaconda3/envs/aps/lib/python3.10/site-packages/django/template/backends/django.py", line 33, in get_template
    return Template(self.engine.get_template(template_name), self)
  File "/opt/anaconda3/envs/aps/lib/python3.10/site-packages/django/template/engine.py", line 177, in get_template
    template, origin = self.find_template(template_name)
  File "/opt/anaconda3/envs/aps/lib/python3.10/site-packages/django/template/engine.py", line 159, in find_template
    template = loader.get_template(name, skip=skip)
  File "/opt/anaconda3/envs/aps/lib/python3.10/site-packages/django/template/loaders/cached.py", line 57, in get_template
    template = super().get_template(template_name, skip)
  File "/opt/anaconda3/envs/aps/lib/python3.10/site-packages/django/template/loaders/base.py", line 28, in get_template
    return Template(
  File "/opt/anaconda3/envs/aps/lib/python3.10/site-packages/django/template/base.py", line 154, in __init__
    self.nodelist = self.compile_nodelist()
  File "/opt/anaconda3/envs/aps/lib/python3.10/site-packages/django/template/base.py", line 196, in compile_nodelist
    return parser.parse()
  File "/opt/anaconda3/envs/aps/lib/python3.10/site-packages/django/template/base.py", line 510, in parse
    raise self.error(token, e)
  File "/opt/anaconda3/envs/aps/lib/python3.10/site-packages/django/template/base.py", line 508, in parse
    compiled_result = compile_func(self, token)
  File "/opt/anaconda3/envs/aps/lib/python3.10/site-packages/django/template/loader_tags.py", line 295, in do_extends
    nodelist = parser.parse()
  File "/opt/anaconda3/envs/aps/lib/python3.10/site-packages/django/template/base.py", line 510, in parse
    raise self.error(token, e)
  File "/opt/anaconda3/envs/aps/lib/python3.10/site-packages/django/template/base.py", line 508, in parse
    compiled_result = compile_func(self, token)
  File "/opt/anaconda3/envs/aps/lib/python3.10/site-packages/django/template/loader_tags.py", line 234, in do_block
    nodelist = parser.parse(("endblock",))
  File "/opt/anaconda3/envs/aps/lib/python3.10/site-packages/django/template/base.py", line 510, in parse
    raise self.error(token, e)
  File "/opt/anaconda3/envs/aps/lib/python3.10/site-packages/django/template/base.py", line 508, in parse
    compiled_result = compile_func(self, token)
  File "/opt/anaconda3/envs/aps/lib/python3.10/site-packages/django/template/loader_tags.py", line 234, in do_block
    nodelist = parser.parse(("endblock",))
  File "/opt/anaconda3/envs/aps/lib/python3.10/site-packages/django/template/base.py", line 510, in parse
    raise self.error(token, e)
  File "/opt/anaconda3/envs/aps/lib/python3.10/site-packages/django/template/base.py", line 508, in parse
    compiled_result = compile_func(self, token)
  File "/opt/anaconda3/envs/aps/lib/python3.10/site-packages/django/template/defaulttags.py", line 960, in do_if
    condition = TemplateIfParser(parser, bits).parse()
  File "/opt/anaconda3/envs/aps/lib/python3.10/site-packages/django/template/defaulttags.py", line 893, in __init__
    super().__init__(*args, **kwargs)
  File "/opt/anaconda3/envs/aps/lib/python3.10/site-packages/django/template/smartif.py", line 171, in __init__
    mapped_tokens.append(self.translate_token(token))
  File "/opt/anaconda3/envs/aps/lib/python3.10/site-packages/django/template/smartif.py", line 182, in translate_token
    return self.create_var(token)
  File "/opt/anaconda3/envs/aps/lib/python3.10/site-packages/django/template/defaulttags.py", line 896, in create_var
    return TemplateLiteral(self.template_parser.compile_filter(value), value)
  File "/opt/anaconda3/envs/aps/lib/python3.10/site-packages/django/template/base.py", line 597, in compile_filter
    return FilterExpression(token, self)
  File "/opt/anaconda3/envs/aps/lib/python3.10/site-packages/django/template/base.py", line 698, in __init__
    raise TemplateSyntaxError(
django.template.exceptions.TemplateSyntaxError: Could not parse the remainder: '=""="true"' from 'filter_form.is_active.value=""="true"'

During handling of the above exception, another exception occurred:

Traceback (most recent call last):
  File "/opt/anaconda3/envs/aps/lib/python3.10/site-packages/django/template/smartif.py", line 180, in translate_token
    op = OPERATORS[token]
KeyError: 'filter_form.is_active.value=""="true"'

During handling of the above exception, another exception occurred:

Traceback (most recent call last):
  File "/opt/anaconda3/envs/aps/lib/python3.10/site-packages/django/core/handlers/exception.py", line 55, in inner
    response = get_response(request)
  File "/opt/anaconda3/envs/aps/lib/python3.10/site-packages/django/core/handlers/base.py", line 197, in _get_response
    response = wrapped_callback(request, *callback_args, **callback_kwargs)
  File "/opt/anaconda3/envs/aps/lib/python3.10/site-packages/django/contrib/auth/decorators.py", line 23, in _wrapper_view
    return view_func(request, *args, **kwargs)
  File "/Users/harshalsmac/WORK/ardur/ardurPeopleSoft/trueAlign/shift/decorators.py", line 53, in wrapper_func
    return view_func(request, *args, **kwargs)
  File "/Users/harshalsmac/WORK/ardur/ardurPeopleSoft/trueAlign/shift/views.py", line 79, in wrapper
    result = func(request, *args, **kwargs)
  File "/Users/harshalsmac/WORK/ardur/ardurPeopleSoft/trueAlign/shift/views.py", line 306, in shift_list
    return render(request, 'shift/shift_list.html', {'error': True})
  File "/opt/anaconda3/envs/aps/lib/python3.10/site-packages/django/shortcuts.py", line 25, in render
    content = loader.render_to_string(template_name, context, request, using=using)
  File "/opt/anaconda3/envs/aps/lib/python3.10/site-packages/django/template/loader.py", line 61, in render_to_string
    template = get_template(template_name, using=using)
  File "/opt/anaconda3/envs/aps/lib/python3.10/site-packages/django/template/loader.py", line 15, in get_template
    return engine.get_template(template_name)
  File "/opt/anaconda3/envs/aps/lib/python3.10/site-packages/django/template/backends/django.py", line 33, in get_template
    return Template(self.engine.get_template(template_name), self)
  File "/opt/anaconda3/envs/aps/lib/python3.10/site-packages/django/template/engine.py", line 177, in get_template
    template, origin = self.find_template(template_name)
  File "/opt/anaconda3/envs/aps/lib/python3.10/site-packages/django/template/engine.py", line 159, in find_template
    template = loader.get_template(name, skip=skip)
  File "/opt/anaconda3/envs/aps/lib/python3.10/site-packages/django/template/loaders/cached.py", line 57, in get_template
    template = super().get_template(template_name, skip)
  File "/opt/anaconda3/envs/aps/lib/python3.10/site-packages/django/template/loaders/base.py", line 28, in get_template
    return Template(
  File "/opt/anaconda3/envs/aps/lib/python3.10/site-packages/django/template/base.py", line 154, in __init__
    self.nodelist = self.compile_nodelist()
  File "/opt/anaconda3/envs/aps/lib/python3.10/site-packages/django/template/base.py", line 196, in compile_nodelist
    return parser.parse()
  File "/opt/anaconda3/envs/aps/lib/python3.10/site-packages/django/template/base.py", line 510, in parse
    raise self.error(token, e)
  File "/opt/anaconda3/envs/aps/lib/python3.10/site-packages/django/template/base.py", line 508, in parse
    compiled_result = compile_func(self, token)
  File "/opt/anaconda3/envs/aps/lib/python3.10/site-packages/django/template/loader_tags.py", line 295, in do_extends
    nodelist = parser.parse()
  File "/opt/anaconda3/envs/aps/lib/python3.10/site-packages/django/template/base.py", line 510, in parse
    raise self.error(token, e)
  File "/opt/anaconda3/envs/aps/lib/python3.10/site-packages/django/template/base.py", line 508, in parse
    compiled_result = compile_func(self, token)
  File "/opt/anaconda3/envs/aps/lib/python3.10/site-packages/django/template/loader_tags.py", line 234, in do_block
    nodelist = parser.parse(("endblock",))
  File "/opt/anaconda3/envs/aps/lib/python3.10/site-packages/django/template/base.py", line 510, in parse
    raise self.error(token, e)
  File "/opt/anaconda3/envs/aps/lib/python3.10/site-packages/django/template/base.py", line 508, in parse
    compiled_result = compile_func(self, token)
  File "/opt/anaconda3/envs/aps/lib/python3.10/site-packages/django/template/loader_tags.py", line 234, in do_block
    nodelist = parser.parse(("endblock",))
  File "/opt/anaconda3/envs/aps/lib/python3.10/site-packages/django/template/base.py", line 510, in parse
    raise self.error(token, e)
  File "/opt/anaconda3/envs/aps/lib/python3.10/site-packages/django/template/base.py", line 508, in parse
    compiled_result = compile_func(self, token)
  File "/opt/anaconda3/envs/aps/lib/python3.10/site-packages/django/template/defaulttags.py", line 960, in do_if
    condition = TemplateIfParser(parser, bits).parse()
  File "/opt/anaconda3/envs/aps/lib/python3.10/site-packages/django/template/defaulttags.py", line 893, in __init__
    super().__init__(*args, **kwargs)
  File "/opt/anaconda3/envs/aps/lib/python3.10/site-packages/django/template/smartif.py", line 171, in __init__
    mapped_tokens.append(self.translate_token(token))
  File "/opt/anaconda3/envs/aps/lib/python3.10/site-packages/django/template/smartif.py", line 182, in translate_token
    return self.create_var(token)
  File "/opt/anaconda3/envs/aps/lib/python3.10/site-packages/django/template/defaulttags.py", line 896, in create_var
    return TemplateLiteral(self.template_parser.compile_filter(value), value)
  File "/opt/anaconda3/envs/aps/lib/python3.10/site-packages/django/template/base.py", line 597, in compile_filter
    return FilterExpression(token, self)
  File "/opt/anaconda3/envs/aps/lib/python3.10/site-packages/django/template/base.py", line 698, in __init__
    raise TemplateSyntaxError(
django.template.exceptions.TemplateSyntaxError: Could not parse the remainder: '=""="true"' from 'filter_form.is_active.value=""="true"'
[2025-06-29 17:58:56] ERROR - django.request - log_response:241 - Internal Server Error: /api/session/update/
[2025-06-29 17:59:18] ERROR - django.request - log_response:241 - Internal Server Error: /shift/shifts/
Traceback (most recent call last):
  File "/opt/anaconda3/envs/aps/lib/python3.10/site-packages/django/template/base.py", line 502, in parse
    compile_func = self.tags[command]
KeyError: 'endfor'

During handling of the above exception, another exception occurred:

Traceback (most recent call last):
  File "/Users/harshalsmac/WORK/ardur/ardurPeopleSoft/trueAlign/shift/views.py", line 301, in shift_list
    return render(request, 'shift/shift_list.html', context)
  File "/opt/anaconda3/envs/aps/lib/python3.10/site-packages/django/shortcuts.py", line 25, in render
    content = loader.render_to_string(template_name, context, request, using=using)
  File "/opt/anaconda3/envs/aps/lib/python3.10/site-packages/django/template/loader.py", line 61, in render_to_string
    template = get_template(template_name, using=using)
  File "/opt/anaconda3/envs/aps/lib/python3.10/site-packages/django/template/loader.py", line 15, in get_template
    return engine.get_template(template_name)
  File "/opt/anaconda3/envs/aps/lib/python3.10/site-packages/django/template/backends/django.py", line 33, in get_template
    return Template(self.engine.get_template(template_name), self)
  File "/opt/anaconda3/envs/aps/lib/python3.10/site-packages/django/template/engine.py", line 177, in get_template
    template, origin = self.find_template(template_name)
  File "/opt/anaconda3/envs/aps/lib/python3.10/site-packages/django/template/engine.py", line 159, in find_template
    template = loader.get_template(name, skip=skip)
  File "/opt/anaconda3/envs/aps/lib/python3.10/site-packages/django/template/loaders/cached.py", line 57, in get_template
    template = super().get_template(template_name, skip)
  File "/opt/anaconda3/envs/aps/lib/python3.10/site-packages/django/template/loaders/base.py", line 28, in get_template
    return Template(
  File "/opt/anaconda3/envs/aps/lib/python3.10/site-packages/django/template/base.py", line 154, in __init__
    self.nodelist = self.compile_nodelist()
  File "/opt/anaconda3/envs/aps/lib/python3.10/site-packages/django/template/base.py", line 196, in compile_nodelist
    return parser.parse()
  File "/opt/anaconda3/envs/aps/lib/python3.10/site-packages/django/template/base.py", line 510, in parse
    raise self.error(token, e)
  File "/opt/anaconda3/envs/aps/lib/python3.10/site-packages/django/template/base.py", line 508, in parse
    compiled_result = compile_func(self, token)
  File "/opt/anaconda3/envs/aps/lib/python3.10/site-packages/django/template/loader_tags.py", line 295, in do_extends
    nodelist = parser.parse()
  File "/opt/anaconda3/envs/aps/lib/python3.10/site-packages/django/template/base.py", line 510, in parse
    raise self.error(token, e)
  File "/opt/anaconda3/envs/aps/lib/python3.10/site-packages/django/template/base.py", line 508, in parse
    compiled_result = compile_func(self, token)
  File "/opt/anaconda3/envs/aps/lib/python3.10/site-packages/django/template/loader_tags.py", line 234, in do_block
    nodelist = parser.parse(("endblock",))
  File "/opt/anaconda3/envs/aps/lib/python3.10/site-packages/django/template/base.py", line 510, in parse
    raise self.error(token, e)
  File "/opt/anaconda3/envs/aps/lib/python3.10/site-packages/django/template/base.py", line 508, in parse
    compiled_result = compile_func(self, token)
  File "/opt/anaconda3/envs/aps/lib/python3.10/site-packages/django/template/loader_tags.py", line 234, in do_block
    nodelist = parser.parse(("endblock",))
  File "/opt/anaconda3/envs/aps/lib/python3.10/site-packages/django/template/base.py", line 510, in parse
    raise self.error(token, e)
  File "/opt/anaconda3/envs/aps/lib/python3.10/site-packages/django/template/base.py", line 508, in parse
    compiled_result = compile_func(self, token)
  File "/opt/anaconda3/envs/aps/lib/python3.10/site-packages/django/template/defaulttags.py", line 961, in do_if
    nodelist = parser.parse(("elif", "else", "endif"))
  File "/opt/anaconda3/envs/aps/lib/python3.10/site-packages/django/template/base.py", line 510, in parse
    raise self.error(token, e)
  File "/opt/anaconda3/envs/aps/lib/python3.10/site-packages/django/template/base.py", line 508, in parse
    compiled_result = compile_func(self, token)
  File "/opt/anaconda3/envs/aps/lib/python3.10/site-packages/django/template/defaulttags.py", line 961, in do_if
    nodelist = parser.parse(("elif", "else", "endif"))
  File "/opt/anaconda3/envs/aps/lib/python3.10/site-packages/django/template/base.py", line 510, in parse
    raise self.error(token, e)
  File "/opt/anaconda3/envs/aps/lib/python3.10/site-packages/django/template/base.py", line 508, in parse
    compiled_result = compile_func(self, token)
  File "/opt/anaconda3/envs/aps/lib/python3.10/site-packages/django/template/defaulttags.py", line 961, in do_if
    nodelist = parser.parse(("elif", "else", "endif"))
  File "/opt/anaconda3/envs/aps/lib/python3.10/site-packages/django/template/base.py", line 504, in parse
    self.invalid_block_tag(token, command, parse_until)
  File "/opt/anaconda3/envs/aps/lib/python3.10/site-packages/django/template/base.py", line 555, in invalid_block_tag
    raise self.error(
django.template.exceptions.TemplateSyntaxError: Invalid block tag on line 349: 'endfor', expected 'elif', 'else' or 'endif'. Did you forget to register or load this tag?

During handling of the above exception, another exception occurred:

Traceback (most recent call last):
  File "/opt/anaconda3/envs/aps/lib/python3.10/site-packages/django/template/base.py", line 502, in parse
    compile_func = self.tags[command]
KeyError: 'endfor'

During handling of the above exception, another exception occurred:

Traceback (most recent call last):
  File "/opt/anaconda3/envs/aps/lib/python3.10/site-packages/django/core/handlers/exception.py", line 55, in inner
    response = get_response(request)
  File "/opt/anaconda3/envs/aps/lib/python3.10/site-packages/django/core/handlers/base.py", line 197, in _get_response
    response = wrapped_callback(request, *callback_args, **callback_kwargs)
  File "/opt/anaconda3/envs/aps/lib/python3.10/site-packages/django/contrib/auth/decorators.py", line 23, in _wrapper_view
    return view_func(request, *args, **kwargs)
  File "/Users/harshalsmac/WORK/ardur/ardurPeopleSoft/trueAlign/shift/decorators.py", line 53, in wrapper_func
    return view_func(request, *args, **kwargs)
  File "/Users/harshalsmac/WORK/ardur/ardurPeopleSoft/trueAlign/shift/views.py", line 79, in wrapper
    result = func(request, *args, **kwargs)
  File "/Users/harshalsmac/WORK/ardur/ardurPeopleSoft/trueAlign/shift/views.py", line 306, in shift_list
    return render(request, 'shift/shift_list.html', {'error': True})
  File "/opt/anaconda3/envs/aps/lib/python3.10/site-packages/django/shortcuts.py", line 25, in render
    content = loader.render_to_string(template_name, context, request, using=using)
  File "/opt/anaconda3/envs/aps/lib/python3.10/site-packages/django/template/loader.py", line 61, in render_to_string
    template = get_template(template_name, using=using)
  File "/opt/anaconda3/envs/aps/lib/python3.10/site-packages/django/template/loader.py", line 15, in get_template
    return engine.get_template(template_name)
  File "/opt/anaconda3/envs/aps/lib/python3.10/site-packages/django/template/backends/django.py", line 33, in get_template
    return Template(self.engine.get_template(template_name), self)
  File "/opt/anaconda3/envs/aps/lib/python3.10/site-packages/django/template/engine.py", line 177, in get_template
    template, origin = self.find_template(template_name)
  File "/opt/anaconda3/envs/aps/lib/python3.10/site-packages/django/template/engine.py", line 159, in find_template
    template = loader.get_template(name, skip=skip)
  File "/opt/anaconda3/envs/aps/lib/python3.10/site-packages/django/template/loaders/cached.py", line 57, in get_template
    template = super().get_template(template_name, skip)
  File "/opt/anaconda3/envs/aps/lib/python3.10/site-packages/django/template/loaders/base.py", line 28, in get_template
    return Template(
  File "/opt/anaconda3/envs/aps/lib/python3.10/site-packages/django/template/base.py", line 154, in __init__
    self.nodelist = self.compile_nodelist()
  File "/opt/anaconda3/envs/aps/lib/python3.10/site-packages/django/template/base.py", line 196, in compile_nodelist
    return parser.parse()
  File "/opt/anaconda3/envs/aps/lib/python3.10/site-packages/django/template/base.py", line 510, in parse
    raise self.error(token, e)
  File "/opt/anaconda3/envs/aps/lib/python3.10/site-packages/django/template/base.py", line 508, in parse
    compiled_result = compile_func(self, token)
  File "/opt/anaconda3/envs/aps/lib/python3.10/site-packages/django/template/loader_tags.py", line 295, in do_extends
    nodelist = parser.parse()
  File "/opt/anaconda3/envs/aps/lib/python3.10/site-packages/django/template/base.py", line 510, in parse
    raise self.error(token, e)
  File "/opt/anaconda3/envs/aps/lib/python3.10/site-packages/django/template/base.py", line 508, in parse
    compiled_result = compile_func(self, token)
  File "/opt/anaconda3/envs/aps/lib/python3.10/site-packages/django/template/loader_tags.py", line 234, in do_block
    nodelist = parser.parse(("endblock",))
  File "/opt/anaconda3/envs/aps/lib/python3.10/site-packages/django/template/base.py", line 510, in parse
    raise self.error(token, e)
  File "/opt/anaconda3/envs/aps/lib/python3.10/site-packages/django/template/base.py", line 508, in parse
    compiled_result = compile_func(self, token)
  File "/opt/anaconda3/envs/aps/lib/python3.10/site-packages/django/template/loader_tags.py", line 234, in do_block
    nodelist = parser.parse(("endblock",))
  File "/opt/anaconda3/envs/aps/lib/python3.10/site-packages/django/template/base.py", line 510, in parse
    raise self.error(token, e)
  File "/opt/anaconda3/envs/aps/lib/python3.10/site-packages/django/template/base.py", line 508, in parse
    compiled_result = compile_func(self, token)
  File "/opt/anaconda3/envs/aps/lib/python3.10/site-packages/django/template/defaulttags.py", line 961, in do_if
    nodelist = parser.parse(("elif", "else", "endif"))
  File "/opt/anaconda3/envs/aps/lib/python3.10/site-packages/django/template/base.py", line 510, in parse
    raise self.error(token, e)
  File "/opt/anaconda3/envs/aps/lib/python3.10/site-packages/django/template/base.py", line 508, in parse
    compiled_result = compile_func(self, token)
  File "/opt/anaconda3/envs/aps/lib/python3.10/site-packages/django/template/defaulttags.py", line 961, in do_if
    nodelist = parser.parse(("elif", "else", "endif"))
  File "/opt/anaconda3/envs/aps/lib/python3.10/site-packages/django/template/base.py", line 510, in parse
    raise self.error(token, e)
  File "/opt/anaconda3/envs/aps/lib/python3.10/site-packages/django/template/base.py", line 508, in parse
    compiled_result = compile_func(self, token)
  File "/opt/anaconda3/envs/aps/lib/python3.10/site-packages/django/template/defaulttags.py", line 961, in do_if
    nodelist = parser.parse(("elif", "else", "endif"))
  File "/opt/anaconda3/envs/aps/lib/python3.10/site-packages/django/template/base.py", line 504, in parse
    self.invalid_block_tag(token, command, parse_until)
  File "/opt/anaconda3/envs/aps/lib/python3.10/site-packages/django/template/base.py", line 555, in invalid_block_tag
    raise self.error(
django.template.exceptions.TemplateSyntaxError: Invalid block tag on line 349: 'endfor', expected 'elif', 'else' or 'endif'. Did you forget to register or load this tag?
[2025-06-29 17:59:51] ERROR - django.request - log_response:241 - Internal Server Error: /shift/shifts/
Traceback (most recent call last):
  File "/opt/anaconda3/envs/aps/lib/python3.10/site-packages/django/template/base.py", line 502, in parse
    compile_func = self.tags[command]
KeyError: 'endblock'

During handling of the above exception, another exception occurred:

Traceback (most recent call last):
  File "/Users/harshalsmac/WORK/ardur/ardurPeopleSoft/trueAlign/shift/views.py", line 301, in shift_list
    return render(request, 'shift/shift_list.html', context)
  File "/opt/anaconda3/envs/aps/lib/python3.10/site-packages/django/shortcuts.py", line 25, in render
    content = loader.render_to_string(template_name, context, request, using=using)
  File "/opt/anaconda3/envs/aps/lib/python3.10/site-packages/django/template/loader.py", line 61, in render_to_string
    template = get_template(template_name, using=using)
  File "/opt/anaconda3/envs/aps/lib/python3.10/site-packages/django/template/loader.py", line 15, in get_template
    return engine.get_template(template_name)
  File "/opt/anaconda3/envs/aps/lib/python3.10/site-packages/django/template/backends/django.py", line 33, in get_template
    return Template(self.engine.get_template(template_name), self)
  File "/opt/anaconda3/envs/aps/lib/python3.10/site-packages/django/template/engine.py", line 177, in get_template
    template, origin = self.find_template(template_name)
  File "/opt/anaconda3/envs/aps/lib/python3.10/site-packages/django/template/engine.py", line 159, in find_template
    template = loader.get_template(name, skip=skip)
  File "/opt/anaconda3/envs/aps/lib/python3.10/site-packages/django/template/loaders/cached.py", line 57, in get_template
    template = super().get_template(template_name, skip)
  File "/opt/anaconda3/envs/aps/lib/python3.10/site-packages/django/template/loaders/base.py", line 28, in get_template
    return Template(
  File "/opt/anaconda3/envs/aps/lib/python3.10/site-packages/django/template/base.py", line 154, in __init__
    self.nodelist = self.compile_nodelist()
  File "/opt/anaconda3/envs/aps/lib/python3.10/site-packages/django/template/base.py", line 196, in compile_nodelist
    return parser.parse()
  File "/opt/anaconda3/envs/aps/lib/python3.10/site-packages/django/template/base.py", line 510, in parse
    raise self.error(token, e)
  File "/opt/anaconda3/envs/aps/lib/python3.10/site-packages/django/template/base.py", line 508, in parse
    compiled_result = compile_func(self, token)
  File "/opt/anaconda3/envs/aps/lib/python3.10/site-packages/django/template/loader_tags.py", line 295, in do_extends
    nodelist = parser.parse()
  File "/opt/anaconda3/envs/aps/lib/python3.10/site-packages/django/template/base.py", line 510, in parse
    raise self.error(token, e)
  File "/opt/anaconda3/envs/aps/lib/python3.10/site-packages/django/template/base.py", line 508, in parse
    compiled_result = compile_func(self, token)
  File "/opt/anaconda3/envs/aps/lib/python3.10/site-packages/django/template/loader_tags.py", line 234, in do_block
    nodelist = parser.parse(("endblock",))
  File "/opt/anaconda3/envs/aps/lib/python3.10/site-packages/django/template/base.py", line 510, in parse
    raise self.error(token, e)
  File "/opt/anaconda3/envs/aps/lib/python3.10/site-packages/django/template/base.py", line 508, in parse
    compiled_result = compile_func(self, token)
  File "/opt/anaconda3/envs/aps/lib/python3.10/site-packages/django/template/loader_tags.py", line 234, in do_block
    nodelist = parser.parse(("endblock",))
  File "/opt/anaconda3/envs/aps/lib/python3.10/site-packages/django/template/base.py", line 510, in parse
    raise self.error(token, e)
  File "/opt/anaconda3/envs/aps/lib/python3.10/site-packages/django/template/base.py", line 508, in parse
    compiled_result = compile_func(self, token)
  File "/opt/anaconda3/envs/aps/lib/python3.10/site-packages/django/template/defaulttags.py", line 961, in do_if
    nodelist = parser.parse(("elif", "else", "endif"))
  File "/opt/anaconda3/envs/aps/lib/python3.10/site-packages/django/template/base.py", line 510, in parse
    raise self.error(token, e)
  File "/opt/anaconda3/envs/aps/lib/python3.10/site-packages/django/template/base.py", line 508, in parse
    compiled_result = compile_func(self, token)
  File "/opt/anaconda3/envs/aps/lib/python3.10/site-packages/django/template/defaulttags.py", line 961, in do_if
    nodelist = parser.parse(("elif", "else", "endif"))
  File "/opt/anaconda3/envs/aps/lib/python3.10/site-packages/django/template/base.py", line 504, in parse
    self.invalid_block_tag(token, command, parse_until)
  File "/opt/anaconda3/envs/aps/lib/python3.10/site-packages/django/template/base.py", line 555, in invalid_block_tag
    raise self.error(
django.template.exceptions.TemplateSyntaxError: Invalid block tag on line 646: 'endblock', expected 'elif', 'else' or 'endif'. Did you forget to register or load this tag?

During handling of the above exception, another exception occurred:

Traceback (most recent call last):
  File "/opt/anaconda3/envs/aps/lib/python3.10/site-packages/django/template/base.py", line 502, in parse
    compile_func = self.tags[command]
KeyError: 'endblock'

During handling of the above exception, another exception occurred:

Traceback (most recent call last):
  File "/opt/anaconda3/envs/aps/lib/python3.10/site-packages/django/core/handlers/exception.py", line 55, in inner
    response = get_response(request)
  File "/opt/anaconda3/envs/aps/lib/python3.10/site-packages/django/core/handlers/base.py", line 197, in _get_response
    response = wrapped_callback(request, *callback_args, **callback_kwargs)
  File "/opt/anaconda3/envs/aps/lib/python3.10/site-packages/django/contrib/auth/decorators.py", line 23, in _wrapper_view
    return view_func(request, *args, **kwargs)
  File "/Users/harshalsmac/WORK/ardur/ardurPeopleSoft/trueAlign/shift/decorators.py", line 53, in wrapper_func
    return view_func(request, *args, **kwargs)
  File "/Users/harshalsmac/WORK/ardur/ardurPeopleSoft/trueAlign/shift/views.py", line 79, in wrapper
    result = func(request, *args, **kwargs)
  File "/Users/harshalsmac/WORK/ardur/ardurPeopleSoft/trueAlign/shift/views.py", line 306, in shift_list
    return render(request, 'shift/shift_list.html', {'error': True})
  File "/opt/anaconda3/envs/aps/lib/python3.10/site-packages/django/shortcuts.py", line 25, in render
    content = loader.render_to_string(template_name, context, request, using=using)
  File "/opt/anaconda3/envs/aps/lib/python3.10/site-packages/django/template/loader.py", line 61, in render_to_string
    template = get_template(template_name, using=using)
  File "/opt/anaconda3/envs/aps/lib/python3.10/site-packages/django/template/loader.py", line 15, in get_template
    return engine.get_template(template_name)
  File "/opt/anaconda3/envs/aps/lib/python3.10/site-packages/django/template/backends/django.py", line 33, in get_template
    return Template(self.engine.get_template(template_name), self)
  File "/opt/anaconda3/envs/aps/lib/python3.10/site-packages/django/template/engine.py", line 177, in get_template
    template, origin = self.find_template(template_name)
  File "/opt/anaconda3/envs/aps/lib/python3.10/site-packages/django/template/engine.py", line 159, in find_template
    template = loader.get_template(name, skip=skip)
  File "/opt/anaconda3/envs/aps/lib/python3.10/site-packages/django/template/loaders/cached.py", line 57, in get_template
    template = super().get_template(template_name, skip)
  File "/opt/anaconda3/envs/aps/lib/python3.10/site-packages/django/template/loaders/base.py", line 28, in get_template
    return Template(
  File "/opt/anaconda3/envs/aps/lib/python3.10/site-packages/django/template/base.py", line 154, in __init__
    self.nodelist = self.compile_nodelist()
  File "/opt/anaconda3/envs/aps/lib/python3.10/site-packages/django/template/base.py", line 196, in compile_nodelist
    return parser.parse()
  File "/opt/anaconda3/envs/aps/lib/python3.10/site-packages/django/template/base.py", line 510, in parse
    raise self.error(token, e)
  File "/opt/anaconda3/envs/aps/lib/python3.10/site-packages/django/template/base.py", line 508, in parse
    compiled_result = compile_func(self, token)
  File "/opt/anaconda3/envs/aps/lib/python3.10/site-packages/django/template/loader_tags.py", line 295, in do_extends
    nodelist = parser.parse()
  File "/opt/anaconda3/envs/aps/lib/python3.10/site-packages/django/template/base.py", line 510, in parse
    raise self.error(token, e)
  File "/opt/anaconda3/envs/aps/lib/python3.10/site-packages/django/template/base.py", line 508, in parse
    compiled_result = compile_func(self, token)
  File "/opt/anaconda3/envs/aps/lib/python3.10/site-packages/django/template/loader_tags.py", line 234, in do_block
    nodelist = parser.parse(("endblock",))
  File "/opt/anaconda3/envs/aps/lib/python3.10/site-packages/django/template/base.py", line 510, in parse
    raise self.error(token, e)
  File "/opt/anaconda3/envs/aps/lib/python3.10/site-packages/django/template/base.py", line 508, in parse
    compiled_result = compile_func(self, token)
  File "/opt/anaconda3/envs/aps/lib/python3.10/site-packages/django/template/loader_tags.py", line 234, in do_block
    nodelist = parser.parse(("endblock",))
  File "/opt/anaconda3/envs/aps/lib/python3.10/site-packages/django/template/base.py", line 510, in parse
    raise self.error(token, e)
  File "/opt/anaconda3/envs/aps/lib/python3.10/site-packages/django/template/base.py", line 508, in parse
    compiled_result = compile_func(self, token)
  File "/opt/anaconda3/envs/aps/lib/python3.10/site-packages/django/template/defaulttags.py", line 961, in do_if
    nodelist = parser.parse(("elif", "else", "endif"))
  File "/opt/anaconda3/envs/aps/lib/python3.10/site-packages/django/template/base.py", line 510, in parse
    raise self.error(token, e)
  File "/opt/anaconda3/envs/aps/lib/python3.10/site-packages/django/template/base.py", line 508, in parse
    compiled_result = compile_func(self, token)
  File "/opt/anaconda3/envs/aps/lib/python3.10/site-packages/django/template/defaulttags.py", line 961, in do_if
    nodelist = parser.parse(("elif", "else", "endif"))
  File "/opt/anaconda3/envs/aps/lib/python3.10/site-packages/django/template/base.py", line 504, in parse
    self.invalid_block_tag(token, command, parse_until)
  File "/opt/anaconda3/envs/aps/lib/python3.10/site-packages/django/template/base.py", line 555, in invalid_block_tag
    raise self.error(
django.template.exceptions.TemplateSyntaxError: Invalid block tag on line 646: 'endblock', expected 'elif', 'else' or 'endif'. Did you forget to register or load this tag?
[2025-06-29 18:06:13] ERROR - django.request - log_response:241 - Internal Server Error: /shift/shifts/
Traceback (most recent call last):
  File "/Users/harshalsmac/WORK/ardur/ardurPeopleSoft/trueAlign/shift/views.py", line 301, in shift_list
    return render(request, 'shift/shift_list.html', context)
  File "/opt/anaconda3/envs/aps/lib/python3.10/site-packages/django/shortcuts.py", line 25, in render
    content = loader.render_to_string(template_name, context, request, using=using)
  File "/opt/anaconda3/envs/aps/lib/python3.10/site-packages/django/template/loader.py", line 62, in render_to_string
    return template.render(context, request)
  File "/opt/anaconda3/envs/aps/lib/python3.10/site-packages/django/template/backends/django.py", line 61, in render
    return self.template.render(context)
  File "/opt/anaconda3/envs/aps/lib/python3.10/site-packages/django/template/base.py", line 171, in render
    return self._render(context)
  File "/opt/anaconda3/envs/aps/lib/python3.10/site-packages/django/template/base.py", line 163, in _render
    return self.nodelist.render(context)
  File "/opt/anaconda3/envs/aps/lib/python3.10/site-packages/django/template/base.py", line 1000, in render
    return SafeString("".join([node.render_annotated(context) for node in self]))
  File "/opt/anaconda3/envs/aps/lib/python3.10/site-packages/django/template/base.py", line 1000, in <listcomp>
    return SafeString("".join([node.render_annotated(context) for node in self]))
  File "/opt/anaconda3/envs/aps/lib/python3.10/site-packages/django/template/base.py", line 961, in render_annotated
    return self.render(context)
  File "/opt/anaconda3/envs/aps/lib/python3.10/site-packages/django/template/loader_tags.py", line 159, in render
    return compiled_parent._render(context)
  File "/opt/anaconda3/envs/aps/lib/python3.10/site-packages/django/template/base.py", line 163, in _render
    return self.nodelist.render(context)
  File "/opt/anaconda3/envs/aps/lib/python3.10/site-packages/django/template/base.py", line 1000, in render
    return SafeString("".join([node.render_annotated(context) for node in self]))
  File "/opt/anaconda3/envs/aps/lib/python3.10/site-packages/django/template/base.py", line 1000, in <listcomp>
    return SafeString("".join([node.render_annotated(context) for node in self]))
  File "/opt/anaconda3/envs/aps/lib/python3.10/site-packages/django/template/base.py", line 961, in render_annotated
    return self.render(context)
  File "/opt/anaconda3/envs/aps/lib/python3.10/site-packages/django/template/loader_tags.py", line 65, in render
    result = block.nodelist.render(context)
  File "/opt/anaconda3/envs/aps/lib/python3.10/site-packages/django/template/base.py", line 1000, in render
    return SafeString("".join([node.render_annotated(context) for node in self]))
  File "/opt/anaconda3/envs/aps/lib/python3.10/site-packages/django/template/base.py", line 1000, in <listcomp>
    return SafeString("".join([node.render_annotated(context) for node in self]))
  File "/opt/anaconda3/envs/aps/lib/python3.10/site-packages/django/template/base.py", line 961, in render_annotated
    return self.render(context)
  File "/opt/anaconda3/envs/aps/lib/python3.10/site-packages/django/template/defaulttags.py", line 242, in render
    nodelist.append(node.render_annotated(context))
  File "/opt/anaconda3/envs/aps/lib/python3.10/site-packages/django/template/base.py", line 961, in render_annotated
    return self.render(context)
  File "/opt/anaconda3/envs/aps/lib/python3.10/site-packages/django/template/defaulttags.py", line 479, in render
    url = reverse(view_name, args=args, kwargs=kwargs, current_app=current_app)
  File "/opt/anaconda3/envs/aps/lib/python3.10/site-packages/django/urls/base.py", line 88, in reverse
    return resolver._reverse_with_prefix(view, prefix, *args, **kwargs)
  File "/opt/anaconda3/envs/aps/lib/python3.10/site-packages/django/urls/resolvers.py", line 851, in _reverse_with_prefix
    raise NoReverseMatch(msg)
django.urls.exceptions.NoReverseMatch: Reverse for 'detail' with arguments '('',)' not found. 1 pattern(s) tried: ['shift/shifts/(?P<shift_id>[0-9]+)/\\Z']

During handling of the above exception, another exception occurred:

Traceback (most recent call last):
  File "/opt/anaconda3/envs/aps/lib/python3.10/site-packages/django/template/backends/django.py", line 61, in render
    return self.template.render(context)
  File "/opt/anaconda3/envs/aps/lib/python3.10/site-packages/django/template/base.py", line 171, in render
    return self._render(context)
  File "/opt/anaconda3/envs/aps/lib/python3.10/site-packages/django/template/base.py", line 163, in _render
    return self.nodelist.render(context)
  File "/opt/anaconda3/envs/aps/lib/python3.10/site-packages/django/template/base.py", line 1000, in render
    return SafeString("".join([node.render_annotated(context) for node in self]))
  File "/opt/anaconda3/envs/aps/lib/python3.10/site-packages/django/template/base.py", line 1000, in <listcomp>
    return SafeString("".join([node.render_annotated(context) for node in self]))
  File "/opt/anaconda3/envs/aps/lib/python3.10/site-packages/django/template/base.py", line 961, in render_annotated
    return self.render(context)
  File "/opt/anaconda3/envs/aps/lib/python3.10/site-packages/django/template/loader_tags.py", line 159, in render
    return compiled_parent._render(context)
  File "/opt/anaconda3/envs/aps/lib/python3.10/site-packages/django/template/base.py", line 163, in _render
    return self.nodelist.render(context)
  File "/opt/anaconda3/envs/aps/lib/python3.10/site-packages/django/template/base.py", line 1000, in render
    return SafeString("".join([node.render_annotated(context) for node in self]))
  File "/opt/anaconda3/envs/aps/lib/python3.10/site-packages/django/template/base.py", line 1000, in <listcomp>
    return SafeString("".join([node.render_annotated(context) for node in self]))
  File "/opt/anaconda3/envs/aps/lib/python3.10/site-packages/django/template/base.py", line 961, in render_annotated
    return self.render(context)
  File "/opt/anaconda3/envs/aps/lib/python3.10/site-packages/django/template/loader_tags.py", line 65, in render
    result = block.nodelist.render(context)
  File "/opt/anaconda3/envs/aps/lib/python3.10/site-packages/django/template/base.py", line 1000, in render
    return SafeString("".join([node.render_annotated(context) for node in self]))
  File "/opt/anaconda3/envs/aps/lib/python3.10/site-packages/django/template/base.py", line 1000, in <listcomp>
    return SafeString("".join([node.render_annotated(context) for node in self]))
  File "/opt/anaconda3/envs/aps/lib/python3.10/site-packages/django/template/base.py", line 961, in render_annotated
    return self.render(context)
  File "/opt/anaconda3/envs/aps/lib/python3.10/site-packages/django/template/loader_tags.py", line 199, in render
    template = context.template.engine.select_template(template_name)
  File "/opt/anaconda3/envs/aps/lib/python3.10/site-packages/django/template/engine.py", line 214, in select_template
    raise TemplateDoesNotExist(", ".join(not_found))
django.template.exceptions.TemplateDoesNotExist: partials/pagination.html

The above exception was the direct cause of the following exception:

Traceback (most recent call last):
  File "/opt/anaconda3/envs/aps/lib/python3.10/site-packages/django/core/handlers/exception.py", line 55, in inner
    response = get_response(request)
  File "/opt/anaconda3/envs/aps/lib/python3.10/site-packages/django/core/handlers/base.py", line 197, in _get_response
    response = wrapped_callback(request, *callback_args, **callback_kwargs)
  File "/opt/anaconda3/envs/aps/lib/python3.10/site-packages/django/contrib/auth/decorators.py", line 23, in _wrapper_view
    return view_func(request, *args, **kwargs)
  File "/Users/harshalsmac/WORK/ardur/ardurPeopleSoft/trueAlign/shift/decorators.py", line 53, in wrapper_func
    return view_func(request, *args, **kwargs)
  File "/Users/harshalsmac/WORK/ardur/ardurPeopleSoft/trueAlign/shift/views.py", line 79, in wrapper
    result = func(request, *args, **kwargs)
  File "/Users/harshalsmac/WORK/ardur/ardurPeopleSoft/trueAlign/shift/views.py", line 306, in shift_list
    return render(request, 'shift/shift_list.html', {'error': True})
  File "/opt/anaconda3/envs/aps/lib/python3.10/site-packages/django/shortcuts.py", line 25, in render
    content = loader.render_to_string(template_name, context, request, using=using)
  File "/opt/anaconda3/envs/aps/lib/python3.10/site-packages/django/template/loader.py", line 62, in render_to_string
    return template.render(context, request)
  File "/opt/anaconda3/envs/aps/lib/python3.10/site-packages/django/template/backends/django.py", line 63, in render
    reraise(exc, self.backend)
  File "/opt/anaconda3/envs/aps/lib/python3.10/site-packages/django/template/backends/django.py", line 84, in reraise
    raise new from exc
django.template.exceptions.TemplateDoesNotExist: partials/pagination.html
[2025-06-29 18:06:15] ERROR - django.request - log_response:241 - Internal Server Error: /shift/shifts/
Traceback (most recent call last):
  File "/Users/harshalsmac/WORK/ardur/ardurPeopleSoft/trueAlign/shift/views.py", line 301, in shift_list
    return render(request, 'shift/shift_list.html', context)
  File "/opt/anaconda3/envs/aps/lib/python3.10/site-packages/django/shortcuts.py", line 25, in render
    content = loader.render_to_string(template_name, context, request, using=using)
  File "/opt/anaconda3/envs/aps/lib/python3.10/site-packages/django/template/loader.py", line 62, in render_to_string
    return template.render(context, request)
  File "/opt/anaconda3/envs/aps/lib/python3.10/site-packages/django/template/backends/django.py", line 61, in render
    return self.template.render(context)
  File "/opt/anaconda3/envs/aps/lib/python3.10/site-packages/django/template/base.py", line 171, in render
    return self._render(context)
  File "/opt/anaconda3/envs/aps/lib/python3.10/site-packages/django/template/base.py", line 163, in _render
    return self.nodelist.render(context)
  File "/opt/anaconda3/envs/aps/lib/python3.10/site-packages/django/template/base.py", line 1000, in render
    return SafeString("".join([node.render_annotated(context) for node in self]))
  File "/opt/anaconda3/envs/aps/lib/python3.10/site-packages/django/template/base.py", line 1000, in <listcomp>
    return SafeString("".join([node.render_annotated(context) for node in self]))
  File "/opt/anaconda3/envs/aps/lib/python3.10/site-packages/django/template/base.py", line 961, in render_annotated
    return self.render(context)
  File "/opt/anaconda3/envs/aps/lib/python3.10/site-packages/django/template/loader_tags.py", line 159, in render
    return compiled_parent._render(context)
  File "/opt/anaconda3/envs/aps/lib/python3.10/site-packages/django/template/base.py", line 163, in _render
    return self.nodelist.render(context)
  File "/opt/anaconda3/envs/aps/lib/python3.10/site-packages/django/template/base.py", line 1000, in render
    return SafeString("".join([node.render_annotated(context) for node in self]))
  File "/opt/anaconda3/envs/aps/lib/python3.10/site-packages/django/template/base.py", line 1000, in <listcomp>
    return SafeString("".join([node.render_annotated(context) for node in self]))
  File "/opt/anaconda3/envs/aps/lib/python3.10/site-packages/django/template/base.py", line 961, in render_annotated
    return self.render(context)
  File "/opt/anaconda3/envs/aps/lib/python3.10/site-packages/django/template/loader_tags.py", line 65, in render
    result = block.nodelist.render(context)
  File "/opt/anaconda3/envs/aps/lib/python3.10/site-packages/django/template/base.py", line 1000, in render
    return SafeString("".join([node.render_annotated(context) for node in self]))
  File "/opt/anaconda3/envs/aps/lib/python3.10/site-packages/django/template/base.py", line 1000, in <listcomp>
    return SafeString("".join([node.render_annotated(context) for node in self]))
  File "/opt/anaconda3/envs/aps/lib/python3.10/site-packages/django/template/base.py", line 961, in render_annotated
    return self.render(context)
  File "/opt/anaconda3/envs/aps/lib/python3.10/site-packages/django/template/defaulttags.py", line 242, in render
    nodelist.append(node.render_annotated(context))
  File "/opt/anaconda3/envs/aps/lib/python3.10/site-packages/django/template/base.py", line 961, in render_annotated
    return self.render(context)
  File "/opt/anaconda3/envs/aps/lib/python3.10/site-packages/django/template/defaulttags.py", line 479, in render
    url = reverse(view_name, args=args, kwargs=kwargs, current_app=current_app)
  File "/opt/anaconda3/envs/aps/lib/python3.10/site-packages/django/urls/base.py", line 88, in reverse
    return resolver._reverse_with_prefix(view, prefix, *args, **kwargs)
  File "/opt/anaconda3/envs/aps/lib/python3.10/site-packages/django/urls/resolvers.py", line 851, in _reverse_with_prefix
    raise NoReverseMatch(msg)
django.urls.exceptions.NoReverseMatch: Reverse for 'detail' with arguments '('',)' not found. 1 pattern(s) tried: ['shift/shifts/(?P<shift_id>[0-9]+)/\\Z']

During handling of the above exception, another exception occurred:

Traceback (most recent call last):
  File "/opt/anaconda3/envs/aps/lib/python3.10/site-packages/django/template/backends/django.py", line 61, in render
    return self.template.render(context)
  File "/opt/anaconda3/envs/aps/lib/python3.10/site-packages/django/template/base.py", line 171, in render
    return self._render(context)
  File "/opt/anaconda3/envs/aps/lib/python3.10/site-packages/django/template/base.py", line 163, in _render
    return self.nodelist.render(context)
  File "/opt/anaconda3/envs/aps/lib/python3.10/site-packages/django/template/base.py", line 1000, in render
    return SafeString("".join([node.render_annotated(context) for node in self]))
  File "/opt/anaconda3/envs/aps/lib/python3.10/site-packages/django/template/base.py", line 1000, in <listcomp>
    return SafeString("".join([node.render_annotated(context) for node in self]))
  File "/opt/anaconda3/envs/aps/lib/python3.10/site-packages/django/template/base.py", line 961, in render_annotated
    return self.render(context)
  File "/opt/anaconda3/envs/aps/lib/python3.10/site-packages/django/template/loader_tags.py", line 159, in render
    return compiled_parent._render(context)
  File "/opt/anaconda3/envs/aps/lib/python3.10/site-packages/django/template/base.py", line 163, in _render
    return self.nodelist.render(context)
  File "/opt/anaconda3/envs/aps/lib/python3.10/site-packages/django/template/base.py", line 1000, in render
    return SafeString("".join([node.render_annotated(context) for node in self]))
  File "/opt/anaconda3/envs/aps/lib/python3.10/site-packages/django/template/base.py", line 1000, in <listcomp>
    return SafeString("".join([node.render_annotated(context) for node in self]))
  File "/opt/anaconda3/envs/aps/lib/python3.10/site-packages/django/template/base.py", line 961, in render_annotated
    return self.render(context)
  File "/opt/anaconda3/envs/aps/lib/python3.10/site-packages/django/template/loader_tags.py", line 65, in render
    result = block.nodelist.render(context)
  File "/opt/anaconda3/envs/aps/lib/python3.10/site-packages/django/template/base.py", line 1000, in render
    return SafeString("".join([node.render_annotated(context) for node in self]))
  File "/opt/anaconda3/envs/aps/lib/python3.10/site-packages/django/template/base.py", line 1000, in <listcomp>
    return SafeString("".join([node.render_annotated(context) for node in self]))
  File "/opt/anaconda3/envs/aps/lib/python3.10/site-packages/django/template/base.py", line 961, in render_annotated
    return self.render(context)
  File "/opt/anaconda3/envs/aps/lib/python3.10/site-packages/django/template/loader_tags.py", line 199, in render
    template = context.template.engine.select_template(template_name)
  File "/opt/anaconda3/envs/aps/lib/python3.10/site-packages/django/template/engine.py", line 214, in select_template
    raise TemplateDoesNotExist(", ".join(not_found))
django.template.exceptions.TemplateDoesNotExist: partials/pagination.html

The above exception was the direct cause of the following exception:

Traceback (most recent call last):
  File "/opt/anaconda3/envs/aps/lib/python3.10/site-packages/django/core/handlers/exception.py", line 55, in inner
    response = get_response(request)
  File "/opt/anaconda3/envs/aps/lib/python3.10/site-packages/django/core/handlers/base.py", line 197, in _get_response
    response = wrapped_callback(request, *callback_args, **callback_kwargs)
  File "/opt/anaconda3/envs/aps/lib/python3.10/site-packages/django/contrib/auth/decorators.py", line 23, in _wrapper_view
    return view_func(request, *args, **kwargs)
  File "/Users/harshalsmac/WORK/ardur/ardurPeopleSoft/trueAlign/shift/decorators.py", line 53, in wrapper_func
    return view_func(request, *args, **kwargs)
  File "/Users/harshalsmac/WORK/ardur/ardurPeopleSoft/trueAlign/shift/views.py", line 79, in wrapper
    result = func(request, *args, **kwargs)
  File "/Users/harshalsmac/WORK/ardur/ardurPeopleSoft/trueAlign/shift/views.py", line 306, in shift_list
    return render(request, 'shift/shift_list.html', {'error': True})
  File "/opt/anaconda3/envs/aps/lib/python3.10/site-packages/django/shortcuts.py", line 25, in render
    content = loader.render_to_string(template_name, context, request, using=using)
  File "/opt/anaconda3/envs/aps/lib/python3.10/site-packages/django/template/loader.py", line 62, in render_to_string
    return template.render(context, request)
  File "/opt/anaconda3/envs/aps/lib/python3.10/site-packages/django/template/backends/django.py", line 63, in render
    reraise(exc, self.backend)
  File "/opt/anaconda3/envs/aps/lib/python3.10/site-packages/django/template/backends/django.py", line 84, in reraise
    raise new from exc
django.template.exceptions.TemplateDoesNotExist: partials/pagination.html
[2025-06-29 18:07:26] ERROR - django.request - log_response:241 - Internal Server Error: /api/session/update/
[2025-06-29 18:08:14] ERROR - django.request - log_response:241 - Internal Server Error: /api/session/update/
[2025-06-29 18:10:21] ERROR - django.request - log_response:241 - Internal Server Error: /api/session/update/
[2025-06-29 21:51:07] ERROR - django.request - log_response:241 - Internal Server Error: /api/session/update/
[2025-06-29 21:51:14] ERROR - django.request - log_response:241 - Internal Server Error: /api/session/update/
[2025-06-29 21:51:18] ERROR - django.request - log_response:241 - Internal Server Error: /api/session/update/
[2025-06-29 21:51:22] ERROR - django.request - log_response:241 - Internal Server Error: /api/session/update/
[2025-06-29 21:51:32] ERROR - django.request - log_response:241 - Internal Server Error: /api/session/update/
[2025-06-29 21:51:33] ERROR - django.request - log_response:241 - Internal Server Error: /api/session/update/
[2025-06-29 21:51:34] ERROR - django.request - log_response:241 - Internal Server Error: /api/session/update/
[2025-06-29 21:51:35] ERROR - django.request - log_response:241 - Internal Server Error: /api/session/update/
[2025-06-29 21:53:56] ERROR - django.request - log_response:241 - Internal Server Error: /api/session/update/
[2025-06-29 21:54:09] ERROR - django.request - log_response:241 - Internal Server Error: /api/session/update/
[2025-06-29 21:55:21] ERROR - django.request - log_response:241 - Internal Server Error: /shift/shifts/
Traceback (most recent call last):
  File "/Users/harshalsmac/WORK/ardur/ardurPeopleSoft/trueAlign/shift/views.py", line 301, in shift_list
    return render(request, 'shift/shift_list.html', context)
  File "/opt/anaconda3/envs/aps/lib/python3.10/site-packages/django/shortcuts.py", line 25, in render
    content = loader.render_to_string(template_name, context, request, using=using)
  File "/opt/anaconda3/envs/aps/lib/python3.10/site-packages/django/template/loader.py", line 61, in render_to_string
    template = get_template(template_name, using=using)
  File "/opt/anaconda3/envs/aps/lib/python3.10/site-packages/django/template/loader.py", line 15, in get_template
    return engine.get_template(template_name)
  File "/opt/anaconda3/envs/aps/lib/python3.10/site-packages/django/template/backends/django.py", line 33, in get_template
    return Template(self.engine.get_template(template_name), self)
  File "/opt/anaconda3/envs/aps/lib/python3.10/site-packages/django/template/engine.py", line 177, in get_template
    template, origin = self.find_template(template_name)
  File "/opt/anaconda3/envs/aps/lib/python3.10/site-packages/django/template/engine.py", line 159, in find_template
    template = loader.get_template(name, skip=skip)
  File "/opt/anaconda3/envs/aps/lib/python3.10/site-packages/django/template/loaders/cached.py", line 57, in get_template
    template = super().get_template(template_name, skip)
  File "/opt/anaconda3/envs/aps/lib/python3.10/site-packages/django/template/loaders/base.py", line 28, in get_template
    return Template(
  File "/opt/anaconda3/envs/aps/lib/python3.10/site-packages/django/template/base.py", line 154, in __init__
    self.nodelist = self.compile_nodelist()
  File "/opt/anaconda3/envs/aps/lib/python3.10/site-packages/django/template/base.py", line 196, in compile_nodelist
    return parser.parse()
  File "/opt/anaconda3/envs/aps/lib/python3.10/site-packages/django/template/base.py", line 510, in parse
    raise self.error(token, e)
  File "/opt/anaconda3/envs/aps/lib/python3.10/site-packages/django/template/base.py", line 508, in parse
    compiled_result = compile_func(self, token)
  File "/opt/anaconda3/envs/aps/lib/python3.10/site-packages/django/template/loader_tags.py", line 295, in do_extends
    nodelist = parser.parse()
  File "/opt/anaconda3/envs/aps/lib/python3.10/site-packages/django/template/base.py", line 510, in parse
    raise self.error(token, e)
  File "/opt/anaconda3/envs/aps/lib/python3.10/site-packages/django/template/base.py", line 508, in parse
    compiled_result = compile_func(self, token)
  File "/opt/anaconda3/envs/aps/lib/python3.10/site-packages/django/template/loader_tags.py", line 234, in do_block
    nodelist = parser.parse(("endblock",))
  File "/opt/anaconda3/envs/aps/lib/python3.10/site-packages/django/template/base.py", line 510, in parse
    raise self.error(token, e)
  File "/opt/anaconda3/envs/aps/lib/python3.10/site-packages/django/template/base.py", line 508, in parse
    compiled_result = compile_func(self, token)
  File "/opt/anaconda3/envs/aps/lib/python3.10/site-packages/django/template/defaulttags.py", line 961, in do_if
    nodelist = parser.parse(("elif", "else", "endif"))
  File "/opt/anaconda3/envs/aps/lib/python3.10/site-packages/django/template/base.py", line 510, in parse
    raise self.error(token, e)
  File "/opt/anaconda3/envs/aps/lib/python3.10/site-packages/django/template/base.py", line 508, in parse
    compiled_result = compile_func(self, token)
  File "/opt/anaconda3/envs/aps/lib/python3.10/site-packages/django/template/defaulttags.py", line 861, in do_for
    nodelist_loop = parser.parse(
  File "/opt/anaconda3/envs/aps/lib/python3.10/site-packages/django/template/base.py", line 481, in parse
    raise self.error(token, e)
  File "/opt/anaconda3/envs/aps/lib/python3.10/site-packages/django/template/base.py", line 479, in parse
    filter_expression = self.compile_filter(token.contents)
  File "/opt/anaconda3/envs/aps/lib/python3.10/site-packages/django/template/base.py", line 597, in compile_filter
    return FilterExpression(token, self)
  File "/opt/anaconda3/envs/aps/lib/python3.10/site-packages/django/template/base.py", line 698, in __init__
    raise TemplateSyntaxError(
django.template.exceptions.TemplateSyntaxError: Could not parse the remainder: ' == 'error' and 'red' or message.tags == 'success' and 'green' or 'blue'' from 'message.tags == 'error' and 'red' or message.tags == 'success' and 'green' or 'blue''

During handling of the above exception, another exception occurred:

Traceback (most recent call last):
  File "/opt/anaconda3/envs/aps/lib/python3.10/site-packages/django/core/handlers/exception.py", line 55, in inner
    response = get_response(request)
  File "/opt/anaconda3/envs/aps/lib/python3.10/site-packages/django/core/handlers/base.py", line 197, in _get_response
    response = wrapped_callback(request, *callback_args, **callback_kwargs)
  File "/opt/anaconda3/envs/aps/lib/python3.10/site-packages/django/contrib/auth/decorators.py", line 23, in _wrapper_view
    return view_func(request, *args, **kwargs)
  File "/Users/harshalsmac/WORK/ardur/ardurPeopleSoft/trueAlign/shift/decorators.py", line 53, in wrapper_func
    return view_func(request, *args, **kwargs)
  File "/Users/harshalsmac/WORK/ardur/ardurPeopleSoft/trueAlign/shift/views.py", line 79, in wrapper
    result = func(request, *args, **kwargs)
  File "/Users/harshalsmac/WORK/ardur/ardurPeopleSoft/trueAlign/shift/views.py", line 306, in shift_list
    return render(request, 'shift/shift_list.html', {'error': True})
  File "/opt/anaconda3/envs/aps/lib/python3.10/site-packages/django/shortcuts.py", line 25, in render
    content = loader.render_to_string(template_name, context, request, using=using)
  File "/opt/anaconda3/envs/aps/lib/python3.10/site-packages/django/template/loader.py", line 61, in render_to_string
    template = get_template(template_name, using=using)
  File "/opt/anaconda3/envs/aps/lib/python3.10/site-packages/django/template/loader.py", line 15, in get_template
    return engine.get_template(template_name)
  File "/opt/anaconda3/envs/aps/lib/python3.10/site-packages/django/template/backends/django.py", line 33, in get_template
    return Template(self.engine.get_template(template_name), self)
  File "/opt/anaconda3/envs/aps/lib/python3.10/site-packages/django/template/engine.py", line 177, in get_template
    template, origin = self.find_template(template_name)
  File "/opt/anaconda3/envs/aps/lib/python3.10/site-packages/django/template/engine.py", line 159, in find_template
    template = loader.get_template(name, skip=skip)
  File "/opt/anaconda3/envs/aps/lib/python3.10/site-packages/django/template/loaders/cached.py", line 57, in get_template
    template = super().get_template(template_name, skip)
  File "/opt/anaconda3/envs/aps/lib/python3.10/site-packages/django/template/loaders/base.py", line 28, in get_template
    return Template(
  File "/opt/anaconda3/envs/aps/lib/python3.10/site-packages/django/template/base.py", line 154, in __init__
    self.nodelist = self.compile_nodelist()
  File "/opt/anaconda3/envs/aps/lib/python3.10/site-packages/django/template/base.py", line 196, in compile_nodelist
    return parser.parse()
  File "/opt/anaconda3/envs/aps/lib/python3.10/site-packages/django/template/base.py", line 510, in parse
    raise self.error(token, e)
  File "/opt/anaconda3/envs/aps/lib/python3.10/site-packages/django/template/base.py", line 508, in parse
    compiled_result = compile_func(self, token)
  File "/opt/anaconda3/envs/aps/lib/python3.10/site-packages/django/template/loader_tags.py", line 295, in do_extends
    nodelist = parser.parse()
  File "/opt/anaconda3/envs/aps/lib/python3.10/site-packages/django/template/base.py", line 510, in parse
    raise self.error(token, e)
  File "/opt/anaconda3/envs/aps/lib/python3.10/site-packages/django/template/base.py", line 508, in parse
    compiled_result = compile_func(self, token)
  File "/opt/anaconda3/envs/aps/lib/python3.10/site-packages/django/template/loader_tags.py", line 234, in do_block
    nodelist = parser.parse(("endblock",))
  File "/opt/anaconda3/envs/aps/lib/python3.10/site-packages/django/template/base.py", line 510, in parse
    raise self.error(token, e)
  File "/opt/anaconda3/envs/aps/lib/python3.10/site-packages/django/template/base.py", line 508, in parse
    compiled_result = compile_func(self, token)
  File "/opt/anaconda3/envs/aps/lib/python3.10/site-packages/django/template/defaulttags.py", line 961, in do_if
    nodelist = parser.parse(("elif", "else", "endif"))
  File "/opt/anaconda3/envs/aps/lib/python3.10/site-packages/django/template/base.py", line 510, in parse
    raise self.error(token, e)
  File "/opt/anaconda3/envs/aps/lib/python3.10/site-packages/django/template/base.py", line 508, in parse
    compiled_result = compile_func(self, token)
  File "/opt/anaconda3/envs/aps/lib/python3.10/site-packages/django/template/defaulttags.py", line 861, in do_for
    nodelist_loop = parser.parse(
  File "/opt/anaconda3/envs/aps/lib/python3.10/site-packages/django/template/base.py", line 481, in parse
    raise self.error(token, e)
  File "/opt/anaconda3/envs/aps/lib/python3.10/site-packages/django/template/base.py", line 479, in parse
    filter_expression = self.compile_filter(token.contents)
  File "/opt/anaconda3/envs/aps/lib/python3.10/site-packages/django/template/base.py", line 597, in compile_filter
    return FilterExpression(token, self)
  File "/opt/anaconda3/envs/aps/lib/python3.10/site-packages/django/template/base.py", line 698, in __init__
    raise TemplateSyntaxError(
django.template.exceptions.TemplateSyntaxError: Could not parse the remainder: ' == 'error' and 'red' or message.tags == 'success' and 'green' or 'blue'' from 'message.tags == 'error' and 'red' or message.tags == 'success' and 'green' or 'blue''
[2025-06-29 21:56:40] ERROR - django.request - log_response:241 - Internal Server Error: /shift/shifts/
Traceback (most recent call last):
  File "/Users/harshalsmac/WORK/ardur/ardurPeopleSoft/trueAlign/shift/views.py", line 301, in shift_list
    return render(request, 'shift/shift_list.html', context)
  File "/opt/anaconda3/envs/aps/lib/python3.10/site-packages/django/shortcuts.py", line 25, in render
    content = loader.render_to_string(template_name, context, request, using=using)
  File "/opt/anaconda3/envs/aps/lib/python3.10/site-packages/django/template/loader.py", line 61, in render_to_string
    template = get_template(template_name, using=using)
  File "/opt/anaconda3/envs/aps/lib/python3.10/site-packages/django/template/loader.py", line 15, in get_template
    return engine.get_template(template_name)
  File "/opt/anaconda3/envs/aps/lib/python3.10/site-packages/django/template/backends/django.py", line 33, in get_template
    return Template(self.engine.get_template(template_name), self)
  File "/opt/anaconda3/envs/aps/lib/python3.10/site-packages/django/template/engine.py", line 177, in get_template
    template, origin = self.find_template(template_name)
  File "/opt/anaconda3/envs/aps/lib/python3.10/site-packages/django/template/engine.py", line 159, in find_template
    template = loader.get_template(name, skip=skip)
  File "/opt/anaconda3/envs/aps/lib/python3.10/site-packages/django/template/loaders/cached.py", line 57, in get_template
    template = super().get_template(template_name, skip)
  File "/opt/anaconda3/envs/aps/lib/python3.10/site-packages/django/template/loaders/base.py", line 28, in get_template
    return Template(
  File "/opt/anaconda3/envs/aps/lib/python3.10/site-packages/django/template/base.py", line 154, in __init__
    self.nodelist = self.compile_nodelist()
  File "/opt/anaconda3/envs/aps/lib/python3.10/site-packages/django/template/base.py", line 196, in compile_nodelist
    return parser.parse()
  File "/opt/anaconda3/envs/aps/lib/python3.10/site-packages/django/template/base.py", line 510, in parse
    raise self.error(token, e)
  File "/opt/anaconda3/envs/aps/lib/python3.10/site-packages/django/template/base.py", line 508, in parse
    compiled_result = compile_func(self, token)
  File "/opt/anaconda3/envs/aps/lib/python3.10/site-packages/django/template/loader_tags.py", line 295, in do_extends
    nodelist = parser.parse()
  File "/opt/anaconda3/envs/aps/lib/python3.10/site-packages/django/template/base.py", line 510, in parse
    raise self.error(token, e)
  File "/opt/anaconda3/envs/aps/lib/python3.10/site-packages/django/template/base.py", line 508, in parse
    compiled_result = compile_func(self, token)
  File "/opt/anaconda3/envs/aps/lib/python3.10/site-packages/django/template/loader_tags.py", line 234, in do_block
    nodelist = parser.parse(("endblock",))
  File "/opt/anaconda3/envs/aps/lib/python3.10/site-packages/django/template/base.py", line 510, in parse
    raise self.error(token, e)
  File "/opt/anaconda3/envs/aps/lib/python3.10/site-packages/django/template/base.py", line 508, in parse
    compiled_result = compile_func(self, token)
  File "/opt/anaconda3/envs/aps/lib/python3.10/site-packages/django/template/defaulttags.py", line 961, in do_if
    nodelist = parser.parse(("elif", "else", "endif"))
  File "/opt/anaconda3/envs/aps/lib/python3.10/site-packages/django/template/base.py", line 510, in parse
    raise self.error(token, e)
  File "/opt/anaconda3/envs/aps/lib/python3.10/site-packages/django/template/base.py", line 508, in parse
    compiled_result = compile_func(self, token)
  File "/opt/anaconda3/envs/aps/lib/python3.10/site-packages/django/template/defaulttags.py", line 861, in do_for
    nodelist_loop = parser.parse(
  File "/opt/anaconda3/envs/aps/lib/python3.10/site-packages/django/template/base.py", line 481, in parse
    raise self.error(token, e)
  File "/opt/anaconda3/envs/aps/lib/python3.10/site-packages/django/template/base.py", line 479, in parse
    filter_expression = self.compile_filter(token.contents)
  File "/opt/anaconda3/envs/aps/lib/python3.10/site-packages/django/template/base.py", line 597, in compile_filter
    return FilterExpression(token, self)
  File "/opt/anaconda3/envs/aps/lib/python3.10/site-packages/django/template/base.py", line 698, in __init__
    raise TemplateSyntaxError(
django.template.exceptions.TemplateSyntaxError: Could not parse the remainder: ' == 'error' and 'red' or message.tags == 'success' and 'green' or 'blue'' from 'message.tags == 'error' and 'red' or message.tags == 'success' and 'green' or 'blue''

During handling of the above exception, another exception occurred:

Traceback (most recent call last):
  File "/opt/anaconda3/envs/aps/lib/python3.10/site-packages/django/core/handlers/exception.py", line 55, in inner
    response = get_response(request)
  File "/opt/anaconda3/envs/aps/lib/python3.10/site-packages/django/core/handlers/base.py", line 197, in _get_response
    response = wrapped_callback(request, *callback_args, **callback_kwargs)
  File "/opt/anaconda3/envs/aps/lib/python3.10/site-packages/django/contrib/auth/decorators.py", line 23, in _wrapper_view
    return view_func(request, *args, **kwargs)
  File "/Users/harshalsmac/WORK/ardur/ardurPeopleSoft/trueAlign/shift/decorators.py", line 53, in wrapper_func
    return view_func(request, *args, **kwargs)
  File "/Users/harshalsmac/WORK/ardur/ardurPeopleSoft/trueAlign/shift/views.py", line 79, in wrapper
    result = func(request, *args, **kwargs)
  File "/Users/harshalsmac/WORK/ardur/ardurPeopleSoft/trueAlign/shift/views.py", line 306, in shift_list
    return render(request, 'shift/shift_list.html', {'error': True})
  File "/opt/anaconda3/envs/aps/lib/python3.10/site-packages/django/shortcuts.py", line 25, in render
    content = loader.render_to_string(template_name, context, request, using=using)
  File "/opt/anaconda3/envs/aps/lib/python3.10/site-packages/django/template/loader.py", line 61, in render_to_string
    template = get_template(template_name, using=using)
  File "/opt/anaconda3/envs/aps/lib/python3.10/site-packages/django/template/loader.py", line 15, in get_template
    return engine.get_template(template_name)
  File "/opt/anaconda3/envs/aps/lib/python3.10/site-packages/django/template/backends/django.py", line 33, in get_template
    return Template(self.engine.get_template(template_name), self)
  File "/opt/anaconda3/envs/aps/lib/python3.10/site-packages/django/template/engine.py", line 177, in get_template
    template, origin = self.find_template(template_name)
  File "/opt/anaconda3/envs/aps/lib/python3.10/site-packages/django/template/engine.py", line 159, in find_template
    template = loader.get_template(name, skip=skip)
  File "/opt/anaconda3/envs/aps/lib/python3.10/site-packages/django/template/loaders/cached.py", line 57, in get_template
    template = super().get_template(template_name, skip)
  File "/opt/anaconda3/envs/aps/lib/python3.10/site-packages/django/template/loaders/base.py", line 28, in get_template
    return Template(
  File "/opt/anaconda3/envs/aps/lib/python3.10/site-packages/django/template/base.py", line 154, in __init__
    self.nodelist = self.compile_nodelist()
  File "/opt/anaconda3/envs/aps/lib/python3.10/site-packages/django/template/base.py", line 196, in compile_nodelist
    return parser.parse()
  File "/opt/anaconda3/envs/aps/lib/python3.10/site-packages/django/template/base.py", line 510, in parse
    raise self.error(token, e)
  File "/opt/anaconda3/envs/aps/lib/python3.10/site-packages/django/template/base.py", line 508, in parse
    compiled_result = compile_func(self, token)
  File "/opt/anaconda3/envs/aps/lib/python3.10/site-packages/django/template/loader_tags.py", line 295, in do_extends
    nodelist = parser.parse()
  File "/opt/anaconda3/envs/aps/lib/python3.10/site-packages/django/template/base.py", line 510, in parse
    raise self.error(token, e)
  File "/opt/anaconda3/envs/aps/lib/python3.10/site-packages/django/template/base.py", line 508, in parse
    compiled_result = compile_func(self, token)
  File "/opt/anaconda3/envs/aps/lib/python3.10/site-packages/django/template/loader_tags.py", line 234, in do_block
    nodelist = parser.parse(("endblock",))
  File "/opt/anaconda3/envs/aps/lib/python3.10/site-packages/django/template/base.py", line 510, in parse
    raise self.error(token, e)
  File "/opt/anaconda3/envs/aps/lib/python3.10/site-packages/django/template/base.py", line 508, in parse
    compiled_result = compile_func(self, token)
  File "/opt/anaconda3/envs/aps/lib/python3.10/site-packages/django/template/defaulttags.py", line 961, in do_if
    nodelist = parser.parse(("elif", "else", "endif"))
  File "/opt/anaconda3/envs/aps/lib/python3.10/site-packages/django/template/base.py", line 510, in parse
    raise self.error(token, e)
  File "/opt/anaconda3/envs/aps/lib/python3.10/site-packages/django/template/base.py", line 508, in parse
    compiled_result = compile_func(self, token)
  File "/opt/anaconda3/envs/aps/lib/python3.10/site-packages/django/template/defaulttags.py", line 861, in do_for
    nodelist_loop = parser.parse(
  File "/opt/anaconda3/envs/aps/lib/python3.10/site-packages/django/template/base.py", line 481, in parse
    raise self.error(token, e)
  File "/opt/anaconda3/envs/aps/lib/python3.10/site-packages/django/template/base.py", line 479, in parse
    filter_expression = self.compile_filter(token.contents)
  File "/opt/anaconda3/envs/aps/lib/python3.10/site-packages/django/template/base.py", line 597, in compile_filter
    return FilterExpression(token, self)
  File "/opt/anaconda3/envs/aps/lib/python3.10/site-packages/django/template/base.py", line 698, in __init__
    raise TemplateSyntaxError(
django.template.exceptions.TemplateSyntaxError: Could not parse the remainder: ' == 'error' and 'red' or message.tags == 'success' and 'green' or 'blue'' from 'message.tags == 'error' and 'red' or message.tags == 'success' and 'green' or 'blue''
[2025-06-29 22:34:15] ERROR - django.request - log_response:241 - Internal Server Error: /api/session/update/
[2025-06-29 22:34:37] ERROR - django.request - log_response:241 - Internal Server Error: /api/session/update/
[2025-06-29 22:39:00] ERROR - django.request - log_response:241 - Internal Server Error: /shift/shifts/
Traceback (most recent call last):
  File "/Users/harshalsmac/WORK/ardur/ardurPeopleSoft/trueAlign/shift/views.py", line 301, in shift_list
    return render(request, 'shift/shift_list.html', context)
  File "/opt/anaconda3/envs/aps/lib/python3.10/site-packages/django/shortcuts.py", line 25, in render
    content = loader.render_to_string(template_name, context, request, using=using)
  File "/opt/anaconda3/envs/aps/lib/python3.10/site-packages/django/template/loader.py", line 61, in render_to_string
    template = get_template(template_name, using=using)
  File "/opt/anaconda3/envs/aps/lib/python3.10/site-packages/django/template/loader.py", line 15, in get_template
    return engine.get_template(template_name)
  File "/opt/anaconda3/envs/aps/lib/python3.10/site-packages/django/template/backends/django.py", line 33, in get_template
    return Template(self.engine.get_template(template_name), self)
  File "/opt/anaconda3/envs/aps/lib/python3.10/site-packages/django/template/engine.py", line 177, in get_template
    template, origin = self.find_template(template_name)
  File "/opt/anaconda3/envs/aps/lib/python3.10/site-packages/django/template/engine.py", line 159, in find_template
    template = loader.get_template(name, skip=skip)
  File "/opt/anaconda3/envs/aps/lib/python3.10/site-packages/django/template/loaders/cached.py", line 57, in get_template
    template = super().get_template(template_name, skip)
  File "/opt/anaconda3/envs/aps/lib/python3.10/site-packages/django/template/loaders/base.py", line 28, in get_template
    return Template(
  File "/opt/anaconda3/envs/aps/lib/python3.10/site-packages/django/template/base.py", line 154, in __init__
    self.nodelist = self.compile_nodelist()
  File "/opt/anaconda3/envs/aps/lib/python3.10/site-packages/django/template/base.py", line 196, in compile_nodelist
    return parser.parse()
  File "/opt/anaconda3/envs/aps/lib/python3.10/site-packages/django/template/base.py", line 510, in parse
    raise self.error(token, e)
  File "/opt/anaconda3/envs/aps/lib/python3.10/site-packages/django/template/base.py", line 508, in parse
    compiled_result = compile_func(self, token)
  File "/opt/anaconda3/envs/aps/lib/python3.10/site-packages/django/template/loader_tags.py", line 295, in do_extends
    nodelist = parser.parse()
  File "/opt/anaconda3/envs/aps/lib/python3.10/site-packages/django/template/base.py", line 510, in parse
    raise self.error(token, e)
  File "/opt/anaconda3/envs/aps/lib/python3.10/site-packages/django/template/base.py", line 508, in parse
    compiled_result = compile_func(self, token)
  File "/opt/anaconda3/envs/aps/lib/python3.10/site-packages/django/template/loader_tags.py", line 234, in do_block
    nodelist = parser.parse(("endblock",))
  File "/opt/anaconda3/envs/aps/lib/python3.10/site-packages/django/template/base.py", line 510, in parse
    raise self.error(token, e)
  File "/opt/anaconda3/envs/aps/lib/python3.10/site-packages/django/template/base.py", line 508, in parse
    compiled_result = compile_func(self, token)
  File "/opt/anaconda3/envs/aps/lib/python3.10/site-packages/django/template/defaulttags.py", line 961, in do_if
    nodelist = parser.parse(("elif", "else", "endif"))
  File "/opt/anaconda3/envs/aps/lib/python3.10/site-packages/django/template/base.py", line 510, in parse
    raise self.error(token, e)
  File "/opt/anaconda3/envs/aps/lib/python3.10/site-packages/django/template/base.py", line 508, in parse
    compiled_result = compile_func(self, token)
  File "/opt/anaconda3/envs/aps/lib/python3.10/site-packages/django/template/defaulttags.py", line 861, in do_for
    nodelist_loop = parser.parse(
  File "/opt/anaconda3/envs/aps/lib/python3.10/site-packages/django/template/base.py", line 481, in parse
    raise self.error(token, e)
  File "/opt/anaconda3/envs/aps/lib/python3.10/site-packages/django/template/base.py", line 479, in parse
    filter_expression = self.compile_filter(token.contents)
  File "/opt/anaconda3/envs/aps/lib/python3.10/site-packages/django/template/base.py", line 597, in compile_filter
    return FilterExpression(token, self)
  File "/opt/anaconda3/envs/aps/lib/python3.10/site-packages/django/template/base.py", line 698, in __init__
    raise TemplateSyntaxError(
django.template.exceptions.TemplateSyntaxError: Could not parse the remainder: ' == 'error' and 'red' or message.tags == 'success' and 'green' or 'blue'' from 'message.tags == 'error' and 'red' or message.tags == 'success' and 'green' or 'blue''

During handling of the above exception, another exception occurred:

Traceback (most recent call last):
  File "/opt/anaconda3/envs/aps/lib/python3.10/site-packages/django/core/handlers/exception.py", line 55, in inner
    response = get_response(request)
  File "/opt/anaconda3/envs/aps/lib/python3.10/site-packages/django/core/handlers/base.py", line 197, in _get_response
    response = wrapped_callback(request, *callback_args, **callback_kwargs)
  File "/opt/anaconda3/envs/aps/lib/python3.10/site-packages/django/contrib/auth/decorators.py", line 23, in _wrapper_view
    return view_func(request, *args, **kwargs)
  File "/Users/harshalsmac/WORK/ardur/ardurPeopleSoft/trueAlign/shift/decorators.py", line 53, in wrapper_func
    return view_func(request, *args, **kwargs)
  File "/Users/harshalsmac/WORK/ardur/ardurPeopleSoft/trueAlign/shift/views.py", line 79, in wrapper
    result = func(request, *args, **kwargs)
  File "/Users/harshalsmac/WORK/ardur/ardurPeopleSoft/trueAlign/shift/views.py", line 306, in shift_list
    return render(request, 'shift/shift_list.html', {'error': True})
  File "/opt/anaconda3/envs/aps/lib/python3.10/site-packages/django/shortcuts.py", line 25, in render
    content = loader.render_to_string(template_name, context, request, using=using)
  File "/opt/anaconda3/envs/aps/lib/python3.10/site-packages/django/template/loader.py", line 61, in render_to_string
    template = get_template(template_name, using=using)
  File "/opt/anaconda3/envs/aps/lib/python3.10/site-packages/django/template/loader.py", line 15, in get_template
    return engine.get_template(template_name)
  File "/opt/anaconda3/envs/aps/lib/python3.10/site-packages/django/template/backends/django.py", line 33, in get_template
    return Template(self.engine.get_template(template_name), self)
  File "/opt/anaconda3/envs/aps/lib/python3.10/site-packages/django/template/engine.py", line 177, in get_template
    template, origin = self.find_template(template_name)
  File "/opt/anaconda3/envs/aps/lib/python3.10/site-packages/django/template/engine.py", line 159, in find_template
    template = loader.get_template(name, skip=skip)
  File "/opt/anaconda3/envs/aps/lib/python3.10/site-packages/django/template/loaders/cached.py", line 57, in get_template
    template = super().get_template(template_name, skip)
  File "/opt/anaconda3/envs/aps/lib/python3.10/site-packages/django/template/loaders/base.py", line 28, in get_template
    return Template(
  File "/opt/anaconda3/envs/aps/lib/python3.10/site-packages/django/template/base.py", line 154, in __init__
    self.nodelist = self.compile_nodelist()
  File "/opt/anaconda3/envs/aps/lib/python3.10/site-packages/django/template/base.py", line 196, in compile_nodelist
    return parser.parse()
  File "/opt/anaconda3/envs/aps/lib/python3.10/site-packages/django/template/base.py", line 510, in parse
    raise self.error(token, e)
  File "/opt/anaconda3/envs/aps/lib/python3.10/site-packages/django/template/base.py", line 508, in parse
    compiled_result = compile_func(self, token)
  File "/opt/anaconda3/envs/aps/lib/python3.10/site-packages/django/template/loader_tags.py", line 295, in do_extends
    nodelist = parser.parse()
  File "/opt/anaconda3/envs/aps/lib/python3.10/site-packages/django/template/base.py", line 510, in parse
    raise self.error(token, e)
  File "/opt/anaconda3/envs/aps/lib/python3.10/site-packages/django/template/base.py", line 508, in parse
    compiled_result = compile_func(self, token)
  File "/opt/anaconda3/envs/aps/lib/python3.10/site-packages/django/template/loader_tags.py", line 234, in do_block
    nodelist = parser.parse(("endblock",))
  File "/opt/anaconda3/envs/aps/lib/python3.10/site-packages/django/template/base.py", line 510, in parse
    raise self.error(token, e)
  File "/opt/anaconda3/envs/aps/lib/python3.10/site-packages/django/template/base.py", line 508, in parse
    compiled_result = compile_func(self, token)
  File "/opt/anaconda3/envs/aps/lib/python3.10/site-packages/django/template/defaulttags.py", line 961, in do_if
    nodelist = parser.parse(("elif", "else", "endif"))
  File "/opt/anaconda3/envs/aps/lib/python3.10/site-packages/django/template/base.py", line 510, in parse
    raise self.error(token, e)
  File "/opt/anaconda3/envs/aps/lib/python3.10/site-packages/django/template/base.py", line 508, in parse
    compiled_result = compile_func(self, token)
  File "/opt/anaconda3/envs/aps/lib/python3.10/site-packages/django/template/defaulttags.py", line 861, in do_for
    nodelist_loop = parser.parse(
  File "/opt/anaconda3/envs/aps/lib/python3.10/site-packages/django/template/base.py", line 481, in parse
    raise self.error(token, e)
  File "/opt/anaconda3/envs/aps/lib/python3.10/site-packages/django/template/base.py", line 479, in parse
    filter_expression = self.compile_filter(token.contents)
  File "/opt/anaconda3/envs/aps/lib/python3.10/site-packages/django/template/base.py", line 597, in compile_filter
    return FilterExpression(token, self)
  File "/opt/anaconda3/envs/aps/lib/python3.10/site-packages/django/template/base.py", line 698, in __init__
    raise TemplateSyntaxError(
django.template.exceptions.TemplateSyntaxError: Could not parse the remainder: ' == 'error' and 'red' or message.tags == 'success' and 'green' or 'blue'' from 'message.tags == 'error' and 'red' or message.tags == 'success' and 'green' or 'blue''
[2025-06-29 22:39:01] ERROR - django.request - log_response:241 - Internal Server Error: /api/session/update/
[2025-06-29 22:44:56] ERROR - django.request - log_response:241 - Internal Server Error: /api/session/update/
[2025-06-29 22:50:18] ERROR - django.request - log_response:241 - Internal Server Error: /api/session/update/
[2025-06-29 22:51:13] ERROR - django.request - log_response:241 - Internal Server Error: /api/session/update/
[2025-06-29 22:51:26] ERROR - django.request - log_response:241 - Internal Server Error: /shift/shifts/
Traceback (most recent call last):
  File "/opt/anaconda3/envs/aps/lib/python3.10/site-packages/django/template/smartif.py", line 180, in translate_token
    op = OPERATORS[token]
KeyError: "request.GET.work_days=='Weekdays'"

During handling of the above exception, another exception occurred:

Traceback (most recent call last):
  File "/Users/harshalsmac/WORK/ardur/ardurPeopleSoft/trueAlign/shift/views.py", line 303, in shift_list
    return render(request, 'shift/shift_list.html', context)
  File "/opt/anaconda3/envs/aps/lib/python3.10/site-packages/django/shortcuts.py", line 25, in render
    content = loader.render_to_string(template_name, context, request, using=using)
  File "/opt/anaconda3/envs/aps/lib/python3.10/site-packages/django/template/loader.py", line 61, in render_to_string
    template = get_template(template_name, using=using)
  File "/opt/anaconda3/envs/aps/lib/python3.10/site-packages/django/template/loader.py", line 15, in get_template
    return engine.get_template(template_name)
  File "/opt/anaconda3/envs/aps/lib/python3.10/site-packages/django/template/backends/django.py", line 33, in get_template
    return Template(self.engine.get_template(template_name), self)
  File "/opt/anaconda3/envs/aps/lib/python3.10/site-packages/django/template/engine.py", line 177, in get_template
    template, origin = self.find_template(template_name)
  File "/opt/anaconda3/envs/aps/lib/python3.10/site-packages/django/template/engine.py", line 159, in find_template
    template = loader.get_template(name, skip=skip)
  File "/opt/anaconda3/envs/aps/lib/python3.10/site-packages/django/template/loaders/cached.py", line 57, in get_template
    template = super().get_template(template_name, skip)
  File "/opt/anaconda3/envs/aps/lib/python3.10/site-packages/django/template/loaders/base.py", line 28, in get_template
    return Template(
  File "/opt/anaconda3/envs/aps/lib/python3.10/site-packages/django/template/base.py", line 154, in __init__
    self.nodelist = self.compile_nodelist()
  File "/opt/anaconda3/envs/aps/lib/python3.10/site-packages/django/template/base.py", line 196, in compile_nodelist
    return parser.parse()
  File "/opt/anaconda3/envs/aps/lib/python3.10/site-packages/django/template/base.py", line 510, in parse
    raise self.error(token, e)
  File "/opt/anaconda3/envs/aps/lib/python3.10/site-packages/django/template/base.py", line 508, in parse
    compiled_result = compile_func(self, token)
  File "/opt/anaconda3/envs/aps/lib/python3.10/site-packages/django/template/loader_tags.py", line 295, in do_extends
    nodelist = parser.parse()
  File "/opt/anaconda3/envs/aps/lib/python3.10/site-packages/django/template/base.py", line 510, in parse
    raise self.error(token, e)
  File "/opt/anaconda3/envs/aps/lib/python3.10/site-packages/django/template/base.py", line 508, in parse
    compiled_result = compile_func(self, token)
  File "/opt/anaconda3/envs/aps/lib/python3.10/site-packages/django/template/loader_tags.py", line 234, in do_block
    nodelist = parser.parse(("endblock",))
  File "/opt/anaconda3/envs/aps/lib/python3.10/site-packages/django/template/base.py", line 510, in parse
    raise self.error(token, e)
  File "/opt/anaconda3/envs/aps/lib/python3.10/site-packages/django/template/base.py", line 508, in parse
    compiled_result = compile_func(self, token)
  File "/opt/anaconda3/envs/aps/lib/python3.10/site-packages/django/template/defaulttags.py", line 960, in do_if
    condition = TemplateIfParser(parser, bits).parse()
  File "/opt/anaconda3/envs/aps/lib/python3.10/site-packages/django/template/defaulttags.py", line 893, in __init__
    super().__init__(*args, **kwargs)
  File "/opt/anaconda3/envs/aps/lib/python3.10/site-packages/django/template/smartif.py", line 171, in __init__
    mapped_tokens.append(self.translate_token(token))
  File "/opt/anaconda3/envs/aps/lib/python3.10/site-packages/django/template/smartif.py", line 182, in translate_token
    return self.create_var(token)
  File "/opt/anaconda3/envs/aps/lib/python3.10/site-packages/django/template/defaulttags.py", line 896, in create_var
    return TemplateLiteral(self.template_parser.compile_filter(value), value)
  File "/opt/anaconda3/envs/aps/lib/python3.10/site-packages/django/template/base.py", line 597, in compile_filter
    return FilterExpression(token, self)
  File "/opt/anaconda3/envs/aps/lib/python3.10/site-packages/django/template/base.py", line 698, in __init__
    raise TemplateSyntaxError(
django.template.exceptions.TemplateSyntaxError: Could not parse the remainder: '=='Weekdays'' from 'request.GET.work_days=='Weekdays''

During handling of the above exception, another exception occurred:

Traceback (most recent call last):
  File "/opt/anaconda3/envs/aps/lib/python3.10/site-packages/django/template/smartif.py", line 180, in translate_token
    op = OPERATORS[token]
KeyError: "request.GET.work_days=='Weekdays'"

During handling of the above exception, another exception occurred:

Traceback (most recent call last):
  File "/opt/anaconda3/envs/aps/lib/python3.10/site-packages/django/core/handlers/exception.py", line 55, in inner
    response = get_response(request)
  File "/opt/anaconda3/envs/aps/lib/python3.10/site-packages/django/core/handlers/base.py", line 197, in _get_response
    response = wrapped_callback(request, *callback_args, **callback_kwargs)
  File "/opt/anaconda3/envs/aps/lib/python3.10/site-packages/django/contrib/auth/decorators.py", line 23, in _wrapper_view
    return view_func(request, *args, **kwargs)
  File "/Users/harshalsmac/WORK/ardur/ardurPeopleSoft/trueAlign/shift/decorators.py", line 53, in wrapper_func
    return view_func(request, *args, **kwargs)
  File "/Users/harshalsmac/WORK/ardur/ardurPeopleSoft/trueAlign/shift/views.py", line 79, in wrapper
    result = func(request, *args, **kwargs)
  File "/Users/harshalsmac/WORK/ardur/ardurPeopleSoft/trueAlign/shift/views.py", line 308, in shift_list
    return render(request, 'shift/shift_list.html', {'error': True})
  File "/opt/anaconda3/envs/aps/lib/python3.10/site-packages/django/shortcuts.py", line 25, in render
    content = loader.render_to_string(template_name, context, request, using=using)
  File "/opt/anaconda3/envs/aps/lib/python3.10/site-packages/django/template/loader.py", line 61, in render_to_string
    template = get_template(template_name, using=using)
  File "/opt/anaconda3/envs/aps/lib/python3.10/site-packages/django/template/loader.py", line 15, in get_template
    return engine.get_template(template_name)
  File "/opt/anaconda3/envs/aps/lib/python3.10/site-packages/django/template/backends/django.py", line 33, in get_template
    return Template(self.engine.get_template(template_name), self)
  File "/opt/anaconda3/envs/aps/lib/python3.10/site-packages/django/template/engine.py", line 177, in get_template
    template, origin = self.find_template(template_name)
  File "/opt/anaconda3/envs/aps/lib/python3.10/site-packages/django/template/engine.py", line 159, in find_template
    template = loader.get_template(name, skip=skip)
  File "/opt/anaconda3/envs/aps/lib/python3.10/site-packages/django/template/loaders/cached.py", line 57, in get_template
    template = super().get_template(template_name, skip)
  File "/opt/anaconda3/envs/aps/lib/python3.10/site-packages/django/template/loaders/base.py", line 28, in get_template
    return Template(
  File "/opt/anaconda3/envs/aps/lib/python3.10/site-packages/django/template/base.py", line 154, in __init__
    self.nodelist = self.compile_nodelist()
  File "/opt/anaconda3/envs/aps/lib/python3.10/site-packages/django/template/base.py", line 196, in compile_nodelist
    return parser.parse()
  File "/opt/anaconda3/envs/aps/lib/python3.10/site-packages/django/template/base.py", line 510, in parse
    raise self.error(token, e)
  File "/opt/anaconda3/envs/aps/lib/python3.10/site-packages/django/template/base.py", line 508, in parse
    compiled_result = compile_func(self, token)
  File "/opt/anaconda3/envs/aps/lib/python3.10/site-packages/django/template/loader_tags.py", line 295, in do_extends
    nodelist = parser.parse()
  File "/opt/anaconda3/envs/aps/lib/python3.10/site-packages/django/template/base.py", line 510, in parse
    raise self.error(token, e)
  File "/opt/anaconda3/envs/aps/lib/python3.10/site-packages/django/template/base.py", line 508, in parse
    compiled_result = compile_func(self, token)
  File "/opt/anaconda3/envs/aps/lib/python3.10/site-packages/django/template/loader_tags.py", line 234, in do_block
    nodelist = parser.parse(("endblock",))
  File "/opt/anaconda3/envs/aps/lib/python3.10/site-packages/django/template/base.py", line 510, in parse
    raise self.error(token, e)
  File "/opt/anaconda3/envs/aps/lib/python3.10/site-packages/django/template/base.py", line 508, in parse
    compiled_result = compile_func(self, token)
  File "/opt/anaconda3/envs/aps/lib/python3.10/site-packages/django/template/defaulttags.py", line 960, in do_if
    condition = TemplateIfParser(parser, bits).parse()
  File "/opt/anaconda3/envs/aps/lib/python3.10/site-packages/django/template/defaulttags.py", line 893, in __init__
    super().__init__(*args, **kwargs)
  File "/opt/anaconda3/envs/aps/lib/python3.10/site-packages/django/template/smartif.py", line 171, in __init__
    mapped_tokens.append(self.translate_token(token))
  File "/opt/anaconda3/envs/aps/lib/python3.10/site-packages/django/template/smartif.py", line 182, in translate_token
    return self.create_var(token)
  File "/opt/anaconda3/envs/aps/lib/python3.10/site-packages/django/template/defaulttags.py", line 896, in create_var
    return TemplateLiteral(self.template_parser.compile_filter(value), value)
  File "/opt/anaconda3/envs/aps/lib/python3.10/site-packages/django/template/base.py", line 597, in compile_filter
    return FilterExpression(token, self)
  File "/opt/anaconda3/envs/aps/lib/python3.10/site-packages/django/template/base.py", line 698, in __init__
    raise TemplateSyntaxError(
django.template.exceptions.TemplateSyntaxError: Could not parse the remainder: '=='Weekdays'' from 'request.GET.work_days=='Weekdays''
[2025-06-29 22:51:26] ERROR - django.request - log_response:241 - Internal Server Error: /api/session/update/
[2025-06-29 22:51:56] ERROR - django.request - log_response:241 - Internal Server Error: /api/session/update/
[2025-06-29 22:53:06] ERROR - django.request - log_response:241 - Internal Server Error: /api/session/update/
[2025-06-29 22:53:19] ERROR - django.request - log_response:241 - Internal Server Error: /api/session/update/
[2025-06-29 22:55:37] ERROR - django.request - log_response:241 - Internal Server Error: /api/session/update/
[2025-06-29 22:59:08] ERROR - django.request - log_response:241 - Internal Server Error: /api/session/update/
[2025-06-29 23:02:28] ERROR - django.request - log_response:241 - Internal Server Error: /api/session/update/
[2025-06-29 23:02:57] ERROR - django.request - log_response:241 - Internal Server Error: /api/session/update/
[2025-06-29 23:03:30] ERROR - django.request - log_response:241 - Internal Server Error: /api/session/update/
[2025-06-29 23:12:49] ERROR - django.request - log_response:241 - Internal Server Error: /shift/shifts/
Traceback (most recent call last):
  File "/opt/anaconda3/envs/aps/lib/python3.10/site-packages/django/template/smartif.py", line 180, in translate_token
    op = OPERATORS[token]
KeyError: "request.GET.work_days=='Weekdays'"

During handling of the above exception, another exception occurred:

Traceback (most recent call last):
  File "/Users/harshalsmac/WORK/ardur/ardurPeopleSoft/trueAlign/shift/views.py", line 321, in shift_list
    return render(request, 'shift/shift_list.html', context)
  File "/opt/anaconda3/envs/aps/lib/python3.10/site-packages/django/shortcuts.py", line 25, in render
    content = loader.render_to_string(template_name, context, request, using=using)
  File "/opt/anaconda3/envs/aps/lib/python3.10/site-packages/django/template/loader.py", line 61, in render_to_string
    template = get_template(template_name, using=using)
  File "/opt/anaconda3/envs/aps/lib/python3.10/site-packages/django/template/loader.py", line 15, in get_template
    return engine.get_template(template_name)
  File "/opt/anaconda3/envs/aps/lib/python3.10/site-packages/django/template/backends/django.py", line 33, in get_template
    return Template(self.engine.get_template(template_name), self)
  File "/opt/anaconda3/envs/aps/lib/python3.10/site-packages/django/template/engine.py", line 177, in get_template
    template, origin = self.find_template(template_name)
  File "/opt/anaconda3/envs/aps/lib/python3.10/site-packages/django/template/engine.py", line 159, in find_template
    template = loader.get_template(name, skip=skip)
  File "/opt/anaconda3/envs/aps/lib/python3.10/site-packages/django/template/loaders/cached.py", line 57, in get_template
    template = super().get_template(template_name, skip)
  File "/opt/anaconda3/envs/aps/lib/python3.10/site-packages/django/template/loaders/base.py", line 28, in get_template
    return Template(
  File "/opt/anaconda3/envs/aps/lib/python3.10/site-packages/django/template/base.py", line 154, in __init__
    self.nodelist = self.compile_nodelist()
  File "/opt/anaconda3/envs/aps/lib/python3.10/site-packages/django/template/base.py", line 196, in compile_nodelist
    return parser.parse()
  File "/opt/anaconda3/envs/aps/lib/python3.10/site-packages/django/template/base.py", line 510, in parse
    raise self.error(token, e)
  File "/opt/anaconda3/envs/aps/lib/python3.10/site-packages/django/template/base.py", line 508, in parse
    compiled_result = compile_func(self, token)
  File "/opt/anaconda3/envs/aps/lib/python3.10/site-packages/django/template/loader_tags.py", line 295, in do_extends
    nodelist = parser.parse()
  File "/opt/anaconda3/envs/aps/lib/python3.10/site-packages/django/template/base.py", line 510, in parse
    raise self.error(token, e)
  File "/opt/anaconda3/envs/aps/lib/python3.10/site-packages/django/template/base.py", line 508, in parse
    compiled_result = compile_func(self, token)
  File "/opt/anaconda3/envs/aps/lib/python3.10/site-packages/django/template/loader_tags.py", line 234, in do_block
    nodelist = parser.parse(("endblock",))
  File "/opt/anaconda3/envs/aps/lib/python3.10/site-packages/django/template/base.py", line 510, in parse
    raise self.error(token, e)
  File "/opt/anaconda3/envs/aps/lib/python3.10/site-packages/django/template/base.py", line 508, in parse
    compiled_result = compile_func(self, token)
  File "/opt/anaconda3/envs/aps/lib/python3.10/site-packages/django/template/defaulttags.py", line 960, in do_if
    condition = TemplateIfParser(parser, bits).parse()
  File "/opt/anaconda3/envs/aps/lib/python3.10/site-packages/django/template/defaulttags.py", line 893, in __init__
    super().__init__(*args, **kwargs)
  File "/opt/anaconda3/envs/aps/lib/python3.10/site-packages/django/template/smartif.py", line 171, in __init__
    mapped_tokens.append(self.translate_token(token))
  File "/opt/anaconda3/envs/aps/lib/python3.10/site-packages/django/template/smartif.py", line 182, in translate_token
    return self.create_var(token)
  File "/opt/anaconda3/envs/aps/lib/python3.10/site-packages/django/template/defaulttags.py", line 896, in create_var
    return TemplateLiteral(self.template_parser.compile_filter(value), value)
  File "/opt/anaconda3/envs/aps/lib/python3.10/site-packages/django/template/base.py", line 597, in compile_filter
    return FilterExpression(token, self)
  File "/opt/anaconda3/envs/aps/lib/python3.10/site-packages/django/template/base.py", line 698, in __init__
    raise TemplateSyntaxError(
django.template.exceptions.TemplateSyntaxError: Could not parse the remainder: '=='Weekdays'' from 'request.GET.work_days=='Weekdays''

During handling of the above exception, another exception occurred:

Traceback (most recent call last):
  File "/opt/anaconda3/envs/aps/lib/python3.10/site-packages/django/template/smartif.py", line 180, in translate_token
    op = OPERATORS[token]
KeyError: "request.GET.work_days=='Weekdays'"

During handling of the above exception, another exception occurred:

Traceback (most recent call last):
  File "/opt/anaconda3/envs/aps/lib/python3.10/site-packages/django/core/handlers/exception.py", line 55, in inner
    response = get_response(request)
  File "/opt/anaconda3/envs/aps/lib/python3.10/site-packages/django/core/handlers/base.py", line 197, in _get_response
    response = wrapped_callback(request, *callback_args, **callback_kwargs)
  File "/opt/anaconda3/envs/aps/lib/python3.10/site-packages/django/contrib/auth/decorators.py", line 23, in _wrapper_view
    return view_func(request, *args, **kwargs)
  File "/Users/harshalsmac/WORK/ardur/ardurPeopleSoft/trueAlign/shift/decorators.py", line 53, in wrapper_func
    return view_func(request, *args, **kwargs)
  File "/Users/harshalsmac/WORK/ardur/ardurPeopleSoft/trueAlign/shift/views.py", line 79, in wrapper
    result = func(request, *args, **kwargs)
  File "/Users/harshalsmac/WORK/ardur/ardurPeopleSoft/trueAlign/shift/views.py", line 327, in shift_list
    return render(request, 'shift/shift_list.html', {'error': True})
  File "/opt/anaconda3/envs/aps/lib/python3.10/site-packages/django/shortcuts.py", line 25, in render
    content = loader.render_to_string(template_name, context, request, using=using)
  File "/opt/anaconda3/envs/aps/lib/python3.10/site-packages/django/template/loader.py", line 61, in render_to_string
    template = get_template(template_name, using=using)
  File "/opt/anaconda3/envs/aps/lib/python3.10/site-packages/django/template/loader.py", line 15, in get_template
    return engine.get_template(template_name)
  File "/opt/anaconda3/envs/aps/lib/python3.10/site-packages/django/template/backends/django.py", line 33, in get_template
    return Template(self.engine.get_template(template_name), self)
  File "/opt/anaconda3/envs/aps/lib/python3.10/site-packages/django/template/engine.py", line 177, in get_template
    template, origin = self.find_template(template_name)
  File "/opt/anaconda3/envs/aps/lib/python3.10/site-packages/django/template/engine.py", line 159, in find_template
    template = loader.get_template(name, skip=skip)
  File "/opt/anaconda3/envs/aps/lib/python3.10/site-packages/django/template/loaders/cached.py", line 57, in get_template
    template = super().get_template(template_name, skip)
  File "/opt/anaconda3/envs/aps/lib/python3.10/site-packages/django/template/loaders/base.py", line 28, in get_template
    return Template(
  File "/opt/anaconda3/envs/aps/lib/python3.10/site-packages/django/template/base.py", line 154, in __init__
    self.nodelist = self.compile_nodelist()
  File "/opt/anaconda3/envs/aps/lib/python3.10/site-packages/django/template/base.py", line 196, in compile_nodelist
    return parser.parse()
  File "/opt/anaconda3/envs/aps/lib/python3.10/site-packages/django/template/base.py", line 510, in parse
    raise self.error(token, e)
  File "/opt/anaconda3/envs/aps/lib/python3.10/site-packages/django/template/base.py", line 508, in parse
    compiled_result = compile_func(self, token)
  File "/opt/anaconda3/envs/aps/lib/python3.10/site-packages/django/template/loader_tags.py", line 295, in do_extends
    nodelist = parser.parse()
  File "/opt/anaconda3/envs/aps/lib/python3.10/site-packages/django/template/base.py", line 510, in parse
    raise self.error(token, e)
  File "/opt/anaconda3/envs/aps/lib/python3.10/site-packages/django/template/base.py", line 508, in parse
    compiled_result = compile_func(self, token)
  File "/opt/anaconda3/envs/aps/lib/python3.10/site-packages/django/template/loader_tags.py", line 234, in do_block
    nodelist = parser.parse(("endblock",))
  File "/opt/anaconda3/envs/aps/lib/python3.10/site-packages/django/template/base.py", line 510, in parse
    raise self.error(token, e)
  File "/opt/anaconda3/envs/aps/lib/python3.10/site-packages/django/template/base.py", line 508, in parse
    compiled_result = compile_func(self, token)
  File "/opt/anaconda3/envs/aps/lib/python3.10/site-packages/django/template/defaulttags.py", line 960, in do_if
    condition = TemplateIfParser(parser, bits).parse()
  File "/opt/anaconda3/envs/aps/lib/python3.10/site-packages/django/template/defaulttags.py", line 893, in __init__
    super().__init__(*args, **kwargs)
  File "/opt/anaconda3/envs/aps/lib/python3.10/site-packages/django/template/smartif.py", line 171, in __init__
    mapped_tokens.append(self.translate_token(token))
  File "/opt/anaconda3/envs/aps/lib/python3.10/site-packages/django/template/smartif.py", line 182, in translate_token
    return self.create_var(token)
  File "/opt/anaconda3/envs/aps/lib/python3.10/site-packages/django/template/defaulttags.py", line 896, in create_var
    return TemplateLiteral(self.template_parser.compile_filter(value), value)
  File "/opt/anaconda3/envs/aps/lib/python3.10/site-packages/django/template/base.py", line 597, in compile_filter
    return FilterExpression(token, self)
  File "/opt/anaconda3/envs/aps/lib/python3.10/site-packages/django/template/base.py", line 698, in __init__
    raise TemplateSyntaxError(
django.template.exceptions.TemplateSyntaxError: Could not parse the remainder: '=='Weekdays'' from 'request.GET.work_days=='Weekdays''
[2025-06-29 23:12:49] ERROR - django.request - log_response:241 - Internal Server Error: /api/session/update/
[2025-06-29 23:16:46] ERROR - django.request - log_response:241 - Internal Server Error: /api/session/update/
[2025-06-29 23:21:28] ERROR - django.request - log_response:241 - Internal Server Error: /api/session/update/
[2025-06-29 23:24:10] ERROR - django.request - log_response:241 - Internal Server Error: /api/session/update/
[2025-06-29 23:27:24] ERROR - django.request - log_response:241 - Internal Server Error: /shift/shifts/
Traceback (most recent call last):
  File "/Users/harshalsmac/WORK/ardur/ardurPeopleSoft/trueAlign/shift/views.py", line 407, in shift_list
    return render(request, 'shift/shift_list.html', context)
  File "/opt/anaconda3/envs/aps/lib/python3.10/site-packages/django/shortcuts.py", line 25, in render
    content = loader.render_to_string(template_name, context, request, using=using)
  File "/opt/anaconda3/envs/aps/lib/python3.10/site-packages/django/template/loader.py", line 62, in render_to_string
    return template.render(context, request)
  File "/opt/anaconda3/envs/aps/lib/python3.10/site-packages/django/template/backends/django.py", line 61, in render
    return self.template.render(context)
  File "/opt/anaconda3/envs/aps/lib/python3.10/site-packages/django/template/base.py", line 171, in render
    return self._render(context)
  File "/opt/anaconda3/envs/aps/lib/python3.10/site-packages/django/template/base.py", line 163, in _render
    return self.nodelist.render(context)
  File "/opt/anaconda3/envs/aps/lib/python3.10/site-packages/django/template/base.py", line 1000, in render
    return SafeString("".join([node.render_annotated(context) for node in self]))
  File "/opt/anaconda3/envs/aps/lib/python3.10/site-packages/django/template/base.py", line 1000, in <listcomp>
    return SafeString("".join([node.render_annotated(context) for node in self]))
  File "/opt/anaconda3/envs/aps/lib/python3.10/site-packages/django/template/base.py", line 961, in render_annotated
    return self.render(context)
  File "/opt/anaconda3/envs/aps/lib/python3.10/site-packages/django/template/loader_tags.py", line 159, in render
    return compiled_parent._render(context)
  File "/opt/anaconda3/envs/aps/lib/python3.10/site-packages/django/template/base.py", line 163, in _render
    return self.nodelist.render(context)
  File "/opt/anaconda3/envs/aps/lib/python3.10/site-packages/django/template/base.py", line 1000, in render
    return SafeString("".join([node.render_annotated(context) for node in self]))
  File "/opt/anaconda3/envs/aps/lib/python3.10/site-packages/django/template/base.py", line 1000, in <listcomp>
    return SafeString("".join([node.render_annotated(context) for node in self]))
  File "/opt/anaconda3/envs/aps/lib/python3.10/site-packages/django/template/base.py", line 961, in render_annotated
    return self.render(context)
  File "/opt/anaconda3/envs/aps/lib/python3.10/site-packages/django/template/loader_tags.py", line 65, in render
    result = block.nodelist.render(context)
  File "/opt/anaconda3/envs/aps/lib/python3.10/site-packages/django/template/base.py", line 1000, in render
    return SafeString("".join([node.render_annotated(context) for node in self]))
  File "/opt/anaconda3/envs/aps/lib/python3.10/site-packages/django/template/base.py", line 1000, in <listcomp>
    return SafeString("".join([node.render_annotated(context) for node in self]))
  File "/opt/anaconda3/envs/aps/lib/python3.10/site-packages/django/template/base.py", line 961, in render_annotated
    return self.render(context)
  File "/opt/anaconda3/envs/aps/lib/python3.10/site-packages/django/template/defaulttags.py", line 197, in render
    values = list(values)
TypeError: 'SimplePaginator' object is not iterable

During handling of the above exception, another exception occurred:

Traceback (most recent call last):
  File "/opt/anaconda3/envs/aps/lib/python3.10/site-packages/django/core/handlers/exception.py", line 55, in inner
    response = get_response(request)
  File "/opt/anaconda3/envs/aps/lib/python3.10/site-packages/django/core/handlers/base.py", line 197, in _get_response
    response = wrapped_callback(request, *callback_args, **callback_kwargs)
  File "/opt/anaconda3/envs/aps/lib/python3.10/site-packages/django/contrib/auth/decorators.py", line 23, in _wrapper_view
    return view_func(request, *args, **kwargs)
  File "/Users/harshalsmac/WORK/ardur/ardurPeopleSoft/trueAlign/shift/decorators.py", line 53, in wrapper_func
    return view_func(request, *args, **kwargs)
  File "/Users/harshalsmac/WORK/ardur/ardurPeopleSoft/trueAlign/shift/views.py", line 79, in wrapper
    result = func(request, *args, **kwargs)
  File "/Users/harshalsmac/WORK/ardur/ardurPeopleSoft/trueAlign/shift/views.py", line 442, in shift_list
    return render(request, 'shift/shift_list.html', context)
  File "/opt/anaconda3/envs/aps/lib/python3.10/site-packages/django/shortcuts.py", line 25, in render
    content = loader.render_to_string(template_name, context, request, using=using)
  File "/opt/anaconda3/envs/aps/lib/python3.10/site-packages/django/template/loader.py", line 62, in render_to_string
    return template.render(context, request)
  File "/opt/anaconda3/envs/aps/lib/python3.10/site-packages/django/template/backends/django.py", line 61, in render
    return self.template.render(context)
  File "/opt/anaconda3/envs/aps/lib/python3.10/site-packages/django/template/base.py", line 171, in render
    return self._render(context)
  File "/opt/anaconda3/envs/aps/lib/python3.10/site-packages/django/template/base.py", line 163, in _render
    return self.nodelist.render(context)
  File "/opt/anaconda3/envs/aps/lib/python3.10/site-packages/django/template/base.py", line 1000, in render
    return SafeString("".join([node.render_annotated(context) for node in self]))
  File "/opt/anaconda3/envs/aps/lib/python3.10/site-packages/django/template/base.py", line 1000, in <listcomp>
    return SafeString("".join([node.render_annotated(context) for node in self]))
  File "/opt/anaconda3/envs/aps/lib/python3.10/site-packages/django/template/base.py", line 961, in render_annotated
    return self.render(context)
  File "/opt/anaconda3/envs/aps/lib/python3.10/site-packages/django/template/loader_tags.py", line 159, in render
    return compiled_parent._render(context)
  File "/opt/anaconda3/envs/aps/lib/python3.10/site-packages/django/template/base.py", line 163, in _render
    return self.nodelist.render(context)
  File "/opt/anaconda3/envs/aps/lib/python3.10/site-packages/django/template/base.py", line 1000, in render
    return SafeString("".join([node.render_annotated(context) for node in self]))
  File "/opt/anaconda3/envs/aps/lib/python3.10/site-packages/django/template/base.py", line 1000, in <listcomp>
    return SafeString("".join([node.render_annotated(context) for node in self]))
  File "/opt/anaconda3/envs/aps/lib/python3.10/site-packages/django/template/base.py", line 961, in render_annotated
    return self.render(context)
  File "/opt/anaconda3/envs/aps/lib/python3.10/site-packages/django/template/loader_tags.py", line 65, in render
    result = block.nodelist.render(context)
  File "/opt/anaconda3/envs/aps/lib/python3.10/site-packages/django/template/base.py", line 1000, in render
    return SafeString("".join([node.render_annotated(context) for node in self]))
  File "/opt/anaconda3/envs/aps/lib/python3.10/site-packages/django/template/base.py", line 1000, in <listcomp>
    return SafeString("".join([node.render_annotated(context) for node in self]))
  File "/opt/anaconda3/envs/aps/lib/python3.10/site-packages/django/template/base.py", line 961, in render_annotated
    return self.render(context)
  File "/opt/anaconda3/envs/aps/lib/python3.10/site-packages/django/template/defaulttags.py", line 197, in render
    values = list(values)
TypeError: 'EmptyPaginator' object is not iterable
[2025-06-29 23:28:51] ERROR - django.request - log_response:241 - Internal Server Error: /api/session/update/
[2025-06-29 23:29:32] ERROR - django.request - log_response:241 - Internal Server Error: /shift/shifts/9/update/
Traceback (most recent call last):
  File "/opt/anaconda3/envs/aps/lib/python3.10/site-packages/django/core/handlers/exception.py", line 55, in inner
    response = get_response(request)
  File "/opt/anaconda3/envs/aps/lib/python3.10/site-packages/django/core/handlers/base.py", line 197, in _get_response
    response = wrapped_callback(request, *callback_args, **callback_kwargs)
  File "/opt/anaconda3/envs/aps/lib/python3.10/site-packages/django/contrib/auth/decorators.py", line 23, in _wrapper_view
    return view_func(request, *args, **kwargs)
  File "/Users/harshalsmac/WORK/ardur/ardurPeopleSoft/trueAlign/shift/decorators.py", line 53, in wrapper_func
    return view_func(request, *args, **kwargs)
  File "/opt/anaconda3/envs/aps/lib/python3.10/site-packages/django/views/decorators/http.py", line 64, in inner
    return func(request, *args, **kwargs)
  File "/Users/harshalsmac/WORK/ardur/ardurPeopleSoft/trueAlign/shift/views.py", line 79, in wrapper
    result = func(request, *args, **kwargs)
  File "/Users/harshalsmac/WORK/ardur/ardurPeopleSoft/trueAlign/shift/views.py", line 555, in update_shift
    'description': shift.description,
AttributeError: 'ShiftMaster' object has no attribute 'description'
[2025-06-29 23:30:19] ERROR - django.request - log_response:241 - Internal Server Error: /api/session/update/
[2025-06-29 23:31:32] ERROR - django.request - log_response:241 - Internal Server Error: /api/session/update/
[2025-06-29 23:31:50] ERROR - django.request - log_response:241 - Internal Server Error: /api/session/update/
[2025-06-29 23:34:35] ERROR - django.request - log_response:241 - Internal Server Error: /api/session/update/
[2025-06-29 23:34:39] ERROR - django.request - log_response:241 - Internal Server Error: /api/session/update/
[2025-06-29 23:37:43] ERROR - django.request - log_response:241 - Internal Server Error: /api/session/update/
[2025-06-29 23:37:46] ERROR - django.request - log_response:241 - Internal Server Error: /api/session/update/
[2025-06-29 23:38:10] ERROR - django.request - log_response:241 - Internal Server Error: /api/session/update/
[2025-06-29 23:38:13] ERROR - django.request - log_response:241 - Internal Server Error: /api/session/update/
[2025-06-29 23:39:18] ERROR - django.request - log_response:241 - Internal Server Error: /api/session/update/
[2025-06-29 23:39:21] ERROR - django.request - log_response:241 - Internal Server Error: /api/session/update/
[2025-06-29 23:41:29] ERROR - django.request - log_response:241 - Internal Server Error: /api/session/update/
[2025-06-29 23:48:44] ERROR - django.request - log_response:241 - Internal Server Error: /shift/shifts/
Traceback (most recent call last):
  File "/opt/anaconda3/envs/aps/lib/python3.10/site-packages/django/template/smartif.py", line 180, in translate_token
    op = OPERATORS[token]
KeyError: "request.GET.work_days=='Weekdays'"

During handling of the above exception, another exception occurred:

Traceback (most recent call last):
  File "/Users/harshalsmac/WORK/ardur/ardurPeopleSoft/trueAlign/shift/views.py", line 409, in shift_list
    return render(request, 'shift/shift_list.html', context)
  File "/opt/anaconda3/envs/aps/lib/python3.10/site-packages/django/shortcuts.py", line 25, in render
    content = loader.render_to_string(template_name, context, request, using=using)
  File "/opt/anaconda3/envs/aps/lib/python3.10/site-packages/django/template/loader.py", line 61, in render_to_string
    template = get_template(template_name, using=using)
  File "/opt/anaconda3/envs/aps/lib/python3.10/site-packages/django/template/loader.py", line 15, in get_template
    return engine.get_template(template_name)
  File "/opt/anaconda3/envs/aps/lib/python3.10/site-packages/django/template/backends/django.py", line 33, in get_template
    return Template(self.engine.get_template(template_name), self)
  File "/opt/anaconda3/envs/aps/lib/python3.10/site-packages/django/template/engine.py", line 177, in get_template
    template, origin = self.find_template(template_name)
  File "/opt/anaconda3/envs/aps/lib/python3.10/site-packages/django/template/engine.py", line 159, in find_template
    template = loader.get_template(name, skip=skip)
  File "/opt/anaconda3/envs/aps/lib/python3.10/site-packages/django/template/loaders/cached.py", line 57, in get_template
    template = super().get_template(template_name, skip)
  File "/opt/anaconda3/envs/aps/lib/python3.10/site-packages/django/template/loaders/base.py", line 28, in get_template
    return Template(
  File "/opt/anaconda3/envs/aps/lib/python3.10/site-packages/django/template/base.py", line 154, in __init__
    self.nodelist = self.compile_nodelist()
  File "/opt/anaconda3/envs/aps/lib/python3.10/site-packages/django/template/base.py", line 196, in compile_nodelist
    return parser.parse()
  File "/opt/anaconda3/envs/aps/lib/python3.10/site-packages/django/template/base.py", line 510, in parse
    raise self.error(token, e)
  File "/opt/anaconda3/envs/aps/lib/python3.10/site-packages/django/template/base.py", line 508, in parse
    compiled_result = compile_func(self, token)
  File "/opt/anaconda3/envs/aps/lib/python3.10/site-packages/django/template/loader_tags.py", line 295, in do_extends
    nodelist = parser.parse()
  File "/opt/anaconda3/envs/aps/lib/python3.10/site-packages/django/template/base.py", line 510, in parse
    raise self.error(token, e)
  File "/opt/anaconda3/envs/aps/lib/python3.10/site-packages/django/template/base.py", line 508, in parse
    compiled_result = compile_func(self, token)
  File "/opt/anaconda3/envs/aps/lib/python3.10/site-packages/django/template/loader_tags.py", line 234, in do_block
    nodelist = parser.parse(("endblock",))
  File "/opt/anaconda3/envs/aps/lib/python3.10/site-packages/django/template/base.py", line 510, in parse
    raise self.error(token, e)
  File "/opt/anaconda3/envs/aps/lib/python3.10/site-packages/django/template/base.py", line 508, in parse
    compiled_result = compile_func(self, token)
  File "/opt/anaconda3/envs/aps/lib/python3.10/site-packages/django/template/defaulttags.py", line 960, in do_if
    condition = TemplateIfParser(parser, bits).parse()
  File "/opt/anaconda3/envs/aps/lib/python3.10/site-packages/django/template/defaulttags.py", line 893, in __init__
    super().__init__(*args, **kwargs)
  File "/opt/anaconda3/envs/aps/lib/python3.10/site-packages/django/template/smartif.py", line 171, in __init__
    mapped_tokens.append(self.translate_token(token))
  File "/opt/anaconda3/envs/aps/lib/python3.10/site-packages/django/template/smartif.py", line 182, in translate_token
    return self.create_var(token)
  File "/opt/anaconda3/envs/aps/lib/python3.10/site-packages/django/template/defaulttags.py", line 896, in create_var
    return TemplateLiteral(self.template_parser.compile_filter(value), value)
  File "/opt/anaconda3/envs/aps/lib/python3.10/site-packages/django/template/base.py", line 597, in compile_filter
    return FilterExpression(token, self)
  File "/opt/anaconda3/envs/aps/lib/python3.10/site-packages/django/template/base.py", line 698, in __init__
    raise TemplateSyntaxError(
django.template.exceptions.TemplateSyntaxError: Could not parse the remainder: '=='Weekdays'' from 'request.GET.work_days=='Weekdays''

During handling of the above exception, another exception occurred:

Traceback (most recent call last):
  File "/opt/anaconda3/envs/aps/lib/python3.10/site-packages/django/template/smartif.py", line 180, in translate_token
    op = OPERATORS[token]
KeyError: "request.GET.work_days=='Weekdays'"

During handling of the above exception, another exception occurred:

Traceback (most recent call last):
  File "/opt/anaconda3/envs/aps/lib/python3.10/site-packages/django/core/handlers/exception.py", line 55, in inner
    response = get_response(request)
  File "/opt/anaconda3/envs/aps/lib/python3.10/site-packages/django/core/handlers/base.py", line 197, in _get_response
    response = wrapped_callback(request, *callback_args, **callback_kwargs)
  File "/opt/anaconda3/envs/aps/lib/python3.10/site-packages/django/contrib/auth/decorators.py", line 23, in _wrapper_view
    return view_func(request, *args, **kwargs)
  File "/Users/harshalsmac/WORK/ardur/ardurPeopleSoft/trueAlign/shift/decorators.py", line 53, in wrapper_func
    return view_func(request, *args, **kwargs)
  File "/Users/harshalsmac/WORK/ardur/ardurPeopleSoft/trueAlign/shift/views.py", line 79, in wrapper
    result = func(request, *args, **kwargs)
  File "/Users/harshalsmac/WORK/ardur/ardurPeopleSoft/trueAlign/shift/views.py", line 463, in shift_list
    return render(request, 'shift/shift_list.html', context)
  File "/opt/anaconda3/envs/aps/lib/python3.10/site-packages/django/shortcuts.py", line 25, in render
    content = loader.render_to_string(template_name, context, request, using=using)
  File "/opt/anaconda3/envs/aps/lib/python3.10/site-packages/django/template/loader.py", line 61, in render_to_string
    template = get_template(template_name, using=using)
  File "/opt/anaconda3/envs/aps/lib/python3.10/site-packages/django/template/loader.py", line 15, in get_template
    return engine.get_template(template_name)
  File "/opt/anaconda3/envs/aps/lib/python3.10/site-packages/django/template/backends/django.py", line 33, in get_template
    return Template(self.engine.get_template(template_name), self)
  File "/opt/anaconda3/envs/aps/lib/python3.10/site-packages/django/template/engine.py", line 177, in get_template
    template, origin = self.find_template(template_name)
  File "/opt/anaconda3/envs/aps/lib/python3.10/site-packages/django/template/engine.py", line 159, in find_template
    template = loader.get_template(name, skip=skip)
  File "/opt/anaconda3/envs/aps/lib/python3.10/site-packages/django/template/loaders/cached.py", line 57, in get_template
    template = super().get_template(template_name, skip)
  File "/opt/anaconda3/envs/aps/lib/python3.10/site-packages/django/template/loaders/base.py", line 28, in get_template
    return Template(
  File "/opt/anaconda3/envs/aps/lib/python3.10/site-packages/django/template/base.py", line 154, in __init__
    self.nodelist = self.compile_nodelist()
  File "/opt/anaconda3/envs/aps/lib/python3.10/site-packages/django/template/base.py", line 196, in compile_nodelist
    return parser.parse()
  File "/opt/anaconda3/envs/aps/lib/python3.10/site-packages/django/template/base.py", line 510, in parse
    raise self.error(token, e)
  File "/opt/anaconda3/envs/aps/lib/python3.10/site-packages/django/template/base.py", line 508, in parse
    compiled_result = compile_func(self, token)
  File "/opt/anaconda3/envs/aps/lib/python3.10/site-packages/django/template/loader_tags.py", line 295, in do_extends
    nodelist = parser.parse()
  File "/opt/anaconda3/envs/aps/lib/python3.10/site-packages/django/template/base.py", line 510, in parse
    raise self.error(token, e)
  File "/opt/anaconda3/envs/aps/lib/python3.10/site-packages/django/template/base.py", line 508, in parse
    compiled_result = compile_func(self, token)
  File "/opt/anaconda3/envs/aps/lib/python3.10/site-packages/django/template/loader_tags.py", line 234, in do_block
    nodelist = parser.parse(("endblock",))
  File "/opt/anaconda3/envs/aps/lib/python3.10/site-packages/django/template/base.py", line 510, in parse
    raise self.error(token, e)
  File "/opt/anaconda3/envs/aps/lib/python3.10/site-packages/django/template/base.py", line 508, in parse
    compiled_result = compile_func(self, token)
  File "/opt/anaconda3/envs/aps/lib/python3.10/site-packages/django/template/defaulttags.py", line 960, in do_if
    condition = TemplateIfParser(parser, bits).parse()
  File "/opt/anaconda3/envs/aps/lib/python3.10/site-packages/django/template/defaulttags.py", line 893, in __init__
    super().__init__(*args, **kwargs)
  File "/opt/anaconda3/envs/aps/lib/python3.10/site-packages/django/template/smartif.py", line 171, in __init__
    mapped_tokens.append(self.translate_token(token))
  File "/opt/anaconda3/envs/aps/lib/python3.10/site-packages/django/template/smartif.py", line 182, in translate_token
    return self.create_var(token)
  File "/opt/anaconda3/envs/aps/lib/python3.10/site-packages/django/template/defaulttags.py", line 896, in create_var
    return TemplateLiteral(self.template_parser.compile_filter(value), value)
  File "/opt/anaconda3/envs/aps/lib/python3.10/site-packages/django/template/base.py", line 597, in compile_filter
    return FilterExpression(token, self)
  File "/opt/anaconda3/envs/aps/lib/python3.10/site-packages/django/template/base.py", line 698, in __init__
    raise TemplateSyntaxError(
django.template.exceptions.TemplateSyntaxError: Could not parse the remainder: '=='Weekdays'' from 'request.GET.work_days=='Weekdays''
[2025-06-29 23:48:44] ERROR - django.request - log_response:241 - Internal Server Error: /api/session/update/
[2025-06-29 23:49:01] ERROR - django.request - log_response:241 - Internal Server Error: /api/session/update/
[2025-06-29 23:51:14] ERROR - django.request - log_response:241 - Internal Server Error: /api/session/update/
[2025-06-29 23:54:27] ERROR - django.request - log_response:241 - Internal Server Error: /api/session/update/
[2025-06-29 23:54:57] ERROR - django.request - log_response:241 - Internal Server Error: /shift/shifts/
Traceback (most recent call last):
  File "/opt/anaconda3/envs/aps/lib/python3.10/site-packages/django/template/smartif.py", line 180, in translate_token
    op = OPERATORS[token]
KeyError: "request.GET.work_days=='Weekdays'"

During handling of the above exception, another exception occurred:

Traceback (most recent call last):
  File "/Users/harshalsmac/WORK/ardur/ardurPeopleSoft/trueAlign/shift/views.py", line 409, in shift_list
    return render(request, 'shift/shift_list.html', context)
  File "/opt/anaconda3/envs/aps/lib/python3.10/site-packages/django/shortcuts.py", line 25, in render
    content = loader.render_to_string(template_name, context, request, using=using)
  File "/opt/anaconda3/envs/aps/lib/python3.10/site-packages/django/template/loader.py", line 61, in render_to_string
    template = get_template(template_name, using=using)
  File "/opt/anaconda3/envs/aps/lib/python3.10/site-packages/django/template/loader.py", line 15, in get_template
    return engine.get_template(template_name)
  File "/opt/anaconda3/envs/aps/lib/python3.10/site-packages/django/template/backends/django.py", line 33, in get_template
    return Template(self.engine.get_template(template_name), self)
  File "/opt/anaconda3/envs/aps/lib/python3.10/site-packages/django/template/engine.py", line 177, in get_template
    template, origin = self.find_template(template_name)
  File "/opt/anaconda3/envs/aps/lib/python3.10/site-packages/django/template/engine.py", line 159, in find_template
    template = loader.get_template(name, skip=skip)
  File "/opt/anaconda3/envs/aps/lib/python3.10/site-packages/django/template/loaders/cached.py", line 57, in get_template
    template = super().get_template(template_name, skip)
  File "/opt/anaconda3/envs/aps/lib/python3.10/site-packages/django/template/loaders/base.py", line 28, in get_template
    return Template(
  File "/opt/anaconda3/envs/aps/lib/python3.10/site-packages/django/template/base.py", line 154, in __init__
    self.nodelist = self.compile_nodelist()
  File "/opt/anaconda3/envs/aps/lib/python3.10/site-packages/django/template/base.py", line 196, in compile_nodelist
    return parser.parse()
  File "/opt/anaconda3/envs/aps/lib/python3.10/site-packages/django/template/base.py", line 510, in parse
    raise self.error(token, e)
  File "/opt/anaconda3/envs/aps/lib/python3.10/site-packages/django/template/base.py", line 508, in parse
    compiled_result = compile_func(self, token)
  File "/opt/anaconda3/envs/aps/lib/python3.10/site-packages/django/template/loader_tags.py", line 295, in do_extends
    nodelist = parser.parse()
  File "/opt/anaconda3/envs/aps/lib/python3.10/site-packages/django/template/base.py", line 510, in parse
    raise self.error(token, e)
  File "/opt/anaconda3/envs/aps/lib/python3.10/site-packages/django/template/base.py", line 508, in parse
    compiled_result = compile_func(self, token)
  File "/opt/anaconda3/envs/aps/lib/python3.10/site-packages/django/template/loader_tags.py", line 234, in do_block
    nodelist = parser.parse(("endblock",))
  File "/opt/anaconda3/envs/aps/lib/python3.10/site-packages/django/template/base.py", line 510, in parse
    raise self.error(token, e)
  File "/opt/anaconda3/envs/aps/lib/python3.10/site-packages/django/template/base.py", line 508, in parse
    compiled_result = compile_func(self, token)
  File "/opt/anaconda3/envs/aps/lib/python3.10/site-packages/django/template/defaulttags.py", line 960, in do_if
    condition = TemplateIfParser(parser, bits).parse()
  File "/opt/anaconda3/envs/aps/lib/python3.10/site-packages/django/template/defaulttags.py", line 893, in __init__
    super().__init__(*args, **kwargs)
  File "/opt/anaconda3/envs/aps/lib/python3.10/site-packages/django/template/smartif.py", line 171, in __init__
    mapped_tokens.append(self.translate_token(token))
  File "/opt/anaconda3/envs/aps/lib/python3.10/site-packages/django/template/smartif.py", line 182, in translate_token
    return self.create_var(token)
  File "/opt/anaconda3/envs/aps/lib/python3.10/site-packages/django/template/defaulttags.py", line 896, in create_var
    return TemplateLiteral(self.template_parser.compile_filter(value), value)
  File "/opt/anaconda3/envs/aps/lib/python3.10/site-packages/django/template/base.py", line 597, in compile_filter
    return FilterExpression(token, self)
  File "/opt/anaconda3/envs/aps/lib/python3.10/site-packages/django/template/base.py", line 698, in __init__
    raise TemplateSyntaxError(
django.template.exceptions.TemplateSyntaxError: Could not parse the remainder: '=='Weekdays'' from 'request.GET.work_days=='Weekdays''

During handling of the above exception, another exception occurred:

Traceback (most recent call last):
  File "/opt/anaconda3/envs/aps/lib/python3.10/site-packages/django/template/smartif.py", line 180, in translate_token
    op = OPERATORS[token]
KeyError: "request.GET.work_days=='Weekdays'"

During handling of the above exception, another exception occurred:

Traceback (most recent call last):
  File "/opt/anaconda3/envs/aps/lib/python3.10/site-packages/django/core/handlers/exception.py", line 55, in inner
    response = get_response(request)
  File "/opt/anaconda3/envs/aps/lib/python3.10/site-packages/django/core/handlers/base.py", line 197, in _get_response
    response = wrapped_callback(request, *callback_args, **callback_kwargs)
  File "/opt/anaconda3/envs/aps/lib/python3.10/site-packages/django/contrib/auth/decorators.py", line 23, in _wrapper_view
    return view_func(request, *args, **kwargs)
  File "/Users/harshalsmac/WORK/ardur/ardurPeopleSoft/trueAlign/shift/decorators.py", line 53, in wrapper_func
    return view_func(request, *args, **kwargs)
  File "/Users/harshalsmac/WORK/ardur/ardurPeopleSoft/trueAlign/shift/views.py", line 79, in wrapper
    result = func(request, *args, **kwargs)
  File "/Users/harshalsmac/WORK/ardur/ardurPeopleSoft/trueAlign/shift/views.py", line 463, in shift_list
    return render(request, 'shift/shift_list.html', context)
  File "/opt/anaconda3/envs/aps/lib/python3.10/site-packages/django/shortcuts.py", line 25, in render
    content = loader.render_to_string(template_name, context, request, using=using)
  File "/opt/anaconda3/envs/aps/lib/python3.10/site-packages/django/template/loader.py", line 61, in render_to_string
    template = get_template(template_name, using=using)
  File "/opt/anaconda3/envs/aps/lib/python3.10/site-packages/django/template/loader.py", line 15, in get_template
    return engine.get_template(template_name)
  File "/opt/anaconda3/envs/aps/lib/python3.10/site-packages/django/template/backends/django.py", line 33, in get_template
    return Template(self.engine.get_template(template_name), self)
  File "/opt/anaconda3/envs/aps/lib/python3.10/site-packages/django/template/engine.py", line 177, in get_template
    template, origin = self.find_template(template_name)
  File "/opt/anaconda3/envs/aps/lib/python3.10/site-packages/django/template/engine.py", line 159, in find_template
    template = loader.get_template(name, skip=skip)
  File "/opt/anaconda3/envs/aps/lib/python3.10/site-packages/django/template/loaders/cached.py", line 57, in get_template
    template = super().get_template(template_name, skip)
  File "/opt/anaconda3/envs/aps/lib/python3.10/site-packages/django/template/loaders/base.py", line 28, in get_template
    return Template(
  File "/opt/anaconda3/envs/aps/lib/python3.10/site-packages/django/template/base.py", line 154, in __init__
    self.nodelist = self.compile_nodelist()
  File "/opt/anaconda3/envs/aps/lib/python3.10/site-packages/django/template/base.py", line 196, in compile_nodelist
    return parser.parse()
  File "/opt/anaconda3/envs/aps/lib/python3.10/site-packages/django/template/base.py", line 510, in parse
    raise self.error(token, e)
  File "/opt/anaconda3/envs/aps/lib/python3.10/site-packages/django/template/base.py", line 508, in parse
    compiled_result = compile_func(self, token)
  File "/opt/anaconda3/envs/aps/lib/python3.10/site-packages/django/template/loader_tags.py", line 295, in do_extends
    nodelist = parser.parse()
  File "/opt/anaconda3/envs/aps/lib/python3.10/site-packages/django/template/base.py", line 510, in parse
    raise self.error(token, e)
  File "/opt/anaconda3/envs/aps/lib/python3.10/site-packages/django/template/base.py", line 508, in parse
    compiled_result = compile_func(self, token)
  File "/opt/anaconda3/envs/aps/lib/python3.10/site-packages/django/template/loader_tags.py", line 234, in do_block
    nodelist = parser.parse(("endblock",))
  File "/opt/anaconda3/envs/aps/lib/python3.10/site-packages/django/template/base.py", line 510, in parse
    raise self.error(token, e)
  File "/opt/anaconda3/envs/aps/lib/python3.10/site-packages/django/template/base.py", line 508, in parse
    compiled_result = compile_func(self, token)
  File "/opt/anaconda3/envs/aps/lib/python3.10/site-packages/django/template/defaulttags.py", line 960, in do_if
    condition = TemplateIfParser(parser, bits).parse()
  File "/opt/anaconda3/envs/aps/lib/python3.10/site-packages/django/template/defaulttags.py", line 893, in __init__
    super().__init__(*args, **kwargs)
  File "/opt/anaconda3/envs/aps/lib/python3.10/site-packages/django/template/smartif.py", line 171, in __init__
    mapped_tokens.append(self.translate_token(token))
  File "/opt/anaconda3/envs/aps/lib/python3.10/site-packages/django/template/smartif.py", line 182, in translate_token
    return self.create_var(token)
  File "/opt/anaconda3/envs/aps/lib/python3.10/site-packages/django/template/defaulttags.py", line 896, in create_var
    return TemplateLiteral(self.template_parser.compile_filter(value), value)
  File "/opt/anaconda3/envs/aps/lib/python3.10/site-packages/django/template/base.py", line 597, in compile_filter
    return FilterExpression(token, self)
  File "/opt/anaconda3/envs/aps/lib/python3.10/site-packages/django/template/base.py", line 698, in __init__
    raise TemplateSyntaxError(
django.template.exceptions.TemplateSyntaxError: Could not parse the remainder: '=='Weekdays'' from 'request.GET.work_days=='Weekdays''
[2025-06-29 23:54:57] ERROR - django.request - log_response:241 - Internal Server Error: /api/session/update/
[2025-06-29 23:55:20] ERROR - django.request - log_response:241 - Internal Server Error: /shift/shifts/
Traceback (most recent call last):
  File "/opt/anaconda3/envs/aps/lib/python3.10/site-packages/django/template/smartif.py", line 180, in translate_token
    op = OPERATORS[token]
KeyError: "request.GET.work_days=='Weekdays'"

During handling of the above exception, another exception occurred:

Traceback (most recent call last):
  File "/Users/harshalsmac/WORK/ardur/ardurPeopleSoft/trueAlign/shift/views.py", line 409, in shift_list
    return render(request, 'shift/shift_list.html', context)
  File "/opt/anaconda3/envs/aps/lib/python3.10/site-packages/django/shortcuts.py", line 25, in render
    content = loader.render_to_string(template_name, context, request, using=using)
  File "/opt/anaconda3/envs/aps/lib/python3.10/site-packages/django/template/loader.py", line 61, in render_to_string
    template = get_template(template_name, using=using)
  File "/opt/anaconda3/envs/aps/lib/python3.10/site-packages/django/template/loader.py", line 15, in get_template
    return engine.get_template(template_name)
  File "/opt/anaconda3/envs/aps/lib/python3.10/site-packages/django/template/backends/django.py", line 33, in get_template
    return Template(self.engine.get_template(template_name), self)
  File "/opt/anaconda3/envs/aps/lib/python3.10/site-packages/django/template/engine.py", line 177, in get_template
    template, origin = self.find_template(template_name)
  File "/opt/anaconda3/envs/aps/lib/python3.10/site-packages/django/template/engine.py", line 159, in find_template
    template = loader.get_template(name, skip=skip)
  File "/opt/anaconda3/envs/aps/lib/python3.10/site-packages/django/template/loaders/cached.py", line 57, in get_template
    template = super().get_template(template_name, skip)
  File "/opt/anaconda3/envs/aps/lib/python3.10/site-packages/django/template/loaders/base.py", line 28, in get_template
    return Template(
  File "/opt/anaconda3/envs/aps/lib/python3.10/site-packages/django/template/base.py", line 154, in __init__
    self.nodelist = self.compile_nodelist()
  File "/opt/anaconda3/envs/aps/lib/python3.10/site-packages/django/template/base.py", line 196, in compile_nodelist
    return parser.parse()
  File "/opt/anaconda3/envs/aps/lib/python3.10/site-packages/django/template/base.py", line 510, in parse
    raise self.error(token, e)
  File "/opt/anaconda3/envs/aps/lib/python3.10/site-packages/django/template/base.py", line 508, in parse
    compiled_result = compile_func(self, token)
  File "/opt/anaconda3/envs/aps/lib/python3.10/site-packages/django/template/loader_tags.py", line 295, in do_extends
    nodelist = parser.parse()
  File "/opt/anaconda3/envs/aps/lib/python3.10/site-packages/django/template/base.py", line 510, in parse
    raise self.error(token, e)
  File "/opt/anaconda3/envs/aps/lib/python3.10/site-packages/django/template/base.py", line 508, in parse
    compiled_result = compile_func(self, token)
  File "/opt/anaconda3/envs/aps/lib/python3.10/site-packages/django/template/loader_tags.py", line 234, in do_block
    nodelist = parser.parse(("endblock",))
  File "/opt/anaconda3/envs/aps/lib/python3.10/site-packages/django/template/base.py", line 510, in parse
    raise self.error(token, e)
  File "/opt/anaconda3/envs/aps/lib/python3.10/site-packages/django/template/base.py", line 508, in parse
    compiled_result = compile_func(self, token)
  File "/opt/anaconda3/envs/aps/lib/python3.10/site-packages/django/template/defaulttags.py", line 960, in do_if
    condition = TemplateIfParser(parser, bits).parse()
  File "/opt/anaconda3/envs/aps/lib/python3.10/site-packages/django/template/defaulttags.py", line 893, in __init__
    super().__init__(*args, **kwargs)
  File "/opt/anaconda3/envs/aps/lib/python3.10/site-packages/django/template/smartif.py", line 171, in __init__
    mapped_tokens.append(self.translate_token(token))
  File "/opt/anaconda3/envs/aps/lib/python3.10/site-packages/django/template/smartif.py", line 182, in translate_token
    return self.create_var(token)
  File "/opt/anaconda3/envs/aps/lib/python3.10/site-packages/django/template/defaulttags.py", line 896, in create_var
    return TemplateLiteral(self.template_parser.compile_filter(value), value)
  File "/opt/anaconda3/envs/aps/lib/python3.10/site-packages/django/template/base.py", line 597, in compile_filter
    return FilterExpression(token, self)
  File "/opt/anaconda3/envs/aps/lib/python3.10/site-packages/django/template/base.py", line 698, in __init__
    raise TemplateSyntaxError(
django.template.exceptions.TemplateSyntaxError: Could not parse the remainder: '=='Weekdays'' from 'request.GET.work_days=='Weekdays''

During handling of the above exception, another exception occurred:

Traceback (most recent call last):
  File "/opt/anaconda3/envs/aps/lib/python3.10/site-packages/django/template/smartif.py", line 180, in translate_token
    op = OPERATORS[token]
KeyError: "request.GET.work_days=='Weekdays'"

During handling of the above exception, another exception occurred:

Traceback (most recent call last):
  File "/opt/anaconda3/envs/aps/lib/python3.10/site-packages/django/core/handlers/exception.py", line 55, in inner
    response = get_response(request)
  File "/opt/anaconda3/envs/aps/lib/python3.10/site-packages/django/core/handlers/base.py", line 197, in _get_response
    response = wrapped_callback(request, *callback_args, **callback_kwargs)
  File "/opt/anaconda3/envs/aps/lib/python3.10/site-packages/django/contrib/auth/decorators.py", line 23, in _wrapper_view
    return view_func(request, *args, **kwargs)
  File "/Users/harshalsmac/WORK/ardur/ardurPeopleSoft/trueAlign/shift/decorators.py", line 53, in wrapper_func
    return view_func(request, *args, **kwargs)
  File "/Users/harshalsmac/WORK/ardur/ardurPeopleSoft/trueAlign/shift/views.py", line 79, in wrapper
    result = func(request, *args, **kwargs)
  File "/Users/harshalsmac/WORK/ardur/ardurPeopleSoft/trueAlign/shift/views.py", line 463, in shift_list
    return render(request, 'shift/shift_list.html', context)
  File "/opt/anaconda3/envs/aps/lib/python3.10/site-packages/django/shortcuts.py", line 25, in render
    content = loader.render_to_string(template_name, context, request, using=using)
  File "/opt/anaconda3/envs/aps/lib/python3.10/site-packages/django/template/loader.py", line 61, in render_to_string
    template = get_template(template_name, using=using)
  File "/opt/anaconda3/envs/aps/lib/python3.10/site-packages/django/template/loader.py", line 15, in get_template
    return engine.get_template(template_name)
  File "/opt/anaconda3/envs/aps/lib/python3.10/site-packages/django/template/backends/django.py", line 33, in get_template
    return Template(self.engine.get_template(template_name), self)
  File "/opt/anaconda3/envs/aps/lib/python3.10/site-packages/django/template/engine.py", line 177, in get_template
    template, origin = self.find_template(template_name)
  File "/opt/anaconda3/envs/aps/lib/python3.10/site-packages/django/template/engine.py", line 159, in find_template
    template = loader.get_template(name, skip=skip)
  File "/opt/anaconda3/envs/aps/lib/python3.10/site-packages/django/template/loaders/cached.py", line 57, in get_template
    template = super().get_template(template_name, skip)
  File "/opt/anaconda3/envs/aps/lib/python3.10/site-packages/django/template/loaders/base.py", line 28, in get_template
    return Template(
  File "/opt/anaconda3/envs/aps/lib/python3.10/site-packages/django/template/base.py", line 154, in __init__
    self.nodelist = self.compile_nodelist()
  File "/opt/anaconda3/envs/aps/lib/python3.10/site-packages/django/template/base.py", line 196, in compile_nodelist
    return parser.parse()
  File "/opt/anaconda3/envs/aps/lib/python3.10/site-packages/django/template/base.py", line 510, in parse
    raise self.error(token, e)
  File "/opt/anaconda3/envs/aps/lib/python3.10/site-packages/django/template/base.py", line 508, in parse
    compiled_result = compile_func(self, token)
  File "/opt/anaconda3/envs/aps/lib/python3.10/site-packages/django/template/loader_tags.py", line 295, in do_extends
    nodelist = parser.parse()
  File "/opt/anaconda3/envs/aps/lib/python3.10/site-packages/django/template/base.py", line 510, in parse
    raise self.error(token, e)
  File "/opt/anaconda3/envs/aps/lib/python3.10/site-packages/django/template/base.py", line 508, in parse
    compiled_result = compile_func(self, token)
  File "/opt/anaconda3/envs/aps/lib/python3.10/site-packages/django/template/loader_tags.py", line 234, in do_block
    nodelist = parser.parse(("endblock",))
  File "/opt/anaconda3/envs/aps/lib/python3.10/site-packages/django/template/base.py", line 510, in parse
    raise self.error(token, e)
  File "/opt/anaconda3/envs/aps/lib/python3.10/site-packages/django/template/base.py", line 508, in parse
    compiled_result = compile_func(self, token)
  File "/opt/anaconda3/envs/aps/lib/python3.10/site-packages/django/template/defaulttags.py", line 960, in do_if
    condition = TemplateIfParser(parser, bits).parse()
  File "/opt/anaconda3/envs/aps/lib/python3.10/site-packages/django/template/defaulttags.py", line 893, in __init__
    super().__init__(*args, **kwargs)
  File "/opt/anaconda3/envs/aps/lib/python3.10/site-packages/django/template/smartif.py", line 171, in __init__
    mapped_tokens.append(self.translate_token(token))
  File "/opt/anaconda3/envs/aps/lib/python3.10/site-packages/django/template/smartif.py", line 182, in translate_token
    return self.create_var(token)
  File "/opt/anaconda3/envs/aps/lib/python3.10/site-packages/django/template/defaulttags.py", line 896, in create_var
    return TemplateLiteral(self.template_parser.compile_filter(value), value)
  File "/opt/anaconda3/envs/aps/lib/python3.10/site-packages/django/template/base.py", line 597, in compile_filter
    return FilterExpression(token, self)
  File "/opt/anaconda3/envs/aps/lib/python3.10/site-packages/django/template/base.py", line 698, in __init__
    raise TemplateSyntaxError(
django.template.exceptions.TemplateSyntaxError: Could not parse the remainder: '=='Weekdays'' from 'request.GET.work_days=='Weekdays''
[2025-06-29 23:55:20] ERROR - django.request - log_response:241 - Internal Server Error: /api/session/update/
[2025-06-30 00:02:12] ERROR - django.request - log_response:241 - Internal Server Error: /shift/shifts/
Traceback (most recent call last):
  File "/Users/harshalsmac/WORK/ardur/ardurPeopleSoft/trueAlign/shift/views.py", line 409, in shift_list
    return render(request, 'shift/shift_list.html', context)
  File "/opt/anaconda3/envs/aps/lib/python3.10/site-packages/django/shortcuts.py", line 25, in render
    content = loader.render_to_string(template_name, context, request, using=using)
  File "/opt/anaconda3/envs/aps/lib/python3.10/site-packages/django/template/loader.py", line 61, in render_to_string
    template = get_template(template_name, using=using)
  File "/opt/anaconda3/envs/aps/lib/python3.10/site-packages/django/template/loader.py", line 15, in get_template
    return engine.get_template(template_name)
  File "/opt/anaconda3/envs/aps/lib/python3.10/site-packages/django/template/backends/django.py", line 33, in get_template
    return Template(self.engine.get_template(template_name), self)
  File "/opt/anaconda3/envs/aps/lib/python3.10/site-packages/django/template/engine.py", line 177, in get_template
    template, origin = self.find_template(template_name)
  File "/opt/anaconda3/envs/aps/lib/python3.10/site-packages/django/template/engine.py", line 159, in find_template
    template = loader.get_template(name, skip=skip)
  File "/opt/anaconda3/envs/aps/lib/python3.10/site-packages/django/template/loaders/cached.py", line 57, in get_template
    template = super().get_template(template_name, skip)
  File "/opt/anaconda3/envs/aps/lib/python3.10/site-packages/django/template/loaders/base.py", line 28, in get_template
    return Template(
  File "/opt/anaconda3/envs/aps/lib/python3.10/site-packages/django/template/base.py", line 154, in __init__
    self.nodelist = self.compile_nodelist()
  File "/opt/anaconda3/envs/aps/lib/python3.10/site-packages/django/template/base.py", line 196, in compile_nodelist
    return parser.parse()
  File "/opt/anaconda3/envs/aps/lib/python3.10/site-packages/django/template/base.py", line 510, in parse
    raise self.error(token, e)
  File "/opt/anaconda3/envs/aps/lib/python3.10/site-packages/django/template/base.py", line 508, in parse
    compiled_result = compile_func(self, token)
  File "/opt/anaconda3/envs/aps/lib/python3.10/site-packages/django/template/loader_tags.py", line 295, in do_extends
    nodelist = parser.parse()
  File "/opt/anaconda3/envs/aps/lib/python3.10/site-packages/django/template/base.py", line 510, in parse
    raise self.error(token, e)
  File "/opt/anaconda3/envs/aps/lib/python3.10/site-packages/django/template/base.py", line 508, in parse
    compiled_result = compile_func(self, token)
  File "/opt/anaconda3/envs/aps/lib/python3.10/site-packages/django/template/loader_tags.py", line 234, in do_block
    nodelist = parser.parse(("endblock",))
  File "/opt/anaconda3/envs/aps/lib/python3.10/site-packages/django/template/base.py", line 510, in parse
    raise self.error(token, e)
  File "/opt/anaconda3/envs/aps/lib/python3.10/site-packages/django/template/base.py", line 508, in parse
    compiled_result = compile_func(self, token)
  File "/opt/anaconda3/envs/aps/lib/python3.10/site-packages/django/template/defaulttags.py", line 961, in do_if
    nodelist = parser.parse(("elif", "else", "endif"))
  File "/opt/anaconda3/envs/aps/lib/python3.10/site-packages/django/template/base.py", line 510, in parse
    raise self.error(token, e)
  File "/opt/anaconda3/envs/aps/lib/python3.10/site-packages/django/template/base.py", line 508, in parse
    compiled_result = compile_func(self, token)
  File "/opt/anaconda3/envs/aps/lib/python3.10/site-packages/django/template/defaulttags.py", line 861, in do_for
    nodelist_loop = parser.parse(
  File "/opt/anaconda3/envs/aps/lib/python3.10/site-packages/django/template/base.py", line 510, in parse
    raise self.error(token, e)
  File "/opt/anaconda3/envs/aps/lib/python3.10/site-packages/django/template/base.py", line 508, in parse
    compiled_result = compile_func(self, token)
  File "/opt/anaconda3/envs/aps/lib/python3.10/site-packages/django/template/defaulttags.py", line 1490, in do_with
    extra_context = token_kwargs(remaining_bits, parser, support_legacy=True)
  File "/opt/anaconda3/envs/aps/lib/python3.10/site-packages/django/template/base.py", line 1111, in token_kwargs
    kwargs[key] = parser.compile_filter(value)
  File "/opt/anaconda3/envs/aps/lib/python3.10/site-packages/django/template/base.py", line 597, in compile_filter
    return FilterExpression(token, self)
  File "/opt/anaconda3/envs/aps/lib/python3.10/site-packages/django/template/base.py", line 693, in __init__
    filter_func = parser.find_filter(filter_name)
  File "/opt/anaconda3/envs/aps/lib/python3.10/site-packages/django/template/base.py", line 603, in find_filter
    raise TemplateSyntaxError("Invalid filter: '%s'" % filter_name)
django.template.exceptions.TemplateSyntaxError: Invalid filter: 'split'

During handling of the above exception, another exception occurred:

Traceback (most recent call last):
  File "/opt/anaconda3/envs/aps/lib/python3.10/site-packages/django/core/handlers/exception.py", line 55, in inner
    response = get_response(request)
  File "/opt/anaconda3/envs/aps/lib/python3.10/site-packages/django/core/handlers/base.py", line 197, in _get_response
    response = wrapped_callback(request, *callback_args, **callback_kwargs)
  File "/opt/anaconda3/envs/aps/lib/python3.10/site-packages/django/contrib/auth/decorators.py", line 23, in _wrapper_view
    return view_func(request, *args, **kwargs)
  File "/Users/harshalsmac/WORK/ardur/ardurPeopleSoft/trueAlign/shift/decorators.py", line 53, in wrapper_func
    return view_func(request, *args, **kwargs)
  File "/Users/harshalsmac/WORK/ardur/ardurPeopleSoft/trueAlign/shift/views.py", line 79, in wrapper
    result = func(request, *args, **kwargs)
  File "/Users/harshalsmac/WORK/ardur/ardurPeopleSoft/trueAlign/shift/views.py", line 463, in shift_list
    return render(request, 'shift/shift_list.html', context)
  File "/opt/anaconda3/envs/aps/lib/python3.10/site-packages/django/shortcuts.py", line 25, in render
    content = loader.render_to_string(template_name, context, request, using=using)
  File "/opt/anaconda3/envs/aps/lib/python3.10/site-packages/django/template/loader.py", line 61, in render_to_string
    template = get_template(template_name, using=using)
  File "/opt/anaconda3/envs/aps/lib/python3.10/site-packages/django/template/loader.py", line 15, in get_template
    return engine.get_template(template_name)
  File "/opt/anaconda3/envs/aps/lib/python3.10/site-packages/django/template/backends/django.py", line 33, in get_template
    return Template(self.engine.get_template(template_name), self)
  File "/opt/anaconda3/envs/aps/lib/python3.10/site-packages/django/template/engine.py", line 177, in get_template
    template, origin = self.find_template(template_name)
  File "/opt/anaconda3/envs/aps/lib/python3.10/site-packages/django/template/engine.py", line 159, in find_template
    template = loader.get_template(name, skip=skip)
  File "/opt/anaconda3/envs/aps/lib/python3.10/site-packages/django/template/loaders/cached.py", line 57, in get_template
    template = super().get_template(template_name, skip)
  File "/opt/anaconda3/envs/aps/lib/python3.10/site-packages/django/template/loaders/base.py", line 28, in get_template
    return Template(
  File "/opt/anaconda3/envs/aps/lib/python3.10/site-packages/django/template/base.py", line 154, in __init__
    self.nodelist = self.compile_nodelist()
  File "/opt/anaconda3/envs/aps/lib/python3.10/site-packages/django/template/base.py", line 196, in compile_nodelist
    return parser.parse()
  File "/opt/anaconda3/envs/aps/lib/python3.10/site-packages/django/template/base.py", line 510, in parse
    raise self.error(token, e)
  File "/opt/anaconda3/envs/aps/lib/python3.10/site-packages/django/template/base.py", line 508, in parse
    compiled_result = compile_func(self, token)
  File "/opt/anaconda3/envs/aps/lib/python3.10/site-packages/django/template/loader_tags.py", line 295, in do_extends
    nodelist = parser.parse()
  File "/opt/anaconda3/envs/aps/lib/python3.10/site-packages/django/template/base.py", line 510, in parse
    raise self.error(token, e)
  File "/opt/anaconda3/envs/aps/lib/python3.10/site-packages/django/template/base.py", line 508, in parse
    compiled_result = compile_func(self, token)
  File "/opt/anaconda3/envs/aps/lib/python3.10/site-packages/django/template/loader_tags.py", line 234, in do_block
    nodelist = parser.parse(("endblock",))
  File "/opt/anaconda3/envs/aps/lib/python3.10/site-packages/django/template/base.py", line 510, in parse
    raise self.error(token, e)
  File "/opt/anaconda3/envs/aps/lib/python3.10/site-packages/django/template/base.py", line 508, in parse
    compiled_result = compile_func(self, token)
  File "/opt/anaconda3/envs/aps/lib/python3.10/site-packages/django/template/defaulttags.py", line 961, in do_if
    nodelist = parser.parse(("elif", "else", "endif"))
  File "/opt/anaconda3/envs/aps/lib/python3.10/site-packages/django/template/base.py", line 510, in parse
    raise self.error(token, e)
  File "/opt/anaconda3/envs/aps/lib/python3.10/site-packages/django/template/base.py", line 508, in parse
    compiled_result = compile_func(self, token)
  File "/opt/anaconda3/envs/aps/lib/python3.10/site-packages/django/template/defaulttags.py", line 861, in do_for
    nodelist_loop = parser.parse(
  File "/opt/anaconda3/envs/aps/lib/python3.10/site-packages/django/template/base.py", line 510, in parse
    raise self.error(token, e)
  File "/opt/anaconda3/envs/aps/lib/python3.10/site-packages/django/template/base.py", line 508, in parse
    compiled_result = compile_func(self, token)
  File "/opt/anaconda3/envs/aps/lib/python3.10/site-packages/django/template/defaulttags.py", line 1490, in do_with
    extra_context = token_kwargs(remaining_bits, parser, support_legacy=True)
  File "/opt/anaconda3/envs/aps/lib/python3.10/site-packages/django/template/base.py", line 1111, in token_kwargs
    kwargs[key] = parser.compile_filter(value)
  File "/opt/anaconda3/envs/aps/lib/python3.10/site-packages/django/template/base.py", line 597, in compile_filter
    return FilterExpression(token, self)
  File "/opt/anaconda3/envs/aps/lib/python3.10/site-packages/django/template/base.py", line 693, in __init__
    filter_func = parser.find_filter(filter_name)
  File "/opt/anaconda3/envs/aps/lib/python3.10/site-packages/django/template/base.py", line 603, in find_filter
    raise TemplateSyntaxError("Invalid filter: '%s'" % filter_name)
django.template.exceptions.TemplateSyntaxError: Invalid filter: 'split'
[2025-06-30 00:03:55] ERROR - django.request - log_response:241 - Internal Server Error: /shift/shifts/
Traceback (most recent call last):
  File "/opt/anaconda3/envs/aps/lib/python3.10/site-packages/django/template/smartif.py", line 180, in translate_token
    op = OPERATORS[token]
KeyError: "request.GET.work_days=='Weekdays'"

During handling of the above exception, another exception occurred:

Traceback (most recent call last):
  File "/Users/harshalsmac/WORK/ardur/ardurPeopleSoft/trueAlign/shift/views.py", line 409, in shift_list
    return render(request, 'shift/shift_list.html', context)
  File "/opt/anaconda3/envs/aps/lib/python3.10/site-packages/django/shortcuts.py", line 25, in render
    content = loader.render_to_string(template_name, context, request, using=using)
  File "/opt/anaconda3/envs/aps/lib/python3.10/site-packages/django/template/loader.py", line 61, in render_to_string
    template = get_template(template_name, using=using)
  File "/opt/anaconda3/envs/aps/lib/python3.10/site-packages/django/template/loader.py", line 15, in get_template
    return engine.get_template(template_name)
  File "/opt/anaconda3/envs/aps/lib/python3.10/site-packages/django/template/backends/django.py", line 33, in get_template
    return Template(self.engine.get_template(template_name), self)
  File "/opt/anaconda3/envs/aps/lib/python3.10/site-packages/django/template/engine.py", line 177, in get_template
    template, origin = self.find_template(template_name)
  File "/opt/anaconda3/envs/aps/lib/python3.10/site-packages/django/template/engine.py", line 159, in find_template
    template = loader.get_template(name, skip=skip)
  File "/opt/anaconda3/envs/aps/lib/python3.10/site-packages/django/template/loaders/cached.py", line 57, in get_template
    template = super().get_template(template_name, skip)
  File "/opt/anaconda3/envs/aps/lib/python3.10/site-packages/django/template/loaders/base.py", line 28, in get_template
    return Template(
  File "/opt/anaconda3/envs/aps/lib/python3.10/site-packages/django/template/base.py", line 154, in __init__
    self.nodelist = self.compile_nodelist()
  File "/opt/anaconda3/envs/aps/lib/python3.10/site-packages/django/template/base.py", line 196, in compile_nodelist
    return parser.parse()
  File "/opt/anaconda3/envs/aps/lib/python3.10/site-packages/django/template/base.py", line 510, in parse
    raise self.error(token, e)
  File "/opt/anaconda3/envs/aps/lib/python3.10/site-packages/django/template/base.py", line 508, in parse
    compiled_result = compile_func(self, token)
  File "/opt/anaconda3/envs/aps/lib/python3.10/site-packages/django/template/loader_tags.py", line 295, in do_extends
    nodelist = parser.parse()
  File "/opt/anaconda3/envs/aps/lib/python3.10/site-packages/django/template/base.py", line 510, in parse
    raise self.error(token, e)
  File "/opt/anaconda3/envs/aps/lib/python3.10/site-packages/django/template/base.py", line 508, in parse
    compiled_result = compile_func(self, token)
  File "/opt/anaconda3/envs/aps/lib/python3.10/site-packages/django/template/loader_tags.py", line 234, in do_block
    nodelist = parser.parse(("endblock",))
  File "/opt/anaconda3/envs/aps/lib/python3.10/site-packages/django/template/base.py", line 510, in parse
    raise self.error(token, e)
  File "/opt/anaconda3/envs/aps/lib/python3.10/site-packages/django/template/base.py", line 508, in parse
    compiled_result = compile_func(self, token)
  File "/opt/anaconda3/envs/aps/lib/python3.10/site-packages/django/template/defaulttags.py", line 960, in do_if
    condition = TemplateIfParser(parser, bits).parse()
  File "/opt/anaconda3/envs/aps/lib/python3.10/site-packages/django/template/defaulttags.py", line 893, in __init__
    super().__init__(*args, **kwargs)
  File "/opt/anaconda3/envs/aps/lib/python3.10/site-packages/django/template/smartif.py", line 171, in __init__
    mapped_tokens.append(self.translate_token(token))
  File "/opt/anaconda3/envs/aps/lib/python3.10/site-packages/django/template/smartif.py", line 182, in translate_token
    return self.create_var(token)
  File "/opt/anaconda3/envs/aps/lib/python3.10/site-packages/django/template/defaulttags.py", line 896, in create_var
    return TemplateLiteral(self.template_parser.compile_filter(value), value)
  File "/opt/anaconda3/envs/aps/lib/python3.10/site-packages/django/template/base.py", line 597, in compile_filter
    return FilterExpression(token, self)
  File "/opt/anaconda3/envs/aps/lib/python3.10/site-packages/django/template/base.py", line 698, in __init__
    raise TemplateSyntaxError(
django.template.exceptions.TemplateSyntaxError: Could not parse the remainder: '=='Weekdays'' from 'request.GET.work_days=='Weekdays''

During handling of the above exception, another exception occurred:

Traceback (most recent call last):
  File "/opt/anaconda3/envs/aps/lib/python3.10/site-packages/django/template/smartif.py", line 180, in translate_token
    op = OPERATORS[token]
KeyError: "request.GET.work_days=='Weekdays'"

During handling of the above exception, another exception occurred:

Traceback (most recent call last):
  File "/opt/anaconda3/envs/aps/lib/python3.10/site-packages/django/core/handlers/exception.py", line 55, in inner
    response = get_response(request)
  File "/opt/anaconda3/envs/aps/lib/python3.10/site-packages/django/core/handlers/base.py", line 197, in _get_response
    response = wrapped_callback(request, *callback_args, **callback_kwargs)
  File "/opt/anaconda3/envs/aps/lib/python3.10/site-packages/django/contrib/auth/decorators.py", line 23, in _wrapper_view
    return view_func(request, *args, **kwargs)
  File "/Users/harshalsmac/WORK/ardur/ardurPeopleSoft/trueAlign/shift/decorators.py", line 53, in wrapper_func
    return view_func(request, *args, **kwargs)
  File "/Users/harshalsmac/WORK/ardur/ardurPeopleSoft/trueAlign/shift/views.py", line 79, in wrapper
    result = func(request, *args, **kwargs)
  File "/Users/harshalsmac/WORK/ardur/ardurPeopleSoft/trueAlign/shift/views.py", line 463, in shift_list
    return render(request, 'shift/shift_list.html', context)
  File "/opt/anaconda3/envs/aps/lib/python3.10/site-packages/django/shortcuts.py", line 25, in render
    content = loader.render_to_string(template_name, context, request, using=using)
  File "/opt/anaconda3/envs/aps/lib/python3.10/site-packages/django/template/loader.py", line 61, in render_to_string
    template = get_template(template_name, using=using)
  File "/opt/anaconda3/envs/aps/lib/python3.10/site-packages/django/template/loader.py", line 15, in get_template
    return engine.get_template(template_name)
  File "/opt/anaconda3/envs/aps/lib/python3.10/site-packages/django/template/backends/django.py", line 33, in get_template
    return Template(self.engine.get_template(template_name), self)
  File "/opt/anaconda3/envs/aps/lib/python3.10/site-packages/django/template/engine.py", line 177, in get_template
    template, origin = self.find_template(template_name)
  File "/opt/anaconda3/envs/aps/lib/python3.10/site-packages/django/template/engine.py", line 159, in find_template
    template = loader.get_template(name, skip=skip)
  File "/opt/anaconda3/envs/aps/lib/python3.10/site-packages/django/template/loaders/cached.py", line 57, in get_template
    template = super().get_template(template_name, skip)
  File "/opt/anaconda3/envs/aps/lib/python3.10/site-packages/django/template/loaders/base.py", line 28, in get_template
    return Template(
  File "/opt/anaconda3/envs/aps/lib/python3.10/site-packages/django/template/base.py", line 154, in __init__
    self.nodelist = self.compile_nodelist()
  File "/opt/anaconda3/envs/aps/lib/python3.10/site-packages/django/template/base.py", line 196, in compile_nodelist
    return parser.parse()
  File "/opt/anaconda3/envs/aps/lib/python3.10/site-packages/django/template/base.py", line 510, in parse
    raise self.error(token, e)
  File "/opt/anaconda3/envs/aps/lib/python3.10/site-packages/django/template/base.py", line 508, in parse
    compiled_result = compile_func(self, token)
  File "/opt/anaconda3/envs/aps/lib/python3.10/site-packages/django/template/loader_tags.py", line 295, in do_extends
    nodelist = parser.parse()
  File "/opt/anaconda3/envs/aps/lib/python3.10/site-packages/django/template/base.py", line 510, in parse
    raise self.error(token, e)
  File "/opt/anaconda3/envs/aps/lib/python3.10/site-packages/django/template/base.py", line 508, in parse
    compiled_result = compile_func(self, token)
  File "/opt/anaconda3/envs/aps/lib/python3.10/site-packages/django/template/loader_tags.py", line 234, in do_block
    nodelist = parser.parse(("endblock",))
  File "/opt/anaconda3/envs/aps/lib/python3.10/site-packages/django/template/base.py", line 510, in parse
    raise self.error(token, e)
  File "/opt/anaconda3/envs/aps/lib/python3.10/site-packages/django/template/base.py", line 508, in parse
    compiled_result = compile_func(self, token)
  File "/opt/anaconda3/envs/aps/lib/python3.10/site-packages/django/template/defaulttags.py", line 960, in do_if
    condition = TemplateIfParser(parser, bits).parse()
  File "/opt/anaconda3/envs/aps/lib/python3.10/site-packages/django/template/defaulttags.py", line 893, in __init__
    super().__init__(*args, **kwargs)
  File "/opt/anaconda3/envs/aps/lib/python3.10/site-packages/django/template/smartif.py", line 171, in __init__
    mapped_tokens.append(self.translate_token(token))
  File "/opt/anaconda3/envs/aps/lib/python3.10/site-packages/django/template/smartif.py", line 182, in translate_token
    return self.create_var(token)
  File "/opt/anaconda3/envs/aps/lib/python3.10/site-packages/django/template/defaulttags.py", line 896, in create_var
    return TemplateLiteral(self.template_parser.compile_filter(value), value)
  File "/opt/anaconda3/envs/aps/lib/python3.10/site-packages/django/template/base.py", line 597, in compile_filter
    return FilterExpression(token, self)
  File "/opt/anaconda3/envs/aps/lib/python3.10/site-packages/django/template/base.py", line 698, in __init__
    raise TemplateSyntaxError(
django.template.exceptions.TemplateSyntaxError: Could not parse the remainder: '=='Weekdays'' from 'request.GET.work_days=='Weekdays''
[2025-06-30 00:03:55] ERROR - django.request - log_response:241 - Internal Server Error: /api/session/update/
[2025-06-30 00:04:04] ERROR - django.request - log_response:241 - Internal Server Error: /shift/shifts/
Traceback (most recent call last):
  File "/opt/anaconda3/envs/aps/lib/python3.10/site-packages/django/template/smartif.py", line 180, in translate_token
    op = OPERATORS[token]
KeyError: "request.GET.work_days=='Weekdays'"

During handling of the above exception, another exception occurred:

Traceback (most recent call last):
  File "/Users/harshalsmac/WORK/ardur/ardurPeopleSoft/trueAlign/shift/views.py", line 409, in shift_list
    return render(request, 'shift/shift_list.html', context)
  File "/opt/anaconda3/envs/aps/lib/python3.10/site-packages/django/shortcuts.py", line 25, in render
    content = loader.render_to_string(template_name, context, request, using=using)
  File "/opt/anaconda3/envs/aps/lib/python3.10/site-packages/django/template/loader.py", line 61, in render_to_string
    template = get_template(template_name, using=using)
  File "/opt/anaconda3/envs/aps/lib/python3.10/site-packages/django/template/loader.py", line 15, in get_template
    return engine.get_template(template_name)
  File "/opt/anaconda3/envs/aps/lib/python3.10/site-packages/django/template/backends/django.py", line 33, in get_template
    return Template(self.engine.get_template(template_name), self)
  File "/opt/anaconda3/envs/aps/lib/python3.10/site-packages/django/template/engine.py", line 177, in get_template
    template, origin = self.find_template(template_name)
  File "/opt/anaconda3/envs/aps/lib/python3.10/site-packages/django/template/engine.py", line 159, in find_template
    template = loader.get_template(name, skip=skip)
  File "/opt/anaconda3/envs/aps/lib/python3.10/site-packages/django/template/loaders/cached.py", line 57, in get_template
    template = super().get_template(template_name, skip)
  File "/opt/anaconda3/envs/aps/lib/python3.10/site-packages/django/template/loaders/base.py", line 28, in get_template
    return Template(
  File "/opt/anaconda3/envs/aps/lib/python3.10/site-packages/django/template/base.py", line 154, in __init__
    self.nodelist = self.compile_nodelist()
  File "/opt/anaconda3/envs/aps/lib/python3.10/site-packages/django/template/base.py", line 196, in compile_nodelist
    return parser.parse()
  File "/opt/anaconda3/envs/aps/lib/python3.10/site-packages/django/template/base.py", line 510, in parse
    raise self.error(token, e)
  File "/opt/anaconda3/envs/aps/lib/python3.10/site-packages/django/template/base.py", line 508, in parse
    compiled_result = compile_func(self, token)
  File "/opt/anaconda3/envs/aps/lib/python3.10/site-packages/django/template/loader_tags.py", line 295, in do_extends
    nodelist = parser.parse()
  File "/opt/anaconda3/envs/aps/lib/python3.10/site-packages/django/template/base.py", line 510, in parse
    raise self.error(token, e)
  File "/opt/anaconda3/envs/aps/lib/python3.10/site-packages/django/template/base.py", line 508, in parse
    compiled_result = compile_func(self, token)
  File "/opt/anaconda3/envs/aps/lib/python3.10/site-packages/django/template/loader_tags.py", line 234, in do_block
    nodelist = parser.parse(("endblock",))
  File "/opt/anaconda3/envs/aps/lib/python3.10/site-packages/django/template/base.py", line 510, in parse
    raise self.error(token, e)
  File "/opt/anaconda3/envs/aps/lib/python3.10/site-packages/django/template/base.py", line 508, in parse
    compiled_result = compile_func(self, token)
  File "/opt/anaconda3/envs/aps/lib/python3.10/site-packages/django/template/defaulttags.py", line 960, in do_if
    condition = TemplateIfParser(parser, bits).parse()
  File "/opt/anaconda3/envs/aps/lib/python3.10/site-packages/django/template/defaulttags.py", line 893, in __init__
    super().__init__(*args, **kwargs)
  File "/opt/anaconda3/envs/aps/lib/python3.10/site-packages/django/template/smartif.py", line 171, in __init__
    mapped_tokens.append(self.translate_token(token))
  File "/opt/anaconda3/envs/aps/lib/python3.10/site-packages/django/template/smartif.py", line 182, in translate_token
    return self.create_var(token)
  File "/opt/anaconda3/envs/aps/lib/python3.10/site-packages/django/template/defaulttags.py", line 896, in create_var
    return TemplateLiteral(self.template_parser.compile_filter(value), value)
  File "/opt/anaconda3/envs/aps/lib/python3.10/site-packages/django/template/base.py", line 597, in compile_filter
    return FilterExpression(token, self)
  File "/opt/anaconda3/envs/aps/lib/python3.10/site-packages/django/template/base.py", line 698, in __init__
    raise TemplateSyntaxError(
django.template.exceptions.TemplateSyntaxError: Could not parse the remainder: '=='Weekdays'' from 'request.GET.work_days=='Weekdays''

During handling of the above exception, another exception occurred:

Traceback (most recent call last):
  File "/opt/anaconda3/envs/aps/lib/python3.10/site-packages/django/template/smartif.py", line 180, in translate_token
    op = OPERATORS[token]
KeyError: "request.GET.work_days=='Weekdays'"

During handling of the above exception, another exception occurred:

Traceback (most recent call last):
  File "/opt/anaconda3/envs/aps/lib/python3.10/site-packages/django/core/handlers/exception.py", line 55, in inner
    response = get_response(request)
  File "/opt/anaconda3/envs/aps/lib/python3.10/site-packages/django/core/handlers/base.py", line 197, in _get_response
    response = wrapped_callback(request, *callback_args, **callback_kwargs)
  File "/opt/anaconda3/envs/aps/lib/python3.10/site-packages/django/contrib/auth/decorators.py", line 23, in _wrapper_view
    return view_func(request, *args, **kwargs)
  File "/Users/harshalsmac/WORK/ardur/ardurPeopleSoft/trueAlign/shift/decorators.py", line 53, in wrapper_func
    return view_func(request, *args, **kwargs)
  File "/Users/harshalsmac/WORK/ardur/ardurPeopleSoft/trueAlign/shift/views.py", line 79, in wrapper
    result = func(request, *args, **kwargs)
  File "/Users/harshalsmac/WORK/ardur/ardurPeopleSoft/trueAlign/shift/views.py", line 463, in shift_list
    return render(request, 'shift/shift_list.html', context)
  File "/opt/anaconda3/envs/aps/lib/python3.10/site-packages/django/shortcuts.py", line 25, in render
    content = loader.render_to_string(template_name, context, request, using=using)
  File "/opt/anaconda3/envs/aps/lib/python3.10/site-packages/django/template/loader.py", line 61, in render_to_string
    template = get_template(template_name, using=using)
  File "/opt/anaconda3/envs/aps/lib/python3.10/site-packages/django/template/loader.py", line 15, in get_template
    return engine.get_template(template_name)
  File "/opt/anaconda3/envs/aps/lib/python3.10/site-packages/django/template/backends/django.py", line 33, in get_template
    return Template(self.engine.get_template(template_name), self)
  File "/opt/anaconda3/envs/aps/lib/python3.10/site-packages/django/template/engine.py", line 177, in get_template
    template, origin = self.find_template(template_name)
  File "/opt/anaconda3/envs/aps/lib/python3.10/site-packages/django/template/engine.py", line 159, in find_template
    template = loader.get_template(name, skip=skip)
  File "/opt/anaconda3/envs/aps/lib/python3.10/site-packages/django/template/loaders/cached.py", line 57, in get_template
    template = super().get_template(template_name, skip)
  File "/opt/anaconda3/envs/aps/lib/python3.10/site-packages/django/template/loaders/base.py", line 28, in get_template
    return Template(
  File "/opt/anaconda3/envs/aps/lib/python3.10/site-packages/django/template/base.py", line 154, in __init__
    self.nodelist = self.compile_nodelist()
  File "/opt/anaconda3/envs/aps/lib/python3.10/site-packages/django/template/base.py", line 196, in compile_nodelist
    return parser.parse()
  File "/opt/anaconda3/envs/aps/lib/python3.10/site-packages/django/template/base.py", line 510, in parse
    raise self.error(token, e)
  File "/opt/anaconda3/envs/aps/lib/python3.10/site-packages/django/template/base.py", line 508, in parse
    compiled_result = compile_func(self, token)
  File "/opt/anaconda3/envs/aps/lib/python3.10/site-packages/django/template/loader_tags.py", line 295, in do_extends
    nodelist = parser.parse()
  File "/opt/anaconda3/envs/aps/lib/python3.10/site-packages/django/template/base.py", line 510, in parse
    raise self.error(token, e)
  File "/opt/anaconda3/envs/aps/lib/python3.10/site-packages/django/template/base.py", line 508, in parse
    compiled_result = compile_func(self, token)
  File "/opt/anaconda3/envs/aps/lib/python3.10/site-packages/django/template/loader_tags.py", line 234, in do_block
    nodelist = parser.parse(("endblock",))
  File "/opt/anaconda3/envs/aps/lib/python3.10/site-packages/django/template/base.py", line 510, in parse
    raise self.error(token, e)
  File "/opt/anaconda3/envs/aps/lib/python3.10/site-packages/django/template/base.py", line 508, in parse
    compiled_result = compile_func(self, token)
  File "/opt/anaconda3/envs/aps/lib/python3.10/site-packages/django/template/defaulttags.py", line 960, in do_if
    condition = TemplateIfParser(parser, bits).parse()
  File "/opt/anaconda3/envs/aps/lib/python3.10/site-packages/django/template/defaulttags.py", line 893, in __init__
    super().__init__(*args, **kwargs)
  File "/opt/anaconda3/envs/aps/lib/python3.10/site-packages/django/template/smartif.py", line 171, in __init__
    mapped_tokens.append(self.translate_token(token))
  File "/opt/anaconda3/envs/aps/lib/python3.10/site-packages/django/template/smartif.py", line 182, in translate_token
    return self.create_var(token)
  File "/opt/anaconda3/envs/aps/lib/python3.10/site-packages/django/template/defaulttags.py", line 896, in create_var
    return TemplateLiteral(self.template_parser.compile_filter(value), value)
  File "/opt/anaconda3/envs/aps/lib/python3.10/site-packages/django/template/base.py", line 597, in compile_filter
    return FilterExpression(token, self)
  File "/opt/anaconda3/envs/aps/lib/python3.10/site-packages/django/template/base.py", line 698, in __init__
    raise TemplateSyntaxError(
django.template.exceptions.TemplateSyntaxError: Could not parse the remainder: '=='Weekdays'' from 'request.GET.work_days=='Weekdays''
[2025-06-30 00:04:33] ERROR - django.request - log_response:241 - Internal Server Error: /api/session/update/
[2025-06-30 10:30:52] ERROR - django.request - log_response:241 - Internal Server Error: /api/session/update/
[2025-06-30 10:46:25] ERROR - django.request - log_response:241 - Internal Server Error: /api/session/update/
[2025-06-30 10:47:14] ERROR - django.request - log_response:241 - Internal Server Error: /api/session/update/
[2025-06-30 11:07:09] ERROR - django.request - log_response:241 - Internal Server Error: /api/session/update/
[2025-06-30 11:07:16] ERROR - django.request - log_response:241 - Internal Server Error: /api/session/update/
[2025-06-30 11:13:41] ERROR - django.request - log_response:241 - Internal Server Error: /api/session/update/
[2025-06-30 11:14:04] ERROR - django.request - log_response:241 - Internal Server Error: /api/session/update/
[2025-06-30 11:14:14] ERROR - django.request - log_response:241 - Internal Server Error: /api/session/update/
[2025-06-30 11:15:08] ERROR - django.request - log_response:241 - Internal Server Error: /api/session/update/
[2025-06-30 11:21:40] ERROR - django.request - log_response:241 - Internal Server Error: /api/session/update/
[2025-06-30 11:22:23] ERROR - django.request - log_response:241 - Internal Server Error: /api/session/update/
[2025-06-30 11:22:46] ERROR - django.request - log_response:241 - Internal Server Error: /api/session/update/
[2025-06-30 11:22:48] ERROR - django.request - log_response:241 - Internal Server Error: /api/session/update/
[2025-06-30 11:25:40] ERROR - django.request - log_response:241 - Internal Server Error: /api/session/update/
[2025-06-30 11:30:26] ERROR - django.request - log_response:241 - Internal Server Error: /api/session/update/
[2025-06-30 11:35:49] ERROR - django.request - log_response:241 - Internal Server Error: /api/session/update/
[2025-06-30 11:36:11] ERROR - django.request - log_response:241 - Internal Server Error: /api/session/update/
[2025-06-30 11:42:48] ERROR - django.request - log_response:241 - Internal Server Error: /api/session/update/
[2025-06-30 11:43:55] ERROR - django.request - log_response:241 - Internal Server Error: /api/session/update/
[2025-06-30 12:29:14] ERROR - django.request - log_response:241 - Internal Server Error: /api/session/update/
[2025-06-30 12:42:28] ERROR - django.request - log_response:241 - Internal Server Error: /shift/assignments/
Traceback (most recent call last):
  File "/opt/anaconda3/envs/aps/lib/python3.10/site-packages/django/template/base.py", line 502, in parse
    compile_func = self.tags[command]
KeyError: 'endfor'

During handling of the above exception, another exception occurred:

Traceback (most recent call last):
  File "/Users/harshalsmac/WORK/ardur/ardurPeopleSoft/trueAlign/shift/views.py", line 790, in assignment_list
    return render(request, 'shift/assignment_list.html', context)
  File "/opt/anaconda3/envs/aps/lib/python3.10/site-packages/django/shortcuts.py", line 25, in render
    content = loader.render_to_string(template_name, context, request, using=using)
  File "/opt/anaconda3/envs/aps/lib/python3.10/site-packages/django/template/loader.py", line 61, in render_to_string
    template = get_template(template_name, using=using)
  File "/opt/anaconda3/envs/aps/lib/python3.10/site-packages/django/template/loader.py", line 15, in get_template
    return engine.get_template(template_name)
  File "/opt/anaconda3/envs/aps/lib/python3.10/site-packages/django/template/backends/django.py", line 33, in get_template
    return Template(self.engine.get_template(template_name), self)
  File "/opt/anaconda3/envs/aps/lib/python3.10/site-packages/django/template/engine.py", line 177, in get_template
    template, origin = self.find_template(template_name)
  File "/opt/anaconda3/envs/aps/lib/python3.10/site-packages/django/template/engine.py", line 159, in find_template
    template = loader.get_template(name, skip=skip)
  File "/opt/anaconda3/envs/aps/lib/python3.10/site-packages/django/template/loaders/cached.py", line 57, in get_template
    template = super().get_template(template_name, skip)
  File "/opt/anaconda3/envs/aps/lib/python3.10/site-packages/django/template/loaders/base.py", line 28, in get_template
    return Template(
  File "/opt/anaconda3/envs/aps/lib/python3.10/site-packages/django/template/base.py", line 154, in __init__
    self.nodelist = self.compile_nodelist()
  File "/opt/anaconda3/envs/aps/lib/python3.10/site-packages/django/template/base.py", line 196, in compile_nodelist
    return parser.parse()
  File "/opt/anaconda3/envs/aps/lib/python3.10/site-packages/django/template/base.py", line 510, in parse
    raise self.error(token, e)
  File "/opt/anaconda3/envs/aps/lib/python3.10/site-packages/django/template/base.py", line 508, in parse
    compiled_result = compile_func(self, token)
  File "/opt/anaconda3/envs/aps/lib/python3.10/site-packages/django/template/loader_tags.py", line 295, in do_extends
    nodelist = parser.parse()
  File "/opt/anaconda3/envs/aps/lib/python3.10/site-packages/django/template/base.py", line 510, in parse
    raise self.error(token, e)
  File "/opt/anaconda3/envs/aps/lib/python3.10/site-packages/django/template/base.py", line 508, in parse
    compiled_result = compile_func(self, token)
  File "/opt/anaconda3/envs/aps/lib/python3.10/site-packages/django/template/loader_tags.py", line 234, in do_block
    nodelist = parser.parse(("endblock",))
  File "/opt/anaconda3/envs/aps/lib/python3.10/site-packages/django/template/base.py", line 510, in parse
    raise self.error(token, e)
  File "/opt/anaconda3/envs/aps/lib/python3.10/site-packages/django/template/base.py", line 508, in parse
    compiled_result = compile_func(self, token)
  File "/opt/anaconda3/envs/aps/lib/python3.10/site-packages/django/template/defaulttags.py", line 961, in do_if
    nodelist = parser.parse(("elif", "else", "endif"))
  File "/opt/anaconda3/envs/aps/lib/python3.10/site-packages/django/template/base.py", line 504, in parse
    self.invalid_block_tag(token, command, parse_until)
  File "/opt/anaconda3/envs/aps/lib/python3.10/site-packages/django/template/base.py", line 555, in invalid_block_tag
    raise self.error(
django.template.exceptions.TemplateSyntaxError: Invalid block tag on line 450: 'endfor', expected 'elif', 'else' or 'endif'. Did you forget to register or load this tag?

During handling of the above exception, another exception occurred:

Traceback (most recent call last):
  File "/opt/anaconda3/envs/aps/lib/python3.10/site-packages/django/template/base.py", line 502, in parse
    compile_func = self.tags[command]
KeyError: 'endfor'

During handling of the above exception, another exception occurred:

Traceback (most recent call last):
  File "/opt/anaconda3/envs/aps/lib/python3.10/site-packages/django/core/handlers/exception.py", line 55, in inner
    response = get_response(request)
  File "/opt/anaconda3/envs/aps/lib/python3.10/site-packages/django/core/handlers/base.py", line 197, in _get_response
    response = wrapped_callback(request, *callback_args, **callback_kwargs)
  File "/opt/anaconda3/envs/aps/lib/python3.10/site-packages/django/contrib/auth/decorators.py", line 23, in _wrapper_view
    return view_func(request, *args, **kwargs)
  File "/Users/harshalsmac/WORK/ardur/ardurPeopleSoft/trueAlign/shift/decorators.py", line 53, in wrapper_func
    return view_func(request, *args, **kwargs)
  File "/Users/harshalsmac/WORK/ardur/ardurPeopleSoft/trueAlign/shift/views.py", line 79, in wrapper
    result = func(request, *args, **kwargs)
  File "/Users/harshalsmac/WORK/ardur/ardurPeopleSoft/trueAlign/shift/views.py", line 808, in assignment_list
    return render(request, 'shift/assignment_list.html', context)
  File "/opt/anaconda3/envs/aps/lib/python3.10/site-packages/django/shortcuts.py", line 25, in render
    content = loader.render_to_string(template_name, context, request, using=using)
  File "/opt/anaconda3/envs/aps/lib/python3.10/site-packages/django/template/loader.py", line 61, in render_to_string
    template = get_template(template_name, using=using)
  File "/opt/anaconda3/envs/aps/lib/python3.10/site-packages/django/template/loader.py", line 15, in get_template
    return engine.get_template(template_name)
  File "/opt/anaconda3/envs/aps/lib/python3.10/site-packages/django/template/backends/django.py", line 33, in get_template
    return Template(self.engine.get_template(template_name), self)
  File "/opt/anaconda3/envs/aps/lib/python3.10/site-packages/django/template/engine.py", line 177, in get_template
    template, origin = self.find_template(template_name)
  File "/opt/anaconda3/envs/aps/lib/python3.10/site-packages/django/template/engine.py", line 159, in find_template
    template = loader.get_template(name, skip=skip)
  File "/opt/anaconda3/envs/aps/lib/python3.10/site-packages/django/template/loaders/cached.py", line 57, in get_template
    template = super().get_template(template_name, skip)
  File "/opt/anaconda3/envs/aps/lib/python3.10/site-packages/django/template/loaders/base.py", line 28, in get_template
    return Template(
  File "/opt/anaconda3/envs/aps/lib/python3.10/site-packages/django/template/base.py", line 154, in __init__
    self.nodelist = self.compile_nodelist()
  File "/opt/anaconda3/envs/aps/lib/python3.10/site-packages/django/template/base.py", line 196, in compile_nodelist
    return parser.parse()
  File "/opt/anaconda3/envs/aps/lib/python3.10/site-packages/django/template/base.py", line 510, in parse
    raise self.error(token, e)
  File "/opt/anaconda3/envs/aps/lib/python3.10/site-packages/django/template/base.py", line 508, in parse
    compiled_result = compile_func(self, token)
  File "/opt/anaconda3/envs/aps/lib/python3.10/site-packages/django/template/loader_tags.py", line 295, in do_extends
    nodelist = parser.parse()
  File "/opt/anaconda3/envs/aps/lib/python3.10/site-packages/django/template/base.py", line 510, in parse
    raise self.error(token, e)
  File "/opt/anaconda3/envs/aps/lib/python3.10/site-packages/django/template/base.py", line 508, in parse
    compiled_result = compile_func(self, token)
  File "/opt/anaconda3/envs/aps/lib/python3.10/site-packages/django/template/loader_tags.py", line 234, in do_block
    nodelist = parser.parse(("endblock",))
  File "/opt/anaconda3/envs/aps/lib/python3.10/site-packages/django/template/base.py", line 510, in parse
    raise self.error(token, e)
  File "/opt/anaconda3/envs/aps/lib/python3.10/site-packages/django/template/base.py", line 508, in parse
    compiled_result = compile_func(self, token)
  File "/opt/anaconda3/envs/aps/lib/python3.10/site-packages/django/template/defaulttags.py", line 961, in do_if
    nodelist = parser.parse(("elif", "else", "endif"))
  File "/opt/anaconda3/envs/aps/lib/python3.10/site-packages/django/template/base.py", line 504, in parse
    self.invalid_block_tag(token, command, parse_until)
  File "/opt/anaconda3/envs/aps/lib/python3.10/site-packages/django/template/base.py", line 555, in invalid_block_tag
    raise self.error(
django.template.exceptions.TemplateSyntaxError: Invalid block tag on line 450: 'endfor', expected 'elif', 'else' or 'endif'. Did you forget to register or load this tag?
[2025-06-30 12:43:35] ERROR - django.request - log_response:241 - Internal Server Error: /shift/assignments/
Traceback (most recent call last):
  File "/opt/anaconda3/envs/aps/lib/python3.10/site-packages/django/template/base.py", line 502, in parse
    compile_func = self.tags[command]
KeyError: 'endfor'

During handling of the above exception, another exception occurred:

Traceback (most recent call last):
  File "/Users/harshalsmac/WORK/ardur/ardurPeopleSoft/trueAlign/shift/views.py", line 790, in assignment_list
    return render(request, 'shift/assignment_list.html', context)
  File "/opt/anaconda3/envs/aps/lib/python3.10/site-packages/django/shortcuts.py", line 25, in render
    content = loader.render_to_string(template_name, context, request, using=using)
  File "/opt/anaconda3/envs/aps/lib/python3.10/site-packages/django/template/loader.py", line 61, in render_to_string
    template = get_template(template_name, using=using)
  File "/opt/anaconda3/envs/aps/lib/python3.10/site-packages/django/template/loader.py", line 15, in get_template
    return engine.get_template(template_name)
  File "/opt/anaconda3/envs/aps/lib/python3.10/site-packages/django/template/backends/django.py", line 33, in get_template
    return Template(self.engine.get_template(template_name), self)
  File "/opt/anaconda3/envs/aps/lib/python3.10/site-packages/django/template/engine.py", line 177, in get_template
    template, origin = self.find_template(template_name)
  File "/opt/anaconda3/envs/aps/lib/python3.10/site-packages/django/template/engine.py", line 159, in find_template
    template = loader.get_template(name, skip=skip)
  File "/opt/anaconda3/envs/aps/lib/python3.10/site-packages/django/template/loaders/cached.py", line 57, in get_template
    template = super().get_template(template_name, skip)
  File "/opt/anaconda3/envs/aps/lib/python3.10/site-packages/django/template/loaders/base.py", line 28, in get_template
    return Template(
  File "/opt/anaconda3/envs/aps/lib/python3.10/site-packages/django/template/base.py", line 154, in __init__
    self.nodelist = self.compile_nodelist()
  File "/opt/anaconda3/envs/aps/lib/python3.10/site-packages/django/template/base.py", line 196, in compile_nodelist
    return parser.parse()
  File "/opt/anaconda3/envs/aps/lib/python3.10/site-packages/django/template/base.py", line 510, in parse
    raise self.error(token, e)
  File "/opt/anaconda3/envs/aps/lib/python3.10/site-packages/django/template/base.py", line 508, in parse
    compiled_result = compile_func(self, token)
  File "/opt/anaconda3/envs/aps/lib/python3.10/site-packages/django/template/loader_tags.py", line 295, in do_extends
    nodelist = parser.parse()
  File "/opt/anaconda3/envs/aps/lib/python3.10/site-packages/django/template/base.py", line 510, in parse
    raise self.error(token, e)
  File "/opt/anaconda3/envs/aps/lib/python3.10/site-packages/django/template/base.py", line 508, in parse
    compiled_result = compile_func(self, token)
  File "/opt/anaconda3/envs/aps/lib/python3.10/site-packages/django/template/loader_tags.py", line 234, in do_block
    nodelist = parser.parse(("endblock",))
  File "/opt/anaconda3/envs/aps/lib/python3.10/site-packages/django/template/base.py", line 510, in parse
    raise self.error(token, e)
  File "/opt/anaconda3/envs/aps/lib/python3.10/site-packages/django/template/base.py", line 508, in parse
    compiled_result = compile_func(self, token)
  File "/opt/anaconda3/envs/aps/lib/python3.10/site-packages/django/template/defaulttags.py", line 961, in do_if
    nodelist = parser.parse(("elif", "else", "endif"))
  File "/opt/anaconda3/envs/aps/lib/python3.10/site-packages/django/template/base.py", line 504, in parse
    self.invalid_block_tag(token, command, parse_until)
  File "/opt/anaconda3/envs/aps/lib/python3.10/site-packages/django/template/base.py", line 555, in invalid_block_tag
    raise self.error(
django.template.exceptions.TemplateSyntaxError: Invalid block tag on line 450: 'endfor', expected 'elif', 'else' or 'endif'. Did you forget to register or load this tag?

During handling of the above exception, another exception occurred:

Traceback (most recent call last):
  File "/opt/anaconda3/envs/aps/lib/python3.10/site-packages/django/template/base.py", line 502, in parse
    compile_func = self.tags[command]
KeyError: 'endfor'

During handling of the above exception, another exception occurred:

Traceback (most recent call last):
  File "/opt/anaconda3/envs/aps/lib/python3.10/site-packages/django/core/handlers/exception.py", line 55, in inner
    response = get_response(request)
  File "/opt/anaconda3/envs/aps/lib/python3.10/site-packages/django/core/handlers/base.py", line 197, in _get_response
    response = wrapped_callback(request, *callback_args, **callback_kwargs)
  File "/opt/anaconda3/envs/aps/lib/python3.10/site-packages/django/contrib/auth/decorators.py", line 23, in _wrapper_view
    return view_func(request, *args, **kwargs)
  File "/Users/harshalsmac/WORK/ardur/ardurPeopleSoft/trueAlign/shift/decorators.py", line 53, in wrapper_func
    return view_func(request, *args, **kwargs)
  File "/Users/harshalsmac/WORK/ardur/ardurPeopleSoft/trueAlign/shift/views.py", line 79, in wrapper
    result = func(request, *args, **kwargs)
  File "/Users/harshalsmac/WORK/ardur/ardurPeopleSoft/trueAlign/shift/views.py", line 808, in assignment_list
    return render(request, 'shift/assignment_list.html', context)
  File "/opt/anaconda3/envs/aps/lib/python3.10/site-packages/django/shortcuts.py", line 25, in render
    content = loader.render_to_string(template_name, context, request, using=using)
  File "/opt/anaconda3/envs/aps/lib/python3.10/site-packages/django/template/loader.py", line 61, in render_to_string
    template = get_template(template_name, using=using)
  File "/opt/anaconda3/envs/aps/lib/python3.10/site-packages/django/template/loader.py", line 15, in get_template
    return engine.get_template(template_name)
  File "/opt/anaconda3/envs/aps/lib/python3.10/site-packages/django/template/backends/django.py", line 33, in get_template
    return Template(self.engine.get_template(template_name), self)
  File "/opt/anaconda3/envs/aps/lib/python3.10/site-packages/django/template/engine.py", line 177, in get_template
    template, origin = self.find_template(template_name)
  File "/opt/anaconda3/envs/aps/lib/python3.10/site-packages/django/template/engine.py", line 159, in find_template
    template = loader.get_template(name, skip=skip)
  File "/opt/anaconda3/envs/aps/lib/python3.10/site-packages/django/template/loaders/cached.py", line 57, in get_template
    template = super().get_template(template_name, skip)
  File "/opt/anaconda3/envs/aps/lib/python3.10/site-packages/django/template/loaders/base.py", line 28, in get_template
    return Template(
  File "/opt/anaconda3/envs/aps/lib/python3.10/site-packages/django/template/base.py", line 154, in __init__
    self.nodelist = self.compile_nodelist()
  File "/opt/anaconda3/envs/aps/lib/python3.10/site-packages/django/template/base.py", line 196, in compile_nodelist
    return parser.parse()
  File "/opt/anaconda3/envs/aps/lib/python3.10/site-packages/django/template/base.py", line 510, in parse
    raise self.error(token, e)
  File "/opt/anaconda3/envs/aps/lib/python3.10/site-packages/django/template/base.py", line 508, in parse
    compiled_result = compile_func(self, token)
  File "/opt/anaconda3/envs/aps/lib/python3.10/site-packages/django/template/loader_tags.py", line 295, in do_extends
    nodelist = parser.parse()
  File "/opt/anaconda3/envs/aps/lib/python3.10/site-packages/django/template/base.py", line 510, in parse
    raise self.error(token, e)
  File "/opt/anaconda3/envs/aps/lib/python3.10/site-packages/django/template/base.py", line 508, in parse
    compiled_result = compile_func(self, token)
  File "/opt/anaconda3/envs/aps/lib/python3.10/site-packages/django/template/loader_tags.py", line 234, in do_block
    nodelist = parser.parse(("endblock",))
  File "/opt/anaconda3/envs/aps/lib/python3.10/site-packages/django/template/base.py", line 510, in parse
    raise self.error(token, e)
  File "/opt/anaconda3/envs/aps/lib/python3.10/site-packages/django/template/base.py", line 508, in parse
    compiled_result = compile_func(self, token)
  File "/opt/anaconda3/envs/aps/lib/python3.10/site-packages/django/template/defaulttags.py", line 961, in do_if
    nodelist = parser.parse(("elif", "else", "endif"))
  File "/opt/anaconda3/envs/aps/lib/python3.10/site-packages/django/template/base.py", line 504, in parse
    self.invalid_block_tag(token, command, parse_until)
  File "/opt/anaconda3/envs/aps/lib/python3.10/site-packages/django/template/base.py", line 555, in invalid_block_tag
    raise self.error(
django.template.exceptions.TemplateSyntaxError: Invalid block tag on line 450: 'endfor', expected 'elif', 'else' or 'endif'. Did you forget to register or load this tag?
[2025-06-30 12:43:47] ERROR - django.request - log_response:241 - Internal Server Error: /shift/assignments/
Traceback (most recent call last):
  File "/opt/anaconda3/envs/aps/lib/python3.10/site-packages/django/template/base.py", line 502, in parse
    compile_func = self.tags[command]
KeyError: 'endfor'

During handling of the above exception, another exception occurred:

Traceback (most recent call last):
  File "/Users/harshalsmac/WORK/ardur/ardurPeopleSoft/trueAlign/shift/views.py", line 790, in assignment_list
    return render(request, 'shift/assignment_list.html', context)
  File "/opt/anaconda3/envs/aps/lib/python3.10/site-packages/django/shortcuts.py", line 25, in render
    content = loader.render_to_string(template_name, context, request, using=using)
  File "/opt/anaconda3/envs/aps/lib/python3.10/site-packages/django/template/loader.py", line 61, in render_to_string
    template = get_template(template_name, using=using)
  File "/opt/anaconda3/envs/aps/lib/python3.10/site-packages/django/template/loader.py", line 15, in get_template
    return engine.get_template(template_name)
  File "/opt/anaconda3/envs/aps/lib/python3.10/site-packages/django/template/backends/django.py", line 33, in get_template
    return Template(self.engine.get_template(template_name), self)
  File "/opt/anaconda3/envs/aps/lib/python3.10/site-packages/django/template/engine.py", line 177, in get_template
    template, origin = self.find_template(template_name)
  File "/opt/anaconda3/envs/aps/lib/python3.10/site-packages/django/template/engine.py", line 159, in find_template
    template = loader.get_template(name, skip=skip)
  File "/opt/anaconda3/envs/aps/lib/python3.10/site-packages/django/template/loaders/cached.py", line 57, in get_template
    template = super().get_template(template_name, skip)
  File "/opt/anaconda3/envs/aps/lib/python3.10/site-packages/django/template/loaders/base.py", line 28, in get_template
    return Template(
  File "/opt/anaconda3/envs/aps/lib/python3.10/site-packages/django/template/base.py", line 154, in __init__
    self.nodelist = self.compile_nodelist()
  File "/opt/anaconda3/envs/aps/lib/python3.10/site-packages/django/template/base.py", line 196, in compile_nodelist
    return parser.parse()
  File "/opt/anaconda3/envs/aps/lib/python3.10/site-packages/django/template/base.py", line 510, in parse
    raise self.error(token, e)
  File "/opt/anaconda3/envs/aps/lib/python3.10/site-packages/django/template/base.py", line 508, in parse
    compiled_result = compile_func(self, token)
  File "/opt/anaconda3/envs/aps/lib/python3.10/site-packages/django/template/loader_tags.py", line 295, in do_extends
    nodelist = parser.parse()
  File "/opt/anaconda3/envs/aps/lib/python3.10/site-packages/django/template/base.py", line 510, in parse
    raise self.error(token, e)
  File "/opt/anaconda3/envs/aps/lib/python3.10/site-packages/django/template/base.py", line 508, in parse
    compiled_result = compile_func(self, token)
  File "/opt/anaconda3/envs/aps/lib/python3.10/site-packages/django/template/loader_tags.py", line 234, in do_block
    nodelist = parser.parse(("endblock",))
  File "/opt/anaconda3/envs/aps/lib/python3.10/site-packages/django/template/base.py", line 510, in parse
    raise self.error(token, e)
  File "/opt/anaconda3/envs/aps/lib/python3.10/site-packages/django/template/base.py", line 508, in parse
    compiled_result = compile_func(self, token)
  File "/opt/anaconda3/envs/aps/lib/python3.10/site-packages/django/template/defaulttags.py", line 961, in do_if
    nodelist = parser.parse(("elif", "else", "endif"))
  File "/opt/anaconda3/envs/aps/lib/python3.10/site-packages/django/template/base.py", line 504, in parse
    self.invalid_block_tag(token, command, parse_until)
  File "/opt/anaconda3/envs/aps/lib/python3.10/site-packages/django/template/base.py", line 555, in invalid_block_tag
    raise self.error(
django.template.exceptions.TemplateSyntaxError: Invalid block tag on line 319: 'endfor', expected 'elif', 'else' or 'endif'. Did you forget to register or load this tag?

During handling of the above exception, another exception occurred:

Traceback (most recent call last):
  File "/opt/anaconda3/envs/aps/lib/python3.10/site-packages/django/template/base.py", line 502, in parse
    compile_func = self.tags[command]
KeyError: 'endfor'

During handling of the above exception, another exception occurred:

Traceback (most recent call last):
  File "/opt/anaconda3/envs/aps/lib/python3.10/site-packages/django/core/handlers/exception.py", line 55, in inner
    response = get_response(request)
  File "/opt/anaconda3/envs/aps/lib/python3.10/site-packages/django/core/handlers/base.py", line 197, in _get_response
    response = wrapped_callback(request, *callback_args, **callback_kwargs)
  File "/opt/anaconda3/envs/aps/lib/python3.10/site-packages/django/contrib/auth/decorators.py", line 23, in _wrapper_view
    return view_func(request, *args, **kwargs)
  File "/Users/harshalsmac/WORK/ardur/ardurPeopleSoft/trueAlign/shift/decorators.py", line 53, in wrapper_func
    return view_func(request, *args, **kwargs)
  File "/Users/harshalsmac/WORK/ardur/ardurPeopleSoft/trueAlign/shift/views.py", line 79, in wrapper
    result = func(request, *args, **kwargs)
  File "/Users/harshalsmac/WORK/ardur/ardurPeopleSoft/trueAlign/shift/views.py", line 808, in assignment_list
    return render(request, 'shift/assignment_list.html', context)
  File "/opt/anaconda3/envs/aps/lib/python3.10/site-packages/django/shortcuts.py", line 25, in render
    content = loader.render_to_string(template_name, context, request, using=using)
  File "/opt/anaconda3/envs/aps/lib/python3.10/site-packages/django/template/loader.py", line 61, in render_to_string
    template = get_template(template_name, using=using)
  File "/opt/anaconda3/envs/aps/lib/python3.10/site-packages/django/template/loader.py", line 15, in get_template
    return engine.get_template(template_name)
  File "/opt/anaconda3/envs/aps/lib/python3.10/site-packages/django/template/backends/django.py", line 33, in get_template
    return Template(self.engine.get_template(template_name), self)
  File "/opt/anaconda3/envs/aps/lib/python3.10/site-packages/django/template/engine.py", line 177, in get_template
    template, origin = self.find_template(template_name)
  File "/opt/anaconda3/envs/aps/lib/python3.10/site-packages/django/template/engine.py", line 159, in find_template
    template = loader.get_template(name, skip=skip)
  File "/opt/anaconda3/envs/aps/lib/python3.10/site-packages/django/template/loaders/cached.py", line 57, in get_template
    template = super().get_template(template_name, skip)
  File "/opt/anaconda3/envs/aps/lib/python3.10/site-packages/django/template/loaders/base.py", line 28, in get_template
    return Template(
  File "/opt/anaconda3/envs/aps/lib/python3.10/site-packages/django/template/base.py", line 154, in __init__
    self.nodelist = self.compile_nodelist()
  File "/opt/anaconda3/envs/aps/lib/python3.10/site-packages/django/template/base.py", line 196, in compile_nodelist
    return parser.parse()
  File "/opt/anaconda3/envs/aps/lib/python3.10/site-packages/django/template/base.py", line 510, in parse
    raise self.error(token, e)
  File "/opt/anaconda3/envs/aps/lib/python3.10/site-packages/django/template/base.py", line 508, in parse
    compiled_result = compile_func(self, token)
  File "/opt/anaconda3/envs/aps/lib/python3.10/site-packages/django/template/loader_tags.py", line 295, in do_extends
    nodelist = parser.parse()
  File "/opt/anaconda3/envs/aps/lib/python3.10/site-packages/django/template/base.py", line 510, in parse
    raise self.error(token, e)
  File "/opt/anaconda3/envs/aps/lib/python3.10/site-packages/django/template/base.py", line 508, in parse
    compiled_result = compile_func(self, token)
  File "/opt/anaconda3/envs/aps/lib/python3.10/site-packages/django/template/loader_tags.py", line 234, in do_block
    nodelist = parser.parse(("endblock",))
  File "/opt/anaconda3/envs/aps/lib/python3.10/site-packages/django/template/base.py", line 510, in parse
    raise self.error(token, e)
  File "/opt/anaconda3/envs/aps/lib/python3.10/site-packages/django/template/base.py", line 508, in parse
    compiled_result = compile_func(self, token)
  File "/opt/anaconda3/envs/aps/lib/python3.10/site-packages/django/template/defaulttags.py", line 961, in do_if
    nodelist = parser.parse(("elif", "else", "endif"))
  File "/opt/anaconda3/envs/aps/lib/python3.10/site-packages/django/template/base.py", line 504, in parse
    self.invalid_block_tag(token, command, parse_until)
  File "/opt/anaconda3/envs/aps/lib/python3.10/site-packages/django/template/base.py", line 555, in invalid_block_tag
    raise self.error(
django.template.exceptions.TemplateSyntaxError: Invalid block tag on line 319: 'endfor', expected 'elif', 'else' or 'endif'. Did you forget to register or load this tag?
[2025-06-30 12:44:11] ERROR - django.request - log_response:241 - Internal Server Error: /shift/assignments/
Traceback (most recent call last):
  File "/opt/anaconda3/envs/aps/lib/python3.10/site-packages/django/template/base.py", line 502, in parse
    compile_func = self.tags[command]
KeyError: 'endif'

During handling of the above exception, another exception occurred:

Traceback (most recent call last):
  File "/Users/harshalsmac/WORK/ardur/ardurPeopleSoft/trueAlign/shift/views.py", line 790, in assignment_list
    return render(request, 'shift/assignment_list.html', context)
  File "/opt/anaconda3/envs/aps/lib/python3.10/site-packages/django/shortcuts.py", line 25, in render
    content = loader.render_to_string(template_name, context, request, using=using)
  File "/opt/anaconda3/envs/aps/lib/python3.10/site-packages/django/template/loader.py", line 61, in render_to_string
    template = get_template(template_name, using=using)
  File "/opt/anaconda3/envs/aps/lib/python3.10/site-packages/django/template/loader.py", line 15, in get_template
    return engine.get_template(template_name)
  File "/opt/anaconda3/envs/aps/lib/python3.10/site-packages/django/template/backends/django.py", line 33, in get_template
    return Template(self.engine.get_template(template_name), self)
  File "/opt/anaconda3/envs/aps/lib/python3.10/site-packages/django/template/engine.py", line 177, in get_template
    template, origin = self.find_template(template_name)
  File "/opt/anaconda3/envs/aps/lib/python3.10/site-packages/django/template/engine.py", line 159, in find_template
    template = loader.get_template(name, skip=skip)
  File "/opt/anaconda3/envs/aps/lib/python3.10/site-packages/django/template/loaders/cached.py", line 57, in get_template
    template = super().get_template(template_name, skip)
  File "/opt/anaconda3/envs/aps/lib/python3.10/site-packages/django/template/loaders/base.py", line 28, in get_template
    return Template(
  File "/opt/anaconda3/envs/aps/lib/python3.10/site-packages/django/template/base.py", line 154, in __init__
    self.nodelist = self.compile_nodelist()
  File "/opt/anaconda3/envs/aps/lib/python3.10/site-packages/django/template/base.py", line 196, in compile_nodelist
    return parser.parse()
  File "/opt/anaconda3/envs/aps/lib/python3.10/site-packages/django/template/base.py", line 510, in parse
    raise self.error(token, e)
  File "/opt/anaconda3/envs/aps/lib/python3.10/site-packages/django/template/base.py", line 508, in parse
    compiled_result = compile_func(self, token)
  File "/opt/anaconda3/envs/aps/lib/python3.10/site-packages/django/template/loader_tags.py", line 295, in do_extends
    nodelist = parser.parse()
  File "/opt/anaconda3/envs/aps/lib/python3.10/site-packages/django/template/base.py", line 510, in parse
    raise self.error(token, e)
  File "/opt/anaconda3/envs/aps/lib/python3.10/site-packages/django/template/base.py", line 508, in parse
    compiled_result = compile_func(self, token)
  File "/opt/anaconda3/envs/aps/lib/python3.10/site-packages/django/template/loader_tags.py", line 234, in do_block
    nodelist = parser.parse(("endblock",))
  File "/opt/anaconda3/envs/aps/lib/python3.10/site-packages/django/template/base.py", line 504, in parse
    self.invalid_block_tag(token, command, parse_until)
  File "/opt/anaconda3/envs/aps/lib/python3.10/site-packages/django/template/base.py", line 555, in invalid_block_tag
    raise self.error(
django.template.exceptions.TemplateSyntaxError: Invalid block tag on line 398: 'endif', expected 'endblock'. Did you forget to register or load this tag?

During handling of the above exception, another exception occurred:

Traceback (most recent call last):
  File "/opt/anaconda3/envs/aps/lib/python3.10/site-packages/django/template/base.py", line 502, in parse
    compile_func = self.tags[command]
KeyError: 'endif'

During handling of the above exception, another exception occurred:

Traceback (most recent call last):
  File "/opt/anaconda3/envs/aps/lib/python3.10/site-packages/django/core/handlers/exception.py", line 55, in inner
    response = get_response(request)
  File "/opt/anaconda3/envs/aps/lib/python3.10/site-packages/django/core/handlers/base.py", line 197, in _get_response
    response = wrapped_callback(request, *callback_args, **callback_kwargs)
  File "/opt/anaconda3/envs/aps/lib/python3.10/site-packages/django/contrib/auth/decorators.py", line 23, in _wrapper_view
    return view_func(request, *args, **kwargs)
  File "/Users/harshalsmac/WORK/ardur/ardurPeopleSoft/trueAlign/shift/decorators.py", line 53, in wrapper_func
    return view_func(request, *args, **kwargs)
  File "/Users/harshalsmac/WORK/ardur/ardurPeopleSoft/trueAlign/shift/views.py", line 79, in wrapper
    result = func(request, *args, **kwargs)
  File "/Users/harshalsmac/WORK/ardur/ardurPeopleSoft/trueAlign/shift/views.py", line 808, in assignment_list
    return render(request, 'shift/assignment_list.html', context)
  File "/opt/anaconda3/envs/aps/lib/python3.10/site-packages/django/shortcuts.py", line 25, in render
    content = loader.render_to_string(template_name, context, request, using=using)
  File "/opt/anaconda3/envs/aps/lib/python3.10/site-packages/django/template/loader.py", line 61, in render_to_string
    template = get_template(template_name, using=using)
  File "/opt/anaconda3/envs/aps/lib/python3.10/site-packages/django/template/loader.py", line 15, in get_template
    return engine.get_template(template_name)
  File "/opt/anaconda3/envs/aps/lib/python3.10/site-packages/django/template/backends/django.py", line 33, in get_template
    return Template(self.engine.get_template(template_name), self)
  File "/opt/anaconda3/envs/aps/lib/python3.10/site-packages/django/template/engine.py", line 177, in get_template
    template, origin = self.find_template(template_name)
  File "/opt/anaconda3/envs/aps/lib/python3.10/site-packages/django/template/engine.py", line 159, in find_template
    template = loader.get_template(name, skip=skip)
  File "/opt/anaconda3/envs/aps/lib/python3.10/site-packages/django/template/loaders/cached.py", line 57, in get_template
    template = super().get_template(template_name, skip)
  File "/opt/anaconda3/envs/aps/lib/python3.10/site-packages/django/template/loaders/base.py", line 28, in get_template
    return Template(
  File "/opt/anaconda3/envs/aps/lib/python3.10/site-packages/django/template/base.py", line 154, in __init__
    self.nodelist = self.compile_nodelist()
  File "/opt/anaconda3/envs/aps/lib/python3.10/site-packages/django/template/base.py", line 196, in compile_nodelist
    return parser.parse()
  File "/opt/anaconda3/envs/aps/lib/python3.10/site-packages/django/template/base.py", line 510, in parse
    raise self.error(token, e)
  File "/opt/anaconda3/envs/aps/lib/python3.10/site-packages/django/template/base.py", line 508, in parse
    compiled_result = compile_func(self, token)
  File "/opt/anaconda3/envs/aps/lib/python3.10/site-packages/django/template/loader_tags.py", line 295, in do_extends
    nodelist = parser.parse()
  File "/opt/anaconda3/envs/aps/lib/python3.10/site-packages/django/template/base.py", line 510, in parse
    raise self.error(token, e)
  File "/opt/anaconda3/envs/aps/lib/python3.10/site-packages/django/template/base.py", line 508, in parse
    compiled_result = compile_func(self, token)
  File "/opt/anaconda3/envs/aps/lib/python3.10/site-packages/django/template/loader_tags.py", line 234, in do_block
    nodelist = parser.parse(("endblock",))
  File "/opt/anaconda3/envs/aps/lib/python3.10/site-packages/django/template/base.py", line 504, in parse
    self.invalid_block_tag(token, command, parse_until)
  File "/opt/anaconda3/envs/aps/lib/python3.10/site-packages/django/template/base.py", line 555, in invalid_block_tag
    raise self.error(
django.template.exceptions.TemplateSyntaxError: Invalid block tag on line 398: 'endif', expected 'endblock'. Did you forget to register or load this tag?
[2025-06-30 12:45:22] ERROR - django.request - log_response:241 - Internal Server Error: /shift/assignments/
Traceback (most recent call last):
  File "/opt/anaconda3/envs/aps/lib/python3.10/site-packages/django/template/base.py", line 502, in parse
    compile_func = self.tags[command]
KeyError: 'endif'

During handling of the above exception, another exception occurred:

Traceback (most recent call last):
  File "/Users/harshalsmac/WORK/ardur/ardurPeopleSoft/trueAlign/shift/views.py", line 790, in assignment_list
    return render(request, 'shift/assignment_list.html', context)
  File "/opt/anaconda3/envs/aps/lib/python3.10/site-packages/django/shortcuts.py", line 25, in render
    content = loader.render_to_string(template_name, context, request, using=using)
  File "/opt/anaconda3/envs/aps/lib/python3.10/site-packages/django/template/loader.py", line 61, in render_to_string
    template = get_template(template_name, using=using)
  File "/opt/anaconda3/envs/aps/lib/python3.10/site-packages/django/template/loader.py", line 15, in get_template
    return engine.get_template(template_name)
  File "/opt/anaconda3/envs/aps/lib/python3.10/site-packages/django/template/backends/django.py", line 33, in get_template
    return Template(self.engine.get_template(template_name), self)
  File "/opt/anaconda3/envs/aps/lib/python3.10/site-packages/django/template/engine.py", line 177, in get_template
    template, origin = self.find_template(template_name)
  File "/opt/anaconda3/envs/aps/lib/python3.10/site-packages/django/template/engine.py", line 159, in find_template
    template = loader.get_template(name, skip=skip)
  File "/opt/anaconda3/envs/aps/lib/python3.10/site-packages/django/template/loaders/cached.py", line 57, in get_template
    template = super().get_template(template_name, skip)
  File "/opt/anaconda3/envs/aps/lib/python3.10/site-packages/django/template/loaders/base.py", line 28, in get_template
    return Template(
  File "/opt/anaconda3/envs/aps/lib/python3.10/site-packages/django/template/base.py", line 154, in __init__
    self.nodelist = self.compile_nodelist()
  File "/opt/anaconda3/envs/aps/lib/python3.10/site-packages/django/template/base.py", line 196, in compile_nodelist
    return parser.parse()
  File "/opt/anaconda3/envs/aps/lib/python3.10/site-packages/django/template/base.py", line 510, in parse
    raise self.error(token, e)
  File "/opt/anaconda3/envs/aps/lib/python3.10/site-packages/django/template/base.py", line 508, in parse
    compiled_result = compile_func(self, token)
  File "/opt/anaconda3/envs/aps/lib/python3.10/site-packages/django/template/loader_tags.py", line 295, in do_extends
    nodelist = parser.parse()
  File "/opt/anaconda3/envs/aps/lib/python3.10/site-packages/django/template/base.py", line 510, in parse
    raise self.error(token, e)
  File "/opt/anaconda3/envs/aps/lib/python3.10/site-packages/django/template/base.py", line 508, in parse
    compiled_result = compile_func(self, token)
  File "/opt/anaconda3/envs/aps/lib/python3.10/site-packages/django/template/loader_tags.py", line 234, in do_block
    nodelist = parser.parse(("endblock",))
  File "/opt/anaconda3/envs/aps/lib/python3.10/site-packages/django/template/base.py", line 504, in parse
    self.invalid_block_tag(token, command, parse_until)
  File "/opt/anaconda3/envs/aps/lib/python3.10/site-packages/django/template/base.py", line 555, in invalid_block_tag
    raise self.error(
django.template.exceptions.TemplateSyntaxError: Invalid block tag on line 427: 'endif', expected 'endblock'. Did you forget to register or load this tag?

During handling of the above exception, another exception occurred:

Traceback (most recent call last):
  File "/opt/anaconda3/envs/aps/lib/python3.10/site-packages/django/template/base.py", line 502, in parse
    compile_func = self.tags[command]
KeyError: 'endif'

During handling of the above exception, another exception occurred:

Traceback (most recent call last):
  File "/opt/anaconda3/envs/aps/lib/python3.10/site-packages/django/core/handlers/exception.py", line 55, in inner
    response = get_response(request)
  File "/opt/anaconda3/envs/aps/lib/python3.10/site-packages/django/core/handlers/base.py", line 197, in _get_response
    response = wrapped_callback(request, *callback_args, **callback_kwargs)
  File "/opt/anaconda3/envs/aps/lib/python3.10/site-packages/django/contrib/auth/decorators.py", line 23, in _wrapper_view
    return view_func(request, *args, **kwargs)
  File "/Users/harshalsmac/WORK/ardur/ardurPeopleSoft/trueAlign/shift/decorators.py", line 53, in wrapper_func
    return view_func(request, *args, **kwargs)
  File "/Users/harshalsmac/WORK/ardur/ardurPeopleSoft/trueAlign/shift/views.py", line 79, in wrapper
    result = func(request, *args, **kwargs)
  File "/Users/harshalsmac/WORK/ardur/ardurPeopleSoft/trueAlign/shift/views.py", line 808, in assignment_list
    return render(request, 'shift/assignment_list.html', context)
  File "/opt/anaconda3/envs/aps/lib/python3.10/site-packages/django/shortcuts.py", line 25, in render
    content = loader.render_to_string(template_name, context, request, using=using)
  File "/opt/anaconda3/envs/aps/lib/python3.10/site-packages/django/template/loader.py", line 61, in render_to_string
    template = get_template(template_name, using=using)
  File "/opt/anaconda3/envs/aps/lib/python3.10/site-packages/django/template/loader.py", line 15, in get_template
    return engine.get_template(template_name)
  File "/opt/anaconda3/envs/aps/lib/python3.10/site-packages/django/template/backends/django.py", line 33, in get_template
    return Template(self.engine.get_template(template_name), self)
  File "/opt/anaconda3/envs/aps/lib/python3.10/site-packages/django/template/engine.py", line 177, in get_template
    template, origin = self.find_template(template_name)
  File "/opt/anaconda3/envs/aps/lib/python3.10/site-packages/django/template/engine.py", line 159, in find_template
    template = loader.get_template(name, skip=skip)
  File "/opt/anaconda3/envs/aps/lib/python3.10/site-packages/django/template/loaders/cached.py", line 57, in get_template
    template = super().get_template(template_name, skip)
  File "/opt/anaconda3/envs/aps/lib/python3.10/site-packages/django/template/loaders/base.py", line 28, in get_template
    return Template(
  File "/opt/anaconda3/envs/aps/lib/python3.10/site-packages/django/template/base.py", line 154, in __init__
    self.nodelist = self.compile_nodelist()
  File "/opt/anaconda3/envs/aps/lib/python3.10/site-packages/django/template/base.py", line 196, in compile_nodelist
    return parser.parse()
  File "/opt/anaconda3/envs/aps/lib/python3.10/site-packages/django/template/base.py", line 510, in parse
    raise self.error(token, e)
  File "/opt/anaconda3/envs/aps/lib/python3.10/site-packages/django/template/base.py", line 508, in parse
    compiled_result = compile_func(self, token)
  File "/opt/anaconda3/envs/aps/lib/python3.10/site-packages/django/template/loader_tags.py", line 295, in do_extends
    nodelist = parser.parse()
  File "/opt/anaconda3/envs/aps/lib/python3.10/site-packages/django/template/base.py", line 510, in parse
    raise self.error(token, e)
  File "/opt/anaconda3/envs/aps/lib/python3.10/site-packages/django/template/base.py", line 508, in parse
    compiled_result = compile_func(self, token)
  File "/opt/anaconda3/envs/aps/lib/python3.10/site-packages/django/template/loader_tags.py", line 234, in do_block
    nodelist = parser.parse(("endblock",))
  File "/opt/anaconda3/envs/aps/lib/python3.10/site-packages/django/template/base.py", line 504, in parse
    self.invalid_block_tag(token, command, parse_until)
  File "/opt/anaconda3/envs/aps/lib/python3.10/site-packages/django/template/base.py", line 555, in invalid_block_tag
    raise self.error(
django.template.exceptions.TemplateSyntaxError: Invalid block tag on line 427: 'endif', expected 'endblock'. Did you forget to register or load this tag?
[2025-06-30 12:45:40] ERROR - django.request - log_response:241 - Internal Server Error: /shift/assignments/
Traceback (most recent call last):
  File "/opt/anaconda3/envs/aps/lib/python3.10/site-packages/django/template/base.py", line 502, in parse
    compile_func = self.tags[command]
KeyError: 'endif'

During handling of the above exception, another exception occurred:

Traceback (most recent call last):
  File "/Users/harshalsmac/WORK/ardur/ardurPeopleSoft/trueAlign/shift/views.py", line 790, in assignment_list
    return render(request, 'shift/assignment_list.html', context)
  File "/opt/anaconda3/envs/aps/lib/python3.10/site-packages/django/shortcuts.py", line 25, in render
    content = loader.render_to_string(template_name, context, request, using=using)
  File "/opt/anaconda3/envs/aps/lib/python3.10/site-packages/django/template/loader.py", line 61, in render_to_string
    template = get_template(template_name, using=using)
  File "/opt/anaconda3/envs/aps/lib/python3.10/site-packages/django/template/loader.py", line 15, in get_template
    return engine.get_template(template_name)
  File "/opt/anaconda3/envs/aps/lib/python3.10/site-packages/django/template/backends/django.py", line 33, in get_template
    return Template(self.engine.get_template(template_name), self)
  File "/opt/anaconda3/envs/aps/lib/python3.10/site-packages/django/template/engine.py", line 177, in get_template
    template, origin = self.find_template(template_name)
  File "/opt/anaconda3/envs/aps/lib/python3.10/site-packages/django/template/engine.py", line 159, in find_template
    template = loader.get_template(name, skip=skip)
  File "/opt/anaconda3/envs/aps/lib/python3.10/site-packages/django/template/loaders/cached.py", line 57, in get_template
    template = super().get_template(template_name, skip)
  File "/opt/anaconda3/envs/aps/lib/python3.10/site-packages/django/template/loaders/base.py", line 28, in get_template
    return Template(
  File "/opt/anaconda3/envs/aps/lib/python3.10/site-packages/django/template/base.py", line 154, in __init__
    self.nodelist = self.compile_nodelist()
  File "/opt/anaconda3/envs/aps/lib/python3.10/site-packages/django/template/base.py", line 196, in compile_nodelist
    return parser.parse()
  File "/opt/anaconda3/envs/aps/lib/python3.10/site-packages/django/template/base.py", line 510, in parse
    raise self.error(token, e)
  File "/opt/anaconda3/envs/aps/lib/python3.10/site-packages/django/template/base.py", line 508, in parse
    compiled_result = compile_func(self, token)
  File "/opt/anaconda3/envs/aps/lib/python3.10/site-packages/django/template/loader_tags.py", line 295, in do_extends
    nodelist = parser.parse()
  File "/opt/anaconda3/envs/aps/lib/python3.10/site-packages/django/template/base.py", line 510, in parse
    raise self.error(token, e)
  File "/opt/anaconda3/envs/aps/lib/python3.10/site-packages/django/template/base.py", line 508, in parse
    compiled_result = compile_func(self, token)
  File "/opt/anaconda3/envs/aps/lib/python3.10/site-packages/django/template/loader_tags.py", line 234, in do_block
    nodelist = parser.parse(("endblock",))
  File "/opt/anaconda3/envs/aps/lib/python3.10/site-packages/django/template/base.py", line 504, in parse
    self.invalid_block_tag(token, command, parse_until)
  File "/opt/anaconda3/envs/aps/lib/python3.10/site-packages/django/template/base.py", line 555, in invalid_block_tag
    raise self.error(
django.template.exceptions.TemplateSyntaxError: Invalid block tag on line 1451: 'endif', expected 'endblock'. Did you forget to register or load this tag?

During handling of the above exception, another exception occurred:

Traceback (most recent call last):
  File "/opt/anaconda3/envs/aps/lib/python3.10/site-packages/django/template/base.py", line 502, in parse
    compile_func = self.tags[command]
KeyError: 'endif'

During handling of the above exception, another exception occurred:

Traceback (most recent call last):
  File "/opt/anaconda3/envs/aps/lib/python3.10/site-packages/django/core/handlers/exception.py", line 55, in inner
    response = get_response(request)
  File "/opt/anaconda3/envs/aps/lib/python3.10/site-packages/django/core/handlers/base.py", line 197, in _get_response
    response = wrapped_callback(request, *callback_args, **callback_kwargs)
  File "/opt/anaconda3/envs/aps/lib/python3.10/site-packages/django/contrib/auth/decorators.py", line 23, in _wrapper_view
    return view_func(request, *args, **kwargs)
  File "/Users/harshalsmac/WORK/ardur/ardurPeopleSoft/trueAlign/shift/decorators.py", line 53, in wrapper_func
    return view_func(request, *args, **kwargs)
  File "/Users/harshalsmac/WORK/ardur/ardurPeopleSoft/trueAlign/shift/views.py", line 79, in wrapper
    result = func(request, *args, **kwargs)
  File "/Users/harshalsmac/WORK/ardur/ardurPeopleSoft/trueAlign/shift/views.py", line 808, in assignment_list
    return render(request, 'shift/assignment_list.html', context)
  File "/opt/anaconda3/envs/aps/lib/python3.10/site-packages/django/shortcuts.py", line 25, in render
    content = loader.render_to_string(template_name, context, request, using=using)
  File "/opt/anaconda3/envs/aps/lib/python3.10/site-packages/django/template/loader.py", line 61, in render_to_string
    template = get_template(template_name, using=using)
  File "/opt/anaconda3/envs/aps/lib/python3.10/site-packages/django/template/loader.py", line 15, in get_template
    return engine.get_template(template_name)
  File "/opt/anaconda3/envs/aps/lib/python3.10/site-packages/django/template/backends/django.py", line 33, in get_template
    return Template(self.engine.get_template(template_name), self)
  File "/opt/anaconda3/envs/aps/lib/python3.10/site-packages/django/template/engine.py", line 177, in get_template
    template, origin = self.find_template(template_name)
  File "/opt/anaconda3/envs/aps/lib/python3.10/site-packages/django/template/engine.py", line 159, in find_template
    template = loader.get_template(name, skip=skip)
  File "/opt/anaconda3/envs/aps/lib/python3.10/site-packages/django/template/loaders/cached.py", line 57, in get_template
    template = super().get_template(template_name, skip)
  File "/opt/anaconda3/envs/aps/lib/python3.10/site-packages/django/template/loaders/base.py", line 28, in get_template
    return Template(
  File "/opt/anaconda3/envs/aps/lib/python3.10/site-packages/django/template/base.py", line 154, in __init__
    self.nodelist = self.compile_nodelist()
  File "/opt/anaconda3/envs/aps/lib/python3.10/site-packages/django/template/base.py", line 196, in compile_nodelist
    return parser.parse()
  File "/opt/anaconda3/envs/aps/lib/python3.10/site-packages/django/template/base.py", line 510, in parse
    raise self.error(token, e)
  File "/opt/anaconda3/envs/aps/lib/python3.10/site-packages/django/template/base.py", line 508, in parse
    compiled_result = compile_func(self, token)
  File "/opt/anaconda3/envs/aps/lib/python3.10/site-packages/django/template/loader_tags.py", line 295, in do_extends
    nodelist = parser.parse()
  File "/opt/anaconda3/envs/aps/lib/python3.10/site-packages/django/template/base.py", line 510, in parse
    raise self.error(token, e)
  File "/opt/anaconda3/envs/aps/lib/python3.10/site-packages/django/template/base.py", line 508, in parse
    compiled_result = compile_func(self, token)
  File "/opt/anaconda3/envs/aps/lib/python3.10/site-packages/django/template/loader_tags.py", line 234, in do_block
    nodelist = parser.parse(("endblock",))
  File "/opt/anaconda3/envs/aps/lib/python3.10/site-packages/django/template/base.py", line 504, in parse
    self.invalid_block_tag(token, command, parse_until)
  File "/opt/anaconda3/envs/aps/lib/python3.10/site-packages/django/template/base.py", line 555, in invalid_block_tag
    raise self.error(
django.template.exceptions.TemplateSyntaxError: Invalid block tag on line 1451: 'endif', expected 'endblock'. Did you forget to register or load this tag?
[2025-06-30 12:46:01] ERROR - django.request - log_response:241 - Internal Server Error: /api/session/update/
[2025-06-30 12:51:35] ERROR - django.request - log_response:241 - Internal Server Error: /shift/assignments/
Traceback (most recent call last):
  File "/opt/anaconda3/envs/aps/lib/python3.10/site-packages/django/template/base.py", line 502, in parse
    compile_func = self.tags[command]
KeyError: 'endfor'

During handling of the above exception, another exception occurred:

Traceback (most recent call last):
  File "/Users/harshalsmac/WORK/ardur/ardurPeopleSoft/trueAlign/shift/views.py", line 790, in assignment_list
    return render(request, 'shift/assignment_list.html', context)
  File "/opt/anaconda3/envs/aps/lib/python3.10/site-packages/django/shortcuts.py", line 25, in render
    content = loader.render_to_string(template_name, context, request, using=using)
  File "/opt/anaconda3/envs/aps/lib/python3.10/site-packages/django/template/loader.py", line 61, in render_to_string
    template = get_template(template_name, using=using)
  File "/opt/anaconda3/envs/aps/lib/python3.10/site-packages/django/template/loader.py", line 15, in get_template
    return engine.get_template(template_name)
  File "/opt/anaconda3/envs/aps/lib/python3.10/site-packages/django/template/backends/django.py", line 33, in get_template
    return Template(self.engine.get_template(template_name), self)
  File "/opt/anaconda3/envs/aps/lib/python3.10/site-packages/django/template/engine.py", line 177, in get_template
    template, origin = self.find_template(template_name)
  File "/opt/anaconda3/envs/aps/lib/python3.10/site-packages/django/template/engine.py", line 159, in find_template
    template = loader.get_template(name, skip=skip)
  File "/opt/anaconda3/envs/aps/lib/python3.10/site-packages/django/template/loaders/cached.py", line 57, in get_template
    template = super().get_template(template_name, skip)
  File "/opt/anaconda3/envs/aps/lib/python3.10/site-packages/django/template/loaders/base.py", line 28, in get_template
    return Template(
  File "/opt/anaconda3/envs/aps/lib/python3.10/site-packages/django/template/base.py", line 154, in __init__
    self.nodelist = self.compile_nodelist()
  File "/opt/anaconda3/envs/aps/lib/python3.10/site-packages/django/template/base.py", line 196, in compile_nodelist
    return parser.parse()
  File "/opt/anaconda3/envs/aps/lib/python3.10/site-packages/django/template/base.py", line 510, in parse
    raise self.error(token, e)
  File "/opt/anaconda3/envs/aps/lib/python3.10/site-packages/django/template/base.py", line 508, in parse
    compiled_result = compile_func(self, token)
  File "/opt/anaconda3/envs/aps/lib/python3.10/site-packages/django/template/loader_tags.py", line 295, in do_extends
    nodelist = parser.parse()
  File "/opt/anaconda3/envs/aps/lib/python3.10/site-packages/django/template/base.py", line 510, in parse
    raise self.error(token, e)
  File "/opt/anaconda3/envs/aps/lib/python3.10/site-packages/django/template/base.py", line 508, in parse
    compiled_result = compile_func(self, token)
  File "/opt/anaconda3/envs/aps/lib/python3.10/site-packages/django/template/loader_tags.py", line 234, in do_block
    nodelist = parser.parse(("endblock",))
  File "/opt/anaconda3/envs/aps/lib/python3.10/site-packages/django/template/base.py", line 510, in parse
    raise self.error(token, e)
  File "/opt/anaconda3/envs/aps/lib/python3.10/site-packages/django/template/base.py", line 508, in parse
    compiled_result = compile_func(self, token)
  File "/opt/anaconda3/envs/aps/lib/python3.10/site-packages/django/template/defaulttags.py", line 961, in do_if
    nodelist = parser.parse(("elif", "else", "endif"))
  File "/opt/anaconda3/envs/aps/lib/python3.10/site-packages/django/template/base.py", line 504, in parse
    self.invalid_block_tag(token, command, parse_until)
  File "/opt/anaconda3/envs/aps/lib/python3.10/site-packages/django/template/base.py", line 555, in invalid_block_tag
    raise self.error(
django.template.exceptions.TemplateSyntaxError: Invalid block tag on line 450: 'endfor', expected 'elif', 'else' or 'endif'. Did you forget to register or load this tag?

During handling of the above exception, another exception occurred:

Traceback (most recent call last):
  File "/opt/anaconda3/envs/aps/lib/python3.10/site-packages/django/template/base.py", line 502, in parse
    compile_func = self.tags[command]
KeyError: 'endfor'

During handling of the above exception, another exception occurred:

Traceback (most recent call last):
  File "/opt/anaconda3/envs/aps/lib/python3.10/site-packages/django/core/handlers/exception.py", line 55, in inner
    response = get_response(request)
  File "/opt/anaconda3/envs/aps/lib/python3.10/site-packages/django/core/handlers/base.py", line 197, in _get_response
    response = wrapped_callback(request, *callback_args, **callback_kwargs)
  File "/opt/anaconda3/envs/aps/lib/python3.10/site-packages/django/contrib/auth/decorators.py", line 23, in _wrapper_view
    return view_func(request, *args, **kwargs)
  File "/Users/harshalsmac/WORK/ardur/ardurPeopleSoft/trueAlign/shift/decorators.py", line 53, in wrapper_func
    return view_func(request, *args, **kwargs)
  File "/Users/harshalsmac/WORK/ardur/ardurPeopleSoft/trueAlign/shift/views.py", line 79, in wrapper
    result = func(request, *args, **kwargs)
  File "/Users/harshalsmac/WORK/ardur/ardurPeopleSoft/trueAlign/shift/views.py", line 808, in assignment_list
    return render(request, 'shift/assignment_list.html', context)
  File "/opt/anaconda3/envs/aps/lib/python3.10/site-packages/django/shortcuts.py", line 25, in render
    content = loader.render_to_string(template_name, context, request, using=using)
  File "/opt/anaconda3/envs/aps/lib/python3.10/site-packages/django/template/loader.py", line 61, in render_to_string
    template = get_template(template_name, using=using)
  File "/opt/anaconda3/envs/aps/lib/python3.10/site-packages/django/template/loader.py", line 15, in get_template
    return engine.get_template(template_name)
  File "/opt/anaconda3/envs/aps/lib/python3.10/site-packages/django/template/backends/django.py", line 33, in get_template
    return Template(self.engine.get_template(template_name), self)
  File "/opt/anaconda3/envs/aps/lib/python3.10/site-packages/django/template/engine.py", line 177, in get_template
    template, origin = self.find_template(template_name)
  File "/opt/anaconda3/envs/aps/lib/python3.10/site-packages/django/template/engine.py", line 159, in find_template
    template = loader.get_template(name, skip=skip)
  File "/opt/anaconda3/envs/aps/lib/python3.10/site-packages/django/template/loaders/cached.py", line 57, in get_template
    template = super().get_template(template_name, skip)
  File "/opt/anaconda3/envs/aps/lib/python3.10/site-packages/django/template/loaders/base.py", line 28, in get_template
    return Template(
  File "/opt/anaconda3/envs/aps/lib/python3.10/site-packages/django/template/base.py", line 154, in __init__
    self.nodelist = self.compile_nodelist()
  File "/opt/anaconda3/envs/aps/lib/python3.10/site-packages/django/template/base.py", line 196, in compile_nodelist
    return parser.parse()
  File "/opt/anaconda3/envs/aps/lib/python3.10/site-packages/django/template/base.py", line 510, in parse
    raise self.error(token, e)
  File "/opt/anaconda3/envs/aps/lib/python3.10/site-packages/django/template/base.py", line 508, in parse
    compiled_result = compile_func(self, token)
  File "/opt/anaconda3/envs/aps/lib/python3.10/site-packages/django/template/loader_tags.py", line 295, in do_extends
    nodelist = parser.parse()
  File "/opt/anaconda3/envs/aps/lib/python3.10/site-packages/django/template/base.py", line 510, in parse
    raise self.error(token, e)
  File "/opt/anaconda3/envs/aps/lib/python3.10/site-packages/django/template/base.py", line 508, in parse
    compiled_result = compile_func(self, token)
  File "/opt/anaconda3/envs/aps/lib/python3.10/site-packages/django/template/loader_tags.py", line 234, in do_block
    nodelist = parser.parse(("endblock",))
  File "/opt/anaconda3/envs/aps/lib/python3.10/site-packages/django/template/base.py", line 510, in parse
    raise self.error(token, e)
  File "/opt/anaconda3/envs/aps/lib/python3.10/site-packages/django/template/base.py", line 508, in parse
    compiled_result = compile_func(self, token)
  File "/opt/anaconda3/envs/aps/lib/python3.10/site-packages/django/template/defaulttags.py", line 961, in do_if
    nodelist = parser.parse(("elif", "else", "endif"))
  File "/opt/anaconda3/envs/aps/lib/python3.10/site-packages/django/template/base.py", line 504, in parse
    self.invalid_block_tag(token, command, parse_until)
  File "/opt/anaconda3/envs/aps/lib/python3.10/site-packages/django/template/base.py", line 555, in invalid_block_tag
    raise self.error(
django.template.exceptions.TemplateSyntaxError: Invalid block tag on line 450: 'endfor', expected 'elif', 'else' or 'endif'. Did you forget to register or load this tag?
[2025-06-30 12:51:35] ERROR - django.request - log_response:241 - Internal Server Error: /api/session/update/
[2025-06-30 12:53:11] ERROR - django.request - log_response:241 - Internal Server Error: /api/session/update/
[2025-06-30 12:54:59] ERROR - django.request - log_response:241 - Internal Server Error: /api/session/update/
[2025-06-30 12:56:03] ERROR - django.request - log_response:241 - Internal Server Error: /api/session/update/
[2025-06-30 12:56:16] ERROR - django.request - log_response:241 - Internal Server Error: /api/session/update/
[2025-06-30 12:57:39] ERROR - django.request - log_response:241 - Internal Server Error: /api/session/update/
[2025-06-30 12:58:01] ERROR - django.request - log_response:241 - Internal Server Error: /shift/assignments/
Traceback (most recent call last):
  File "/opt/anaconda3/envs/aps/lib/python3.10/site-packages/django/template/base.py", line 502, in parse
    compile_func = self.tags[command]
KeyError: 'endfor'

During handling of the above exception, another exception occurred:

Traceback (most recent call last):
  File "/Users/harshalsmac/WORK/ardur/ardurPeopleSoft/trueAlign/shift/views.py", line 790, in assignment_list
    return render(request, 'shift/assignment_list.html', context)
  File "/opt/anaconda3/envs/aps/lib/python3.10/site-packages/django/shortcuts.py", line 25, in render
    content = loader.render_to_string(template_name, context, request, using=using)
  File "/opt/anaconda3/envs/aps/lib/python3.10/site-packages/django/template/loader.py", line 61, in render_to_string
    template = get_template(template_name, using=using)
  File "/opt/anaconda3/envs/aps/lib/python3.10/site-packages/django/template/loader.py", line 15, in get_template
    return engine.get_template(template_name)
  File "/opt/anaconda3/envs/aps/lib/python3.10/site-packages/django/template/backends/django.py", line 33, in get_template
    return Template(self.engine.get_template(template_name), self)
  File "/opt/anaconda3/envs/aps/lib/python3.10/site-packages/django/template/engine.py", line 177, in get_template
    template, origin = self.find_template(template_name)
  File "/opt/anaconda3/envs/aps/lib/python3.10/site-packages/django/template/engine.py", line 159, in find_template
    template = loader.get_template(name, skip=skip)
  File "/opt/anaconda3/envs/aps/lib/python3.10/site-packages/django/template/loaders/cached.py", line 57, in get_template
    template = super().get_template(template_name, skip)
  File "/opt/anaconda3/envs/aps/lib/python3.10/site-packages/django/template/loaders/base.py", line 28, in get_template
    return Template(
  File "/opt/anaconda3/envs/aps/lib/python3.10/site-packages/django/template/base.py", line 154, in __init__
    self.nodelist = self.compile_nodelist()
  File "/opt/anaconda3/envs/aps/lib/python3.10/site-packages/django/template/base.py", line 196, in compile_nodelist
    return parser.parse()
  File "/opt/anaconda3/envs/aps/lib/python3.10/site-packages/django/template/base.py", line 510, in parse
    raise self.error(token, e)
  File "/opt/anaconda3/envs/aps/lib/python3.10/site-packages/django/template/base.py", line 508, in parse
    compiled_result = compile_func(self, token)
  File "/opt/anaconda3/envs/aps/lib/python3.10/site-packages/django/template/loader_tags.py", line 295, in do_extends
    nodelist = parser.parse()
  File "/opt/anaconda3/envs/aps/lib/python3.10/site-packages/django/template/base.py", line 510, in parse
    raise self.error(token, e)
  File "/opt/anaconda3/envs/aps/lib/python3.10/site-packages/django/template/base.py", line 508, in parse
    compiled_result = compile_func(self, token)
  File "/opt/anaconda3/envs/aps/lib/python3.10/site-packages/django/template/loader_tags.py", line 234, in do_block
    nodelist = parser.parse(("endblock",))
  File "/opt/anaconda3/envs/aps/lib/python3.10/site-packages/django/template/base.py", line 510, in parse
    raise self.error(token, e)
  File "/opt/anaconda3/envs/aps/lib/python3.10/site-packages/django/template/base.py", line 508, in parse
    compiled_result = compile_func(self, token)
  File "/opt/anaconda3/envs/aps/lib/python3.10/site-packages/django/template/defaulttags.py", line 961, in do_if
    nodelist = parser.parse(("elif", "else", "endif"))
  File "/opt/anaconda3/envs/aps/lib/python3.10/site-packages/django/template/base.py", line 504, in parse
    self.invalid_block_tag(token, command, parse_until)
  File "/opt/anaconda3/envs/aps/lib/python3.10/site-packages/django/template/base.py", line 555, in invalid_block_tag
    raise self.error(
django.template.exceptions.TemplateSyntaxError: Invalid block tag on line 450: 'endfor', expected 'elif', 'else' or 'endif'. Did you forget to register or load this tag?

During handling of the above exception, another exception occurred:

Traceback (most recent call last):
  File "/opt/anaconda3/envs/aps/lib/python3.10/site-packages/django/template/base.py", line 502, in parse
    compile_func = self.tags[command]
KeyError: 'endfor'

During handling of the above exception, another exception occurred:

Traceback (most recent call last):
  File "/opt/anaconda3/envs/aps/lib/python3.10/site-packages/django/core/handlers/exception.py", line 55, in inner
    response = get_response(request)
  File "/opt/anaconda3/envs/aps/lib/python3.10/site-packages/django/core/handlers/base.py", line 197, in _get_response
    response = wrapped_callback(request, *callback_args, **callback_kwargs)
  File "/opt/anaconda3/envs/aps/lib/python3.10/site-packages/django/contrib/auth/decorators.py", line 23, in _wrapper_view
    return view_func(request, *args, **kwargs)
  File "/Users/harshalsmac/WORK/ardur/ardurPeopleSoft/trueAlign/shift/decorators.py", line 53, in wrapper_func
    return view_func(request, *args, **kwargs)
  File "/Users/harshalsmac/WORK/ardur/ardurPeopleSoft/trueAlign/shift/views.py", line 79, in wrapper
    result = func(request, *args, **kwargs)
  File "/Users/harshalsmac/WORK/ardur/ardurPeopleSoft/trueAlign/shift/views.py", line 808, in assignment_list
    return render(request, 'shift/assignment_list.html', context)
  File "/opt/anaconda3/envs/aps/lib/python3.10/site-packages/django/shortcuts.py", line 25, in render
    content = loader.render_to_string(template_name, context, request, using=using)
  File "/opt/anaconda3/envs/aps/lib/python3.10/site-packages/django/template/loader.py", line 61, in render_to_string
    template = get_template(template_name, using=using)
  File "/opt/anaconda3/envs/aps/lib/python3.10/site-packages/django/template/loader.py", line 15, in get_template
    return engine.get_template(template_name)
  File "/opt/anaconda3/envs/aps/lib/python3.10/site-packages/django/template/backends/django.py", line 33, in get_template
    return Template(self.engine.get_template(template_name), self)
  File "/opt/anaconda3/envs/aps/lib/python3.10/site-packages/django/template/engine.py", line 177, in get_template
    template, origin = self.find_template(template_name)
  File "/opt/anaconda3/envs/aps/lib/python3.10/site-packages/django/template/engine.py", line 159, in find_template
    template = loader.get_template(name, skip=skip)
  File "/opt/anaconda3/envs/aps/lib/python3.10/site-packages/django/template/loaders/cached.py", line 57, in get_template
    template = super().get_template(template_name, skip)
  File "/opt/anaconda3/envs/aps/lib/python3.10/site-packages/django/template/loaders/base.py", line 28, in get_template
    return Template(
  File "/opt/anaconda3/envs/aps/lib/python3.10/site-packages/django/template/base.py", line 154, in __init__
    self.nodelist = self.compile_nodelist()
  File "/opt/anaconda3/envs/aps/lib/python3.10/site-packages/django/template/base.py", line 196, in compile_nodelist
    return parser.parse()
  File "/opt/anaconda3/envs/aps/lib/python3.10/site-packages/django/template/base.py", line 510, in parse
    raise self.error(token, e)
  File "/opt/anaconda3/envs/aps/lib/python3.10/site-packages/django/template/base.py", line 508, in parse
    compiled_result = compile_func(self, token)
  File "/opt/anaconda3/envs/aps/lib/python3.10/site-packages/django/template/loader_tags.py", line 295, in do_extends
    nodelist = parser.parse()
  File "/opt/anaconda3/envs/aps/lib/python3.10/site-packages/django/template/base.py", line 510, in parse
    raise self.error(token, e)
  File "/opt/anaconda3/envs/aps/lib/python3.10/site-packages/django/template/base.py", line 508, in parse
    compiled_result = compile_func(self, token)
  File "/opt/anaconda3/envs/aps/lib/python3.10/site-packages/django/template/loader_tags.py", line 234, in do_block
    nodelist = parser.parse(("endblock",))
  File "/opt/anaconda3/envs/aps/lib/python3.10/site-packages/django/template/base.py", line 510, in parse
    raise self.error(token, e)
  File "/opt/anaconda3/envs/aps/lib/python3.10/site-packages/django/template/base.py", line 508, in parse
    compiled_result = compile_func(self, token)
  File "/opt/anaconda3/envs/aps/lib/python3.10/site-packages/django/template/defaulttags.py", line 961, in do_if
    nodelist = parser.parse(("elif", "else", "endif"))
  File "/opt/anaconda3/envs/aps/lib/python3.10/site-packages/django/template/base.py", line 504, in parse
    self.invalid_block_tag(token, command, parse_until)
  File "/opt/anaconda3/envs/aps/lib/python3.10/site-packages/django/template/base.py", line 555, in invalid_block_tag
    raise self.error(
django.template.exceptions.TemplateSyntaxError: Invalid block tag on line 450: 'endfor', expected 'elif', 'else' or 'endif'. Did you forget to register or load this tag?
[2025-06-30 12:58:34] ERROR - django.request - log_response:241 - Internal Server Error: /shift/assignments/
Traceback (most recent call last):
  File "/opt/anaconda3/envs/aps/lib/python3.10/site-packages/django/template/base.py", line 502, in parse
    compile_func = self.tags[command]
KeyError: 'endfor'

During handling of the above exception, another exception occurred:

Traceback (most recent call last):
  File "/Users/harshalsmac/WORK/ardur/ardurPeopleSoft/trueAlign/shift/views.py", line 790, in assignment_list
    return render(request, 'shift/assignment_list.html', context)
  File "/opt/anaconda3/envs/aps/lib/python3.10/site-packages/django/shortcuts.py", line 25, in render
    content = loader.render_to_string(template_name, context, request, using=using)
  File "/opt/anaconda3/envs/aps/lib/python3.10/site-packages/django/template/loader.py", line 61, in render_to_string
    template = get_template(template_name, using=using)
  File "/opt/anaconda3/envs/aps/lib/python3.10/site-packages/django/template/loader.py", line 15, in get_template
    return engine.get_template(template_name)
  File "/opt/anaconda3/envs/aps/lib/python3.10/site-packages/django/template/backends/django.py", line 33, in get_template
    return Template(self.engine.get_template(template_name), self)
  File "/opt/anaconda3/envs/aps/lib/python3.10/site-packages/django/template/engine.py", line 177, in get_template
    template, origin = self.find_template(template_name)
  File "/opt/anaconda3/envs/aps/lib/python3.10/site-packages/django/template/engine.py", line 159, in find_template
    template = loader.get_template(name, skip=skip)
  File "/opt/anaconda3/envs/aps/lib/python3.10/site-packages/django/template/loaders/cached.py", line 57, in get_template
    template = super().get_template(template_name, skip)
  File "/opt/anaconda3/envs/aps/lib/python3.10/site-packages/django/template/loaders/base.py", line 28, in get_template
    return Template(
  File "/opt/anaconda3/envs/aps/lib/python3.10/site-packages/django/template/base.py", line 154, in __init__
    self.nodelist = self.compile_nodelist()
  File "/opt/anaconda3/envs/aps/lib/python3.10/site-packages/django/template/base.py", line 196, in compile_nodelist
    return parser.parse()
  File "/opt/anaconda3/envs/aps/lib/python3.10/site-packages/django/template/base.py", line 510, in parse
    raise self.error(token, e)
  File "/opt/anaconda3/envs/aps/lib/python3.10/site-packages/django/template/base.py", line 508, in parse
    compiled_result = compile_func(self, token)
  File "/opt/anaconda3/envs/aps/lib/python3.10/site-packages/django/template/loader_tags.py", line 295, in do_extends
    nodelist = parser.parse()
  File "/opt/anaconda3/envs/aps/lib/python3.10/site-packages/django/template/base.py", line 510, in parse
    raise self.error(token, e)
  File "/opt/anaconda3/envs/aps/lib/python3.10/site-packages/django/template/base.py", line 508, in parse
    compiled_result = compile_func(self, token)
  File "/opt/anaconda3/envs/aps/lib/python3.10/site-packages/django/template/loader_tags.py", line 234, in do_block
    nodelist = parser.parse(("endblock",))
  File "/opt/anaconda3/envs/aps/lib/python3.10/site-packages/django/template/base.py", line 510, in parse
    raise self.error(token, e)
  File "/opt/anaconda3/envs/aps/lib/python3.10/site-packages/django/template/base.py", line 508, in parse
    compiled_result = compile_func(self, token)
  File "/opt/anaconda3/envs/aps/lib/python3.10/site-packages/django/template/defaulttags.py", line 961, in do_if
    nodelist = parser.parse(("elif", "else", "endif"))
  File "/opt/anaconda3/envs/aps/lib/python3.10/site-packages/django/template/base.py", line 504, in parse
    self.invalid_block_tag(token, command, parse_until)
  File "/opt/anaconda3/envs/aps/lib/python3.10/site-packages/django/template/base.py", line 555, in invalid_block_tag
    raise self.error(
django.template.exceptions.TemplateSyntaxError: Invalid block tag on line 319: 'endfor', expected 'elif', 'else' or 'endif'. Did you forget to register or load this tag?

During handling of the above exception, another exception occurred:

Traceback (most recent call last):
  File "/opt/anaconda3/envs/aps/lib/python3.10/site-packages/django/template/base.py", line 502, in parse
    compile_func = self.tags[command]
KeyError: 'endfor'

During handling of the above exception, another exception occurred:

Traceback (most recent call last):
  File "/opt/anaconda3/envs/aps/lib/python3.10/site-packages/django/core/handlers/exception.py", line 55, in inner
    response = get_response(request)
  File "/opt/anaconda3/envs/aps/lib/python3.10/site-packages/django/core/handlers/base.py", line 197, in _get_response
    response = wrapped_callback(request, *callback_args, **callback_kwargs)
  File "/opt/anaconda3/envs/aps/lib/python3.10/site-packages/django/contrib/auth/decorators.py", line 23, in _wrapper_view
    return view_func(request, *args, **kwargs)
  File "/Users/harshalsmac/WORK/ardur/ardurPeopleSoft/trueAlign/shift/decorators.py", line 53, in wrapper_func
    return view_func(request, *args, **kwargs)
  File "/Users/harshalsmac/WORK/ardur/ardurPeopleSoft/trueAlign/shift/views.py", line 79, in wrapper
    result = func(request, *args, **kwargs)
  File "/Users/harshalsmac/WORK/ardur/ardurPeopleSoft/trueAlign/shift/views.py", line 808, in assignment_list
    return render(request, 'shift/assignment_list.html', context)
  File "/opt/anaconda3/envs/aps/lib/python3.10/site-packages/django/shortcuts.py", line 25, in render
    content = loader.render_to_string(template_name, context, request, using=using)
  File "/opt/anaconda3/envs/aps/lib/python3.10/site-packages/django/template/loader.py", line 61, in render_to_string
    template = get_template(template_name, using=using)
  File "/opt/anaconda3/envs/aps/lib/python3.10/site-packages/django/template/loader.py", line 15, in get_template
    return engine.get_template(template_name)
  File "/opt/anaconda3/envs/aps/lib/python3.10/site-packages/django/template/backends/django.py", line 33, in get_template
    return Template(self.engine.get_template(template_name), self)
  File "/opt/anaconda3/envs/aps/lib/python3.10/site-packages/django/template/engine.py", line 177, in get_template
    template, origin = self.find_template(template_name)
  File "/opt/anaconda3/envs/aps/lib/python3.10/site-packages/django/template/engine.py", line 159, in find_template
    template = loader.get_template(name, skip=skip)
  File "/opt/anaconda3/envs/aps/lib/python3.10/site-packages/django/template/loaders/cached.py", line 57, in get_template
    template = super().get_template(template_name, skip)
  File "/opt/anaconda3/envs/aps/lib/python3.10/site-packages/django/template/loaders/base.py", line 28, in get_template
    return Template(
  File "/opt/anaconda3/envs/aps/lib/python3.10/site-packages/django/template/base.py", line 154, in __init__
    self.nodelist = self.compile_nodelist()
  File "/opt/anaconda3/envs/aps/lib/python3.10/site-packages/django/template/base.py", line 196, in compile_nodelist
    return parser.parse()
  File "/opt/anaconda3/envs/aps/lib/python3.10/site-packages/django/template/base.py", line 510, in parse
    raise self.error(token, e)
  File "/opt/anaconda3/envs/aps/lib/python3.10/site-packages/django/template/base.py", line 508, in parse
    compiled_result = compile_func(self, token)
  File "/opt/anaconda3/envs/aps/lib/python3.10/site-packages/django/template/loader_tags.py", line 295, in do_extends
    nodelist = parser.parse()
  File "/opt/anaconda3/envs/aps/lib/python3.10/site-packages/django/template/base.py", line 510, in parse
    raise self.error(token, e)
  File "/opt/anaconda3/envs/aps/lib/python3.10/site-packages/django/template/base.py", line 508, in parse
    compiled_result = compile_func(self, token)
  File "/opt/anaconda3/envs/aps/lib/python3.10/site-packages/django/template/loader_tags.py", line 234, in do_block
    nodelist = parser.parse(("endblock",))
  File "/opt/anaconda3/envs/aps/lib/python3.10/site-packages/django/template/base.py", line 510, in parse
    raise self.error(token, e)
  File "/opt/anaconda3/envs/aps/lib/python3.10/site-packages/django/template/base.py", line 508, in parse
    compiled_result = compile_func(self, token)
  File "/opt/anaconda3/envs/aps/lib/python3.10/site-packages/django/template/defaulttags.py", line 961, in do_if
    nodelist = parser.parse(("elif", "else", "endif"))
  File "/opt/anaconda3/envs/aps/lib/python3.10/site-packages/django/template/base.py", line 504, in parse
    self.invalid_block_tag(token, command, parse_until)
  File "/opt/anaconda3/envs/aps/lib/python3.10/site-packages/django/template/base.py", line 555, in invalid_block_tag
    raise self.error(
django.template.exceptions.TemplateSyntaxError: Invalid block tag on line 319: 'endfor', expected 'elif', 'else' or 'endif'. Did you forget to register or load this tag?
[2025-06-30 13:00:03] ERROR - django.request - log_response:241 - Internal Server Error: /shift/assignments/
Traceback (most recent call last):
  File "/opt/anaconda3/envs/aps/lib/python3.10/site-packages/django/template/base.py", line 502, in parse
    compile_func = self.tags[command]
KeyError: 'endif'

During handling of the above exception, another exception occurred:

Traceback (most recent call last):
  File "/Users/harshalsmac/WORK/ardur/ardurPeopleSoft/trueAlign/shift/views.py", line 790, in assignment_list
    return render(request, 'shift/assignment_list.html', context)
  File "/opt/anaconda3/envs/aps/lib/python3.10/site-packages/django/shortcuts.py", line 25, in render
    content = loader.render_to_string(template_name, context, request, using=using)
  File "/opt/anaconda3/envs/aps/lib/python3.10/site-packages/django/template/loader.py", line 61, in render_to_string
    template = get_template(template_name, using=using)
  File "/opt/anaconda3/envs/aps/lib/python3.10/site-packages/django/template/loader.py", line 15, in get_template
    return engine.get_template(template_name)
  File "/opt/anaconda3/envs/aps/lib/python3.10/site-packages/django/template/backends/django.py", line 33, in get_template
    return Template(self.engine.get_template(template_name), self)
  File "/opt/anaconda3/envs/aps/lib/python3.10/site-packages/django/template/engine.py", line 177, in get_template
    template, origin = self.find_template(template_name)
  File "/opt/anaconda3/envs/aps/lib/python3.10/site-packages/django/template/engine.py", line 159, in find_template
    template = loader.get_template(name, skip=skip)
  File "/opt/anaconda3/envs/aps/lib/python3.10/site-packages/django/template/loaders/cached.py", line 57, in get_template
    template = super().get_template(template_name, skip)
  File "/opt/anaconda3/envs/aps/lib/python3.10/site-packages/django/template/loaders/base.py", line 28, in get_template
    return Template(
  File "/opt/anaconda3/envs/aps/lib/python3.10/site-packages/django/template/base.py", line 154, in __init__
    self.nodelist = self.compile_nodelist()
  File "/opt/anaconda3/envs/aps/lib/python3.10/site-packages/django/template/base.py", line 196, in compile_nodelist
    return parser.parse()
  File "/opt/anaconda3/envs/aps/lib/python3.10/site-packages/django/template/base.py", line 510, in parse
    raise self.error(token, e)
  File "/opt/anaconda3/envs/aps/lib/python3.10/site-packages/django/template/base.py", line 508, in parse
    compiled_result = compile_func(self, token)
  File "/opt/anaconda3/envs/aps/lib/python3.10/site-packages/django/template/loader_tags.py", line 295, in do_extends
    nodelist = parser.parse()
  File "/opt/anaconda3/envs/aps/lib/python3.10/site-packages/django/template/base.py", line 510, in parse
    raise self.error(token, e)
  File "/opt/anaconda3/envs/aps/lib/python3.10/site-packages/django/template/base.py", line 508, in parse
    compiled_result = compile_func(self, token)
  File "/opt/anaconda3/envs/aps/lib/python3.10/site-packages/django/template/loader_tags.py", line 234, in do_block
    nodelist = parser.parse(("endblock",))
  File "/opt/anaconda3/envs/aps/lib/python3.10/site-packages/django/template/base.py", line 504, in parse
    self.invalid_block_tag(token, command, parse_until)
  File "/opt/anaconda3/envs/aps/lib/python3.10/site-packages/django/template/base.py", line 555, in invalid_block_tag
    raise self.error(
django.template.exceptions.TemplateSyntaxError: Invalid block tag on line 1454: 'endif', expected 'endblock'. Did you forget to register or load this tag?

During handling of the above exception, another exception occurred:

Traceback (most recent call last):
  File "/opt/anaconda3/envs/aps/lib/python3.10/site-packages/django/template/base.py", line 502, in parse
    compile_func = self.tags[command]
KeyError: 'endif'

During handling of the above exception, another exception occurred:

Traceback (most recent call last):
  File "/opt/anaconda3/envs/aps/lib/python3.10/site-packages/django/core/handlers/exception.py", line 55, in inner
    response = get_response(request)
  File "/opt/anaconda3/envs/aps/lib/python3.10/site-packages/django/core/handlers/base.py", line 197, in _get_response
    response = wrapped_callback(request, *callback_args, **callback_kwargs)
  File "/opt/anaconda3/envs/aps/lib/python3.10/site-packages/django/contrib/auth/decorators.py", line 23, in _wrapper_view
    return view_func(request, *args, **kwargs)
  File "/Users/harshalsmac/WORK/ardur/ardurPeopleSoft/trueAlign/shift/decorators.py", line 53, in wrapper_func
    return view_func(request, *args, **kwargs)
  File "/Users/harshalsmac/WORK/ardur/ardurPeopleSoft/trueAlign/shift/views.py", line 79, in wrapper
    result = func(request, *args, **kwargs)
  File "/Users/harshalsmac/WORK/ardur/ardurPeopleSoft/trueAlign/shift/views.py", line 808, in assignment_list
    return render(request, 'shift/assignment_list.html', context)
  File "/opt/anaconda3/envs/aps/lib/python3.10/site-packages/django/shortcuts.py", line 25, in render
    content = loader.render_to_string(template_name, context, request, using=using)
  File "/opt/anaconda3/envs/aps/lib/python3.10/site-packages/django/template/loader.py", line 61, in render_to_string
    template = get_template(template_name, using=using)
  File "/opt/anaconda3/envs/aps/lib/python3.10/site-packages/django/template/loader.py", line 15, in get_template
    return engine.get_template(template_name)
  File "/opt/anaconda3/envs/aps/lib/python3.10/site-packages/django/template/backends/django.py", line 33, in get_template
    return Template(self.engine.get_template(template_name), self)
  File "/opt/anaconda3/envs/aps/lib/python3.10/site-packages/django/template/engine.py", line 177, in get_template
    template, origin = self.find_template(template_name)
  File "/opt/anaconda3/envs/aps/lib/python3.10/site-packages/django/template/engine.py", line 159, in find_template
    template = loader.get_template(name, skip=skip)
  File "/opt/anaconda3/envs/aps/lib/python3.10/site-packages/django/template/loaders/cached.py", line 57, in get_template
    template = super().get_template(template_name, skip)
  File "/opt/anaconda3/envs/aps/lib/python3.10/site-packages/django/template/loaders/base.py", line 28, in get_template
    return Template(
  File "/opt/anaconda3/envs/aps/lib/python3.10/site-packages/django/template/base.py", line 154, in __init__
    self.nodelist = self.compile_nodelist()
  File "/opt/anaconda3/envs/aps/lib/python3.10/site-packages/django/template/base.py", line 196, in compile_nodelist
    return parser.parse()
  File "/opt/anaconda3/envs/aps/lib/python3.10/site-packages/django/template/base.py", line 510, in parse
    raise self.error(token, e)
  File "/opt/anaconda3/envs/aps/lib/python3.10/site-packages/django/template/base.py", line 508, in parse
    compiled_result = compile_func(self, token)
  File "/opt/anaconda3/envs/aps/lib/python3.10/site-packages/django/template/loader_tags.py", line 295, in do_extends
    nodelist = parser.parse()
  File "/opt/anaconda3/envs/aps/lib/python3.10/site-packages/django/template/base.py", line 510, in parse
    raise self.error(token, e)
  File "/opt/anaconda3/envs/aps/lib/python3.10/site-packages/django/template/base.py", line 508, in parse
    compiled_result = compile_func(self, token)
  File "/opt/anaconda3/envs/aps/lib/python3.10/site-packages/django/template/loader_tags.py", line 234, in do_block
    nodelist = parser.parse(("endblock",))
  File "/opt/anaconda3/envs/aps/lib/python3.10/site-packages/django/template/base.py", line 504, in parse
    self.invalid_block_tag(token, command, parse_until)
  File "/opt/anaconda3/envs/aps/lib/python3.10/site-packages/django/template/base.py", line 555, in invalid_block_tag
    raise self.error(
django.template.exceptions.TemplateSyntaxError: Invalid block tag on line 1454: 'endif', expected 'endblock'. Did you forget to register or load this tag?
[2025-06-30 13:00:25] ERROR - django.request - log_response:241 - Internal Server Error: /api/session/update/
[2025-06-30 13:01:57] ERROR - django.request - log_response:241 - Internal Server Error: /api/session/update/
[2025-06-30 13:03:29] ERROR - django.request - log_response:241 - Internal Server Error: /api/session/update/
[2025-06-30 13:04:08] ERROR - django.request - log_response:241 - Internal Server Error: /api/session/update/
[2025-06-30 13:05:27] ERROR - django.request - log_response:241 - Internal Server Error: /api/session/update/
[2025-06-30 13:08:37] ERROR - django.request - log_response:241 - Internal Server Error: /api/session/update/
[2025-06-30 13:09:04] ERROR - django.request - log_response:241 - Internal Server Error: /api/session/update/
[2025-06-30 13:09:16] ERROR - django.request - log_response:241 - Internal Server Error: /api/session/update/
[2025-06-30 13:09:28] ERROR - django.request - log_response:241 - Internal Server Error: /api/session/update/
[2025-06-30 13:13:42] ERROR - django.request - log_response:241 - Internal Server Error: /shift/assignments/
Traceback (most recent call last):
  File "/opt/anaconda3/envs/aps/lib/python3.10/site-packages/django/template/base.py", line 502, in parse
    compile_func = self.tags[command]
KeyError: 'endfor'

During handling of the above exception, another exception occurred:

Traceback (most recent call last):
  File "/Users/harshalsmac/WORK/ardur/ardurPeopleSoft/trueAlign/shift/views.py", line 790, in assignment_list
    return render(request, 'shift/assignment_list.html', context)
  File "/opt/anaconda3/envs/aps/lib/python3.10/site-packages/django/shortcuts.py", line 25, in render
    content = loader.render_to_string(template_name, context, request, using=using)
  File "/opt/anaconda3/envs/aps/lib/python3.10/site-packages/django/template/loader.py", line 61, in render_to_string
    template = get_template(template_name, using=using)
  File "/opt/anaconda3/envs/aps/lib/python3.10/site-packages/django/template/loader.py", line 15, in get_template
    return engine.get_template(template_name)
  File "/opt/anaconda3/envs/aps/lib/python3.10/site-packages/django/template/backends/django.py", line 33, in get_template
    return Template(self.engine.get_template(template_name), self)
  File "/opt/anaconda3/envs/aps/lib/python3.10/site-packages/django/template/engine.py", line 177, in get_template
    template, origin = self.find_template(template_name)
  File "/opt/anaconda3/envs/aps/lib/python3.10/site-packages/django/template/engine.py", line 159, in find_template
    template = loader.get_template(name, skip=skip)
  File "/opt/anaconda3/envs/aps/lib/python3.10/site-packages/django/template/loaders/cached.py", line 57, in get_template
    template = super().get_template(template_name, skip)
  File "/opt/anaconda3/envs/aps/lib/python3.10/site-packages/django/template/loaders/base.py", line 28, in get_template
    return Template(
  File "/opt/anaconda3/envs/aps/lib/python3.10/site-packages/django/template/base.py", line 154, in __init__
    self.nodelist = self.compile_nodelist()
  File "/opt/anaconda3/envs/aps/lib/python3.10/site-packages/django/template/base.py", line 196, in compile_nodelist
    return parser.parse()
  File "/opt/anaconda3/envs/aps/lib/python3.10/site-packages/django/template/base.py", line 510, in parse
    raise self.error(token, e)
  File "/opt/anaconda3/envs/aps/lib/python3.10/site-packages/django/template/base.py", line 508, in parse
    compiled_result = compile_func(self, token)
  File "/opt/anaconda3/envs/aps/lib/python3.10/site-packages/django/template/loader_tags.py", line 295, in do_extends
    nodelist = parser.parse()
  File "/opt/anaconda3/envs/aps/lib/python3.10/site-packages/django/template/base.py", line 510, in parse
    raise self.error(token, e)
  File "/opt/anaconda3/envs/aps/lib/python3.10/site-packages/django/template/base.py", line 508, in parse
    compiled_result = compile_func(self, token)
  File "/opt/anaconda3/envs/aps/lib/python3.10/site-packages/django/template/loader_tags.py", line 234, in do_block
    nodelist = parser.parse(("endblock",))
  File "/opt/anaconda3/envs/aps/lib/python3.10/site-packages/django/template/base.py", line 510, in parse
    raise self.error(token, e)
  File "/opt/anaconda3/envs/aps/lib/python3.10/site-packages/django/template/base.py", line 508, in parse
    compiled_result = compile_func(self, token)
  File "/opt/anaconda3/envs/aps/lib/python3.10/site-packages/django/template/defaulttags.py", line 961, in do_if
    nodelist = parser.parse(("elif", "else", "endif"))
  File "/opt/anaconda3/envs/aps/lib/python3.10/site-packages/django/template/base.py", line 504, in parse
    self.invalid_block_tag(token, command, parse_until)
  File "/opt/anaconda3/envs/aps/lib/python3.10/site-packages/django/template/base.py", line 555, in invalid_block_tag
    raise self.error(
django.template.exceptions.TemplateSyntaxError: Invalid block tag on line 449: 'endfor', expected 'elif', 'else' or 'endif'. Did you forget to register or load this tag?

During handling of the above exception, another exception occurred:

Traceback (most recent call last):
  File "/opt/anaconda3/envs/aps/lib/python3.10/site-packages/django/template/base.py", line 502, in parse
    compile_func = self.tags[command]
KeyError: 'endfor'

During handling of the above exception, another exception occurred:

Traceback (most recent call last):
  File "/opt/anaconda3/envs/aps/lib/python3.10/site-packages/django/core/handlers/exception.py", line 55, in inner
    response = get_response(request)
  File "/opt/anaconda3/envs/aps/lib/python3.10/site-packages/django/core/handlers/base.py", line 197, in _get_response
    response = wrapped_callback(request, *callback_args, **callback_kwargs)
  File "/opt/anaconda3/envs/aps/lib/python3.10/site-packages/django/contrib/auth/decorators.py", line 23, in _wrapper_view
    return view_func(request, *args, **kwargs)
  File "/Users/harshalsmac/WORK/ardur/ardurPeopleSoft/trueAlign/shift/decorators.py", line 53, in wrapper_func
    return view_func(request, *args, **kwargs)
  File "/Users/harshalsmac/WORK/ardur/ardurPeopleSoft/trueAlign/shift/views.py", line 79, in wrapper
    result = func(request, *args, **kwargs)
  File "/Users/harshalsmac/WORK/ardur/ardurPeopleSoft/trueAlign/shift/views.py", line 808, in assignment_list
    return render(request, 'shift/assignment_list.html', context)
  File "/opt/anaconda3/envs/aps/lib/python3.10/site-packages/django/shortcuts.py", line 25, in render
    content = loader.render_to_string(template_name, context, request, using=using)
  File "/opt/anaconda3/envs/aps/lib/python3.10/site-packages/django/template/loader.py", line 61, in render_to_string
    template = get_template(template_name, using=using)
  File "/opt/anaconda3/envs/aps/lib/python3.10/site-packages/django/template/loader.py", line 15, in get_template
    return engine.get_template(template_name)
  File "/opt/anaconda3/envs/aps/lib/python3.10/site-packages/django/template/backends/django.py", line 33, in get_template
    return Template(self.engine.get_template(template_name), self)
  File "/opt/anaconda3/envs/aps/lib/python3.10/site-packages/django/template/engine.py", line 177, in get_template
    template, origin = self.find_template(template_name)
  File "/opt/anaconda3/envs/aps/lib/python3.10/site-packages/django/template/engine.py", line 159, in find_template
    template = loader.get_template(name, skip=skip)
  File "/opt/anaconda3/envs/aps/lib/python3.10/site-packages/django/template/loaders/cached.py", line 57, in get_template
    template = super().get_template(template_name, skip)
  File "/opt/anaconda3/envs/aps/lib/python3.10/site-packages/django/template/loaders/base.py", line 28, in get_template
    return Template(
  File "/opt/anaconda3/envs/aps/lib/python3.10/site-packages/django/template/base.py", line 154, in __init__
    self.nodelist = self.compile_nodelist()
  File "/opt/anaconda3/envs/aps/lib/python3.10/site-packages/django/template/base.py", line 196, in compile_nodelist
    return parser.parse()
  File "/opt/anaconda3/envs/aps/lib/python3.10/site-packages/django/template/base.py", line 510, in parse
    raise self.error(token, e)
  File "/opt/anaconda3/envs/aps/lib/python3.10/site-packages/django/template/base.py", line 508, in parse
    compiled_result = compile_func(self, token)
  File "/opt/anaconda3/envs/aps/lib/python3.10/site-packages/django/template/loader_tags.py", line 295, in do_extends
    nodelist = parser.parse()
  File "/opt/anaconda3/envs/aps/lib/python3.10/site-packages/django/template/base.py", line 510, in parse
    raise self.error(token, e)
  File "/opt/anaconda3/envs/aps/lib/python3.10/site-packages/django/template/base.py", line 508, in parse
    compiled_result = compile_func(self, token)
  File "/opt/anaconda3/envs/aps/lib/python3.10/site-packages/django/template/loader_tags.py", line 234, in do_block
    nodelist = parser.parse(("endblock",))
  File "/opt/anaconda3/envs/aps/lib/python3.10/site-packages/django/template/base.py", line 510, in parse
    raise self.error(token, e)
  File "/opt/anaconda3/envs/aps/lib/python3.10/site-packages/django/template/base.py", line 508, in parse
    compiled_result = compile_func(self, token)
  File "/opt/anaconda3/envs/aps/lib/python3.10/site-packages/django/template/defaulttags.py", line 961, in do_if
    nodelist = parser.parse(("elif", "else", "endif"))
  File "/opt/anaconda3/envs/aps/lib/python3.10/site-packages/django/template/base.py", line 504, in parse
    self.invalid_block_tag(token, command, parse_until)
  File "/opt/anaconda3/envs/aps/lib/python3.10/site-packages/django/template/base.py", line 555, in invalid_block_tag
    raise self.error(
django.template.exceptions.TemplateSyntaxError: Invalid block tag on line 449: 'endfor', expected 'elif', 'else' or 'endif'. Did you forget to register or load this tag?
[2025-06-30 13:13:42] ERROR - django.request - log_response:241 - Internal Server Error: /api/session/update/
[2025-06-30 13:15:08] ERROR - django.request - log_response:241 - Internal Server Error: /shift/assignments/
Traceback (most recent call last):
  File "/opt/anaconda3/envs/aps/lib/python3.10/site-packages/django/template/base.py", line 502, in parse
    compile_func = self.tags[command]
KeyError: 'endif'

During handling of the above exception, another exception occurred:

Traceback (most recent call last):
  File "/Users/harshalsmac/WORK/ardur/ardurPeopleSoft/trueAlign/shift/views.py", line 790, in assignment_list
    return render(request, 'shift/assignment_list.html', context)
  File "/opt/anaconda3/envs/aps/lib/python3.10/site-packages/django/shortcuts.py", line 25, in render
    content = loader.render_to_string(template_name, context, request, using=using)
  File "/opt/anaconda3/envs/aps/lib/python3.10/site-packages/django/template/loader.py", line 61, in render_to_string
    template = get_template(template_name, using=using)
  File "/opt/anaconda3/envs/aps/lib/python3.10/site-packages/django/template/loader.py", line 15, in get_template
    return engine.get_template(template_name)
  File "/opt/anaconda3/envs/aps/lib/python3.10/site-packages/django/template/backends/django.py", line 33, in get_template
    return Template(self.engine.get_template(template_name), self)
  File "/opt/anaconda3/envs/aps/lib/python3.10/site-packages/django/template/engine.py", line 177, in get_template
    template, origin = self.find_template(template_name)
  File "/opt/anaconda3/envs/aps/lib/python3.10/site-packages/django/template/engine.py", line 159, in find_template
    template = loader.get_template(name, skip=skip)
  File "/opt/anaconda3/envs/aps/lib/python3.10/site-packages/django/template/loaders/cached.py", line 57, in get_template
    template = super().get_template(template_name, skip)
  File "/opt/anaconda3/envs/aps/lib/python3.10/site-packages/django/template/loaders/base.py", line 28, in get_template
    return Template(
  File "/opt/anaconda3/envs/aps/lib/python3.10/site-packages/django/template/base.py", line 154, in __init__
    self.nodelist = self.compile_nodelist()
  File "/opt/anaconda3/envs/aps/lib/python3.10/site-packages/django/template/base.py", line 196, in compile_nodelist
    return parser.parse()
  File "/opt/anaconda3/envs/aps/lib/python3.10/site-packages/django/template/base.py", line 510, in parse
    raise self.error(token, e)
  File "/opt/anaconda3/envs/aps/lib/python3.10/site-packages/django/template/base.py", line 508, in parse
    compiled_result = compile_func(self, token)
  File "/opt/anaconda3/envs/aps/lib/python3.10/site-packages/django/template/loader_tags.py", line 295, in do_extends
    nodelist = parser.parse()
  File "/opt/anaconda3/envs/aps/lib/python3.10/site-packages/django/template/base.py", line 510, in parse
    raise self.error(token, e)
  File "/opt/anaconda3/envs/aps/lib/python3.10/site-packages/django/template/base.py", line 508, in parse
    compiled_result = compile_func(self, token)
  File "/opt/anaconda3/envs/aps/lib/python3.10/site-packages/django/template/loader_tags.py", line 234, in do_block
    nodelist = parser.parse(("endblock",))
  File "/opt/anaconda3/envs/aps/lib/python3.10/site-packages/django/template/base.py", line 504, in parse
    self.invalid_block_tag(token, command, parse_until)
  File "/opt/anaconda3/envs/aps/lib/python3.10/site-packages/django/template/base.py", line 555, in invalid_block_tag
    raise self.error(
django.template.exceptions.TemplateSyntaxError: Invalid block tag on line 1469: 'endif', expected 'endblock'. Did you forget to register or load this tag?

During handling of the above exception, another exception occurred:

Traceback (most recent call last):
  File "/opt/anaconda3/envs/aps/lib/python3.10/site-packages/django/template/base.py", line 502, in parse
    compile_func = self.tags[command]
KeyError: 'endif'

During handling of the above exception, another exception occurred:

Traceback (most recent call last):
  File "/opt/anaconda3/envs/aps/lib/python3.10/site-packages/django/core/handlers/exception.py", line 55, in inner
    response = get_response(request)
  File "/opt/anaconda3/envs/aps/lib/python3.10/site-packages/django/core/handlers/base.py", line 197, in _get_response
    response = wrapped_callback(request, *callback_args, **callback_kwargs)
  File "/opt/anaconda3/envs/aps/lib/python3.10/site-packages/django/contrib/auth/decorators.py", line 23, in _wrapper_view
    return view_func(request, *args, **kwargs)
  File "/Users/harshalsmac/WORK/ardur/ardurPeopleSoft/trueAlign/shift/decorators.py", line 53, in wrapper_func
    return view_func(request, *args, **kwargs)
  File "/Users/harshalsmac/WORK/ardur/ardurPeopleSoft/trueAlign/shift/views.py", line 79, in wrapper
    result = func(request, *args, **kwargs)
  File "/Users/harshalsmac/WORK/ardur/ardurPeopleSoft/trueAlign/shift/views.py", line 808, in assignment_list
    return render(request, 'shift/assignment_list.html', context)
  File "/opt/anaconda3/envs/aps/lib/python3.10/site-packages/django/shortcuts.py", line 25, in render
    content = loader.render_to_string(template_name, context, request, using=using)
  File "/opt/anaconda3/envs/aps/lib/python3.10/site-packages/django/template/loader.py", line 61, in render_to_string
    template = get_template(template_name, using=using)
  File "/opt/anaconda3/envs/aps/lib/python3.10/site-packages/django/template/loader.py", line 15, in get_template
    return engine.get_template(template_name)
  File "/opt/anaconda3/envs/aps/lib/python3.10/site-packages/django/template/backends/django.py", line 33, in get_template
    return Template(self.engine.get_template(template_name), self)
  File "/opt/anaconda3/envs/aps/lib/python3.10/site-packages/django/template/engine.py", line 177, in get_template
    template, origin = self.find_template(template_name)
  File "/opt/anaconda3/envs/aps/lib/python3.10/site-packages/django/template/engine.py", line 159, in find_template
    template = loader.get_template(name, skip=skip)
  File "/opt/anaconda3/envs/aps/lib/python3.10/site-packages/django/template/loaders/cached.py", line 57, in get_template
    template = super().get_template(template_name, skip)
  File "/opt/anaconda3/envs/aps/lib/python3.10/site-packages/django/template/loaders/base.py", line 28, in get_template
    return Template(
  File "/opt/anaconda3/envs/aps/lib/python3.10/site-packages/django/template/base.py", line 154, in __init__
    self.nodelist = self.compile_nodelist()
  File "/opt/anaconda3/envs/aps/lib/python3.10/site-packages/django/template/base.py", line 196, in compile_nodelist
    return parser.parse()
  File "/opt/anaconda3/envs/aps/lib/python3.10/site-packages/django/template/base.py", line 510, in parse
    raise self.error(token, e)
  File "/opt/anaconda3/envs/aps/lib/python3.10/site-packages/django/template/base.py", line 508, in parse
    compiled_result = compile_func(self, token)
  File "/opt/anaconda3/envs/aps/lib/python3.10/site-packages/django/template/loader_tags.py", line 295, in do_extends
    nodelist = parser.parse()
  File "/opt/anaconda3/envs/aps/lib/python3.10/site-packages/django/template/base.py", line 510, in parse
    raise self.error(token, e)
  File "/opt/anaconda3/envs/aps/lib/python3.10/site-packages/django/template/base.py", line 508, in parse
    compiled_result = compile_func(self, token)
  File "/opt/anaconda3/envs/aps/lib/python3.10/site-packages/django/template/loader_tags.py", line 234, in do_block
    nodelist = parser.parse(("endblock",))
  File "/opt/anaconda3/envs/aps/lib/python3.10/site-packages/django/template/base.py", line 504, in parse
    self.invalid_block_tag(token, command, parse_until)
  File "/opt/anaconda3/envs/aps/lib/python3.10/site-packages/django/template/base.py", line 555, in invalid_block_tag
    raise self.error(
django.template.exceptions.TemplateSyntaxError: Invalid block tag on line 1469: 'endif', expected 'endblock'. Did you forget to register or load this tag?
[2025-06-30 13:15:33] ERROR - django.request - log_response:241 - Internal Server Error: /api/session/update/
[2025-06-30 13:16:15] ERROR - django.request - log_response:241 - Internal Server Error: /api/session/update/
[2025-06-30 13:17:02] ERROR - django.request - log_response:241 - Internal Server Error: /api/session/update/
[2025-06-30 13:24:29] ERROR - django.request - log_response:241 - Internal Server Error: /shift/assignments/
Traceback (most recent call last):
  File "/opt/anaconda3/envs/aps/lib/python3.10/site-packages/django/template/base.py", line 502, in parse
    compile_func = self.tags[command]
KeyError: 'endfor'

During handling of the above exception, another exception occurred:

Traceback (most recent call last):
  File "/Users/harshalsmac/WORK/ardur/ardurPeopleSoft/trueAlign/shift/views.py", line 790, in assignment_list
    return render(request, 'shift/assignment_list.html', context)
  File "/opt/anaconda3/envs/aps/lib/python3.10/site-packages/django/shortcuts.py", line 25, in render
    content = loader.render_to_string(template_name, context, request, using=using)
  File "/opt/anaconda3/envs/aps/lib/python3.10/site-packages/django/template/loader.py", line 61, in render_to_string
    template = get_template(template_name, using=using)
  File "/opt/anaconda3/envs/aps/lib/python3.10/site-packages/django/template/loader.py", line 15, in get_template
    return engine.get_template(template_name)
  File "/opt/anaconda3/envs/aps/lib/python3.10/site-packages/django/template/backends/django.py", line 33, in get_template
    return Template(self.engine.get_template(template_name), self)
  File "/opt/anaconda3/envs/aps/lib/python3.10/site-packages/django/template/engine.py", line 177, in get_template
    template, origin = self.find_template(template_name)
  File "/opt/anaconda3/envs/aps/lib/python3.10/site-packages/django/template/engine.py", line 159, in find_template
    template = loader.get_template(name, skip=skip)
  File "/opt/anaconda3/envs/aps/lib/python3.10/site-packages/django/template/loaders/cached.py", line 57, in get_template
    template = super().get_template(template_name, skip)
  File "/opt/anaconda3/envs/aps/lib/python3.10/site-packages/django/template/loaders/base.py", line 28, in get_template
    return Template(
  File "/opt/anaconda3/envs/aps/lib/python3.10/site-packages/django/template/base.py", line 154, in __init__
    self.nodelist = self.compile_nodelist()
  File "/opt/anaconda3/envs/aps/lib/python3.10/site-packages/django/template/base.py", line 196, in compile_nodelist
    return parser.parse()
  File "/opt/anaconda3/envs/aps/lib/python3.10/site-packages/django/template/base.py", line 510, in parse
    raise self.error(token, e)
  File "/opt/anaconda3/envs/aps/lib/python3.10/site-packages/django/template/base.py", line 508, in parse
    compiled_result = compile_func(self, token)
  File "/opt/anaconda3/envs/aps/lib/python3.10/site-packages/django/template/loader_tags.py", line 295, in do_extends
    nodelist = parser.parse()
  File "/opt/anaconda3/envs/aps/lib/python3.10/site-packages/django/template/base.py", line 510, in parse
    raise self.error(token, e)
  File "/opt/anaconda3/envs/aps/lib/python3.10/site-packages/django/template/base.py", line 508, in parse
    compiled_result = compile_func(self, token)
  File "/opt/anaconda3/envs/aps/lib/python3.10/site-packages/django/template/loader_tags.py", line 234, in do_block
    nodelist = parser.parse(("endblock",))
  File "/opt/anaconda3/envs/aps/lib/python3.10/site-packages/django/template/base.py", line 510, in parse
    raise self.error(token, e)
  File "/opt/anaconda3/envs/aps/lib/python3.10/site-packages/django/template/base.py", line 508, in parse
    compiled_result = compile_func(self, token)
  File "/opt/anaconda3/envs/aps/lib/python3.10/site-packages/django/template/defaulttags.py", line 961, in do_if
    nodelist = parser.parse(("elif", "else", "endif"))
  File "/opt/anaconda3/envs/aps/lib/python3.10/site-packages/django/template/base.py", line 504, in parse
    self.invalid_block_tag(token, command, parse_until)
  File "/opt/anaconda3/envs/aps/lib/python3.10/site-packages/django/template/base.py", line 555, in invalid_block_tag
    raise self.error(
django.template.exceptions.TemplateSyntaxError: Invalid block tag on line 449: 'endfor', expected 'elif', 'else' or 'endif'. Did you forget to register or load this tag?

During handling of the above exception, another exception occurred:

Traceback (most recent call last):
  File "/opt/anaconda3/envs/aps/lib/python3.10/site-packages/django/template/base.py", line 502, in parse
    compile_func = self.tags[command]
KeyError: 'endfor'

During handling of the above exception, another exception occurred:

Traceback (most recent call last):
  File "/opt/anaconda3/envs/aps/lib/python3.10/site-packages/django/core/handlers/exception.py", line 55, in inner
    response = get_response(request)
  File "/opt/anaconda3/envs/aps/lib/python3.10/site-packages/django/core/handlers/base.py", line 197, in _get_response
    response = wrapped_callback(request, *callback_args, **callback_kwargs)
  File "/opt/anaconda3/envs/aps/lib/python3.10/site-packages/django/contrib/auth/decorators.py", line 23, in _wrapper_view
    return view_func(request, *args, **kwargs)
  File "/Users/harshalsmac/WORK/ardur/ardurPeopleSoft/trueAlign/shift/decorators.py", line 53, in wrapper_func
    return view_func(request, *args, **kwargs)
  File "/Users/harshalsmac/WORK/ardur/ardurPeopleSoft/trueAlign/shift/views.py", line 79, in wrapper
    result = func(request, *args, **kwargs)
  File "/Users/harshalsmac/WORK/ardur/ardurPeopleSoft/trueAlign/shift/views.py", line 808, in assignment_list
    return render(request, 'shift/assignment_list.html', context)
  File "/opt/anaconda3/envs/aps/lib/python3.10/site-packages/django/shortcuts.py", line 25, in render
    content = loader.render_to_string(template_name, context, request, using=using)
  File "/opt/anaconda3/envs/aps/lib/python3.10/site-packages/django/template/loader.py", line 61, in render_to_string
    template = get_template(template_name, using=using)
  File "/opt/anaconda3/envs/aps/lib/python3.10/site-packages/django/template/loader.py", line 15, in get_template
    return engine.get_template(template_name)
  File "/opt/anaconda3/envs/aps/lib/python3.10/site-packages/django/template/backends/django.py", line 33, in get_template
    return Template(self.engine.get_template(template_name), self)
  File "/opt/anaconda3/envs/aps/lib/python3.10/site-packages/django/template/engine.py", line 177, in get_template
    template, origin = self.find_template(template_name)
  File "/opt/anaconda3/envs/aps/lib/python3.10/site-packages/django/template/engine.py", line 159, in find_template
    template = loader.get_template(name, skip=skip)
  File "/opt/anaconda3/envs/aps/lib/python3.10/site-packages/django/template/loaders/cached.py", line 57, in get_template
    template = super().get_template(template_name, skip)
  File "/opt/anaconda3/envs/aps/lib/python3.10/site-packages/django/template/loaders/base.py", line 28, in get_template
    return Template(
  File "/opt/anaconda3/envs/aps/lib/python3.10/site-packages/django/template/base.py", line 154, in __init__
    self.nodelist = self.compile_nodelist()
  File "/opt/anaconda3/envs/aps/lib/python3.10/site-packages/django/template/base.py", line 196, in compile_nodelist
    return parser.parse()
  File "/opt/anaconda3/envs/aps/lib/python3.10/site-packages/django/template/base.py", line 510, in parse
    raise self.error(token, e)
  File "/opt/anaconda3/envs/aps/lib/python3.10/site-packages/django/template/base.py", line 508, in parse
    compiled_result = compile_func(self, token)
  File "/opt/anaconda3/envs/aps/lib/python3.10/site-packages/django/template/loader_tags.py", line 295, in do_extends
    nodelist = parser.parse()
  File "/opt/anaconda3/envs/aps/lib/python3.10/site-packages/django/template/base.py", line 510, in parse
    raise self.error(token, e)
  File "/opt/anaconda3/envs/aps/lib/python3.10/site-packages/django/template/base.py", line 508, in parse
    compiled_result = compile_func(self, token)
  File "/opt/anaconda3/envs/aps/lib/python3.10/site-packages/django/template/loader_tags.py", line 234, in do_block
    nodelist = parser.parse(("endblock",))
  File "/opt/anaconda3/envs/aps/lib/python3.10/site-packages/django/template/base.py", line 510, in parse
    raise self.error(token, e)
  File "/opt/anaconda3/envs/aps/lib/python3.10/site-packages/django/template/base.py", line 508, in parse
    compiled_result = compile_func(self, token)
  File "/opt/anaconda3/envs/aps/lib/python3.10/site-packages/django/template/defaulttags.py", line 961, in do_if
    nodelist = parser.parse(("elif", "else", "endif"))
  File "/opt/anaconda3/envs/aps/lib/python3.10/site-packages/django/template/base.py", line 504, in parse
    self.invalid_block_tag(token, command, parse_until)
  File "/opt/anaconda3/envs/aps/lib/python3.10/site-packages/django/template/base.py", line 555, in invalid_block_tag
    raise self.error(
django.template.exceptions.TemplateSyntaxError: Invalid block tag on line 449: 'endfor', expected 'elif', 'else' or 'endif'. Did you forget to register or load this tag?
[2025-06-30 13:24:29] ERROR - django.request - log_response:241 - Internal Server Error: /api/session/update/
[2025-06-30 13:26:24] ERROR - django.request - log_response:241 - Internal Server Error: /shift/assignments/
Traceback (most recent call last):
  File "/opt/anaconda3/envs/aps/lib/python3.10/site-packages/django/template/base.py", line 502, in parse
    compile_func = self.tags[command]
KeyError: 'endif'

During handling of the above exception, another exception occurred:

Traceback (most recent call last):
  File "/Users/harshalsmac/WORK/ardur/ardurPeopleSoft/trueAlign/shift/views.py", line 790, in assignment_list
    return render(request, 'shift/assignment_list.html', context)
  File "/opt/anaconda3/envs/aps/lib/python3.10/site-packages/django/shortcuts.py", line 25, in render
    content = loader.render_to_string(template_name, context, request, using=using)
  File "/opt/anaconda3/envs/aps/lib/python3.10/site-packages/django/template/loader.py", line 61, in render_to_string
    template = get_template(template_name, using=using)
  File "/opt/anaconda3/envs/aps/lib/python3.10/site-packages/django/template/loader.py", line 15, in get_template
    return engine.get_template(template_name)
  File "/opt/anaconda3/envs/aps/lib/python3.10/site-packages/django/template/backends/django.py", line 33, in get_template
    return Template(self.engine.get_template(template_name), self)
  File "/opt/anaconda3/envs/aps/lib/python3.10/site-packages/django/template/engine.py", line 177, in get_template
    template, origin = self.find_template(template_name)
  File "/opt/anaconda3/envs/aps/lib/python3.10/site-packages/django/template/engine.py", line 159, in find_template
    template = loader.get_template(name, skip=skip)
  File "/opt/anaconda3/envs/aps/lib/python3.10/site-packages/django/template/loaders/cached.py", line 57, in get_template
    template = super().get_template(template_name, skip)
  File "/opt/anaconda3/envs/aps/lib/python3.10/site-packages/django/template/loaders/base.py", line 28, in get_template
    return Template(
  File "/opt/anaconda3/envs/aps/lib/python3.10/site-packages/django/template/base.py", line 154, in __init__
    self.nodelist = self.compile_nodelist()
  File "/opt/anaconda3/envs/aps/lib/python3.10/site-packages/django/template/base.py", line 196, in compile_nodelist
    return parser.parse()
  File "/opt/anaconda3/envs/aps/lib/python3.10/site-packages/django/template/base.py", line 510, in parse
    raise self.error(token, e)
  File "/opt/anaconda3/envs/aps/lib/python3.10/site-packages/django/template/base.py", line 508, in parse
    compiled_result = compile_func(self, token)
  File "/opt/anaconda3/envs/aps/lib/python3.10/site-packages/django/template/loader_tags.py", line 295, in do_extends
    nodelist = parser.parse()
  File "/opt/anaconda3/envs/aps/lib/python3.10/site-packages/django/template/base.py", line 510, in parse
    raise self.error(token, e)
  File "/opt/anaconda3/envs/aps/lib/python3.10/site-packages/django/template/base.py", line 508, in parse
    compiled_result = compile_func(self, token)
  File "/opt/anaconda3/envs/aps/lib/python3.10/site-packages/django/template/loader_tags.py", line 234, in do_block
    nodelist = parser.parse(("endblock",))
  File "/opt/anaconda3/envs/aps/lib/python3.10/site-packages/django/template/base.py", line 504, in parse
    self.invalid_block_tag(token, command, parse_until)
  File "/opt/anaconda3/envs/aps/lib/python3.10/site-packages/django/template/base.py", line 555, in invalid_block_tag
    raise self.error(
django.template.exceptions.TemplateSyntaxError: Invalid block tag on line 1458: 'endif', expected 'endblock'. Did you forget to register or load this tag?

During handling of the above exception, another exception occurred:

Traceback (most recent call last):
  File "/opt/anaconda3/envs/aps/lib/python3.10/site-packages/django/template/base.py", line 502, in parse
    compile_func = self.tags[command]
KeyError: 'endif'

During handling of the above exception, another exception occurred:

Traceback (most recent call last):
  File "/opt/anaconda3/envs/aps/lib/python3.10/site-packages/django/core/handlers/exception.py", line 55, in inner
    response = get_response(request)
  File "/opt/anaconda3/envs/aps/lib/python3.10/site-packages/django/core/handlers/base.py", line 197, in _get_response
    response = wrapped_callback(request, *callback_args, **callback_kwargs)
  File "/opt/anaconda3/envs/aps/lib/python3.10/site-packages/django/contrib/auth/decorators.py", line 23, in _wrapper_view
    return view_func(request, *args, **kwargs)
  File "/Users/harshalsmac/WORK/ardur/ardurPeopleSoft/trueAlign/shift/decorators.py", line 53, in wrapper_func
    return view_func(request, *args, **kwargs)
  File "/Users/harshalsmac/WORK/ardur/ardurPeopleSoft/trueAlign/shift/views.py", line 79, in wrapper
    result = func(request, *args, **kwargs)
  File "/Users/harshalsmac/WORK/ardur/ardurPeopleSoft/trueAlign/shift/views.py", line 808, in assignment_list
    return render(request, 'shift/assignment_list.html', context)
  File "/opt/anaconda3/envs/aps/lib/python3.10/site-packages/django/shortcuts.py", line 25, in render
    content = loader.render_to_string(template_name, context, request, using=using)
  File "/opt/anaconda3/envs/aps/lib/python3.10/site-packages/django/template/loader.py", line 61, in render_to_string
    template = get_template(template_name, using=using)
  File "/opt/anaconda3/envs/aps/lib/python3.10/site-packages/django/template/loader.py", line 15, in get_template
    return engine.get_template(template_name)
  File "/opt/anaconda3/envs/aps/lib/python3.10/site-packages/django/template/backends/django.py", line 33, in get_template
    return Template(self.engine.get_template(template_name), self)
  File "/opt/anaconda3/envs/aps/lib/python3.10/site-packages/django/template/engine.py", line 177, in get_template
    template, origin = self.find_template(template_name)
  File "/opt/anaconda3/envs/aps/lib/python3.10/site-packages/django/template/engine.py", line 159, in find_template
    template = loader.get_template(name, skip=skip)
  File "/opt/anaconda3/envs/aps/lib/python3.10/site-packages/django/template/loaders/cached.py", line 57, in get_template
    template = super().get_template(template_name, skip)
  File "/opt/anaconda3/envs/aps/lib/python3.10/site-packages/django/template/loaders/base.py", line 28, in get_template
    return Template(
  File "/opt/anaconda3/envs/aps/lib/python3.10/site-packages/django/template/base.py", line 154, in __init__
    self.nodelist = self.compile_nodelist()
  File "/opt/anaconda3/envs/aps/lib/python3.10/site-packages/django/template/base.py", line 196, in compile_nodelist
    return parser.parse()
  File "/opt/anaconda3/envs/aps/lib/python3.10/site-packages/django/template/base.py", line 510, in parse
    raise self.error(token, e)
  File "/opt/anaconda3/envs/aps/lib/python3.10/site-packages/django/template/base.py", line 508, in parse
    compiled_result = compile_func(self, token)
  File "/opt/anaconda3/envs/aps/lib/python3.10/site-packages/django/template/loader_tags.py", line 295, in do_extends
    nodelist = parser.parse()
  File "/opt/anaconda3/envs/aps/lib/python3.10/site-packages/django/template/base.py", line 510, in parse
    raise self.error(token, e)
  File "/opt/anaconda3/envs/aps/lib/python3.10/site-packages/django/template/base.py", line 508, in parse
    compiled_result = compile_func(self, token)
  File "/opt/anaconda3/envs/aps/lib/python3.10/site-packages/django/template/loader_tags.py", line 234, in do_block
    nodelist = parser.parse(("endblock",))
  File "/opt/anaconda3/envs/aps/lib/python3.10/site-packages/django/template/base.py", line 504, in parse
    self.invalid_block_tag(token, command, parse_until)
  File "/opt/anaconda3/envs/aps/lib/python3.10/site-packages/django/template/base.py", line 555, in invalid_block_tag
    raise self.error(
django.template.exceptions.TemplateSyntaxError: Invalid block tag on line 1458: 'endif', expected 'endblock'. Did you forget to register or load this tag?
[2025-06-30 13:26:40] ERROR - django.request - log_response:241 - Internal Server Error: /api/session/update/
[2025-06-30 13:26:57] ERROR - django.request - log_response:241 - Internal Server Error: /api/session/update/
