[2025-08-13 10:35:39] ERROR - django.request - log_response:241 - Internal Server Error: /shift/shifts/create/
Traceback (most recent call last):
  File "/opt/anaconda3/envs/aps/lib/python3.10/site-packages/django/core/handlers/exception.py", line 55, in inner
    response = get_response(request)
  File "/opt/anaconda3/envs/aps/lib/python3.10/site-packages/django/core/handlers/base.py", line 197, in _get_response
    response = wrapped_callback(request, *callback_args, **callback_kwargs)
  File "/opt/anaconda3/envs/aps/lib/python3.10/site-packages/django/contrib/auth/decorators.py", line 23, in _wrapper_view
    return view_func(request, *args, **kwargs)
  File "/Users/harshalsmac/WORK/ardur/ardurHome/trueAlign/shift/decorators.py", line 53, in wrapper_func
    return view_func(request, *args, **kwargs)
  File "/opt/anaconda3/envs/aps/lib/python3.10/site-packages/django/views/decorators/http.py", line 64, in inner
    return func(request, *args, **kwargs)
  File "/Users/harshalsmac/WORK/ardur/ardurHome/trueAlign/shift/views.py", line 221, in create_shift
    return render(request, 'shift/shift_form.html', context)
  File "/opt/anaconda3/envs/aps/lib/python3.10/site-packages/django/shortcuts.py", line 25, in render
    content = loader.render_to_string(template_name, context, request, using=using)
  File "/opt/anaconda3/envs/aps/lib/python3.10/site-packages/django/template/loader.py", line 61, in render_to_string
    template = get_template(template_name, using=using)
  File "/opt/anaconda3/envs/aps/lib/python3.10/site-packages/django/template/loader.py", line 19, in get_template
    raise TemplateDoesNotExist(template_name, chain=chain)
django.template.exceptions.TemplateDoesNotExist: shift/shift_form.html
[2025-08-13 10:35:39] ERROR - django.server - log_message:212 - "GET /shift/shifts/create/ HTTP/1.1" 500 131394
[2025-08-13 10:35:57] ERROR - django.request - log_response:241 - Internal Server Error: /shift/shifts/create/
Traceback (most recent call last):
  File "/opt/anaconda3/envs/aps/lib/python3.10/site-packages/django/core/handlers/exception.py", line 55, in inner
    response = get_response(request)
  File "/opt/anaconda3/envs/aps/lib/python3.10/site-packages/django/core/handlers/base.py", line 197, in _get_response
    response = wrapped_callback(request, *callback_args, **callback_kwargs)
  File "/opt/anaconda3/envs/aps/lib/python3.10/site-packages/django/contrib/auth/decorators.py", line 23, in _wrapper_view
    return view_func(request, *args, **kwargs)
  File "/Users/harshalsmac/WORK/ardur/ardurHome/trueAlign/shift/decorators.py", line 53, in wrapper_func
    return view_func(request, *args, **kwargs)
  File "/opt/anaconda3/envs/aps/lib/python3.10/site-packages/django/views/decorators/http.py", line 64, in inner
    return func(request, *args, **kwargs)
  File "/Users/harshalsmac/WORK/ardur/ardurHome/trueAlign/shift/views.py", line 221, in create_shift
    return render(request, 'shift/shift_form.html', context)
  File "/opt/anaconda3/envs/aps/lib/python3.10/site-packages/django/shortcuts.py", line 25, in render
    content = loader.render_to_string(template_name, context, request, using=using)
  File "/opt/anaconda3/envs/aps/lib/python3.10/site-packages/django/template/loader.py", line 61, in render_to_string
    template = get_template(template_name, using=using)
  File "/opt/anaconda3/envs/aps/lib/python3.10/site-packages/django/template/loader.py", line 19, in get_template
    raise TemplateDoesNotExist(template_name, chain=chain)
django.template.exceptions.TemplateDoesNotExist: shift/shift_form.html
[2025-08-13 10:35:57] ERROR - django.server - log_message:212 - "GET /shift/shifts/create/ HTTP/1.1" 500 131394
[2025-08-13 10:36:03] ERROR - django.request - log_response:241 - Internal Server Error: /shift/shifts/create/
Traceback (most recent call last):
  File "/opt/anaconda3/envs/aps/lib/python3.10/site-packages/django/core/handlers/exception.py", line 55, in inner
    response = get_response(request)
  File "/opt/anaconda3/envs/aps/lib/python3.10/site-packages/django/core/handlers/base.py", line 197, in _get_response
    response = wrapped_callback(request, *callback_args, **callback_kwargs)
  File "/opt/anaconda3/envs/aps/lib/python3.10/site-packages/django/contrib/auth/decorators.py", line 23, in _wrapper_view
    return view_func(request, *args, **kwargs)
  File "/Users/harshalsmac/WORK/ardur/ardurHome/trueAlign/shift/decorators.py", line 53, in wrapper_func
    return view_func(request, *args, **kwargs)
  File "/opt/anaconda3/envs/aps/lib/python3.10/site-packages/django/views/decorators/http.py", line 64, in inner
    return func(request, *args, **kwargs)
  File "/Users/harshalsmac/WORK/ardur/ardurHome/trueAlign/shift/views.py", line 221, in create_shift
    return render(request, 'shift/shift_form.html', context)
  File "/opt/anaconda3/envs/aps/lib/python3.10/site-packages/django/shortcuts.py", line 25, in render
    content = loader.render_to_string(template_name, context, request, using=using)
  File "/opt/anaconda3/envs/aps/lib/python3.10/site-packages/django/template/loader.py", line 61, in render_to_string
    template = get_template(template_name, using=using)
  File "/opt/anaconda3/envs/aps/lib/python3.10/site-packages/django/template/loader.py", line 19, in get_template
    raise TemplateDoesNotExist(template_name, chain=chain)
django.template.exceptions.TemplateDoesNotExist: shift/shift_form.html
[2025-08-13 10:36:03] ERROR - django.server - log_message:212 - "GET /shift/shifts/create/ HTTP/1.1" 500 131394
[2025-08-13 10:37:59] ERROR - django.request - log_response:241 - Internal Server Error: /shift/shifts/create/
Traceback (most recent call last):
  File "/opt/anaconda3/envs/aps/lib/python3.10/site-packages/django/core/handlers/exception.py", line 55, in inner
    response = get_response(request)
  File "/opt/anaconda3/envs/aps/lib/python3.10/site-packages/django/core/handlers/base.py", line 197, in _get_response
    response = wrapped_callback(request, *callback_args, **callback_kwargs)
  File "/opt/anaconda3/envs/aps/lib/python3.10/site-packages/django/contrib/auth/decorators.py", line 23, in _wrapper_view
    return view_func(request, *args, **kwargs)
  File "/Users/harshalsmac/WORK/ardur/ardurHome/trueAlign/shift/decorators.py", line 53, in wrapper_func
    return view_func(request, *args, **kwargs)
  File "/opt/anaconda3/envs/aps/lib/python3.10/site-packages/django/views/decorators/http.py", line 64, in inner
    return func(request, *args, **kwargs)
  File "/Users/harshalsmac/WORK/ardur/ardurHome/trueAlign/shift/views.py", line 221, in create_shift
    return render(request, 'shift/shift_form.html', context)
  File "/opt/anaconda3/envs/aps/lib/python3.10/site-packages/django/shortcuts.py", line 25, in render
    content = loader.render_to_string(template_name, context, request, using=using)
  File "/opt/anaconda3/envs/aps/lib/python3.10/site-packages/django/template/loader.py", line 61, in render_to_string
    template = get_template(template_name, using=using)
  File "/opt/anaconda3/envs/aps/lib/python3.10/site-packages/django/template/loader.py", line 19, in get_template
    raise TemplateDoesNotExist(template_name, chain=chain)
django.template.exceptions.TemplateDoesNotExist: shift/shift_form.html
[2025-08-13 10:37:59] ERROR - django.server - log_message:212 - "GET /shift/shifts/create/ HTTP/1.1" 500 131394
[2025-08-13 10:43:24] ERROR - django.request - log_response:241 - Internal Server Error: /shift/shifts/create/
Traceback (most recent call last):
  File "/opt/anaconda3/envs/aps/lib/python3.10/site-packages/django/core/handlers/exception.py", line 55, in inner
    response = get_response(request)
  File "/opt/anaconda3/envs/aps/lib/python3.10/site-packages/django/core/handlers/base.py", line 197, in _get_response
    response = wrapped_callback(request, *callback_args, **callback_kwargs)
  File "/opt/anaconda3/envs/aps/lib/python3.10/site-packages/django/contrib/auth/decorators.py", line 23, in _wrapper_view
    return view_func(request, *args, **kwargs)
  File "/Users/harshalsmac/WORK/ardur/ardurHome/trueAlign/shift/decorators.py", line 53, in wrapper_func
    return view_func(request, *args, **kwargs)
  File "/opt/anaconda3/envs/aps/lib/python3.10/site-packages/django/views/decorators/http.py", line 64, in inner
    return func(request, *args, **kwargs)
  File "/Users/harshalsmac/WORK/ardur/ardurHome/trueAlign/shift/views.py", line 221, in create_shift
    return render(request, 'shift/shift_form.html', context)
  File "/opt/anaconda3/envs/aps/lib/python3.10/site-packages/django/shortcuts.py", line 25, in render
    content = loader.render_to_string(template_name, context, request, using=using)
  File "/opt/anaconda3/envs/aps/lib/python3.10/site-packages/django/template/loader.py", line 61, in render_to_string
    template = get_template(template_name, using=using)
  File "/opt/anaconda3/envs/aps/lib/python3.10/site-packages/django/template/loader.py", line 19, in get_template
    raise TemplateDoesNotExist(template_name, chain=chain)
django.template.exceptions.TemplateDoesNotExist: shift/shift_form.html
[2025-08-13 10:43:24] ERROR - django.server - log_message:212 - "GET /shift/shifts/create/ HTTP/1.1" 500 131394
[2025-08-13 10:44:08] ERROR - django.request - log_response:241 - Internal Server Error: /shift/shifts/create/
Traceback (most recent call last):
  File "/opt/anaconda3/envs/aps/lib/python3.10/site-packages/django/core/handlers/exception.py", line 55, in inner
    response = get_response(request)
  File "/opt/anaconda3/envs/aps/lib/python3.10/site-packages/django/core/handlers/base.py", line 197, in _get_response
    response = wrapped_callback(request, *callback_args, **callback_kwargs)
  File "/opt/anaconda3/envs/aps/lib/python3.10/site-packages/django/contrib/auth/decorators.py", line 23, in _wrapper_view
    return view_func(request, *args, **kwargs)
  File "/Users/harshalsmac/WORK/ardur/ardurHome/trueAlign/shift/decorators.py", line 53, in wrapper_func
    return view_func(request, *args, **kwargs)
  File "/opt/anaconda3/envs/aps/lib/python3.10/site-packages/django/views/decorators/http.py", line 64, in inner
    return func(request, *args, **kwargs)
  File "/Users/harshalsmac/WORK/ardur/ardurHome/trueAlign/shift/views.py", line 221, in create_shift
    return render(request, 'shift/shift_form.html', context)
  File "/opt/anaconda3/envs/aps/lib/python3.10/site-packages/django/shortcuts.py", line 25, in render
    content = loader.render_to_string(template_name, context, request, using=using)
  File "/opt/anaconda3/envs/aps/lib/python3.10/site-packages/django/template/loader.py", line 61, in render_to_string
    template = get_template(template_name, using=using)
  File "/opt/anaconda3/envs/aps/lib/python3.10/site-packages/django/template/loader.py", line 19, in get_template
    raise TemplateDoesNotExist(template_name, chain=chain)
django.template.exceptions.TemplateDoesNotExist: shift/shift_form.html
[2025-08-13 10:44:08] ERROR - django.server - log_message:212 - "GET /shift/shifts/create/ HTTP/1.1" 500 131394
[2025-08-13 10:44:52] ERROR - django.request - log_response:241 - Internal Server Error: /shift/shifts/
Traceback (most recent call last):
  File "/Users/harshalsmac/WORK/ardur/ardurHome/trueAlign/shift/views.py", line 179, in shift_list
    return render(request, 'shift/shift_list.html', context)
  File "/opt/anaconda3/envs/aps/lib/python3.10/site-packages/django/shortcuts.py", line 25, in render
    content = loader.render_to_string(template_name, context, request, using=using)
  File "/opt/anaconda3/envs/aps/lib/python3.10/site-packages/django/template/loader.py", line 61, in render_to_string
    template = get_template(template_name, using=using)
  File "/opt/anaconda3/envs/aps/lib/python3.10/site-packages/django/template/loader.py", line 15, in get_template
    return engine.get_template(template_name)
  File "/opt/anaconda3/envs/aps/lib/python3.10/site-packages/django/template/backends/django.py", line 33, in get_template
    return Template(self.engine.get_template(template_name), self)
  File "/opt/anaconda3/envs/aps/lib/python3.10/site-packages/django/template/engine.py", line 177, in get_template
    template, origin = self.find_template(template_name)
  File "/opt/anaconda3/envs/aps/lib/python3.10/site-packages/django/template/engine.py", line 159, in find_template
    template = loader.get_template(name, skip=skip)
  File "/opt/anaconda3/envs/aps/lib/python3.10/site-packages/django/template/loaders/cached.py", line 57, in get_template
    template = super().get_template(template_name, skip)
  File "/opt/anaconda3/envs/aps/lib/python3.10/site-packages/django/template/loaders/base.py", line 28, in get_template
    return Template(
  File "/opt/anaconda3/envs/aps/lib/python3.10/site-packages/django/template/base.py", line 154, in __init__
    self.nodelist = self.compile_nodelist()
  File "/opt/anaconda3/envs/aps/lib/python3.10/site-packages/django/template/base.py", line 196, in compile_nodelist
    return parser.parse()
  File "/opt/anaconda3/envs/aps/lib/python3.10/site-packages/django/template/base.py", line 510, in parse
    raise self.error(token, e)
  File "/opt/anaconda3/envs/aps/lib/python3.10/site-packages/django/template/base.py", line 508, in parse
    compiled_result = compile_func(self, token)
  File "/opt/anaconda3/envs/aps/lib/python3.10/site-packages/django/template/loader_tags.py", line 295, in do_extends
    nodelist = parser.parse()
  File "/opt/anaconda3/envs/aps/lib/python3.10/site-packages/django/template/base.py", line 510, in parse
    raise self.error(token, e)
  File "/opt/anaconda3/envs/aps/lib/python3.10/site-packages/django/template/base.py", line 508, in parse
    compiled_result = compile_func(self, token)
  File "/opt/anaconda3/envs/aps/lib/python3.10/site-packages/django/template/loader_tags.py", line 234, in do_block
    nodelist = parser.parse(("endblock",))
  File "/opt/anaconda3/envs/aps/lib/python3.10/site-packages/django/template/base.py", line 515, in parse
    self.unclosed_block_tag(parse_until)
  File "/opt/anaconda3/envs/aps/lib/python3.10/site-packages/django/template/base.py", line 578, in unclosed_block_tag
    raise self.error(token, msg)
django.template.exceptions.TemplateSyntaxError: Unclosed tag on line 6: 'block'. Looking for one of: endblock.

During handling of the above exception, another exception occurred:

Traceback (most recent call last):
  File "/opt/anaconda3/envs/aps/lib/python3.10/site-packages/django/core/handlers/exception.py", line 55, in inner
    response = get_response(request)
  File "/opt/anaconda3/envs/aps/lib/python3.10/site-packages/django/core/handlers/base.py", line 197, in _get_response
    response = wrapped_callback(request, *callback_args, **callback_kwargs)
  File "/opt/anaconda3/envs/aps/lib/python3.10/site-packages/django/contrib/auth/decorators.py", line 23, in _wrapper_view
    return view_func(request, *args, **kwargs)
  File "/Users/harshalsmac/WORK/ardur/ardurHome/trueAlign/shift/views.py", line 184, in shift_list
    return render(request, 'shift/shift_list.html', {'shifts': []})
  File "/opt/anaconda3/envs/aps/lib/python3.10/site-packages/django/shortcuts.py", line 25, in render
    content = loader.render_to_string(template_name, context, request, using=using)
  File "/opt/anaconda3/envs/aps/lib/python3.10/site-packages/django/template/loader.py", line 61, in render_to_string
    template = get_template(template_name, using=using)
  File "/opt/anaconda3/envs/aps/lib/python3.10/site-packages/django/template/loader.py", line 15, in get_template
    return engine.get_template(template_name)
  File "/opt/anaconda3/envs/aps/lib/python3.10/site-packages/django/template/backends/django.py", line 33, in get_template
    return Template(self.engine.get_template(template_name), self)
  File "/opt/anaconda3/envs/aps/lib/python3.10/site-packages/django/template/engine.py", line 177, in get_template
    template, origin = self.find_template(template_name)
  File "/opt/anaconda3/envs/aps/lib/python3.10/site-packages/django/template/engine.py", line 159, in find_template
    template = loader.get_template(name, skip=skip)
  File "/opt/anaconda3/envs/aps/lib/python3.10/site-packages/django/template/loaders/cached.py", line 57, in get_template
    template = super().get_template(template_name, skip)
  File "/opt/anaconda3/envs/aps/lib/python3.10/site-packages/django/template/loaders/base.py", line 28, in get_template
    return Template(
  File "/opt/anaconda3/envs/aps/lib/python3.10/site-packages/django/template/base.py", line 154, in __init__
    self.nodelist = self.compile_nodelist()
  File "/opt/anaconda3/envs/aps/lib/python3.10/site-packages/django/template/base.py", line 196, in compile_nodelist
    return parser.parse()
  File "/opt/anaconda3/envs/aps/lib/python3.10/site-packages/django/template/base.py", line 510, in parse
    raise self.error(token, e)
  File "/opt/anaconda3/envs/aps/lib/python3.10/site-packages/django/template/base.py", line 508, in parse
    compiled_result = compile_func(self, token)
  File "/opt/anaconda3/envs/aps/lib/python3.10/site-packages/django/template/loader_tags.py", line 295, in do_extends
    nodelist = parser.parse()
  File "/opt/anaconda3/envs/aps/lib/python3.10/site-packages/django/template/base.py", line 510, in parse
    raise self.error(token, e)
  File "/opt/anaconda3/envs/aps/lib/python3.10/site-packages/django/template/base.py", line 508, in parse
    compiled_result = compile_func(self, token)
  File "/opt/anaconda3/envs/aps/lib/python3.10/site-packages/django/template/loader_tags.py", line 234, in do_block
    nodelist = parser.parse(("endblock",))
  File "/opt/anaconda3/envs/aps/lib/python3.10/site-packages/django/template/base.py", line 515, in parse
    self.unclosed_block_tag(parse_until)
  File "/opt/anaconda3/envs/aps/lib/python3.10/site-packages/django/template/base.py", line 578, in unclosed_block_tag
    raise self.error(token, msg)
django.template.exceptions.TemplateSyntaxError: Unclosed tag on line 6: 'block'. Looking for one of: endblock.
[2025-08-13 10:44:53] ERROR - django.server - log_message:212 - "GET /shift/shifts/ HTTP/1.1" 500 311545
[2025-08-13 10:45:41] ERROR - django.request - log_response:241 - Internal Server Error: /shift/shifts/create/
Traceback (most recent call last):
  File "/opt/anaconda3/envs/aps/lib/python3.10/site-packages/django/core/handlers/exception.py", line 55, in inner
    response = get_response(request)
  File "/opt/anaconda3/envs/aps/lib/python3.10/site-packages/django/core/handlers/base.py", line 197, in _get_response
    response = wrapped_callback(request, *callback_args, **callback_kwargs)
  File "/opt/anaconda3/envs/aps/lib/python3.10/site-packages/django/contrib/auth/decorators.py", line 23, in _wrapper_view
    return view_func(request, *args, **kwargs)
  File "/Users/harshalsmac/WORK/ardur/ardurHome/trueAlign/shift/decorators.py", line 53, in wrapper_func
    return view_func(request, *args, **kwargs)
  File "/opt/anaconda3/envs/aps/lib/python3.10/site-packages/django/views/decorators/http.py", line 64, in inner
    return func(request, *args, **kwargs)
  File "/Users/harshalsmac/WORK/ardur/ardurHome/trueAlign/shift/views.py", line 221, in create_shift
    return render(request, 'shift/shift_form.html', context)
  File "/opt/anaconda3/envs/aps/lib/python3.10/site-packages/django/shortcuts.py", line 25, in render
    content = loader.render_to_string(template_name, context, request, using=using)
  File "/opt/anaconda3/envs/aps/lib/python3.10/site-packages/django/template/loader.py", line 61, in render_to_string
    template = get_template(template_name, using=using)
  File "/opt/anaconda3/envs/aps/lib/python3.10/site-packages/django/template/loader.py", line 19, in get_template
    raise TemplateDoesNotExist(template_name, chain=chain)
django.template.exceptions.TemplateDoesNotExist: shift/shift_form.html
[2025-08-13 10:45:41] ERROR - django.server - log_message:212 - "GET /shift/shifts/create/ HTTP/1.1" 500 131401
[2025-08-13 11:03:15] ERROR - django.request - log_response:241 - Internal Server Error: /shift/shifts/create/
Traceback (most recent call last):
  File "/opt/anaconda3/envs/aps/lib/python3.10/site-packages/django/core/handlers/exception.py", line 55, in inner
    response = get_response(request)
  File "/opt/anaconda3/envs/aps/lib/python3.10/site-packages/django/core/handlers/base.py", line 197, in _get_response
    response = wrapped_callback(request, *callback_args, **callback_kwargs)
  File "/opt/anaconda3/envs/aps/lib/python3.10/site-packages/django/contrib/auth/decorators.py", line 23, in _wrapper_view
    return view_func(request, *args, **kwargs)
  File "/Users/harshalsmac/WORK/ardur/ardurHome/trueAlign/shift/decorators.py", line 53, in wrapper_func
    return view_func(request, *args, **kwargs)
  File "/opt/anaconda3/envs/aps/lib/python3.10/site-packages/django/views/decorators/http.py", line 64, in inner
    return func(request, *args, **kwargs)
  File "/Users/harshalsmac/WORK/ardur/ardurHome/trueAlign/shift/views.py", line 221, in create_shift
    return render(request, 'shift/shift_form.html', context)
  File "/opt/anaconda3/envs/aps/lib/python3.10/site-packages/django/shortcuts.py", line 25, in render
    content = loader.render_to_string(template_name, context, request, using=using)
  File "/opt/anaconda3/envs/aps/lib/python3.10/site-packages/django/template/loader.py", line 61, in render_to_string
    template = get_template(template_name, using=using)
  File "/opt/anaconda3/envs/aps/lib/python3.10/site-packages/django/template/loader.py", line 19, in get_template
    raise TemplateDoesNotExist(template_name, chain=chain)
django.template.exceptions.TemplateDoesNotExist: shift/shift_form.html
[2025-08-13 11:03:15] ERROR - django.server - log_message:212 - "GET /shift/shifts/create/ HTTP/1.1" 500 131394
[2025-08-13 11:03:17] ERROR - django.request - log_response:241 - Internal Server Error: /shift/assignments/assign/
Traceback (most recent call last):
  File "/opt/anaconda3/envs/aps/lib/python3.10/site-packages/django/core/handlers/exception.py", line 55, in inner
    response = get_response(request)
  File "/opt/anaconda3/envs/aps/lib/python3.10/site-packages/django/core/handlers/base.py", line 197, in _get_response
    response = wrapped_callback(request, *callback_args, **callback_kwargs)
  File "/opt/anaconda3/envs/aps/lib/python3.10/site-packages/django/contrib/auth/decorators.py", line 23, in _wrapper_view
    return view_func(request, *args, **kwargs)
  File "/Users/harshalsmac/WORK/ardur/ardurHome/trueAlign/shift/decorators.py", line 53, in wrapper_func
    return view_func(request, *args, **kwargs)
  File "/Users/harshalsmac/WORK/ardur/ardurHome/trueAlign/shift/views.py", line 461, in assign_shift
    return render(request, 'shift/assign_form.html', context)
  File "/opt/anaconda3/envs/aps/lib/python3.10/site-packages/django/shortcuts.py", line 25, in render
    content = loader.render_to_string(template_name, context, request, using=using)
  File "/opt/anaconda3/envs/aps/lib/python3.10/site-packages/django/template/loader.py", line 61, in render_to_string
    template = get_template(template_name, using=using)
  File "/opt/anaconda3/envs/aps/lib/python3.10/site-packages/django/template/loader.py", line 19, in get_template
    raise TemplateDoesNotExist(template_name, chain=chain)
django.template.exceptions.TemplateDoesNotExist: shift/assign_form.html
[2025-08-13 11:03:17] ERROR - django.server - log_message:212 - "GET /shift/assignments/assign/ HTTP/1.1" 500 127214
[2025-08-13 11:03:21] ERROR - django.request - log_response:241 - Internal Server Error: /shift/assignments/upload/
Traceback (most recent call last):
  File "/opt/anaconda3/envs/aps/lib/python3.10/site-packages/django/core/handlers/exception.py", line 55, in inner
    response = get_response(request)
  File "/opt/anaconda3/envs/aps/lib/python3.10/site-packages/django/core/handlers/base.py", line 197, in _get_response
    response = wrapped_callback(request, *callback_args, **callback_kwargs)
  File "/opt/anaconda3/envs/aps/lib/python3.10/site-packages/django/contrib/auth/decorators.py", line 23, in _wrapper_view
    return view_func(request, *args, **kwargs)
  File "/Users/harshalsmac/WORK/ardur/ardurHome/trueAlign/shift/decorators.py", line 53, in wrapper_func
    return view_func(request, *args, **kwargs)
  File "/Users/harshalsmac/WORK/ardur/ardurHome/trueAlign/shift/views.py", line 905, in csv_upload_assignments
    return render(request, 'shift/csv_upload_form.html', context)
  File "/opt/anaconda3/envs/aps/lib/python3.10/site-packages/django/shortcuts.py", line 25, in render
    content = loader.render_to_string(template_name, context, request, using=using)
  File "/opt/anaconda3/envs/aps/lib/python3.10/site-packages/django/template/loader.py", line 61, in render_to_string
    template = get_template(template_name, using=using)
  File "/opt/anaconda3/envs/aps/lib/python3.10/site-packages/django/template/loader.py", line 19, in get_template
    raise TemplateDoesNotExist(template_name, chain=chain)
django.template.exceptions.TemplateDoesNotExist: shift/csv_upload_form.html
[2025-08-13 11:03:21] ERROR - django.server - log_message:212 - "GET /shift/assignments/upload/ HTTP/1.1" 500 127080
[2025-08-13 11:03:26] ERROR - django.request - log_response:241 - Internal Server Error: /shift/shifts/create/
Traceback (most recent call last):
  File "/opt/anaconda3/envs/aps/lib/python3.10/site-packages/django/core/handlers/exception.py", line 55, in inner
    response = get_response(request)
  File "/opt/anaconda3/envs/aps/lib/python3.10/site-packages/django/core/handlers/base.py", line 197, in _get_response
    response = wrapped_callback(request, *callback_args, **callback_kwargs)
  File "/opt/anaconda3/envs/aps/lib/python3.10/site-packages/django/contrib/auth/decorators.py", line 23, in _wrapper_view
    return view_func(request, *args, **kwargs)
  File "/Users/harshalsmac/WORK/ardur/ardurHome/trueAlign/shift/decorators.py", line 53, in wrapper_func
    return view_func(request, *args, **kwargs)
  File "/opt/anaconda3/envs/aps/lib/python3.10/site-packages/django/views/decorators/http.py", line 64, in inner
    return func(request, *args, **kwargs)
  File "/Users/harshalsmac/WORK/ardur/ardurHome/trueAlign/shift/views.py", line 221, in create_shift
    return render(request, 'shift/shift_form.html', context)
  File "/opt/anaconda3/envs/aps/lib/python3.10/site-packages/django/shortcuts.py", line 25, in render
    content = loader.render_to_string(template_name, context, request, using=using)
  File "/opt/anaconda3/envs/aps/lib/python3.10/site-packages/django/template/loader.py", line 61, in render_to_string
    template = get_template(template_name, using=using)
  File "/opt/anaconda3/envs/aps/lib/python3.10/site-packages/django/template/loader.py", line 19, in get_template
    raise TemplateDoesNotExist(template_name, chain=chain)
django.template.exceptions.TemplateDoesNotExist: shift/shift_form.html
[2025-08-13 11:03:26] ERROR - django.server - log_message:212 - "GET /shift/shifts/create/ HTTP/1.1" 500 131394
[2025-08-13 11:04:01] ERROR - django.request - log_response:241 - Internal Server Error: /shift/shifts/create/
Traceback (most recent call last):
  File "/opt/anaconda3/envs/aps/lib/python3.10/site-packages/django/core/handlers/exception.py", line 55, in inner
    response = get_response(request)
  File "/opt/anaconda3/envs/aps/lib/python3.10/site-packages/django/core/handlers/base.py", line 197, in _get_response
    response = wrapped_callback(request, *callback_args, **callback_kwargs)
  File "/opt/anaconda3/envs/aps/lib/python3.10/site-packages/django/contrib/auth/decorators.py", line 23, in _wrapper_view
    return view_func(request, *args, **kwargs)
  File "/Users/harshalsmac/WORK/ardur/ardurHome/trueAlign/shift/decorators.py", line 53, in wrapper_func
    return view_func(request, *args, **kwargs)
  File "/opt/anaconda3/envs/aps/lib/python3.10/site-packages/django/views/decorators/http.py", line 64, in inner
    return func(request, *args, **kwargs)
  File "/Users/harshalsmac/WORK/ardur/ardurHome/trueAlign/shift/views.py", line 221, in create_shift
    return render(request, 'shift/shift_form.html', context)
  File "/opt/anaconda3/envs/aps/lib/python3.10/site-packages/django/shortcuts.py", line 25, in render
    content = loader.render_to_string(template_name, context, request, using=using)
  File "/opt/anaconda3/envs/aps/lib/python3.10/site-packages/django/template/loader.py", line 61, in render_to_string
    template = get_template(template_name, using=using)
  File "/opt/anaconda3/envs/aps/lib/python3.10/site-packages/django/template/loader.py", line 19, in get_template
    raise TemplateDoesNotExist(template_name, chain=chain)
django.template.exceptions.TemplateDoesNotExist: shift/shift_form.html
[2025-08-13 11:04:01] ERROR - django.server - log_message:212 - "GET /shift/shifts/create/ HTTP/1.1" 500 131394
[2025-08-13 11:04:40] ERROR - django.request - log_response:241 - Internal Server Error: /shift/shifts/
Traceback (most recent call last):
  File "/Users/harshalsmac/WORK/ardur/ardurHome/trueAlign/shift/views.py", line 179, in shift_list
    return render(request, 'shift/shift_list.html', context)
  File "/opt/anaconda3/envs/aps/lib/python3.10/site-packages/django/shortcuts.py", line 25, in render
    content = loader.render_to_string(template_name, context, request, using=using)
  File "/opt/anaconda3/envs/aps/lib/python3.10/site-packages/django/template/loader.py", line 61, in render_to_string
    template = get_template(template_name, using=using)
  File "/opt/anaconda3/envs/aps/lib/python3.10/site-packages/django/template/loader.py", line 15, in get_template
    return engine.get_template(template_name)
  File "/opt/anaconda3/envs/aps/lib/python3.10/site-packages/django/template/backends/django.py", line 33, in get_template
    return Template(self.engine.get_template(template_name), self)
  File "/opt/anaconda3/envs/aps/lib/python3.10/site-packages/django/template/engine.py", line 177, in get_template
    template, origin = self.find_template(template_name)
  File "/opt/anaconda3/envs/aps/lib/python3.10/site-packages/django/template/engine.py", line 159, in find_template
    template = loader.get_template(name, skip=skip)
  File "/opt/anaconda3/envs/aps/lib/python3.10/site-packages/django/template/loaders/cached.py", line 57, in get_template
    template = super().get_template(template_name, skip)
  File "/opt/anaconda3/envs/aps/lib/python3.10/site-packages/django/template/loaders/base.py", line 28, in get_template
    return Template(
  File "/opt/anaconda3/envs/aps/lib/python3.10/site-packages/django/template/base.py", line 154, in __init__
    self.nodelist = self.compile_nodelist()
  File "/opt/anaconda3/envs/aps/lib/python3.10/site-packages/django/template/base.py", line 196, in compile_nodelist
    return parser.parse()
  File "/opt/anaconda3/envs/aps/lib/python3.10/site-packages/django/template/base.py", line 510, in parse
    raise self.error(token, e)
  File "/opt/anaconda3/envs/aps/lib/python3.10/site-packages/django/template/base.py", line 508, in parse
    compiled_result = compile_func(self, token)
  File "/opt/anaconda3/envs/aps/lib/python3.10/site-packages/django/template/loader_tags.py", line 295, in do_extends
    nodelist = parser.parse()
  File "/opt/anaconda3/envs/aps/lib/python3.10/site-packages/django/template/base.py", line 510, in parse
    raise self.error(token, e)
  File "/opt/anaconda3/envs/aps/lib/python3.10/site-packages/django/template/base.py", line 508, in parse
    compiled_result = compile_func(self, token)
  File "/opt/anaconda3/envs/aps/lib/python3.10/site-packages/django/template/loader_tags.py", line 234, in do_block
    nodelist = parser.parse(("endblock",))
  File "/opt/anaconda3/envs/aps/lib/python3.10/site-packages/django/template/base.py", line 515, in parse
    self.unclosed_block_tag(parse_until)
  File "/opt/anaconda3/envs/aps/lib/python3.10/site-packages/django/template/base.py", line 578, in unclosed_block_tag
    raise self.error(token, msg)
django.template.exceptions.TemplateSyntaxError: Unclosed tag on line 10: 'block'. Looking for one of: endblock.

During handling of the above exception, another exception occurred:

Traceback (most recent call last):
  File "/opt/anaconda3/envs/aps/lib/python3.10/site-packages/django/core/handlers/exception.py", line 55, in inner
    response = get_response(request)
  File "/opt/anaconda3/envs/aps/lib/python3.10/site-packages/django/core/handlers/base.py", line 197, in _get_response
    response = wrapped_callback(request, *callback_args, **callback_kwargs)
  File "/opt/anaconda3/envs/aps/lib/python3.10/site-packages/django/contrib/auth/decorators.py", line 23, in _wrapper_view
    return view_func(request, *args, **kwargs)
  File "/Users/harshalsmac/WORK/ardur/ardurHome/trueAlign/shift/views.py", line 184, in shift_list
    return render(request, 'shift/shift_list.html', {'shifts': []})
  File "/opt/anaconda3/envs/aps/lib/python3.10/site-packages/django/shortcuts.py", line 25, in render
    content = loader.render_to_string(template_name, context, request, using=using)
  File "/opt/anaconda3/envs/aps/lib/python3.10/site-packages/django/template/loader.py", line 61, in render_to_string
    template = get_template(template_name, using=using)
  File "/opt/anaconda3/envs/aps/lib/python3.10/site-packages/django/template/loader.py", line 15, in get_template
    return engine.get_template(template_name)
  File "/opt/anaconda3/envs/aps/lib/python3.10/site-packages/django/template/backends/django.py", line 33, in get_template
    return Template(self.engine.get_template(template_name), self)
  File "/opt/anaconda3/envs/aps/lib/python3.10/site-packages/django/template/engine.py", line 177, in get_template
    template, origin = self.find_template(template_name)
  File "/opt/anaconda3/envs/aps/lib/python3.10/site-packages/django/template/engine.py", line 159, in find_template
    template = loader.get_template(name, skip=skip)
  File "/opt/anaconda3/envs/aps/lib/python3.10/site-packages/django/template/loaders/cached.py", line 57, in get_template
    template = super().get_template(template_name, skip)
  File "/opt/anaconda3/envs/aps/lib/python3.10/site-packages/django/template/loaders/base.py", line 28, in get_template
    return Template(
  File "/opt/anaconda3/envs/aps/lib/python3.10/site-packages/django/template/base.py", line 154, in __init__
    self.nodelist = self.compile_nodelist()
  File "/opt/anaconda3/envs/aps/lib/python3.10/site-packages/django/template/base.py", line 196, in compile_nodelist
    return parser.parse()
  File "/opt/anaconda3/envs/aps/lib/python3.10/site-packages/django/template/base.py", line 510, in parse
    raise self.error(token, e)
  File "/opt/anaconda3/envs/aps/lib/python3.10/site-packages/django/template/base.py", line 508, in parse
    compiled_result = compile_func(self, token)
  File "/opt/anaconda3/envs/aps/lib/python3.10/site-packages/django/template/loader_tags.py", line 295, in do_extends
    nodelist = parser.parse()
  File "/opt/anaconda3/envs/aps/lib/python3.10/site-packages/django/template/base.py", line 510, in parse
    raise self.error(token, e)
  File "/opt/anaconda3/envs/aps/lib/python3.10/site-packages/django/template/base.py", line 508, in parse
    compiled_result = compile_func(self, token)
  File "/opt/anaconda3/envs/aps/lib/python3.10/site-packages/django/template/loader_tags.py", line 234, in do_block
    nodelist = parser.parse(("endblock",))
  File "/opt/anaconda3/envs/aps/lib/python3.10/site-packages/django/template/base.py", line 515, in parse
    self.unclosed_block_tag(parse_until)
  File "/opt/anaconda3/envs/aps/lib/python3.10/site-packages/django/template/base.py", line 578, in unclosed_block_tag
    raise self.error(token, msg)
django.template.exceptions.TemplateSyntaxError: Unclosed tag on line 10: 'block'. Looking for one of: endblock.
[2025-08-13 11:04:40] ERROR - django.server - log_message:212 - "GET /shift/shifts/ HTTP/1.1" 500 323200
[2025-08-13 11:05:12] ERROR - django.request - log_response:241 - Internal Server Error: /shift/shifts/create/
Traceback (most recent call last):
  File "/opt/anaconda3/envs/aps/lib/python3.10/site-packages/django/core/handlers/exception.py", line 55, in inner
    response = get_response(request)
  File "/opt/anaconda3/envs/aps/lib/python3.10/site-packages/django/core/handlers/base.py", line 197, in _get_response
    response = wrapped_callback(request, *callback_args, **callback_kwargs)
  File "/opt/anaconda3/envs/aps/lib/python3.10/site-packages/django/contrib/auth/decorators.py", line 23, in _wrapper_view
    return view_func(request, *args, **kwargs)
  File "/Users/harshalsmac/WORK/ardur/ardurHome/trueAlign/shift/decorators.py", line 53, in wrapper_func
    return view_func(request, *args, **kwargs)
  File "/opt/anaconda3/envs/aps/lib/python3.10/site-packages/django/views/decorators/http.py", line 64, in inner
    return func(request, *args, **kwargs)
  File "/Users/harshalsmac/WORK/ardur/ardurHome/trueAlign/shift/views.py", line 221, in create_shift
    return render(request, 'shift/shift_form.html', context)
  File "/opt/anaconda3/envs/aps/lib/python3.10/site-packages/django/shortcuts.py", line 25, in render
    content = loader.render_to_string(template_name, context, request, using=using)
  File "/opt/anaconda3/envs/aps/lib/python3.10/site-packages/django/template/loader.py", line 61, in render_to_string
    template = get_template(template_name, using=using)
  File "/opt/anaconda3/envs/aps/lib/python3.10/site-packages/django/template/loader.py", line 19, in get_template
    raise TemplateDoesNotExist(template_name, chain=chain)
django.template.exceptions.TemplateDoesNotExist: shift/shift_form.html
[2025-08-13 11:05:12] ERROR - django.server - log_message:212 - "GET /shift/shifts/create/ HTTP/1.1" 500 131401
[2025-08-13 11:06:40] ERROR - django.request - log_response:241 - Internal Server Error: /shift/assignments/assign/
Traceback (most recent call last):
  File "/opt/anaconda3/envs/aps/lib/python3.10/site-packages/django/core/handlers/exception.py", line 55, in inner
    response = get_response(request)
  File "/opt/anaconda3/envs/aps/lib/python3.10/site-packages/django/core/handlers/base.py", line 197, in _get_response
    response = wrapped_callback(request, *callback_args, **callback_kwargs)
  File "/opt/anaconda3/envs/aps/lib/python3.10/site-packages/django/contrib/auth/decorators.py", line 23, in _wrapper_view
    return view_func(request, *args, **kwargs)
  File "/Users/harshalsmac/WORK/ardur/ardurHome/trueAlign/shift/decorators.py", line 53, in wrapper_func
    return view_func(request, *args, **kwargs)
  File "/Users/harshalsmac/WORK/ardur/ardurHome/trueAlign/shift/views.py", line 461, in assign_shift
    return render(request, 'shift/assign_form.html', context)
  File "/opt/anaconda3/envs/aps/lib/python3.10/site-packages/django/shortcuts.py", line 25, in render
    content = loader.render_to_string(template_name, context, request, using=using)
  File "/opt/anaconda3/envs/aps/lib/python3.10/site-packages/django/template/loader.py", line 61, in render_to_string
    template = get_template(template_name, using=using)
  File "/opt/anaconda3/envs/aps/lib/python3.10/site-packages/django/template/loader.py", line 19, in get_template
    raise TemplateDoesNotExist(template_name, chain=chain)
django.template.exceptions.TemplateDoesNotExist: shift/assign_form.html
[2025-08-13 11:06:40] ERROR - django.server - log_message:212 - "GET /shift/assignments/assign/ HTTP/1.1" 500 127214
[2025-08-13 11:06:45] ERROR - django.request - log_response:241 - Internal Server Error: /shift/assignments/
Traceback (most recent call last):
  File "/Users/harshalsmac/WORK/ardur/ardurHome/trueAlign/shift/views.py", line 384, in assignment_list
    return render(request, 'shift/assignment_list.html', context)
  File "/opt/anaconda3/envs/aps/lib/python3.10/site-packages/django/shortcuts.py", line 25, in render
    content = loader.render_to_string(template_name, context, request, using=using)
  File "/opt/anaconda3/envs/aps/lib/python3.10/site-packages/django/template/loader.py", line 61, in render_to_string
    template = get_template(template_name, using=using)
  File "/opt/anaconda3/envs/aps/lib/python3.10/site-packages/django/template/loader.py", line 15, in get_template
    return engine.get_template(template_name)
  File "/opt/anaconda3/envs/aps/lib/python3.10/site-packages/django/template/backends/django.py", line 33, in get_template
    return Template(self.engine.get_template(template_name), self)
  File "/opt/anaconda3/envs/aps/lib/python3.10/site-packages/django/template/engine.py", line 177, in get_template
    template, origin = self.find_template(template_name)
  File "/opt/anaconda3/envs/aps/lib/python3.10/site-packages/django/template/engine.py", line 159, in find_template
    template = loader.get_template(name, skip=skip)
  File "/opt/anaconda3/envs/aps/lib/python3.10/site-packages/django/template/loaders/cached.py", line 57, in get_template
    template = super().get_template(template_name, skip)
  File "/opt/anaconda3/envs/aps/lib/python3.10/site-packages/django/template/loaders/base.py", line 28, in get_template
    return Template(
  File "/opt/anaconda3/envs/aps/lib/python3.10/site-packages/django/template/base.py", line 154, in __init__
    self.nodelist = self.compile_nodelist()
  File "/opt/anaconda3/envs/aps/lib/python3.10/site-packages/django/template/base.py", line 196, in compile_nodelist
    return parser.parse()
  File "/opt/anaconda3/envs/aps/lib/python3.10/site-packages/django/template/base.py", line 510, in parse
    raise self.error(token, e)
  File "/opt/anaconda3/envs/aps/lib/python3.10/site-packages/django/template/base.py", line 508, in parse
    compiled_result = compile_func(self, token)
  File "/opt/anaconda3/envs/aps/lib/python3.10/site-packages/django/template/loader_tags.py", line 295, in do_extends
    nodelist = parser.parse()
  File "/opt/anaconda3/envs/aps/lib/python3.10/site-packages/django/template/base.py", line 510, in parse
    raise self.error(token, e)
  File "/opt/anaconda3/envs/aps/lib/python3.10/site-packages/django/template/base.py", line 508, in parse
    compiled_result = compile_func(self, token)
  File "/opt/anaconda3/envs/aps/lib/python3.10/site-packages/django/template/loader_tags.py", line 234, in do_block
    nodelist = parser.parse(("endblock",))
  File "/opt/anaconda3/envs/aps/lib/python3.10/site-packages/django/template/base.py", line 515, in parse
    self.unclosed_block_tag(parse_until)
  File "/opt/anaconda3/envs/aps/lib/python3.10/site-packages/django/template/base.py", line 578, in unclosed_block_tag
    raise self.error(token, msg)
django.template.exceptions.TemplateSyntaxError: Unclosed tag on line 7: 'block'. Looking for one of: endblock.

During handling of the above exception, another exception occurred:

Traceback (most recent call last):
  File "/opt/anaconda3/envs/aps/lib/python3.10/site-packages/django/core/handlers/exception.py", line 55, in inner
    response = get_response(request)
  File "/opt/anaconda3/envs/aps/lib/python3.10/site-packages/django/core/handlers/base.py", line 197, in _get_response
    response = wrapped_callback(request, *callback_args, **callback_kwargs)
  File "/opt/anaconda3/envs/aps/lib/python3.10/site-packages/django/contrib/auth/decorators.py", line 23, in _wrapper_view
    return view_func(request, *args, **kwargs)
  File "/Users/harshalsmac/WORK/ardur/ardurHome/trueAlign/shift/views.py", line 389, in assignment_list
    return render(request, 'shift/assignment_list.html', {'assignments': []})
  File "/opt/anaconda3/envs/aps/lib/python3.10/site-packages/django/shortcuts.py", line 25, in render
    content = loader.render_to_string(template_name, context, request, using=using)
  File "/opt/anaconda3/envs/aps/lib/python3.10/site-packages/django/template/loader.py", line 61, in render_to_string
    template = get_template(template_name, using=using)
  File "/opt/anaconda3/envs/aps/lib/python3.10/site-packages/django/template/loader.py", line 15, in get_template
    return engine.get_template(template_name)
  File "/opt/anaconda3/envs/aps/lib/python3.10/site-packages/django/template/backends/django.py", line 33, in get_template
    return Template(self.engine.get_template(template_name), self)
  File "/opt/anaconda3/envs/aps/lib/python3.10/site-packages/django/template/engine.py", line 177, in get_template
    template, origin = self.find_template(template_name)
  File "/opt/anaconda3/envs/aps/lib/python3.10/site-packages/django/template/engine.py", line 159, in find_template
    template = loader.get_template(name, skip=skip)
  File "/opt/anaconda3/envs/aps/lib/python3.10/site-packages/django/template/loaders/cached.py", line 57, in get_template
    template = super().get_template(template_name, skip)
  File "/opt/anaconda3/envs/aps/lib/python3.10/site-packages/django/template/loaders/base.py", line 28, in get_template
    return Template(
  File "/opt/anaconda3/envs/aps/lib/python3.10/site-packages/django/template/base.py", line 154, in __init__
    self.nodelist = self.compile_nodelist()
  File "/opt/anaconda3/envs/aps/lib/python3.10/site-packages/django/template/base.py", line 196, in compile_nodelist
    return parser.parse()
  File "/opt/anaconda3/envs/aps/lib/python3.10/site-packages/django/template/base.py", line 510, in parse
    raise self.error(token, e)
  File "/opt/anaconda3/envs/aps/lib/python3.10/site-packages/django/template/base.py", line 508, in parse
    compiled_result = compile_func(self, token)
  File "/opt/anaconda3/envs/aps/lib/python3.10/site-packages/django/template/loader_tags.py", line 295, in do_extends
    nodelist = parser.parse()
  File "/opt/anaconda3/envs/aps/lib/python3.10/site-packages/django/template/base.py", line 510, in parse
    raise self.error(token, e)
  File "/opt/anaconda3/envs/aps/lib/python3.10/site-packages/django/template/base.py", line 508, in parse
    compiled_result = compile_func(self, token)
  File "/opt/anaconda3/envs/aps/lib/python3.10/site-packages/django/template/loader_tags.py", line 234, in do_block
    nodelist = parser.parse(("endblock",))
  File "/opt/anaconda3/envs/aps/lib/python3.10/site-packages/django/template/base.py", line 515, in parse
    self.unclosed_block_tag(parse_until)
  File "/opt/anaconda3/envs/aps/lib/python3.10/site-packages/django/template/base.py", line 578, in unclosed_block_tag
    raise self.error(token, msg)
django.template.exceptions.TemplateSyntaxError: Unclosed tag on line 7: 'block'. Looking for one of: endblock.
[2025-08-13 11:06:45] ERROR - django.server - log_message:212 - "GET /shift/assignments/ HTTP/1.1" 500 317769
[2025-08-13 11:08:13] ERROR - django.request - log_response:241 - Internal Server Error: /shift/assignments/assign/
Traceback (most recent call last):
  File "/opt/anaconda3/envs/aps/lib/python3.10/site-packages/django/core/handlers/exception.py", line 55, in inner
    response = get_response(request)
  File "/opt/anaconda3/envs/aps/lib/python3.10/site-packages/django/core/handlers/base.py", line 197, in _get_response
    response = wrapped_callback(request, *callback_args, **callback_kwargs)
  File "/opt/anaconda3/envs/aps/lib/python3.10/site-packages/django/contrib/auth/decorators.py", line 23, in _wrapper_view
    return view_func(request, *args, **kwargs)
  File "/Users/harshalsmac/WORK/ardur/ardurHome/trueAlign/shift/decorators.py", line 53, in wrapper_func
    return view_func(request, *args, **kwargs)
  File "/Users/harshalsmac/WORK/ardur/ardurHome/trueAlign/shift/views.py", line 461, in assign_shift
    return render(request, 'shift/assign_form.html', context)
  File "/opt/anaconda3/envs/aps/lib/python3.10/site-packages/django/shortcuts.py", line 25, in render
    content = loader.render_to_string(template_name, context, request, using=using)
  File "/opt/anaconda3/envs/aps/lib/python3.10/site-packages/django/template/loader.py", line 61, in render_to_string
    template = get_template(template_name, using=using)
  File "/opt/anaconda3/envs/aps/lib/python3.10/site-packages/django/template/loader.py", line 19, in get_template
    raise TemplateDoesNotExist(template_name, chain=chain)
django.template.exceptions.TemplateDoesNotExist: shift/assign_form.html
[2025-08-13 11:08:13] ERROR - django.server - log_message:212 - "GET /shift/assignments/assign/ HTTP/1.1" 500 127214
[2025-08-13 11:08:20] ERROR - django.request - log_response:241 - Internal Server Error: /shift/assignments/assign/
Traceback (most recent call last):
  File "/opt/anaconda3/envs/aps/lib/python3.10/site-packages/django/core/handlers/exception.py", line 55, in inner
    response = get_response(request)
  File "/opt/anaconda3/envs/aps/lib/python3.10/site-packages/django/core/handlers/base.py", line 197, in _get_response
    response = wrapped_callback(request, *callback_args, **callback_kwargs)
  File "/opt/anaconda3/envs/aps/lib/python3.10/site-packages/django/contrib/auth/decorators.py", line 23, in _wrapper_view
    return view_func(request, *args, **kwargs)
  File "/Users/harshalsmac/WORK/ardur/ardurHome/trueAlign/shift/decorators.py", line 53, in wrapper_func
    return view_func(request, *args, **kwargs)
  File "/Users/harshalsmac/WORK/ardur/ardurHome/trueAlign/shift/views.py", line 461, in assign_shift
    return render(request, 'shift/assign_form.html', context)
  File "/opt/anaconda3/envs/aps/lib/python3.10/site-packages/django/shortcuts.py", line 25, in render
    content = loader.render_to_string(template_name, context, request, using=using)
  File "/opt/anaconda3/envs/aps/lib/python3.10/site-packages/django/template/loader.py", line 61, in render_to_string
    template = get_template(template_name, using=using)
  File "/opt/anaconda3/envs/aps/lib/python3.10/site-packages/django/template/loader.py", line 19, in get_template
    raise TemplateDoesNotExist(template_name, chain=chain)
django.template.exceptions.TemplateDoesNotExist: shift/assign_form.html
[2025-08-13 11:08:20] ERROR - django.server - log_message:212 - "GET /shift/assignments/assign/ HTTP/1.1" 500 127226
[2025-08-13 11:11:36] ERROR - django.request - log_response:241 - Internal Server Error: /shift/assignments/assign/
Traceback (most recent call last):
  File "/opt/anaconda3/envs/aps/lib/python3.10/site-packages/django/core/handlers/exception.py", line 55, in inner
    response = get_response(request)
  File "/opt/anaconda3/envs/aps/lib/python3.10/site-packages/django/core/handlers/base.py", line 197, in _get_response
    response = wrapped_callback(request, *callback_args, **callback_kwargs)
  File "/opt/anaconda3/envs/aps/lib/python3.10/site-packages/django/contrib/auth/decorators.py", line 23, in _wrapper_view
    return view_func(request, *args, **kwargs)
  File "/Users/harshalsmac/WORK/ardur/ardurHome/trueAlign/shift/decorators.py", line 53, in wrapper_func
    return view_func(request, *args, **kwargs)
  File "/Users/harshalsmac/WORK/ardur/ardurHome/trueAlign/shift/views.py", line 461, in assign_shift
    return render(request, 'shift/assign_form.html', context)
  File "/opt/anaconda3/envs/aps/lib/python3.10/site-packages/django/shortcuts.py", line 25, in render
    content = loader.render_to_string(template_name, context, request, using=using)
  File "/opt/anaconda3/envs/aps/lib/python3.10/site-packages/django/template/loader.py", line 61, in render_to_string
    template = get_template(template_name, using=using)
  File "/opt/anaconda3/envs/aps/lib/python3.10/site-packages/django/template/loader.py", line 19, in get_template
    raise TemplateDoesNotExist(template_name, chain=chain)
django.template.exceptions.TemplateDoesNotExist: shift/assign_form.html
[2025-08-13 11:11:36] ERROR - django.server - log_message:212 - "GET /shift/assignments/assign/ HTTP/1.1" 500 127214
[2025-08-13 11:11:51] ERROR - django.request - log_response:241 - Internal Server Error: /shift/shifts/create/
Traceback (most recent call last):
  File "/opt/anaconda3/envs/aps/lib/python3.10/site-packages/django/core/handlers/exception.py", line 55, in inner
    response = get_response(request)
  File "/opt/anaconda3/envs/aps/lib/python3.10/site-packages/django/core/handlers/base.py", line 197, in _get_response
    response = wrapped_callback(request, *callback_args, **callback_kwargs)
  File "/opt/anaconda3/envs/aps/lib/python3.10/site-packages/django/contrib/auth/decorators.py", line 23, in _wrapper_view
    return view_func(request, *args, **kwargs)
  File "/Users/harshalsmac/WORK/ardur/ardurHome/trueAlign/shift/decorators.py", line 53, in wrapper_func
    return view_func(request, *args, **kwargs)
  File "/opt/anaconda3/envs/aps/lib/python3.10/site-packages/django/views/decorators/http.py", line 64, in inner
    return func(request, *args, **kwargs)
  File "/Users/harshalsmac/WORK/ardur/ardurHome/trueAlign/shift/views.py", line 221, in create_shift
    return render(request, 'shift/shift_form.html', context)
  File "/opt/anaconda3/envs/aps/lib/python3.10/site-packages/django/shortcuts.py", line 25, in render
    content = loader.render_to_string(template_name, context, request, using=using)
  File "/opt/anaconda3/envs/aps/lib/python3.10/site-packages/django/template/loader.py", line 61, in render_to_string
    template = get_template(template_name, using=using)
  File "/opt/anaconda3/envs/aps/lib/python3.10/site-packages/django/template/loader.py", line 19, in get_template
    raise TemplateDoesNotExist(template_name, chain=chain)
django.template.exceptions.TemplateDoesNotExist: shift/shift_form.html
[2025-08-13 11:11:51] ERROR - django.server - log_message:212 - "GET /shift/shifts/create/ HTTP/1.1" 500 131394
[2025-08-13 11:13:36] ERROR - django.request - log_response:241 - Internal Server Error: /shift/shifts/create/
Traceback (most recent call last):
  File "/opt/anaconda3/envs/aps/lib/python3.10/site-packages/django/core/handlers/exception.py", line 55, in inner
    response = get_response(request)
  File "/opt/anaconda3/envs/aps/lib/python3.10/site-packages/django/core/handlers/base.py", line 197, in _get_response
    response = wrapped_callback(request, *callback_args, **callback_kwargs)
  File "/opt/anaconda3/envs/aps/lib/python3.10/site-packages/django/contrib/auth/decorators.py", line 23, in _wrapper_view
    return view_func(request, *args, **kwargs)
  File "/Users/harshalsmac/WORK/ardur/ardurHome/trueAlign/shift/decorators.py", line 53, in wrapper_func
    return view_func(request, *args, **kwargs)
  File "/opt/anaconda3/envs/aps/lib/python3.10/site-packages/django/views/decorators/http.py", line 64, in inner
    return func(request, *args, **kwargs)
  File "/Users/harshalsmac/WORK/ardur/ardurHome/trueAlign/shift/views.py", line 221, in create_shift
    return render(request, 'shift/shift_form.html', context)
  File "/opt/anaconda3/envs/aps/lib/python3.10/site-packages/django/shortcuts.py", line 25, in render
    content = loader.render_to_string(template_name, context, request, using=using)
  File "/opt/anaconda3/envs/aps/lib/python3.10/site-packages/django/template/loader.py", line 61, in render_to_string
    template = get_template(template_name, using=using)
  File "/opt/anaconda3/envs/aps/lib/python3.10/site-packages/django/template/loader.py", line 19, in get_template
    raise TemplateDoesNotExist(template_name, chain=chain)
django.template.exceptions.TemplateDoesNotExist: shift/shift_form.html
[2025-08-13 11:13:36] ERROR - django.server - log_message:212 - "GET /shift/shifts/create/ HTTP/1.1" 500 131237
[2025-08-13 11:14:42] ERROR - django.request - log_response:241 - Internal Server Error: /shift/shifts/create/
Traceback (most recent call last):
  File "/opt/anaconda3/envs/aps/lib/python3.10/site-packages/django/core/handlers/exception.py", line 55, in inner
    response = get_response(request)
  File "/opt/anaconda3/envs/aps/lib/python3.10/site-packages/django/core/handlers/base.py", line 197, in _get_response
    response = wrapped_callback(request, *callback_args, **callback_kwargs)
  File "/opt/anaconda3/envs/aps/lib/python3.10/site-packages/django/contrib/auth/decorators.py", line 23, in _wrapper_view
    return view_func(request, *args, **kwargs)
  File "/Users/harshalsmac/WORK/ardur/ardurHome/trueAlign/shift/decorators.py", line 53, in wrapper_func
    return view_func(request, *args, **kwargs)
  File "/opt/anaconda3/envs/aps/lib/python3.10/site-packages/django/views/decorators/http.py", line 64, in inner
    return func(request, *args, **kwargs)
  File "/Users/harshalsmac/WORK/ardur/ardurHome/trueAlign/shift/views.py", line 221, in create_shift
    return render(request, 'shift/shift_form.html', context)
  File "/opt/anaconda3/envs/aps/lib/python3.10/site-packages/django/shortcuts.py", line 25, in render
    content = loader.render_to_string(template_name, context, request, using=using)
  File "/opt/anaconda3/envs/aps/lib/python3.10/site-packages/django/template/loader.py", line 61, in render_to_string
    template = get_template(template_name, using=using)
  File "/opt/anaconda3/envs/aps/lib/python3.10/site-packages/django/template/loader.py", line 19, in get_template
    raise TemplateDoesNotExist(template_name, chain=chain)
django.template.exceptions.TemplateDoesNotExist: shift/shift_form.html
[2025-08-13 11:14:42] ERROR - django.server - log_message:212 - "GET /shift/shifts/create/ HTTP/1.1" 500 131394
[2025-08-13 11:15:10] ERROR - django.request - log_response:241 - Internal Server Error: /shift/assignments/upload/
Traceback (most recent call last):
  File "/opt/anaconda3/envs/aps/lib/python3.10/site-packages/django/core/handlers/exception.py", line 55, in inner
    response = get_response(request)
  File "/opt/anaconda3/envs/aps/lib/python3.10/site-packages/django/core/handlers/base.py", line 197, in _get_response
    response = wrapped_callback(request, *callback_args, **callback_kwargs)
  File "/opt/anaconda3/envs/aps/lib/python3.10/site-packages/django/contrib/auth/decorators.py", line 23, in _wrapper_view
    return view_func(request, *args, **kwargs)
  File "/Users/harshalsmac/WORK/ardur/ardurHome/trueAlign/shift/decorators.py", line 53, in wrapper_func
    return view_func(request, *args, **kwargs)
  File "/Users/harshalsmac/WORK/ardur/ardurHome/trueAlign/shift/views.py", line 905, in csv_upload_assignments
    return render(request, 'shift/csv_upload_form.html', context)
  File "/opt/anaconda3/envs/aps/lib/python3.10/site-packages/django/shortcuts.py", line 25, in render
    content = loader.render_to_string(template_name, context, request, using=using)
  File "/opt/anaconda3/envs/aps/lib/python3.10/site-packages/django/template/loader.py", line 61, in render_to_string
    template = get_template(template_name, using=using)
  File "/opt/anaconda3/envs/aps/lib/python3.10/site-packages/django/template/loader.py", line 19, in get_template
    raise TemplateDoesNotExist(template_name, chain=chain)
django.template.exceptions.TemplateDoesNotExist: shift/csv_upload_form.html
[2025-08-13 11:15:10] ERROR - django.server - log_message:212 - "GET /shift/assignments/upload/ HTTP/1.1" 500 127080
[2025-08-13 11:16:32] ERROR - django.request - log_response:241 - Internal Server Error: /shift/shifts/create/
Traceback (most recent call last):
  File "/opt/anaconda3/envs/aps/lib/python3.10/site-packages/django/template/base.py", line 502, in parse
    compile_func = self.tags[command]
KeyError: 'endif'

During handling of the above exception, another exception occurred:

Traceback (most recent call last):
  File "/opt/anaconda3/envs/aps/lib/python3.10/site-packages/django/core/handlers/exception.py", line 55, in inner
    response = get_response(request)
  File "/opt/anaconda3/envs/aps/lib/python3.10/site-packages/django/core/handlers/base.py", line 197, in _get_response
    response = wrapped_callback(request, *callback_args, **callback_kwargs)
  File "/opt/anaconda3/envs/aps/lib/python3.10/site-packages/django/contrib/auth/decorators.py", line 23, in _wrapper_view
    return view_func(request, *args, **kwargs)
  File "/Users/harshalsmac/WORK/ardur/ardurHome/trueAlign/shift/decorators.py", line 53, in wrapper_func
    return view_func(request, *args, **kwargs)
  File "/opt/anaconda3/envs/aps/lib/python3.10/site-packages/django/views/decorators/http.py", line 64, in inner
    return func(request, *args, **kwargs)
  File "/Users/harshalsmac/WORK/ardur/ardurHome/trueAlign/shift/views.py", line 221, in create_shift
    return render(request, 'shift/shift_form.html', context)
  File "/opt/anaconda3/envs/aps/lib/python3.10/site-packages/django/shortcuts.py", line 25, in render
    content = loader.render_to_string(template_name, context, request, using=using)
  File "/opt/anaconda3/envs/aps/lib/python3.10/site-packages/django/template/loader.py", line 61, in render_to_string
    template = get_template(template_name, using=using)
  File "/opt/anaconda3/envs/aps/lib/python3.10/site-packages/django/template/loader.py", line 15, in get_template
    return engine.get_template(template_name)
  File "/opt/anaconda3/envs/aps/lib/python3.10/site-packages/django/template/backends/django.py", line 33, in get_template
    return Template(self.engine.get_template(template_name), self)
  File "/opt/anaconda3/envs/aps/lib/python3.10/site-packages/django/template/engine.py", line 177, in get_template
    template, origin = self.find_template(template_name)
  File "/opt/anaconda3/envs/aps/lib/python3.10/site-packages/django/template/engine.py", line 159, in find_template
    template = loader.get_template(name, skip=skip)
  File "/opt/anaconda3/envs/aps/lib/python3.10/site-packages/django/template/loaders/cached.py", line 57, in get_template
    template = super().get_template(template_name, skip)
  File "/opt/anaconda3/envs/aps/lib/python3.10/site-packages/django/template/loaders/base.py", line 28, in get_template
    return Template(
  File "/opt/anaconda3/envs/aps/lib/python3.10/site-packages/django/template/base.py", line 154, in __init__
    self.nodelist = self.compile_nodelist()
  File "/opt/anaconda3/envs/aps/lib/python3.10/site-packages/django/template/base.py", line 196, in compile_nodelist
    return parser.parse()
  File "/opt/anaconda3/envs/aps/lib/python3.10/site-packages/django/template/base.py", line 510, in parse
    raise self.error(token, e)
  File "/opt/anaconda3/envs/aps/lib/python3.10/site-packages/django/template/base.py", line 508, in parse
    compiled_result = compile_func(self, token)
  File "/opt/anaconda3/envs/aps/lib/python3.10/site-packages/django/template/loader_tags.py", line 295, in do_extends
    nodelist = parser.parse()
  File "/opt/anaconda3/envs/aps/lib/python3.10/site-packages/django/template/base.py", line 510, in parse
    raise self.error(token, e)
  File "/opt/anaconda3/envs/aps/lib/python3.10/site-packages/django/template/base.py", line 508, in parse
    compiled_result = compile_func(self, token)
  File "/opt/anaconda3/envs/aps/lib/python3.10/site-packages/django/template/loader_tags.py", line 234, in do_block
    nodelist = parser.parse(("endblock",))
  File "/opt/anaconda3/envs/aps/lib/python3.10/site-packages/django/template/base.py", line 504, in parse
    self.invalid_block_tag(token, command, parse_until)
  File "/opt/anaconda3/envs/aps/lib/python3.10/site-packages/django/template/base.py", line 555, in invalid_block_tag
    raise self.error(
django.template.exceptions.TemplateSyntaxError: Invalid block tag on line 228: 'endif', expected 'endblock'. Did you forget to register or load this tag?
[2025-08-13 11:16:32] ERROR - django.server - log_message:212 - "GET /shift/shifts/create/ HTTP/1.1" 500 284690
[2025-08-13 11:18:10] ERROR - django.request - log_response:241 - Internal Server Error: /shift/shifts/create/
Traceback (most recent call last):
  File "/opt/anaconda3/envs/aps/lib/python3.10/site-packages/django/core/handlers/exception.py", line 55, in inner
    response = get_response(request)
  File "/opt/anaconda3/envs/aps/lib/python3.10/site-packages/django/core/handlers/base.py", line 197, in _get_response
    response = wrapped_callback(request, *callback_args, **callback_kwargs)
  File "/opt/anaconda3/envs/aps/lib/python3.10/site-packages/django/contrib/auth/decorators.py", line 23, in _wrapper_view
    return view_func(request, *args, **kwargs)
  File "/Users/harshalsmac/WORK/ardur/ardurHome/trueAlign/shift/decorators.py", line 53, in wrapper_func
    return view_func(request, *args, **kwargs)
  File "/opt/anaconda3/envs/aps/lib/python3.10/site-packages/django/views/decorators/http.py", line 64, in inner
    return func(request, *args, **kwargs)
  File "/Users/harshalsmac/WORK/ardur/ardurHome/trueAlign/shift/views.py", line 221, in create_shift
    return render(request, 'shift/shift_form.html', context)
  File "/opt/anaconda3/envs/aps/lib/python3.10/site-packages/django/shortcuts.py", line 25, in render
    content = loader.render_to_string(template_name, context, request, using=using)
  File "/opt/anaconda3/envs/aps/lib/python3.10/site-packages/django/template/loader.py", line 62, in render_to_string
    return template.render(context, request)
  File "/opt/anaconda3/envs/aps/lib/python3.10/site-packages/django/template/backends/django.py", line 61, in render
    return self.template.render(context)
  File "/opt/anaconda3/envs/aps/lib/python3.10/site-packages/django/template/base.py", line 171, in render
    return self._render(context)
  File "/opt/anaconda3/envs/aps/lib/python3.10/site-packages/django/template/base.py", line 163, in _render
    return self.nodelist.render(context)
  File "/opt/anaconda3/envs/aps/lib/python3.10/site-packages/django/template/base.py", line 1000, in render
    return SafeString("".join([node.render_annotated(context) for node in self]))
  File "/opt/anaconda3/envs/aps/lib/python3.10/site-packages/django/template/base.py", line 1000, in <listcomp>
    return SafeString("".join([node.render_annotated(context) for node in self]))
  File "/opt/anaconda3/envs/aps/lib/python3.10/site-packages/django/template/base.py", line 961, in render_annotated
    return self.render(context)
  File "/opt/anaconda3/envs/aps/lib/python3.10/site-packages/django/template/loader_tags.py", line 159, in render
    return compiled_parent._render(context)
  File "/opt/anaconda3/envs/aps/lib/python3.10/site-packages/django/template/base.py", line 163, in _render
    return self.nodelist.render(context)
  File "/opt/anaconda3/envs/aps/lib/python3.10/site-packages/django/template/base.py", line 1000, in render
    return SafeString("".join([node.render_annotated(context) for node in self]))
  File "/opt/anaconda3/envs/aps/lib/python3.10/site-packages/django/template/base.py", line 1000, in <listcomp>
    return SafeString("".join([node.render_annotated(context) for node in self]))
  File "/opt/anaconda3/envs/aps/lib/python3.10/site-packages/django/template/base.py", line 961, in render_annotated
    return self.render(context)
  File "/opt/anaconda3/envs/aps/lib/python3.10/site-packages/django/template/loader_tags.py", line 65, in render
    result = block.nodelist.render(context)
  File "/opt/anaconda3/envs/aps/lib/python3.10/site-packages/django/template/base.py", line 1000, in render
    return SafeString("".join([node.render_annotated(context) for node in self]))
  File "/opt/anaconda3/envs/aps/lib/python3.10/site-packages/django/template/base.py", line 1000, in <listcomp>
    return SafeString("".join([node.render_annotated(context) for node in self]))
  File "/opt/anaconda3/envs/aps/lib/python3.10/site-packages/django/template/base.py", line 961, in render_annotated
    return self.render(context)
  File "/opt/anaconda3/envs/aps/lib/python3.10/site-packages/django/template/defaulttags.py", line 479, in render
    url = reverse(view_name, args=args, kwargs=kwargs, current_app=current_app)
  File "/opt/anaconda3/envs/aps/lib/python3.10/site-packages/django/urls/base.py", line 88, in reverse
    return resolver._reverse_with_prefix(view, prefix, *args, **kwargs)
  File "/opt/anaconda3/envs/aps/lib/python3.10/site-packages/django/urls/resolvers.py", line 851, in _reverse_with_prefix
    raise NoReverseMatch(msg)
django.urls.exceptions.NoReverseMatch: Reverse for 'shifts' not found. 'shifts' is not a valid view function or pattern name.
[2025-08-13 11:18:10] ERROR - django.server - log_message:212 - "GET /shift/shifts/create/ HTTP/1.1" 500 221771
[2025-08-13 11:18:46] ERROR - django.request - log_response:241 - Internal Server Error: /shift/shifts/create/
Traceback (most recent call last):
  File "/opt/anaconda3/envs/aps/lib/python3.10/site-packages/django/core/handlers/exception.py", line 55, in inner
    response = get_response(request)
  File "/opt/anaconda3/envs/aps/lib/python3.10/site-packages/django/core/handlers/base.py", line 197, in _get_response
    response = wrapped_callback(request, *callback_args, **callback_kwargs)
  File "/opt/anaconda3/envs/aps/lib/python3.10/site-packages/django/contrib/auth/decorators.py", line 23, in _wrapper_view
    return view_func(request, *args, **kwargs)
  File "/Users/harshalsmac/WORK/ardur/ardurHome/trueAlign/shift/decorators.py", line 53, in wrapper_func
    return view_func(request, *args, **kwargs)
  File "/opt/anaconda3/envs/aps/lib/python3.10/site-packages/django/views/decorators/http.py", line 64, in inner
    return func(request, *args, **kwargs)
  File "/Users/harshalsmac/WORK/ardur/ardurHome/trueAlign/shift/views.py", line 221, in create_shift
    return render(request, 'shift/shift_form.html', context)
  File "/opt/anaconda3/envs/aps/lib/python3.10/site-packages/django/shortcuts.py", line 25, in render
    content = loader.render_to_string(template_name, context, request, using=using)
  File "/opt/anaconda3/envs/aps/lib/python3.10/site-packages/django/template/loader.py", line 62, in render_to_string
    return template.render(context, request)
  File "/opt/anaconda3/envs/aps/lib/python3.10/site-packages/django/template/backends/django.py", line 61, in render
    return self.template.render(context)
  File "/opt/anaconda3/envs/aps/lib/python3.10/site-packages/django/template/base.py", line 171, in render
    return self._render(context)
  File "/opt/anaconda3/envs/aps/lib/python3.10/site-packages/django/template/base.py", line 163, in _render
    return self.nodelist.render(context)
  File "/opt/anaconda3/envs/aps/lib/python3.10/site-packages/django/template/base.py", line 1000, in render
    return SafeString("".join([node.render_annotated(context) for node in self]))
  File "/opt/anaconda3/envs/aps/lib/python3.10/site-packages/django/template/base.py", line 1000, in <listcomp>
    return SafeString("".join([node.render_annotated(context) for node in self]))
  File "/opt/anaconda3/envs/aps/lib/python3.10/site-packages/django/template/base.py", line 961, in render_annotated
    return self.render(context)
  File "/opt/anaconda3/envs/aps/lib/python3.10/site-packages/django/template/loader_tags.py", line 159, in render
    return compiled_parent._render(context)
  File "/opt/anaconda3/envs/aps/lib/python3.10/site-packages/django/template/base.py", line 163, in _render
    return self.nodelist.render(context)
  File "/opt/anaconda3/envs/aps/lib/python3.10/site-packages/django/template/base.py", line 1000, in render
    return SafeString("".join([node.render_annotated(context) for node in self]))
  File "/opt/anaconda3/envs/aps/lib/python3.10/site-packages/django/template/base.py", line 1000, in <listcomp>
    return SafeString("".join([node.render_annotated(context) for node in self]))
  File "/opt/anaconda3/envs/aps/lib/python3.10/site-packages/django/template/base.py", line 961, in render_annotated
    return self.render(context)
  File "/opt/anaconda3/envs/aps/lib/python3.10/site-packages/django/template/loader_tags.py", line 65, in render
    result = block.nodelist.render(context)
  File "/opt/anaconda3/envs/aps/lib/python3.10/site-packages/django/template/base.py", line 1000, in render
    return SafeString("".join([node.render_annotated(context) for node in self]))
  File "/opt/anaconda3/envs/aps/lib/python3.10/site-packages/django/template/base.py", line 1000, in <listcomp>
    return SafeString("".join([node.render_annotated(context) for node in self]))
  File "/opt/anaconda3/envs/aps/lib/python3.10/site-packages/django/template/base.py", line 961, in render_annotated
    return self.render(context)
  File "/opt/anaconda3/envs/aps/lib/python3.10/site-packages/django/template/defaulttags.py", line 479, in render
    url = reverse(view_name, args=args, kwargs=kwargs, current_app=current_app)
  File "/opt/anaconda3/envs/aps/lib/python3.10/site-packages/django/urls/base.py", line 88, in reverse
    return resolver._reverse_with_prefix(view, prefix, *args, **kwargs)
  File "/opt/anaconda3/envs/aps/lib/python3.10/site-packages/django/urls/resolvers.py", line 851, in _reverse_with_prefix
    raise NoReverseMatch(msg)
django.urls.exceptions.NoReverseMatch: Reverse for 'shifts' not found. 'shifts' is not a valid view function or pattern name.
[2025-08-13 11:18:46] ERROR - django.server - log_message:212 - "GET /shift/shifts/create/ HTTP/1.1" 500 221765
[2025-08-13 11:18:51] ERROR - django.request - log_response:241 - Internal Server Error: /shift/shifts/create/
Traceback (most recent call last):
  File "/opt/anaconda3/envs/aps/lib/python3.10/site-packages/django/core/handlers/exception.py", line 55, in inner
    response = get_response(request)
  File "/opt/anaconda3/envs/aps/lib/python3.10/site-packages/django/core/handlers/base.py", line 197, in _get_response
    response = wrapped_callback(request, *callback_args, **callback_kwargs)
  File "/opt/anaconda3/envs/aps/lib/python3.10/site-packages/django/contrib/auth/decorators.py", line 23, in _wrapper_view
    return view_func(request, *args, **kwargs)
  File "/Users/harshalsmac/WORK/ardur/ardurHome/trueAlign/shift/decorators.py", line 53, in wrapper_func
    return view_func(request, *args, **kwargs)
  File "/opt/anaconda3/envs/aps/lib/python3.10/site-packages/django/views/decorators/http.py", line 64, in inner
    return func(request, *args, **kwargs)
  File "/Users/harshalsmac/WORK/ardur/ardurHome/trueAlign/shift/views.py", line 221, in create_shift
    return render(request, 'shift/shift_form.html', context)
  File "/opt/anaconda3/envs/aps/lib/python3.10/site-packages/django/shortcuts.py", line 25, in render
    content = loader.render_to_string(template_name, context, request, using=using)
  File "/opt/anaconda3/envs/aps/lib/python3.10/site-packages/django/template/loader.py", line 62, in render_to_string
    return template.render(context, request)
  File "/opt/anaconda3/envs/aps/lib/python3.10/site-packages/django/template/backends/django.py", line 61, in render
    return self.template.render(context)
  File "/opt/anaconda3/envs/aps/lib/python3.10/site-packages/django/template/base.py", line 171, in render
    return self._render(context)
  File "/opt/anaconda3/envs/aps/lib/python3.10/site-packages/django/template/base.py", line 163, in _render
    return self.nodelist.render(context)
  File "/opt/anaconda3/envs/aps/lib/python3.10/site-packages/django/template/base.py", line 1000, in render
    return SafeString("".join([node.render_annotated(context) for node in self]))
  File "/opt/anaconda3/envs/aps/lib/python3.10/site-packages/django/template/base.py", line 1000, in <listcomp>
    return SafeString("".join([node.render_annotated(context) for node in self]))
  File "/opt/anaconda3/envs/aps/lib/python3.10/site-packages/django/template/base.py", line 961, in render_annotated
    return self.render(context)
  File "/opt/anaconda3/envs/aps/lib/python3.10/site-packages/django/template/loader_tags.py", line 159, in render
    return compiled_parent._render(context)
  File "/opt/anaconda3/envs/aps/lib/python3.10/site-packages/django/template/base.py", line 163, in _render
    return self.nodelist.render(context)
  File "/opt/anaconda3/envs/aps/lib/python3.10/site-packages/django/template/base.py", line 1000, in render
    return SafeString("".join([node.render_annotated(context) for node in self]))
  File "/opt/anaconda3/envs/aps/lib/python3.10/site-packages/django/template/base.py", line 1000, in <listcomp>
    return SafeString("".join([node.render_annotated(context) for node in self]))
  File "/opt/anaconda3/envs/aps/lib/python3.10/site-packages/django/template/base.py", line 961, in render_annotated
    return self.render(context)
  File "/opt/anaconda3/envs/aps/lib/python3.10/site-packages/django/template/loader_tags.py", line 65, in render
    result = block.nodelist.render(context)
  File "/opt/anaconda3/envs/aps/lib/python3.10/site-packages/django/template/base.py", line 1000, in render
    return SafeString("".join([node.render_annotated(context) for node in self]))
  File "/opt/anaconda3/envs/aps/lib/python3.10/site-packages/django/template/base.py", line 1000, in <listcomp>
    return SafeString("".join([node.render_annotated(context) for node in self]))
  File "/opt/anaconda3/envs/aps/lib/python3.10/site-packages/django/template/base.py", line 961, in render_annotated
    return self.render(context)
  File "/opt/anaconda3/envs/aps/lib/python3.10/site-packages/django/template/defaulttags.py", line 479, in render
    url = reverse(view_name, args=args, kwargs=kwargs, current_app=current_app)
  File "/opt/anaconda3/envs/aps/lib/python3.10/site-packages/django/urls/base.py", line 88, in reverse
    return resolver._reverse_with_prefix(view, prefix, *args, **kwargs)
  File "/opt/anaconda3/envs/aps/lib/python3.10/site-packages/django/urls/resolvers.py", line 851, in _reverse_with_prefix
    raise NoReverseMatch(msg)
django.urls.exceptions.NoReverseMatch: Reverse for 'shifts' not found. 'shifts' is not a valid view function or pattern name.
[2025-08-13 11:18:51] ERROR - django.server - log_message:212 - "GET /shift/shifts/create/ HTTP/1.1" 500 221765
[2025-08-13 11:19:06] ERROR - django.request - log_response:241 - Internal Server Error: /shift/shifts/create/
Traceback (most recent call last):
  File "/opt/anaconda3/envs/aps/lib/python3.10/site-packages/django/core/handlers/exception.py", line 55, in inner
    response = get_response(request)
  File "/opt/anaconda3/envs/aps/lib/python3.10/site-packages/django/core/handlers/base.py", line 197, in _get_response
    response = wrapped_callback(request, *callback_args, **callback_kwargs)
  File "/opt/anaconda3/envs/aps/lib/python3.10/site-packages/django/contrib/auth/decorators.py", line 23, in _wrapper_view
    return view_func(request, *args, **kwargs)
  File "/Users/harshalsmac/WORK/ardur/ardurHome/trueAlign/shift/decorators.py", line 53, in wrapper_func
    return view_func(request, *args, **kwargs)
  File "/opt/anaconda3/envs/aps/lib/python3.10/site-packages/django/views/decorators/http.py", line 64, in inner
    return func(request, *args, **kwargs)
  File "/Users/harshalsmac/WORK/ardur/ardurHome/trueAlign/shift/views.py", line 221, in create_shift
    return render(request, 'shift/shift_form.html', context)
  File "/opt/anaconda3/envs/aps/lib/python3.10/site-packages/django/shortcuts.py", line 25, in render
    content = loader.render_to_string(template_name, context, request, using=using)
  File "/opt/anaconda3/envs/aps/lib/python3.10/site-packages/django/template/loader.py", line 62, in render_to_string
    return template.render(context, request)
  File "/opt/anaconda3/envs/aps/lib/python3.10/site-packages/django/template/backends/django.py", line 61, in render
    return self.template.render(context)
  File "/opt/anaconda3/envs/aps/lib/python3.10/site-packages/django/template/base.py", line 171, in render
    return self._render(context)
  File "/opt/anaconda3/envs/aps/lib/python3.10/site-packages/django/template/base.py", line 163, in _render
    return self.nodelist.render(context)
  File "/opt/anaconda3/envs/aps/lib/python3.10/site-packages/django/template/base.py", line 1000, in render
    return SafeString("".join([node.render_annotated(context) for node in self]))
  File "/opt/anaconda3/envs/aps/lib/python3.10/site-packages/django/template/base.py", line 1000, in <listcomp>
    return SafeString("".join([node.render_annotated(context) for node in self]))
  File "/opt/anaconda3/envs/aps/lib/python3.10/site-packages/django/template/base.py", line 961, in render_annotated
    return self.render(context)
  File "/opt/anaconda3/envs/aps/lib/python3.10/site-packages/django/template/loader_tags.py", line 159, in render
    return compiled_parent._render(context)
  File "/opt/anaconda3/envs/aps/lib/python3.10/site-packages/django/template/base.py", line 163, in _render
    return self.nodelist.render(context)
  File "/opt/anaconda3/envs/aps/lib/python3.10/site-packages/django/template/base.py", line 1000, in render
    return SafeString("".join([node.render_annotated(context) for node in self]))
  File "/opt/anaconda3/envs/aps/lib/python3.10/site-packages/django/template/base.py", line 1000, in <listcomp>
    return SafeString("".join([node.render_annotated(context) for node in self]))
  File "/opt/anaconda3/envs/aps/lib/python3.10/site-packages/django/template/base.py", line 961, in render_annotated
    return self.render(context)
  File "/opt/anaconda3/envs/aps/lib/python3.10/site-packages/django/template/loader_tags.py", line 65, in render
    result = block.nodelist.render(context)
  File "/opt/anaconda3/envs/aps/lib/python3.10/site-packages/django/template/base.py", line 1000, in render
    return SafeString("".join([node.render_annotated(context) for node in self]))
  File "/opt/anaconda3/envs/aps/lib/python3.10/site-packages/django/template/base.py", line 1000, in <listcomp>
    return SafeString("".join([node.render_annotated(context) for node in self]))
  File "/opt/anaconda3/envs/aps/lib/python3.10/site-packages/django/template/base.py", line 961, in render_annotated
    return self.render(context)
  File "/opt/anaconda3/envs/aps/lib/python3.10/site-packages/django/template/defaulttags.py", line 479, in render
    url = reverse(view_name, args=args, kwargs=kwargs, current_app=current_app)
  File "/opt/anaconda3/envs/aps/lib/python3.10/site-packages/django/urls/base.py", line 88, in reverse
    return resolver._reverse_with_prefix(view, prefix, *args, **kwargs)
  File "/opt/anaconda3/envs/aps/lib/python3.10/site-packages/django/urls/resolvers.py", line 851, in _reverse_with_prefix
    raise NoReverseMatch(msg)
django.urls.exceptions.NoReverseMatch: Reverse for 'shifts' not found. 'shifts' is not a valid view function or pattern name.
[2025-08-13 11:19:06] ERROR - django.server - log_message:212 - "GET /shift/shifts/create/ HTTP/1.1" 500 221971
[2025-08-13 11:19:15] ERROR - django.request - log_response:241 - Internal Server Error: /shift/shifts/create/
Traceback (most recent call last):
  File "/opt/anaconda3/envs/aps/lib/python3.10/site-packages/django/template/base.py", line 502, in parse
    compile_func = self.tags[command]
KeyError: 'endif'

During handling of the above exception, another exception occurred:

Traceback (most recent call last):
  File "/opt/anaconda3/envs/aps/lib/python3.10/site-packages/django/core/handlers/exception.py", line 55, in inner
    response = get_response(request)
  File "/opt/anaconda3/envs/aps/lib/python3.10/site-packages/django/core/handlers/base.py", line 197, in _get_response
    response = wrapped_callback(request, *callback_args, **callback_kwargs)
  File "/opt/anaconda3/envs/aps/lib/python3.10/site-packages/django/contrib/auth/decorators.py", line 23, in _wrapper_view
    return view_func(request, *args, **kwargs)
  File "/Users/harshalsmac/WORK/ardur/ardurHome/trueAlign/shift/decorators.py", line 53, in wrapper_func
    return view_func(request, *args, **kwargs)
  File "/opt/anaconda3/envs/aps/lib/python3.10/site-packages/django/views/decorators/http.py", line 64, in inner
    return func(request, *args, **kwargs)
  File "/Users/harshalsmac/WORK/ardur/ardurHome/trueAlign/shift/views.py", line 221, in create_shift
    return render(request, 'shift/shift_form.html', context)
  File "/opt/anaconda3/envs/aps/lib/python3.10/site-packages/django/shortcuts.py", line 25, in render
    content = loader.render_to_string(template_name, context, request, using=using)
  File "/opt/anaconda3/envs/aps/lib/python3.10/site-packages/django/template/loader.py", line 61, in render_to_string
    template = get_template(template_name, using=using)
  File "/opt/anaconda3/envs/aps/lib/python3.10/site-packages/django/template/loader.py", line 15, in get_template
    return engine.get_template(template_name)
  File "/opt/anaconda3/envs/aps/lib/python3.10/site-packages/django/template/backends/django.py", line 33, in get_template
    return Template(self.engine.get_template(template_name), self)
  File "/opt/anaconda3/envs/aps/lib/python3.10/site-packages/django/template/engine.py", line 177, in get_template
    template, origin = self.find_template(template_name)
  File "/opt/anaconda3/envs/aps/lib/python3.10/site-packages/django/template/engine.py", line 159, in find_template
    template = loader.get_template(name, skip=skip)
  File "/opt/anaconda3/envs/aps/lib/python3.10/site-packages/django/template/loaders/cached.py", line 57, in get_template
    template = super().get_template(template_name, skip)
  File "/opt/anaconda3/envs/aps/lib/python3.10/site-packages/django/template/loaders/base.py", line 28, in get_template
    return Template(
  File "/opt/anaconda3/envs/aps/lib/python3.10/site-packages/django/template/base.py", line 154, in __init__
    self.nodelist = self.compile_nodelist()
  File "/opt/anaconda3/envs/aps/lib/python3.10/site-packages/django/template/base.py", line 196, in compile_nodelist
    return parser.parse()
  File "/opt/anaconda3/envs/aps/lib/python3.10/site-packages/django/template/base.py", line 510, in parse
    raise self.error(token, e)
  File "/opt/anaconda3/envs/aps/lib/python3.10/site-packages/django/template/base.py", line 508, in parse
    compiled_result = compile_func(self, token)
  File "/opt/anaconda3/envs/aps/lib/python3.10/site-packages/django/template/loader_tags.py", line 295, in do_extends
    nodelist = parser.parse()
  File "/opt/anaconda3/envs/aps/lib/python3.10/site-packages/django/template/base.py", line 510, in parse
    raise self.error(token, e)
  File "/opt/anaconda3/envs/aps/lib/python3.10/site-packages/django/template/base.py", line 508, in parse
    compiled_result = compile_func(self, token)
  File "/opt/anaconda3/envs/aps/lib/python3.10/site-packages/django/template/loader_tags.py", line 234, in do_block
    nodelist = parser.parse(("endblock",))
  File "/opt/anaconda3/envs/aps/lib/python3.10/site-packages/django/template/base.py", line 504, in parse
    self.invalid_block_tag(token, command, parse_until)
  File "/opt/anaconda3/envs/aps/lib/python3.10/site-packages/django/template/base.py", line 555, in invalid_block_tag
    raise self.error(
django.template.exceptions.TemplateSyntaxError: Invalid block tag on line 228: 'endif', expected 'endblock'. Did you forget to register or load this tag?
[2025-08-13 11:19:15] ERROR - django.server - log_message:212 - "GET /shift/shifts/create/ HTTP/1.1" 500 284505
[2025-08-13 11:19:35] ERROR - django.request - log_response:241 - Internal Server Error: /shift/shifts/create/
Traceback (most recent call last):
  File "/opt/anaconda3/envs/aps/lib/python3.10/site-packages/django/template/base.py", line 502, in parse
    compile_func = self.tags[command]
KeyError: 'endif'

During handling of the above exception, another exception occurred:

Traceback (most recent call last):
  File "/opt/anaconda3/envs/aps/lib/python3.10/site-packages/django/core/handlers/exception.py", line 55, in inner
    response = get_response(request)
  File "/opt/anaconda3/envs/aps/lib/python3.10/site-packages/django/core/handlers/base.py", line 197, in _get_response
    response = wrapped_callback(request, *callback_args, **callback_kwargs)
  File "/opt/anaconda3/envs/aps/lib/python3.10/site-packages/django/contrib/auth/decorators.py", line 23, in _wrapper_view
    return view_func(request, *args, **kwargs)
  File "/Users/harshalsmac/WORK/ardur/ardurHome/trueAlign/shift/decorators.py", line 53, in wrapper_func
    return view_func(request, *args, **kwargs)
  File "/opt/anaconda3/envs/aps/lib/python3.10/site-packages/django/views/decorators/http.py", line 64, in inner
    return func(request, *args, **kwargs)
  File "/Users/harshalsmac/WORK/ardur/ardurHome/trueAlign/shift/views.py", line 221, in create_shift
    return render(request, 'shift/shift_form.html', context)
  File "/opt/anaconda3/envs/aps/lib/python3.10/site-packages/django/shortcuts.py", line 25, in render
    content = loader.render_to_string(template_name, context, request, using=using)
  File "/opt/anaconda3/envs/aps/lib/python3.10/site-packages/django/template/loader.py", line 61, in render_to_string
    template = get_template(template_name, using=using)
  File "/opt/anaconda3/envs/aps/lib/python3.10/site-packages/django/template/loader.py", line 15, in get_template
    return engine.get_template(template_name)
  File "/opt/anaconda3/envs/aps/lib/python3.10/site-packages/django/template/backends/django.py", line 33, in get_template
    return Template(self.engine.get_template(template_name), self)
  File "/opt/anaconda3/envs/aps/lib/python3.10/site-packages/django/template/engine.py", line 177, in get_template
    template, origin = self.find_template(template_name)
  File "/opt/anaconda3/envs/aps/lib/python3.10/site-packages/django/template/engine.py", line 159, in find_template
    template = loader.get_template(name, skip=skip)
  File "/opt/anaconda3/envs/aps/lib/python3.10/site-packages/django/template/loaders/cached.py", line 57, in get_template
    template = super().get_template(template_name, skip)
  File "/opt/anaconda3/envs/aps/lib/python3.10/site-packages/django/template/loaders/base.py", line 28, in get_template
    return Template(
  File "/opt/anaconda3/envs/aps/lib/python3.10/site-packages/django/template/base.py", line 154, in __init__
    self.nodelist = self.compile_nodelist()
  File "/opt/anaconda3/envs/aps/lib/python3.10/site-packages/django/template/base.py", line 196, in compile_nodelist
    return parser.parse()
  File "/opt/anaconda3/envs/aps/lib/python3.10/site-packages/django/template/base.py", line 510, in parse
    raise self.error(token, e)
  File "/opt/anaconda3/envs/aps/lib/python3.10/site-packages/django/template/base.py", line 508, in parse
    compiled_result = compile_func(self, token)
  File "/opt/anaconda3/envs/aps/lib/python3.10/site-packages/django/template/loader_tags.py", line 295, in do_extends
    nodelist = parser.parse()
  File "/opt/anaconda3/envs/aps/lib/python3.10/site-packages/django/template/base.py", line 510, in parse
    raise self.error(token, e)
  File "/opt/anaconda3/envs/aps/lib/python3.10/site-packages/django/template/base.py", line 508, in parse
    compiled_result = compile_func(self, token)
  File "/opt/anaconda3/envs/aps/lib/python3.10/site-packages/django/template/loader_tags.py", line 234, in do_block
    nodelist = parser.parse(("endblock",))
  File "/opt/anaconda3/envs/aps/lib/python3.10/site-packages/django/template/base.py", line 504, in parse
    self.invalid_block_tag(token, command, parse_until)
  File "/opt/anaconda3/envs/aps/lib/python3.10/site-packages/django/template/base.py", line 555, in invalid_block_tag
    raise self.error(
django.template.exceptions.TemplateSyntaxError: Invalid block tag on line 285: 'endif', expected 'endblock'. Did you forget to register or load this tag?
[2025-08-13 11:19:35] ERROR - django.server - log_message:212 - "GET /shift/shifts/create/ HTTP/1.1" 500 276788
[2025-08-13 11:19:45] ERROR - django.request - log_response:241 - Internal Server Error: /shift/shifts/create/
Traceback (most recent call last):
  File "/opt/anaconda3/envs/aps/lib/python3.10/site-packages/django/template/base.py", line 502, in parse
    compile_func = self.tags[command]
KeyError: 'endif'

During handling of the above exception, another exception occurred:

Traceback (most recent call last):
  File "/opt/anaconda3/envs/aps/lib/python3.10/site-packages/django/core/handlers/exception.py", line 55, in inner
    response = get_response(request)
  File "/opt/anaconda3/envs/aps/lib/python3.10/site-packages/django/core/handlers/base.py", line 197, in _get_response
    response = wrapped_callback(request, *callback_args, **callback_kwargs)
  File "/opt/anaconda3/envs/aps/lib/python3.10/site-packages/django/contrib/auth/decorators.py", line 23, in _wrapper_view
    return view_func(request, *args, **kwargs)
  File "/Users/harshalsmac/WORK/ardur/ardurHome/trueAlign/shift/decorators.py", line 53, in wrapper_func
    return view_func(request, *args, **kwargs)
  File "/opt/anaconda3/envs/aps/lib/python3.10/site-packages/django/views/decorators/http.py", line 64, in inner
    return func(request, *args, **kwargs)
  File "/Users/harshalsmac/WORK/ardur/ardurHome/trueAlign/shift/views.py", line 221, in create_shift
    return render(request, 'shift/shift_form.html', context)
  File "/opt/anaconda3/envs/aps/lib/python3.10/site-packages/django/shortcuts.py", line 25, in render
    content = loader.render_to_string(template_name, context, request, using=using)
  File "/opt/anaconda3/envs/aps/lib/python3.10/site-packages/django/template/loader.py", line 61, in render_to_string
    template = get_template(template_name, using=using)
  File "/opt/anaconda3/envs/aps/lib/python3.10/site-packages/django/template/loader.py", line 15, in get_template
    return engine.get_template(template_name)
  File "/opt/anaconda3/envs/aps/lib/python3.10/site-packages/django/template/backends/django.py", line 33, in get_template
    return Template(self.engine.get_template(template_name), self)
  File "/opt/anaconda3/envs/aps/lib/python3.10/site-packages/django/template/engine.py", line 177, in get_template
    template, origin = self.find_template(template_name)
  File "/opt/anaconda3/envs/aps/lib/python3.10/site-packages/django/template/engine.py", line 159, in find_template
    template = loader.get_template(name, skip=skip)
  File "/opt/anaconda3/envs/aps/lib/python3.10/site-packages/django/template/loaders/cached.py", line 57, in get_template
    template = super().get_template(template_name, skip)
  File "/opt/anaconda3/envs/aps/lib/python3.10/site-packages/django/template/loaders/base.py", line 28, in get_template
    return Template(
  File "/opt/anaconda3/envs/aps/lib/python3.10/site-packages/django/template/base.py", line 154, in __init__
    self.nodelist = self.compile_nodelist()
  File "/opt/anaconda3/envs/aps/lib/python3.10/site-packages/django/template/base.py", line 196, in compile_nodelist
    return parser.parse()
  File "/opt/anaconda3/envs/aps/lib/python3.10/site-packages/django/template/base.py", line 510, in parse
    raise self.error(token, e)
  File "/opt/anaconda3/envs/aps/lib/python3.10/site-packages/django/template/base.py", line 508, in parse
    compiled_result = compile_func(self, token)
  File "/opt/anaconda3/envs/aps/lib/python3.10/site-packages/django/template/loader_tags.py", line 295, in do_extends
    nodelist = parser.parse()
  File "/opt/anaconda3/envs/aps/lib/python3.10/site-packages/django/template/base.py", line 510, in parse
    raise self.error(token, e)
  File "/opt/anaconda3/envs/aps/lib/python3.10/site-packages/django/template/base.py", line 508, in parse
    compiled_result = compile_func(self, token)
  File "/opt/anaconda3/envs/aps/lib/python3.10/site-packages/django/template/loader_tags.py", line 234, in do_block
    nodelist = parser.parse(("endblock",))
  File "/opt/anaconda3/envs/aps/lib/python3.10/site-packages/django/template/base.py", line 504, in parse
    self.invalid_block_tag(token, command, parse_until)
  File "/opt/anaconda3/envs/aps/lib/python3.10/site-packages/django/template/base.py", line 555, in invalid_block_tag
    raise self.error(
django.template.exceptions.TemplateSyntaxError: Invalid block tag on line 316: 'endif', expected 'endblock'. Did you forget to register or load this tag?
[2025-08-13 11:19:45] ERROR - django.server - log_message:212 - "GET /shift/shifts/create/ HTTP/1.1" 500 269057
[2025-08-13 11:21:12] ERROR - django.request - log_response:241 - Internal Server Error: /shift/assignments/assign/
Traceback (most recent call last):
  File "/opt/anaconda3/envs/aps/lib/python3.10/site-packages/django/template/base.py", line 502, in parse
    compile_func = self.tags[command]
KeyError: 'endif'

During handling of the above exception, another exception occurred:

Traceback (most recent call last):
  File "/opt/anaconda3/envs/aps/lib/python3.10/site-packages/django/core/handlers/exception.py", line 55, in inner
    response = get_response(request)
  File "/opt/anaconda3/envs/aps/lib/python3.10/site-packages/django/core/handlers/base.py", line 197, in _get_response
    response = wrapped_callback(request, *callback_args, **callback_kwargs)
  File "/opt/anaconda3/envs/aps/lib/python3.10/site-packages/django/contrib/auth/decorators.py", line 23, in _wrapper_view
    return view_func(request, *args, **kwargs)
  File "/Users/harshalsmac/WORK/ardur/ardurHome/trueAlign/shift/decorators.py", line 53, in wrapper_func
    return view_func(request, *args, **kwargs)
  File "/Users/harshalsmac/WORK/ardur/ardurHome/trueAlign/shift/views.py", line 461, in assign_shift
    return render(request, 'shift/assign_form.html', context)
  File "/opt/anaconda3/envs/aps/lib/python3.10/site-packages/django/shortcuts.py", line 25, in render
    content = loader.render_to_string(template_name, context, request, using=using)
  File "/opt/anaconda3/envs/aps/lib/python3.10/site-packages/django/template/loader.py", line 61, in render_to_string
    template = get_template(template_name, using=using)
  File "/opt/anaconda3/envs/aps/lib/python3.10/site-packages/django/template/loader.py", line 15, in get_template
    return engine.get_template(template_name)
  File "/opt/anaconda3/envs/aps/lib/python3.10/site-packages/django/template/backends/django.py", line 33, in get_template
    return Template(self.engine.get_template(template_name), self)
  File "/opt/anaconda3/envs/aps/lib/python3.10/site-packages/django/template/engine.py", line 177, in get_template
    template, origin = self.find_template(template_name)
  File "/opt/anaconda3/envs/aps/lib/python3.10/site-packages/django/template/engine.py", line 159, in find_template
    template = loader.get_template(name, skip=skip)
  File "/opt/anaconda3/envs/aps/lib/python3.10/site-packages/django/template/loaders/cached.py", line 57, in get_template
    template = super().get_template(template_name, skip)
  File "/opt/anaconda3/envs/aps/lib/python3.10/site-packages/django/template/loaders/base.py", line 28, in get_template
    return Template(
  File "/opt/anaconda3/envs/aps/lib/python3.10/site-packages/django/template/base.py", line 154, in __init__
    self.nodelist = self.compile_nodelist()
  File "/opt/anaconda3/envs/aps/lib/python3.10/site-packages/django/template/base.py", line 196, in compile_nodelist
    return parser.parse()
  File "/opt/anaconda3/envs/aps/lib/python3.10/site-packages/django/template/base.py", line 510, in parse
    raise self.error(token, e)
  File "/opt/anaconda3/envs/aps/lib/python3.10/site-packages/django/template/base.py", line 508, in parse
    compiled_result = compile_func(self, token)
  File "/opt/anaconda3/envs/aps/lib/python3.10/site-packages/django/template/loader_tags.py", line 295, in do_extends
    nodelist = parser.parse()
  File "/opt/anaconda3/envs/aps/lib/python3.10/site-packages/django/template/base.py", line 510, in parse
    raise self.error(token, e)
  File "/opt/anaconda3/envs/aps/lib/python3.10/site-packages/django/template/base.py", line 508, in parse
    compiled_result = compile_func(self, token)
  File "/opt/anaconda3/envs/aps/lib/python3.10/site-packages/django/template/loader_tags.py", line 234, in do_block
    nodelist = parser.parse(("endblock",))
  File "/opt/anaconda3/envs/aps/lib/python3.10/site-packages/django/template/base.py", line 504, in parse
    self.invalid_block_tag(token, command, parse_until)
  File "/opt/anaconda3/envs/aps/lib/python3.10/site-packages/django/template/base.py", line 555, in invalid_block_tag
    raise self.error(
django.template.exceptions.TemplateSyntaxError: Invalid block tag on line 313: 'endif', expected 'endblock'. Did you forget to register or load this tag?
[2025-08-13 11:21:12] ERROR - django.server - log_message:212 - "GET /shift/assignments/assign/ HTTP/1.1" 500 252877
[2025-08-13 11:24:44] ERROR - django.request - log_response:241 - Internal Server Error: /shift/shifts/create/
Traceback (most recent call last):
  File "/opt/anaconda3/envs/aps/lib/python3.10/site-packages/django/template/base.py", line 502, in parse
    compile_func = self.tags[command]
KeyError: 'endif'

During handling of the above exception, another exception occurred:

Traceback (most recent call last):
  File "/opt/anaconda3/envs/aps/lib/python3.10/site-packages/django/core/handlers/exception.py", line 55, in inner
    response = get_response(request)
  File "/opt/anaconda3/envs/aps/lib/python3.10/site-packages/django/core/handlers/base.py", line 197, in _get_response
    response = wrapped_callback(request, *callback_args, **callback_kwargs)
  File "/opt/anaconda3/envs/aps/lib/python3.10/site-packages/django/contrib/auth/decorators.py", line 23, in _wrapper_view
    return view_func(request, *args, **kwargs)
  File "/Users/harshalsmac/WORK/ardur/ardurHome/trueAlign/shift/decorators.py", line 44, in wrapper_func
    return view_func(request, *args, **kwargs)
  File "/opt/anaconda3/envs/aps/lib/python3.10/site-packages/django/views/decorators/http.py", line 64, in inner
    return func(request, *args, **kwargs)
  File "/Users/harshalsmac/WORK/ardur/ardurHome/trueAlign/shift/views.py", line 221, in create_shift
    return render(request, 'shift/shift_form.html', context)
  File "/opt/anaconda3/envs/aps/lib/python3.10/site-packages/django/shortcuts.py", line 25, in render
    content = loader.render_to_string(template_name, context, request, using=using)
  File "/opt/anaconda3/envs/aps/lib/python3.10/site-packages/django/template/loader.py", line 61, in render_to_string
    template = get_template(template_name, using=using)
  File "/opt/anaconda3/envs/aps/lib/python3.10/site-packages/django/template/loader.py", line 15, in get_template
    return engine.get_template(template_name)
  File "/opt/anaconda3/envs/aps/lib/python3.10/site-packages/django/template/backends/django.py", line 33, in get_template
    return Template(self.engine.get_template(template_name), self)
  File "/opt/anaconda3/envs/aps/lib/python3.10/site-packages/django/template/engine.py", line 177, in get_template
    template, origin = self.find_template(template_name)
  File "/opt/anaconda3/envs/aps/lib/python3.10/site-packages/django/template/engine.py", line 159, in find_template
    template = loader.get_template(name, skip=skip)
  File "/opt/anaconda3/envs/aps/lib/python3.10/site-packages/django/template/loaders/cached.py", line 57, in get_template
    template = super().get_template(template_name, skip)
  File "/opt/anaconda3/envs/aps/lib/python3.10/site-packages/django/template/loaders/base.py", line 28, in get_template
    return Template(
  File "/opt/anaconda3/envs/aps/lib/python3.10/site-packages/django/template/base.py", line 154, in __init__
    self.nodelist = self.compile_nodelist()
  File "/opt/anaconda3/envs/aps/lib/python3.10/site-packages/django/template/base.py", line 196, in compile_nodelist
    return parser.parse()
  File "/opt/anaconda3/envs/aps/lib/python3.10/site-packages/django/template/base.py", line 510, in parse
    raise self.error(token, e)
  File "/opt/anaconda3/envs/aps/lib/python3.10/site-packages/django/template/base.py", line 508, in parse
    compiled_result = compile_func(self, token)
  File "/opt/anaconda3/envs/aps/lib/python3.10/site-packages/django/template/loader_tags.py", line 295, in do_extends
    nodelist = parser.parse()
  File "/opt/anaconda3/envs/aps/lib/python3.10/site-packages/django/template/base.py", line 510, in parse
    raise self.error(token, e)
  File "/opt/anaconda3/envs/aps/lib/python3.10/site-packages/django/template/base.py", line 508, in parse
    compiled_result = compile_func(self, token)
  File "/opt/anaconda3/envs/aps/lib/python3.10/site-packages/django/template/loader_tags.py", line 234, in do_block
    nodelist = parser.parse(("endblock",))
  File "/opt/anaconda3/envs/aps/lib/python3.10/site-packages/django/template/base.py", line 504, in parse
    self.invalid_block_tag(token, command, parse_until)
  File "/opt/anaconda3/envs/aps/lib/python3.10/site-packages/django/template/base.py", line 555, in invalid_block_tag
    raise self.error(
django.template.exceptions.TemplateSyntaxError: Invalid block tag on line 228: 'endif', expected 'endblock'. Did you forget to register or load this tag?
[2025-08-13 12:43:11] ERROR - django.request - log_response:241 - Internal Server Error: /shift/assignments/upload/
Traceback (most recent call last):
  File "/opt/anaconda3/envs/aps/lib/python3.10/site-packages/django/core/handlers/exception.py", line 55, in inner
    response = get_response(request)
  File "/opt/anaconda3/envs/aps/lib/python3.10/site-packages/django/core/handlers/base.py", line 197, in _get_response
    response = wrapped_callback(request, *callback_args, **callback_kwargs)
  File "/opt/anaconda3/envs/aps/lib/python3.10/site-packages/django/contrib/auth/decorators.py", line 23, in _wrapper_view
    return view_func(request, *args, **kwargs)
  File "/Users/harshalsmac/WORK/ardur/ardurHome/trueAlign/shift/decorators.py", line 53, in wrapper_func
    return view_func(request, *args, **kwargs)
  File "/Users/harshalsmac/WORK/ardur/ardurHome/trueAlign/shift/views.py", line 905, in csv_upload_assignments
    return render(request, 'shift/csv_upload_form.html', context)
  File "/opt/anaconda3/envs/aps/lib/python3.10/site-packages/django/shortcuts.py", line 25, in render
    content = loader.render_to_string(template_name, context, request, using=using)
  File "/opt/anaconda3/envs/aps/lib/python3.10/site-packages/django/template/loader.py", line 61, in render_to_string
    template = get_template(template_name, using=using)
  File "/opt/anaconda3/envs/aps/lib/python3.10/site-packages/django/template/loader.py", line 19, in get_template
    raise TemplateDoesNotExist(template_name, chain=chain)
django.template.exceptions.TemplateDoesNotExist: shift/csv_upload_form.html
[2025-08-13 12:43:11] ERROR - django.server - log_message:212 - "GET /shift/assignments/upload/ HTTP/1.1" 500 127080
[2025-08-13 13:06:10] ERROR - django.request - log_response:241 - Internal Server Error: /shift/assignments/upload/
Traceback (most recent call last):
  File "/opt/anaconda3/envs/aps/lib/python3.10/site-packages/django/core/handlers/exception.py", line 55, in inner
    response = get_response(request)
  File "/opt/anaconda3/envs/aps/lib/python3.10/site-packages/django/core/handlers/base.py", line 197, in _get_response
    response = wrapped_callback(request, *callback_args, **callback_kwargs)
  File "/opt/anaconda3/envs/aps/lib/python3.10/site-packages/django/contrib/auth/decorators.py", line 23, in _wrapper_view
    return view_func(request, *args, **kwargs)
  File "/Users/harshalsmac/WORK/ardur/ardurHome/trueAlign/shift/decorators.py", line 53, in wrapper_func
    return view_func(request, *args, **kwargs)
  File "/Users/harshalsmac/WORK/ardur/ardurHome/trueAlign/shift/views.py", line 905, in csv_upload_assignments
    return render(request, 'shift/csv_upload_form.html', context)
  File "/opt/anaconda3/envs/aps/lib/python3.10/site-packages/django/shortcuts.py", line 25, in render
    content = loader.render_to_string(template_name, context, request, using=using)
  File "/opt/anaconda3/envs/aps/lib/python3.10/site-packages/django/template/loader.py", line 62, in render_to_string
    return template.render(context, request)
  File "/opt/anaconda3/envs/aps/lib/python3.10/site-packages/django/template/backends/django.py", line 61, in render
    return self.template.render(context)
  File "/opt/anaconda3/envs/aps/lib/python3.10/site-packages/django/template/base.py", line 171, in render
    return self._render(context)
  File "/opt/anaconda3/envs/aps/lib/python3.10/site-packages/django/template/base.py", line 163, in _render
    return self.nodelist.render(context)
  File "/opt/anaconda3/envs/aps/lib/python3.10/site-packages/django/template/base.py", line 1000, in render
    return SafeString("".join([node.render_annotated(context) for node in self]))
  File "/opt/anaconda3/envs/aps/lib/python3.10/site-packages/django/template/base.py", line 1000, in <listcomp>
    return SafeString("".join([node.render_annotated(context) for node in self]))
  File "/opt/anaconda3/envs/aps/lib/python3.10/site-packages/django/template/base.py", line 961, in render_annotated
    return self.render(context)
  File "/opt/anaconda3/envs/aps/lib/python3.10/site-packages/django/template/loader_tags.py", line 159, in render
    return compiled_parent._render(context)
  File "/opt/anaconda3/envs/aps/lib/python3.10/site-packages/django/template/base.py", line 163, in _render
    return self.nodelist.render(context)
  File "/opt/anaconda3/envs/aps/lib/python3.10/site-packages/django/template/base.py", line 1000, in render
    return SafeString("".join([node.render_annotated(context) for node in self]))
  File "/opt/anaconda3/envs/aps/lib/python3.10/site-packages/django/template/base.py", line 1000, in <listcomp>
    return SafeString("".join([node.render_annotated(context) for node in self]))
  File "/opt/anaconda3/envs/aps/lib/python3.10/site-packages/django/template/base.py", line 961, in render_annotated
    return self.render(context)
  File "/opt/anaconda3/envs/aps/lib/python3.10/site-packages/django/template/loader_tags.py", line 65, in render
    result = block.nodelist.render(context)
  File "/opt/anaconda3/envs/aps/lib/python3.10/site-packages/django/template/base.py", line 1000, in render
    return SafeString("".join([node.render_annotated(context) for node in self]))
  File "/opt/anaconda3/envs/aps/lib/python3.10/site-packages/django/template/base.py", line 1000, in <listcomp>
    return SafeString("".join([node.render_annotated(context) for node in self]))
  File "/opt/anaconda3/envs/aps/lib/python3.10/site-packages/django/template/base.py", line 961, in render_annotated
    return self.render(context)
  File "/opt/anaconda3/envs/aps/lib/python3.10/site-packages/django/template/defaulttags.py", line 479, in render
    url = reverse(view_name, args=args, kwargs=kwargs, current_app=current_app)
  File "/opt/anaconda3/envs/aps/lib/python3.10/site-packages/django/urls/base.py", line 88, in reverse
    return resolver._reverse_with_prefix(view, prefix, *args, **kwargs)
  File "/opt/anaconda3/envs/aps/lib/python3.10/site-packages/django/urls/resolvers.py", line 851, in _reverse_with_prefix
    raise NoReverseMatch(msg)
django.urls.exceptions.NoReverseMatch: Reverse for 'assignment_list' not found. 'assignment_list' is not a valid view function or pattern name.
[2025-08-13 13:06:10] ERROR - django.server - log_message:212 - "GET /shift/assignments/upload/ HTTP/1.1" 500 208053
[2025-08-13 13:06:16] ERROR - django.request - log_response:241 - Internal Server Error: /shift/assignments/upload/
Traceback (most recent call last):
  File "/opt/anaconda3/envs/aps/lib/python3.10/site-packages/django/core/handlers/exception.py", line 55, in inner
    response = get_response(request)
  File "/opt/anaconda3/envs/aps/lib/python3.10/site-packages/django/core/handlers/base.py", line 197, in _get_response
    response = wrapped_callback(request, *callback_args, **callback_kwargs)
  File "/opt/anaconda3/envs/aps/lib/python3.10/site-packages/django/contrib/auth/decorators.py", line 23, in _wrapper_view
    return view_func(request, *args, **kwargs)
  File "/Users/harshalsmac/WORK/ardur/ardurHome/trueAlign/shift/decorators.py", line 53, in wrapper_func
    return view_func(request, *args, **kwargs)
  File "/Users/harshalsmac/WORK/ardur/ardurHome/trueAlign/shift/views.py", line 905, in csv_upload_assignments
    return render(request, 'shift/csv_upload_form.html', context)
  File "/opt/anaconda3/envs/aps/lib/python3.10/site-packages/django/shortcuts.py", line 25, in render
    content = loader.render_to_string(template_name, context, request, using=using)
  File "/opt/anaconda3/envs/aps/lib/python3.10/site-packages/django/template/loader.py", line 62, in render_to_string
    return template.render(context, request)
  File "/opt/anaconda3/envs/aps/lib/python3.10/site-packages/django/template/backends/django.py", line 61, in render
    return self.template.render(context)
  File "/opt/anaconda3/envs/aps/lib/python3.10/site-packages/django/template/base.py", line 171, in render
    return self._render(context)
  File "/opt/anaconda3/envs/aps/lib/python3.10/site-packages/django/template/base.py", line 163, in _render
    return self.nodelist.render(context)
  File "/opt/anaconda3/envs/aps/lib/python3.10/site-packages/django/template/base.py", line 1000, in render
    return SafeString("".join([node.render_annotated(context) for node in self]))
  File "/opt/anaconda3/envs/aps/lib/python3.10/site-packages/django/template/base.py", line 1000, in <listcomp>
    return SafeString("".join([node.render_annotated(context) for node in self]))
  File "/opt/anaconda3/envs/aps/lib/python3.10/site-packages/django/template/base.py", line 961, in render_annotated
    return self.render(context)
  File "/opt/anaconda3/envs/aps/lib/python3.10/site-packages/django/template/loader_tags.py", line 159, in render
    return compiled_parent._render(context)
  File "/opt/anaconda3/envs/aps/lib/python3.10/site-packages/django/template/base.py", line 163, in _render
    return self.nodelist.render(context)
  File "/opt/anaconda3/envs/aps/lib/python3.10/site-packages/django/template/base.py", line 1000, in render
    return SafeString("".join([node.render_annotated(context) for node in self]))
  File "/opt/anaconda3/envs/aps/lib/python3.10/site-packages/django/template/base.py", line 1000, in <listcomp>
    return SafeString("".join([node.render_annotated(context) for node in self]))
  File "/opt/anaconda3/envs/aps/lib/python3.10/site-packages/django/template/base.py", line 961, in render_annotated
    return self.render(context)
  File "/opt/anaconda3/envs/aps/lib/python3.10/site-packages/django/template/loader_tags.py", line 65, in render
    result = block.nodelist.render(context)
  File "/opt/anaconda3/envs/aps/lib/python3.10/site-packages/django/template/base.py", line 1000, in render
    return SafeString("".join([node.render_annotated(context) for node in self]))
  File "/opt/anaconda3/envs/aps/lib/python3.10/site-packages/django/template/base.py", line 1000, in <listcomp>
    return SafeString("".join([node.render_annotated(context) for node in self]))
  File "/opt/anaconda3/envs/aps/lib/python3.10/site-packages/django/template/base.py", line 961, in render_annotated
    return self.render(context)
  File "/opt/anaconda3/envs/aps/lib/python3.10/site-packages/django/template/defaulttags.py", line 479, in render
    url = reverse(view_name, args=args, kwargs=kwargs, current_app=current_app)
  File "/opt/anaconda3/envs/aps/lib/python3.10/site-packages/django/urls/base.py", line 88, in reverse
    return resolver._reverse_with_prefix(view, prefix, *args, **kwargs)
  File "/opt/anaconda3/envs/aps/lib/python3.10/site-packages/django/urls/resolvers.py", line 851, in _reverse_with_prefix
    raise NoReverseMatch(msg)
django.urls.exceptions.NoReverseMatch: Reverse for 'assignment_list' not found. 'assignment_list' is not a valid view function or pattern name.
[2025-08-13 13:06:16] ERROR - django.server - log_message:212 - "GET /shift/assignments/upload/ HTTP/1.1" 500 207896
[2025-08-13 13:06:59] ERROR - django.request - log_response:241 - Internal Server Error: /shift/assignments/upload/
Traceback (most recent call last):
  File "/opt/anaconda3/envs/aps/lib/python3.10/site-packages/django/core/handlers/exception.py", line 55, in inner
    response = get_response(request)
  File "/opt/anaconda3/envs/aps/lib/python3.10/site-packages/django/core/handlers/base.py", line 197, in _get_response
    response = wrapped_callback(request, *callback_args, **callback_kwargs)
  File "/opt/anaconda3/envs/aps/lib/python3.10/site-packages/django/contrib/auth/decorators.py", line 23, in _wrapper_view
    return view_func(request, *args, **kwargs)
  File "/Users/harshalsmac/WORK/ardur/ardurHome/trueAlign/shift/decorators.py", line 53, in wrapper_func
    return view_func(request, *args, **kwargs)
  File "/Users/harshalsmac/WORK/ardur/ardurHome/trueAlign/shift/views.py", line 905, in csv_upload_assignments
    return render(request, 'shift/csv_upload_form.html', context)
  File "/opt/anaconda3/envs/aps/lib/python3.10/site-packages/django/shortcuts.py", line 25, in render
    content = loader.render_to_string(template_name, context, request, using=using)
  File "/opt/anaconda3/envs/aps/lib/python3.10/site-packages/django/template/loader.py", line 62, in render_to_string
    return template.render(context, request)
  File "/opt/anaconda3/envs/aps/lib/python3.10/site-packages/django/template/backends/django.py", line 61, in render
    return self.template.render(context)
  File "/opt/anaconda3/envs/aps/lib/python3.10/site-packages/django/template/base.py", line 171, in render
    return self._render(context)
  File "/opt/anaconda3/envs/aps/lib/python3.10/site-packages/django/template/base.py", line 163, in _render
    return self.nodelist.render(context)
  File "/opt/anaconda3/envs/aps/lib/python3.10/site-packages/django/template/base.py", line 1000, in render
    return SafeString("".join([node.render_annotated(context) for node in self]))
  File "/opt/anaconda3/envs/aps/lib/python3.10/site-packages/django/template/base.py", line 1000, in <listcomp>
    return SafeString("".join([node.render_annotated(context) for node in self]))
  File "/opt/anaconda3/envs/aps/lib/python3.10/site-packages/django/template/base.py", line 961, in render_annotated
    return self.render(context)
  File "/opt/anaconda3/envs/aps/lib/python3.10/site-packages/django/template/loader_tags.py", line 159, in render
    return compiled_parent._render(context)
  File "/opt/anaconda3/envs/aps/lib/python3.10/site-packages/django/template/base.py", line 163, in _render
    return self.nodelist.render(context)
  File "/opt/anaconda3/envs/aps/lib/python3.10/site-packages/django/template/base.py", line 1000, in render
    return SafeString("".join([node.render_annotated(context) for node in self]))
  File "/opt/anaconda3/envs/aps/lib/python3.10/site-packages/django/template/base.py", line 1000, in <listcomp>
    return SafeString("".join([node.render_annotated(context) for node in self]))
  File "/opt/anaconda3/envs/aps/lib/python3.10/site-packages/django/template/base.py", line 961, in render_annotated
    return self.render(context)
  File "/opt/anaconda3/envs/aps/lib/python3.10/site-packages/django/template/loader_tags.py", line 65, in render
    result = block.nodelist.render(context)
  File "/opt/anaconda3/envs/aps/lib/python3.10/site-packages/django/template/base.py", line 1000, in render
    return SafeString("".join([node.render_annotated(context) for node in self]))
  File "/opt/anaconda3/envs/aps/lib/python3.10/site-packages/django/template/base.py", line 1000, in <listcomp>
    return SafeString("".join([node.render_annotated(context) for node in self]))
  File "/opt/anaconda3/envs/aps/lib/python3.10/site-packages/django/template/base.py", line 961, in render_annotated
    return self.render(context)
  File "/opt/anaconda3/envs/aps/lib/python3.10/site-packages/django/template/defaulttags.py", line 479, in render
    url = reverse(view_name, args=args, kwargs=kwargs, current_app=current_app)
  File "/opt/anaconda3/envs/aps/lib/python3.10/site-packages/django/urls/base.py", line 88, in reverse
    return resolver._reverse_with_prefix(view, prefix, *args, **kwargs)
  File "/opt/anaconda3/envs/aps/lib/python3.10/site-packages/django/urls/resolvers.py", line 851, in _reverse_with_prefix
    raise NoReverseMatch(msg)
django.urls.exceptions.NoReverseMatch: Reverse for 'assignment_list' not found. 'assignment_list' is not a valid view function or pattern name.
[2025-08-13 13:06:59] ERROR - django.server - log_message:212 - "GET /shift/assignments/upload/ HTTP/1.1" 500 207897
[2025-08-13 13:07:34] ERROR - django.request - log_response:241 - Internal Server Error: /shift/assignments/upload/
Traceback (most recent call last):
  File "/opt/anaconda3/envs/aps/lib/python3.10/site-packages/django/core/handlers/exception.py", line 55, in inner
    response = get_response(request)
  File "/opt/anaconda3/envs/aps/lib/python3.10/site-packages/django/core/handlers/base.py", line 197, in _get_response
    response = wrapped_callback(request, *callback_args, **callback_kwargs)
  File "/opt/anaconda3/envs/aps/lib/python3.10/site-packages/django/contrib/auth/decorators.py", line 23, in _wrapper_view
    return view_func(request, *args, **kwargs)
  File "/Users/harshalsmac/WORK/ardur/ardurHome/trueAlign/shift/decorators.py", line 53, in wrapper_func
    return view_func(request, *args, **kwargs)
  File "/Users/harshalsmac/WORK/ardur/ardurHome/trueAlign/shift/views.py", line 905, in csv_upload_assignments
    return render(request, 'shift/csv_upload_form.html', context)
  File "/opt/anaconda3/envs/aps/lib/python3.10/site-packages/django/shortcuts.py", line 25, in render
    content = loader.render_to_string(template_name, context, request, using=using)
  File "/opt/anaconda3/envs/aps/lib/python3.10/site-packages/django/template/loader.py", line 62, in render_to_string
    return template.render(context, request)
  File "/opt/anaconda3/envs/aps/lib/python3.10/site-packages/django/template/backends/django.py", line 61, in render
    return self.template.render(context)
  File "/opt/anaconda3/envs/aps/lib/python3.10/site-packages/django/template/base.py", line 171, in render
    return self._render(context)
  File "/opt/anaconda3/envs/aps/lib/python3.10/site-packages/django/template/base.py", line 163, in _render
    return self.nodelist.render(context)
  File "/opt/anaconda3/envs/aps/lib/python3.10/site-packages/django/template/base.py", line 1000, in render
    return SafeString("".join([node.render_annotated(context) for node in self]))
  File "/opt/anaconda3/envs/aps/lib/python3.10/site-packages/django/template/base.py", line 1000, in <listcomp>
    return SafeString("".join([node.render_annotated(context) for node in self]))
  File "/opt/anaconda3/envs/aps/lib/python3.10/site-packages/django/template/base.py", line 961, in render_annotated
    return self.render(context)
  File "/opt/anaconda3/envs/aps/lib/python3.10/site-packages/django/template/loader_tags.py", line 159, in render
    return compiled_parent._render(context)
  File "/opt/anaconda3/envs/aps/lib/python3.10/site-packages/django/template/base.py", line 163, in _render
    return self.nodelist.render(context)
  File "/opt/anaconda3/envs/aps/lib/python3.10/site-packages/django/template/base.py", line 1000, in render
    return SafeString("".join([node.render_annotated(context) for node in self]))
  File "/opt/anaconda3/envs/aps/lib/python3.10/site-packages/django/template/base.py", line 1000, in <listcomp>
    return SafeString("".join([node.render_annotated(context) for node in self]))
  File "/opt/anaconda3/envs/aps/lib/python3.10/site-packages/django/template/base.py", line 961, in render_annotated
    return self.render(context)
  File "/opt/anaconda3/envs/aps/lib/python3.10/site-packages/django/template/loader_tags.py", line 65, in render
    result = block.nodelist.render(context)
  File "/opt/anaconda3/envs/aps/lib/python3.10/site-packages/django/template/base.py", line 1000, in render
    return SafeString("".join([node.render_annotated(context) for node in self]))
  File "/opt/anaconda3/envs/aps/lib/python3.10/site-packages/django/template/base.py", line 1000, in <listcomp>
    return SafeString("".join([node.render_annotated(context) for node in self]))
  File "/opt/anaconda3/envs/aps/lib/python3.10/site-packages/django/template/base.py", line 961, in render_annotated
    return self.render(context)
  File "/opt/anaconda3/envs/aps/lib/python3.10/site-packages/django/template/defaulttags.py", line 479, in render
    url = reverse(view_name, args=args, kwargs=kwargs, current_app=current_app)
  File "/opt/anaconda3/envs/aps/lib/python3.10/site-packages/django/urls/base.py", line 88, in reverse
    return resolver._reverse_with_prefix(view, prefix, *args, **kwargs)
  File "/opt/anaconda3/envs/aps/lib/python3.10/site-packages/django/urls/resolvers.py", line 851, in _reverse_with_prefix
    raise NoReverseMatch(msg)
django.urls.exceptions.NoReverseMatch: Reverse for 'assignment_list' not found. 'assignment_list' is not a valid view function or pattern name.
[2025-08-13 13:07:34] ERROR - django.server - log_message:212 - "GET /shift/assignments/upload/ HTTP/1.1" 500 208565
[2025-08-13 13:12:45] ERROR - django.request - log_response:241 - Internal Server Error: /shift/
Traceback (most recent call last):
  File "/opt/anaconda3/envs/aps/lib/python3.10/site-packages/django/template/base.py", line 502, in parse
    compile_func = self.tags[command]
KeyError: 'endfor'

During handling of the above exception, another exception occurred:

Traceback (most recent call last):
  File "/Users/harshalsmac/WORK/ardur/ardurHome/trueAlign/shift/views.py", line 103, in shift_dashboard
    return render(request, 'shift/dashboard.html', context)
  File "/opt/anaconda3/envs/aps/lib/python3.10/site-packages/django/shortcuts.py", line 25, in render
    content = loader.render_to_string(template_name, context, request, using=using)
  File "/opt/anaconda3/envs/aps/lib/python3.10/site-packages/django/template/loader.py", line 62, in render_to_string
    return template.render(context, request)
  File "/opt/anaconda3/envs/aps/lib/python3.10/site-packages/django/template/backends/django.py", line 61, in render
    return self.template.render(context)
  File "/opt/anaconda3/envs/aps/lib/python3.10/site-packages/django/template/base.py", line 171, in render
    return self._render(context)
  File "/opt/anaconda3/envs/aps/lib/python3.10/site-packages/django/template/base.py", line 163, in _render
    return self.nodelist.render(context)
  File "/opt/anaconda3/envs/aps/lib/python3.10/site-packages/django/template/base.py", line 1000, in render
    return SafeString("".join([node.render_annotated(context) for node in self]))
  File "/opt/anaconda3/envs/aps/lib/python3.10/site-packages/django/template/base.py", line 1000, in <listcomp>
    return SafeString("".join([node.render_annotated(context) for node in self]))
  File "/opt/anaconda3/envs/aps/lib/python3.10/site-packages/django/template/base.py", line 961, in render_annotated
    return self.render(context)
  File "/opt/anaconda3/envs/aps/lib/python3.10/site-packages/django/template/loader_tags.py", line 134, in render
    compiled_parent = self.get_parent(context)
  File "/opt/anaconda3/envs/aps/lib/python3.10/site-packages/django/template/loader_tags.py", line 131, in get_parent
    return self.find_template(parent, context)
  File "/opt/anaconda3/envs/aps/lib/python3.10/site-packages/django/template/loader_tags.py", line 109, in find_template
    template, origin = context.template.engine.find_template(
  File "/opt/anaconda3/envs/aps/lib/python3.10/site-packages/django/template/engine.py", line 159, in find_template
    template = loader.get_template(name, skip=skip)
  File "/opt/anaconda3/envs/aps/lib/python3.10/site-packages/django/template/loaders/cached.py", line 57, in get_template
    template = super().get_template(template_name, skip)
  File "/opt/anaconda3/envs/aps/lib/python3.10/site-packages/django/template/loaders/base.py", line 28, in get_template
    return Template(
  File "/opt/anaconda3/envs/aps/lib/python3.10/site-packages/django/template/base.py", line 154, in __init__
    self.nodelist = self.compile_nodelist()
  File "/opt/anaconda3/envs/aps/lib/python3.10/site-packages/django/template/base.py", line 196, in compile_nodelist
    return parser.parse()
  File "/opt/anaconda3/envs/aps/lib/python3.10/site-packages/django/template/base.py", line 510, in parse
    raise self.error(token, e)
  File "/opt/anaconda3/envs/aps/lib/python3.10/site-packages/django/template/base.py", line 508, in parse
    compiled_result = compile_func(self, token)
  File "/opt/anaconda3/envs/aps/lib/python3.10/site-packages/django/template/defaulttags.py", line 961, in do_if
    nodelist = parser.parse(("elif", "else", "endif"))
  File "/opt/anaconda3/envs/aps/lib/python3.10/site-packages/django/template/base.py", line 510, in parse
    raise self.error(token, e)
  File "/opt/anaconda3/envs/aps/lib/python3.10/site-packages/django/template/base.py", line 508, in parse
    compiled_result = compile_func(self, token)
  File "/opt/anaconda3/envs/aps/lib/python3.10/site-packages/django/template/defaulttags.py", line 861, in do_for
    nodelist_loop = parser.parse(
  File "/opt/anaconda3/envs/aps/lib/python3.10/site-packages/django/template/base.py", line 510, in parse
    raise self.error(token, e)
  File "/opt/anaconda3/envs/aps/lib/python3.10/site-packages/django/template/base.py", line 508, in parse
    compiled_result = compile_func(self, token)
  File "/opt/anaconda3/envs/aps/lib/python3.10/site-packages/django/template/defaulttags.py", line 969, in do_if
    nodelist = parser.parse(("elif", "else", "endif"))
  File "/opt/anaconda3/envs/aps/lib/python3.10/site-packages/django/template/base.py", line 504, in parse
    self.invalid_block_tag(token, command, parse_until)
  File "/opt/anaconda3/envs/aps/lib/python3.10/site-packages/django/template/base.py", line 555, in invalid_block_tag
    raise self.error(
django.template.exceptions.TemplateSyntaxError: Invalid block tag on line 547: 'endfor', expected 'elif', 'else' or 'endif'. Did you forget to register or load this tag?

During handling of the above exception, another exception occurred:

Traceback (most recent call last):
  File "/opt/anaconda3/envs/aps/lib/python3.10/site-packages/django/template/base.py", line 502, in parse
    compile_func = self.tags[command]
KeyError: 'endfor'

During handling of the above exception, another exception occurred:

Traceback (most recent call last):
  File "/opt/anaconda3/envs/aps/lib/python3.10/site-packages/django/core/handlers/exception.py", line 55, in inner
    response = get_response(request)
  File "/opt/anaconda3/envs/aps/lib/python3.10/site-packages/django/core/handlers/base.py", line 197, in _get_response
    response = wrapped_callback(request, *callback_args, **callback_kwargs)
  File "/opt/anaconda3/envs/aps/lib/python3.10/site-packages/django/contrib/auth/decorators.py", line 23, in _wrapper_view
    return view_func(request, *args, **kwargs)
  File "/Users/harshalsmac/WORK/ardur/ardurHome/trueAlign/shift/views.py", line 108, in shift_dashboard
    return render(request, 'shift/dashboard.html', {'error': True})
  File "/opt/anaconda3/envs/aps/lib/python3.10/site-packages/django/shortcuts.py", line 25, in render
    content = loader.render_to_string(template_name, context, request, using=using)
  File "/opt/anaconda3/envs/aps/lib/python3.10/site-packages/django/template/loader.py", line 62, in render_to_string
    return template.render(context, request)
  File "/opt/anaconda3/envs/aps/lib/python3.10/site-packages/django/template/backends/django.py", line 61, in render
    return self.template.render(context)
  File "/opt/anaconda3/envs/aps/lib/python3.10/site-packages/django/template/base.py", line 171, in render
    return self._render(context)
  File "/opt/anaconda3/envs/aps/lib/python3.10/site-packages/django/template/base.py", line 163, in _render
    return self.nodelist.render(context)
  File "/opt/anaconda3/envs/aps/lib/python3.10/site-packages/django/template/base.py", line 1000, in render
    return SafeString("".join([node.render_annotated(context) for node in self]))
  File "/opt/anaconda3/envs/aps/lib/python3.10/site-packages/django/template/base.py", line 1000, in <listcomp>
    return SafeString("".join([node.render_annotated(context) for node in self]))
  File "/opt/anaconda3/envs/aps/lib/python3.10/site-packages/django/template/base.py", line 961, in render_annotated
    return self.render(context)
  File "/opt/anaconda3/envs/aps/lib/python3.10/site-packages/django/template/loader_tags.py", line 134, in render
    compiled_parent = self.get_parent(context)
  File "/opt/anaconda3/envs/aps/lib/python3.10/site-packages/django/template/loader_tags.py", line 131, in get_parent
    return self.find_template(parent, context)
  File "/opt/anaconda3/envs/aps/lib/python3.10/site-packages/django/template/loader_tags.py", line 109, in find_template
    template, origin = context.template.engine.find_template(
  File "/opt/anaconda3/envs/aps/lib/python3.10/site-packages/django/template/engine.py", line 159, in find_template
    template = loader.get_template(name, skip=skip)
  File "/opt/anaconda3/envs/aps/lib/python3.10/site-packages/django/template/loaders/cached.py", line 57, in get_template
    template = super().get_template(template_name, skip)
  File "/opt/anaconda3/envs/aps/lib/python3.10/site-packages/django/template/loaders/base.py", line 28, in get_template
    return Template(
  File "/opt/anaconda3/envs/aps/lib/python3.10/site-packages/django/template/base.py", line 154, in __init__
    self.nodelist = self.compile_nodelist()
  File "/opt/anaconda3/envs/aps/lib/python3.10/site-packages/django/template/base.py", line 196, in compile_nodelist
    return parser.parse()
  File "/opt/anaconda3/envs/aps/lib/python3.10/site-packages/django/template/base.py", line 510, in parse
    raise self.error(token, e)
  File "/opt/anaconda3/envs/aps/lib/python3.10/site-packages/django/template/base.py", line 508, in parse
    compiled_result = compile_func(self, token)
  File "/opt/anaconda3/envs/aps/lib/python3.10/site-packages/django/template/defaulttags.py", line 961, in do_if
    nodelist = parser.parse(("elif", "else", "endif"))
  File "/opt/anaconda3/envs/aps/lib/python3.10/site-packages/django/template/base.py", line 510, in parse
    raise self.error(token, e)
  File "/opt/anaconda3/envs/aps/lib/python3.10/site-packages/django/template/base.py", line 508, in parse
    compiled_result = compile_func(self, token)
  File "/opt/anaconda3/envs/aps/lib/python3.10/site-packages/django/template/defaulttags.py", line 861, in do_for
    nodelist_loop = parser.parse(
  File "/opt/anaconda3/envs/aps/lib/python3.10/site-packages/django/template/base.py", line 510, in parse
    raise self.error(token, e)
  File "/opt/anaconda3/envs/aps/lib/python3.10/site-packages/django/template/base.py", line 508, in parse
    compiled_result = compile_func(self, token)
  File "/opt/anaconda3/envs/aps/lib/python3.10/site-packages/django/template/defaulttags.py", line 969, in do_if
    nodelist = parser.parse(("elif", "else", "endif"))
  File "/opt/anaconda3/envs/aps/lib/python3.10/site-packages/django/template/base.py", line 504, in parse
    self.invalid_block_tag(token, command, parse_until)
  File "/opt/anaconda3/envs/aps/lib/python3.10/site-packages/django/template/base.py", line 555, in invalid_block_tag
    raise self.error(
django.template.exceptions.TemplateSyntaxError: Invalid block tag on line 547: 'endfor', expected 'elif', 'else' or 'endif'. Did you forget to register or load this tag?
[2025-08-13 13:12:45] ERROR - django.server - log_message:212 - "GET /shift/ HTTP/1.1" 500 440687
[2025-08-13 13:22:31] ERROR - django.request - log_response:241 - Internal Server Error: /shift/
Traceback (most recent call last):
  File "/opt/anaconda3/envs/aps/lib/python3.10/site-packages/django/template/base.py", line 502, in parse
    compile_func = self.tags[command]
KeyError: 'endfor'

During handling of the above exception, another exception occurred:

Traceback (most recent call last):
  File "/Users/harshalsmac/WORK/ardur/ardurHome/trueAlign/shift/views.py", line 103, in shift_dashboard
    return render(request, 'shift/dashboard.html', context)
  File "/opt/anaconda3/envs/aps/lib/python3.10/site-packages/django/shortcuts.py", line 25, in render
    content = loader.render_to_string(template_name, context, request, using=using)
  File "/opt/anaconda3/envs/aps/lib/python3.10/site-packages/django/template/loader.py", line 62, in render_to_string
    return template.render(context, request)
  File "/opt/anaconda3/envs/aps/lib/python3.10/site-packages/django/template/backends/django.py", line 61, in render
    return self.template.render(context)
  File "/opt/anaconda3/envs/aps/lib/python3.10/site-packages/django/template/base.py", line 171, in render
    return self._render(context)
  File "/opt/anaconda3/envs/aps/lib/python3.10/site-packages/django/template/base.py", line 163, in _render
    return self.nodelist.render(context)
  File "/opt/anaconda3/envs/aps/lib/python3.10/site-packages/django/template/base.py", line 1000, in render
    return SafeString("".join([node.render_annotated(context) for node in self]))
  File "/opt/anaconda3/envs/aps/lib/python3.10/site-packages/django/template/base.py", line 1000, in <listcomp>
    return SafeString("".join([node.render_annotated(context) for node in self]))
  File "/opt/anaconda3/envs/aps/lib/python3.10/site-packages/django/template/base.py", line 961, in render_annotated
    return self.render(context)
  File "/opt/anaconda3/envs/aps/lib/python3.10/site-packages/django/template/loader_tags.py", line 134, in render
    compiled_parent = self.get_parent(context)
  File "/opt/anaconda3/envs/aps/lib/python3.10/site-packages/django/template/loader_tags.py", line 131, in get_parent
    return self.find_template(parent, context)
  File "/opt/anaconda3/envs/aps/lib/python3.10/site-packages/django/template/loader_tags.py", line 109, in find_template
    template, origin = context.template.engine.find_template(
  File "/opt/anaconda3/envs/aps/lib/python3.10/site-packages/django/template/engine.py", line 159, in find_template
    template = loader.get_template(name, skip=skip)
  File "/opt/anaconda3/envs/aps/lib/python3.10/site-packages/django/template/loaders/cached.py", line 57, in get_template
    template = super().get_template(template_name, skip)
  File "/opt/anaconda3/envs/aps/lib/python3.10/site-packages/django/template/loaders/base.py", line 28, in get_template
    return Template(
  File "/opt/anaconda3/envs/aps/lib/python3.10/site-packages/django/template/base.py", line 154, in __init__
    self.nodelist = self.compile_nodelist()
  File "/opt/anaconda3/envs/aps/lib/python3.10/site-packages/django/template/base.py", line 196, in compile_nodelist
    return parser.parse()
  File "/opt/anaconda3/envs/aps/lib/python3.10/site-packages/django/template/base.py", line 510, in parse
    raise self.error(token, e)
  File "/opt/anaconda3/envs/aps/lib/python3.10/site-packages/django/template/base.py", line 508, in parse
    compiled_result = compile_func(self, token)
  File "/opt/anaconda3/envs/aps/lib/python3.10/site-packages/django/template/defaulttags.py", line 961, in do_if
    nodelist = parser.parse(("elif", "else", "endif"))
  File "/opt/anaconda3/envs/aps/lib/python3.10/site-packages/django/template/base.py", line 510, in parse
    raise self.error(token, e)
  File "/opt/anaconda3/envs/aps/lib/python3.10/site-packages/django/template/base.py", line 508, in parse
    compiled_result = compile_func(self, token)
  File "/opt/anaconda3/envs/aps/lib/python3.10/site-packages/django/template/defaulttags.py", line 861, in do_for
    nodelist_loop = parser.parse(
  File "/opt/anaconda3/envs/aps/lib/python3.10/site-packages/django/template/base.py", line 510, in parse
    raise self.error(token, e)
  File "/opt/anaconda3/envs/aps/lib/python3.10/site-packages/django/template/base.py", line 508, in parse
    compiled_result = compile_func(self, token)
  File "/opt/anaconda3/envs/aps/lib/python3.10/site-packages/django/template/defaulttags.py", line 969, in do_if
    nodelist = parser.parse(("elif", "else", "endif"))
  File "/opt/anaconda3/envs/aps/lib/python3.10/site-packages/django/template/base.py", line 504, in parse
    self.invalid_block_tag(token, command, parse_until)
  File "/opt/anaconda3/envs/aps/lib/python3.10/site-packages/django/template/base.py", line 555, in invalid_block_tag
    raise self.error(
django.template.exceptions.TemplateSyntaxError: Invalid block tag on line 547: 'endfor', expected 'elif', 'else' or 'endif'. Did you forget to register or load this tag?

During handling of the above exception, another exception occurred:

Traceback (most recent call last):
  File "/opt/anaconda3/envs/aps/lib/python3.10/site-packages/django/template/base.py", line 502, in parse
    compile_func = self.tags[command]
KeyError: 'endfor'

During handling of the above exception, another exception occurred:

Traceback (most recent call last):
  File "/opt/anaconda3/envs/aps/lib/python3.10/site-packages/django/core/handlers/exception.py", line 55, in inner
    response = get_response(request)
  File "/opt/anaconda3/envs/aps/lib/python3.10/site-packages/django/core/handlers/base.py", line 197, in _get_response
    response = wrapped_callback(request, *callback_args, **callback_kwargs)
  File "/opt/anaconda3/envs/aps/lib/python3.10/site-packages/django/contrib/auth/decorators.py", line 23, in _wrapper_view
    return view_func(request, *args, **kwargs)
  File "/Users/harshalsmac/WORK/ardur/ardurHome/trueAlign/shift/views.py", line 108, in shift_dashboard
    return render(request, 'shift/dashboard.html', {'error': True})
  File "/opt/anaconda3/envs/aps/lib/python3.10/site-packages/django/shortcuts.py", line 25, in render
    content = loader.render_to_string(template_name, context, request, using=using)
  File "/opt/anaconda3/envs/aps/lib/python3.10/site-packages/django/template/loader.py", line 62, in render_to_string
    return template.render(context, request)
  File "/opt/anaconda3/envs/aps/lib/python3.10/site-packages/django/template/backends/django.py", line 61, in render
    return self.template.render(context)
  File "/opt/anaconda3/envs/aps/lib/python3.10/site-packages/django/template/base.py", line 171, in render
    return self._render(context)
  File "/opt/anaconda3/envs/aps/lib/python3.10/site-packages/django/template/base.py", line 163, in _render
    return self.nodelist.render(context)
  File "/opt/anaconda3/envs/aps/lib/python3.10/site-packages/django/template/base.py", line 1000, in render
    return SafeString("".join([node.render_annotated(context) for node in self]))
  File "/opt/anaconda3/envs/aps/lib/python3.10/site-packages/django/template/base.py", line 1000, in <listcomp>
    return SafeString("".join([node.render_annotated(context) for node in self]))
  File "/opt/anaconda3/envs/aps/lib/python3.10/site-packages/django/template/base.py", line 961, in render_annotated
    return self.render(context)
  File "/opt/anaconda3/envs/aps/lib/python3.10/site-packages/django/template/loader_tags.py", line 134, in render
    compiled_parent = self.get_parent(context)
  File "/opt/anaconda3/envs/aps/lib/python3.10/site-packages/django/template/loader_tags.py", line 131, in get_parent
    return self.find_template(parent, context)
  File "/opt/anaconda3/envs/aps/lib/python3.10/site-packages/django/template/loader_tags.py", line 109, in find_template
    template, origin = context.template.engine.find_template(
  File "/opt/anaconda3/envs/aps/lib/python3.10/site-packages/django/template/engine.py", line 159, in find_template
    template = loader.get_template(name, skip=skip)
  File "/opt/anaconda3/envs/aps/lib/python3.10/site-packages/django/template/loaders/cached.py", line 57, in get_template
    template = super().get_template(template_name, skip)
  File "/opt/anaconda3/envs/aps/lib/python3.10/site-packages/django/template/loaders/base.py", line 28, in get_template
    return Template(
  File "/opt/anaconda3/envs/aps/lib/python3.10/site-packages/django/template/base.py", line 154, in __init__
    self.nodelist = self.compile_nodelist()
  File "/opt/anaconda3/envs/aps/lib/python3.10/site-packages/django/template/base.py", line 196, in compile_nodelist
    return parser.parse()
  File "/opt/anaconda3/envs/aps/lib/python3.10/site-packages/django/template/base.py", line 510, in parse
    raise self.error(token, e)
  File "/opt/anaconda3/envs/aps/lib/python3.10/site-packages/django/template/base.py", line 508, in parse
    compiled_result = compile_func(self, token)
  File "/opt/anaconda3/envs/aps/lib/python3.10/site-packages/django/template/defaulttags.py", line 961, in do_if
    nodelist = parser.parse(("elif", "else", "endif"))
  File "/opt/anaconda3/envs/aps/lib/python3.10/site-packages/django/template/base.py", line 510, in parse
    raise self.error(token, e)
  File "/opt/anaconda3/envs/aps/lib/python3.10/site-packages/django/template/base.py", line 508, in parse
    compiled_result = compile_func(self, token)
  File "/opt/anaconda3/envs/aps/lib/python3.10/site-packages/django/template/defaulttags.py", line 861, in do_for
    nodelist_loop = parser.parse(
  File "/opt/anaconda3/envs/aps/lib/python3.10/site-packages/django/template/base.py", line 510, in parse
    raise self.error(token, e)
  File "/opt/anaconda3/envs/aps/lib/python3.10/site-packages/django/template/base.py", line 508, in parse
    compiled_result = compile_func(self, token)
  File "/opt/anaconda3/envs/aps/lib/python3.10/site-packages/django/template/defaulttags.py", line 969, in do_if
    nodelist = parser.parse(("elif", "else", "endif"))
  File "/opt/anaconda3/envs/aps/lib/python3.10/site-packages/django/template/base.py", line 504, in parse
    self.invalid_block_tag(token, command, parse_until)
  File "/opt/anaconda3/envs/aps/lib/python3.10/site-packages/django/template/base.py", line 555, in invalid_block_tag
    raise self.error(
django.template.exceptions.TemplateSyntaxError: Invalid block tag on line 547: 'endfor', expected 'elif', 'else' or 'endif'. Did you forget to register or load this tag?
[2025-08-13 13:22:31] ERROR - django.server - log_message:212 - "GET /shift/ HTTP/1.1" 500 440964
[2025-08-13 13:22:39] ERROR - django.request - log_response:241 - Internal Server Error: /shift/
Traceback (most recent call last):
  File "/opt/anaconda3/envs/aps/lib/python3.10/site-packages/django/template/base.py", line 502, in parse
    compile_func = self.tags[command]
KeyError: 'endfor'

During handling of the above exception, another exception occurred:

Traceback (most recent call last):
  File "/Users/harshalsmac/WORK/ardur/ardurHome/trueAlign/shift/views.py", line 103, in shift_dashboard
    return render(request, 'shift/dashboard.html', context)
  File "/opt/anaconda3/envs/aps/lib/python3.10/site-packages/django/shortcuts.py", line 25, in render
    content = loader.render_to_string(template_name, context, request, using=using)
  File "/opt/anaconda3/envs/aps/lib/python3.10/site-packages/django/template/loader.py", line 62, in render_to_string
    return template.render(context, request)
  File "/opt/anaconda3/envs/aps/lib/python3.10/site-packages/django/template/backends/django.py", line 61, in render
    return self.template.render(context)
  File "/opt/anaconda3/envs/aps/lib/python3.10/site-packages/django/template/base.py", line 171, in render
    return self._render(context)
  File "/opt/anaconda3/envs/aps/lib/python3.10/site-packages/django/template/base.py", line 163, in _render
    return self.nodelist.render(context)
  File "/opt/anaconda3/envs/aps/lib/python3.10/site-packages/django/template/base.py", line 1000, in render
    return SafeString("".join([node.render_annotated(context) for node in self]))
  File "/opt/anaconda3/envs/aps/lib/python3.10/site-packages/django/template/base.py", line 1000, in <listcomp>
    return SafeString("".join([node.render_annotated(context) for node in self]))
  File "/opt/anaconda3/envs/aps/lib/python3.10/site-packages/django/template/base.py", line 961, in render_annotated
    return self.render(context)
  File "/opt/anaconda3/envs/aps/lib/python3.10/site-packages/django/template/loader_tags.py", line 134, in render
    compiled_parent = self.get_parent(context)
  File "/opt/anaconda3/envs/aps/lib/python3.10/site-packages/django/template/loader_tags.py", line 131, in get_parent
    return self.find_template(parent, context)
  File "/opt/anaconda3/envs/aps/lib/python3.10/site-packages/django/template/loader_tags.py", line 109, in find_template
    template, origin = context.template.engine.find_template(
  File "/opt/anaconda3/envs/aps/lib/python3.10/site-packages/django/template/engine.py", line 159, in find_template
    template = loader.get_template(name, skip=skip)
  File "/opt/anaconda3/envs/aps/lib/python3.10/site-packages/django/template/loaders/cached.py", line 57, in get_template
    template = super().get_template(template_name, skip)
  File "/opt/anaconda3/envs/aps/lib/python3.10/site-packages/django/template/loaders/base.py", line 28, in get_template
    return Template(
  File "/opt/anaconda3/envs/aps/lib/python3.10/site-packages/django/template/base.py", line 154, in __init__
    self.nodelist = self.compile_nodelist()
  File "/opt/anaconda3/envs/aps/lib/python3.10/site-packages/django/template/base.py", line 196, in compile_nodelist
    return parser.parse()
  File "/opt/anaconda3/envs/aps/lib/python3.10/site-packages/django/template/base.py", line 510, in parse
    raise self.error(token, e)
  File "/opt/anaconda3/envs/aps/lib/python3.10/site-packages/django/template/base.py", line 508, in parse
    compiled_result = compile_func(self, token)
  File "/opt/anaconda3/envs/aps/lib/python3.10/site-packages/django/template/defaulttags.py", line 961, in do_if
    nodelist = parser.parse(("elif", "else", "endif"))
  File "/opt/anaconda3/envs/aps/lib/python3.10/site-packages/django/template/base.py", line 510, in parse
    raise self.error(token, e)
  File "/opt/anaconda3/envs/aps/lib/python3.10/site-packages/django/template/base.py", line 508, in parse
    compiled_result = compile_func(self, token)
  File "/opt/anaconda3/envs/aps/lib/python3.10/site-packages/django/template/defaulttags.py", line 861, in do_for
    nodelist_loop = parser.parse(
  File "/opt/anaconda3/envs/aps/lib/python3.10/site-packages/django/template/base.py", line 510, in parse
    raise self.error(token, e)
  File "/opt/anaconda3/envs/aps/lib/python3.10/site-packages/django/template/base.py", line 508, in parse
    compiled_result = compile_func(self, token)
  File "/opt/anaconda3/envs/aps/lib/python3.10/site-packages/django/template/defaulttags.py", line 969, in do_if
    nodelist = parser.parse(("elif", "else", "endif"))
  File "/opt/anaconda3/envs/aps/lib/python3.10/site-packages/django/template/base.py", line 504, in parse
    self.invalid_block_tag(token, command, parse_until)
  File "/opt/anaconda3/envs/aps/lib/python3.10/site-packages/django/template/base.py", line 555, in invalid_block_tag
    raise self.error(
django.template.exceptions.TemplateSyntaxError: Invalid block tag on line 547: 'endfor', expected 'elif', 'else' or 'endif'. Did you forget to register or load this tag?

During handling of the above exception, another exception occurred:

Traceback (most recent call last):
  File "/opt/anaconda3/envs/aps/lib/python3.10/site-packages/django/template/base.py", line 502, in parse
    compile_func = self.tags[command]
KeyError: 'endfor'

During handling of the above exception, another exception occurred:

Traceback (most recent call last):
  File "/opt/anaconda3/envs/aps/lib/python3.10/site-packages/django/core/handlers/exception.py", line 55, in inner
    response = get_response(request)
  File "/opt/anaconda3/envs/aps/lib/python3.10/site-packages/django/core/handlers/base.py", line 197, in _get_response
    response = wrapped_callback(request, *callback_args, **callback_kwargs)
  File "/opt/anaconda3/envs/aps/lib/python3.10/site-packages/django/contrib/auth/decorators.py", line 23, in _wrapper_view
    return view_func(request, *args, **kwargs)
  File "/Users/harshalsmac/WORK/ardur/ardurHome/trueAlign/shift/views.py", line 108, in shift_dashboard
    return render(request, 'shift/dashboard.html', {'error': True})
  File "/opt/anaconda3/envs/aps/lib/python3.10/site-packages/django/shortcuts.py", line 25, in render
    content = loader.render_to_string(template_name, context, request, using=using)
  File "/opt/anaconda3/envs/aps/lib/python3.10/site-packages/django/template/loader.py", line 62, in render_to_string
    return template.render(context, request)
  File "/opt/anaconda3/envs/aps/lib/python3.10/site-packages/django/template/backends/django.py", line 61, in render
    return self.template.render(context)
  File "/opt/anaconda3/envs/aps/lib/python3.10/site-packages/django/template/base.py", line 171, in render
    return self._render(context)
  File "/opt/anaconda3/envs/aps/lib/python3.10/site-packages/django/template/base.py", line 163, in _render
    return self.nodelist.render(context)
  File "/opt/anaconda3/envs/aps/lib/python3.10/site-packages/django/template/base.py", line 1000, in render
    return SafeString("".join([node.render_annotated(context) for node in self]))
  File "/opt/anaconda3/envs/aps/lib/python3.10/site-packages/django/template/base.py", line 1000, in <listcomp>
    return SafeString("".join([node.render_annotated(context) for node in self]))
  File "/opt/anaconda3/envs/aps/lib/python3.10/site-packages/django/template/base.py", line 961, in render_annotated
    return self.render(context)
  File "/opt/anaconda3/envs/aps/lib/python3.10/site-packages/django/template/loader_tags.py", line 134, in render
    compiled_parent = self.get_parent(context)
  File "/opt/anaconda3/envs/aps/lib/python3.10/site-packages/django/template/loader_tags.py", line 131, in get_parent
    return self.find_template(parent, context)
  File "/opt/anaconda3/envs/aps/lib/python3.10/site-packages/django/template/loader_tags.py", line 109, in find_template
    template, origin = context.template.engine.find_template(
  File "/opt/anaconda3/envs/aps/lib/python3.10/site-packages/django/template/engine.py", line 159, in find_template
    template = loader.get_template(name, skip=skip)
  File "/opt/anaconda3/envs/aps/lib/python3.10/site-packages/django/template/loaders/cached.py", line 57, in get_template
    template = super().get_template(template_name, skip)
  File "/opt/anaconda3/envs/aps/lib/python3.10/site-packages/django/template/loaders/base.py", line 28, in get_template
    return Template(
  File "/opt/anaconda3/envs/aps/lib/python3.10/site-packages/django/template/base.py", line 154, in __init__
    self.nodelist = self.compile_nodelist()
  File "/opt/anaconda3/envs/aps/lib/python3.10/site-packages/django/template/base.py", line 196, in compile_nodelist
    return parser.parse()
  File "/opt/anaconda3/envs/aps/lib/python3.10/site-packages/django/template/base.py", line 510, in parse
    raise self.error(token, e)
  File "/opt/anaconda3/envs/aps/lib/python3.10/site-packages/django/template/base.py", line 508, in parse
    compiled_result = compile_func(self, token)
  File "/opt/anaconda3/envs/aps/lib/python3.10/site-packages/django/template/defaulttags.py", line 961, in do_if
    nodelist = parser.parse(("elif", "else", "endif"))
  File "/opt/anaconda3/envs/aps/lib/python3.10/site-packages/django/template/base.py", line 510, in parse
    raise self.error(token, e)
  File "/opt/anaconda3/envs/aps/lib/python3.10/site-packages/django/template/base.py", line 508, in parse
    compiled_result = compile_func(self, token)
  File "/opt/anaconda3/envs/aps/lib/python3.10/site-packages/django/template/defaulttags.py", line 861, in do_for
    nodelist_loop = parser.parse(
  File "/opt/anaconda3/envs/aps/lib/python3.10/site-packages/django/template/base.py", line 510, in parse
    raise self.error(token, e)
  File "/opt/anaconda3/envs/aps/lib/python3.10/site-packages/django/template/base.py", line 508, in parse
    compiled_result = compile_func(self, token)
  File "/opt/anaconda3/envs/aps/lib/python3.10/site-packages/django/template/defaulttags.py", line 969, in do_if
    nodelist = parser.parse(("elif", "else", "endif"))
  File "/opt/anaconda3/envs/aps/lib/python3.10/site-packages/django/template/base.py", line 504, in parse
    self.invalid_block_tag(token, command, parse_until)
  File "/opt/anaconda3/envs/aps/lib/python3.10/site-packages/django/template/base.py", line 555, in invalid_block_tag
    raise self.error(
django.template.exceptions.TemplateSyntaxError: Invalid block tag on line 547: 'endfor', expected 'elif', 'else' or 'endif'. Did you forget to register or load this tag?
[2025-08-13 13:22:39] ERROR - django.server - log_message:212 - "GET /shift/ HTTP/1.1" 500 440979
[2025-08-13 13:22:46] ERROR - django.request - log_response:241 - Internal Server Error: /shift/assignments/
Traceback (most recent call last):
  File "/Users/harshalsmac/WORK/ardur/ardurHome/trueAlign/shift/views.py", line 384, in assignment_list
    return render(request, 'shift/assignment_list.html', context)
  File "/opt/anaconda3/envs/aps/lib/python3.10/site-packages/django/shortcuts.py", line 25, in render
    content = loader.render_to_string(template_name, context, request, using=using)
  File "/opt/anaconda3/envs/aps/lib/python3.10/site-packages/django/template/loader.py", line 61, in render_to_string
    template = get_template(template_name, using=using)
  File "/opt/anaconda3/envs/aps/lib/python3.10/site-packages/django/template/loader.py", line 19, in get_template
    raise TemplateDoesNotExist(template_name, chain=chain)
django.template.exceptions.TemplateDoesNotExist: shift/assignment_list.html

During handling of the above exception, another exception occurred:

Traceback (most recent call last):
  File "/opt/anaconda3/envs/aps/lib/python3.10/site-packages/django/core/handlers/exception.py", line 55, in inner
    response = get_response(request)
  File "/opt/anaconda3/envs/aps/lib/python3.10/site-packages/django/core/handlers/base.py", line 197, in _get_response
    response = wrapped_callback(request, *callback_args, **callback_kwargs)
  File "/opt/anaconda3/envs/aps/lib/python3.10/site-packages/django/contrib/auth/decorators.py", line 23, in _wrapper_view
    return view_func(request, *args, **kwargs)
  File "/Users/harshalsmac/WORK/ardur/ardurHome/trueAlign/shift/views.py", line 389, in assignment_list
    return render(request, 'shift/assignment_list.html', {'assignments': []})
  File "/opt/anaconda3/envs/aps/lib/python3.10/site-packages/django/shortcuts.py", line 25, in render
    content = loader.render_to_string(template_name, context, request, using=using)
  File "/opt/anaconda3/envs/aps/lib/python3.10/site-packages/django/template/loader.py", line 61, in render_to_string
    template = get_template(template_name, using=using)
  File "/opt/anaconda3/envs/aps/lib/python3.10/site-packages/django/template/loader.py", line 19, in get_template
    raise TemplateDoesNotExist(template_name, chain=chain)
django.template.exceptions.TemplateDoesNotExist: shift/assignment_list.html
[2025-08-13 13:22:46] ERROR - django.server - log_message:212 - "GET /shift/assignments/ HTTP/1.1" 500 142501
[2025-08-13 13:22:47] ERROR - django.request - log_response:241 - Internal Server Error: /shift/assignments/upload/
Traceback (most recent call last):
  File "/opt/anaconda3/envs/aps/lib/python3.10/site-packages/django/core/handlers/exception.py", line 55, in inner
    response = get_response(request)
  File "/opt/anaconda3/envs/aps/lib/python3.10/site-packages/django/core/handlers/base.py", line 197, in _get_response
    response = wrapped_callback(request, *callback_args, **callback_kwargs)
  File "/opt/anaconda3/envs/aps/lib/python3.10/site-packages/django/contrib/auth/decorators.py", line 23, in _wrapper_view
    return view_func(request, *args, **kwargs)
  File "/Users/harshalsmac/WORK/ardur/ardurHome/trueAlign/shift/decorators.py", line 53, in wrapper_func
    return view_func(request, *args, **kwargs)
  File "/Users/harshalsmac/WORK/ardur/ardurHome/trueAlign/shift/views.py", line 905, in csv_upload_assignments
    return render(request, 'shift/csv_upload_form.html', context)
  File "/opt/anaconda3/envs/aps/lib/python3.10/site-packages/django/shortcuts.py", line 25, in render
    content = loader.render_to_string(template_name, context, request, using=using)
  File "/opt/anaconda3/envs/aps/lib/python3.10/site-packages/django/template/loader.py", line 61, in render_to_string
    template = get_template(template_name, using=using)
  File "/opt/anaconda3/envs/aps/lib/python3.10/site-packages/django/template/loader.py", line 19, in get_template
    raise TemplateDoesNotExist(template_name, chain=chain)
django.template.exceptions.TemplateDoesNotExist: shift/csv_upload_form.html
[2025-08-13 13:22:47] ERROR - django.server - log_message:212 - "GET /shift/assignments/upload/ HTTP/1.1" 500 127253
[2025-08-13 13:22:48] ERROR - django.request - log_response:241 - Internal Server Error: /shift/
Traceback (most recent call last):
  File "/opt/anaconda3/envs/aps/lib/python3.10/site-packages/django/template/base.py", line 502, in parse
    compile_func = self.tags[command]
KeyError: 'endfor'

During handling of the above exception, another exception occurred:

Traceback (most recent call last):
  File "/Users/harshalsmac/WORK/ardur/ardurHome/trueAlign/shift/views.py", line 103, in shift_dashboard
    return render(request, 'shift/dashboard.html', context)
  File "/opt/anaconda3/envs/aps/lib/python3.10/site-packages/django/shortcuts.py", line 25, in render
    content = loader.render_to_string(template_name, context, request, using=using)
  File "/opt/anaconda3/envs/aps/lib/python3.10/site-packages/django/template/loader.py", line 62, in render_to_string
    return template.render(context, request)
  File "/opt/anaconda3/envs/aps/lib/python3.10/site-packages/django/template/backends/django.py", line 61, in render
    return self.template.render(context)
  File "/opt/anaconda3/envs/aps/lib/python3.10/site-packages/django/template/base.py", line 171, in render
    return self._render(context)
  File "/opt/anaconda3/envs/aps/lib/python3.10/site-packages/django/template/base.py", line 163, in _render
    return self.nodelist.render(context)
  File "/opt/anaconda3/envs/aps/lib/python3.10/site-packages/django/template/base.py", line 1000, in render
    return SafeString("".join([node.render_annotated(context) for node in self]))
  File "/opt/anaconda3/envs/aps/lib/python3.10/site-packages/django/template/base.py", line 1000, in <listcomp>
    return SafeString("".join([node.render_annotated(context) for node in self]))
  File "/opt/anaconda3/envs/aps/lib/python3.10/site-packages/django/template/base.py", line 961, in render_annotated
    return self.render(context)
  File "/opt/anaconda3/envs/aps/lib/python3.10/site-packages/django/template/loader_tags.py", line 134, in render
    compiled_parent = self.get_parent(context)
  File "/opt/anaconda3/envs/aps/lib/python3.10/site-packages/django/template/loader_tags.py", line 131, in get_parent
    return self.find_template(parent, context)
  File "/opt/anaconda3/envs/aps/lib/python3.10/site-packages/django/template/loader_tags.py", line 109, in find_template
    template, origin = context.template.engine.find_template(
  File "/opt/anaconda3/envs/aps/lib/python3.10/site-packages/django/template/engine.py", line 159, in find_template
    template = loader.get_template(name, skip=skip)
  File "/opt/anaconda3/envs/aps/lib/python3.10/site-packages/django/template/loaders/cached.py", line 57, in get_template
    template = super().get_template(template_name, skip)
  File "/opt/anaconda3/envs/aps/lib/python3.10/site-packages/django/template/loaders/base.py", line 28, in get_template
    return Template(
  File "/opt/anaconda3/envs/aps/lib/python3.10/site-packages/django/template/base.py", line 154, in __init__
    self.nodelist = self.compile_nodelist()
  File "/opt/anaconda3/envs/aps/lib/python3.10/site-packages/django/template/base.py", line 196, in compile_nodelist
    return parser.parse()
  File "/opt/anaconda3/envs/aps/lib/python3.10/site-packages/django/template/base.py", line 510, in parse
    raise self.error(token, e)
  File "/opt/anaconda3/envs/aps/lib/python3.10/site-packages/django/template/base.py", line 508, in parse
    compiled_result = compile_func(self, token)
  File "/opt/anaconda3/envs/aps/lib/python3.10/site-packages/django/template/defaulttags.py", line 961, in do_if
    nodelist = parser.parse(("elif", "else", "endif"))
  File "/opt/anaconda3/envs/aps/lib/python3.10/site-packages/django/template/base.py", line 510, in parse
    raise self.error(token, e)
  File "/opt/anaconda3/envs/aps/lib/python3.10/site-packages/django/template/base.py", line 508, in parse
    compiled_result = compile_func(self, token)
  File "/opt/anaconda3/envs/aps/lib/python3.10/site-packages/django/template/defaulttags.py", line 861, in do_for
    nodelist_loop = parser.parse(
  File "/opt/anaconda3/envs/aps/lib/python3.10/site-packages/django/template/base.py", line 510, in parse
    raise self.error(token, e)
  File "/opt/anaconda3/envs/aps/lib/python3.10/site-packages/django/template/base.py", line 508, in parse
    compiled_result = compile_func(self, token)
  File "/opt/anaconda3/envs/aps/lib/python3.10/site-packages/django/template/defaulttags.py", line 969, in do_if
    nodelist = parser.parse(("elif", "else", "endif"))
  File "/opt/anaconda3/envs/aps/lib/python3.10/site-packages/django/template/base.py", line 504, in parse
    self.invalid_block_tag(token, command, parse_until)
  File "/opt/anaconda3/envs/aps/lib/python3.10/site-packages/django/template/base.py", line 555, in invalid_block_tag
    raise self.error(
django.template.exceptions.TemplateSyntaxError: Invalid block tag on line 547: 'endfor', expected 'elif', 'else' or 'endif'. Did you forget to register or load this tag?

During handling of the above exception, another exception occurred:

Traceback (most recent call last):
  File "/opt/anaconda3/envs/aps/lib/python3.10/site-packages/django/template/base.py", line 502, in parse
    compile_func = self.tags[command]
KeyError: 'endfor'

During handling of the above exception, another exception occurred:

Traceback (most recent call last):
  File "/opt/anaconda3/envs/aps/lib/python3.10/site-packages/django/core/handlers/exception.py", line 55, in inner
    response = get_response(request)
  File "/opt/anaconda3/envs/aps/lib/python3.10/site-packages/django/core/handlers/base.py", line 197, in _get_response
    response = wrapped_callback(request, *callback_args, **callback_kwargs)
  File "/opt/anaconda3/envs/aps/lib/python3.10/site-packages/django/contrib/auth/decorators.py", line 23, in _wrapper_view
    return view_func(request, *args, **kwargs)
  File "/Users/harshalsmac/WORK/ardur/ardurHome/trueAlign/shift/views.py", line 108, in shift_dashboard
    return render(request, 'shift/dashboard.html', {'error': True})
  File "/opt/anaconda3/envs/aps/lib/python3.10/site-packages/django/shortcuts.py", line 25, in render
    content = loader.render_to_string(template_name, context, request, using=using)
  File "/opt/anaconda3/envs/aps/lib/python3.10/site-packages/django/template/loader.py", line 62, in render_to_string
    return template.render(context, request)
  File "/opt/anaconda3/envs/aps/lib/python3.10/site-packages/django/template/backends/django.py", line 61, in render
    return self.template.render(context)
  File "/opt/anaconda3/envs/aps/lib/python3.10/site-packages/django/template/base.py", line 171, in render
    return self._render(context)
  File "/opt/anaconda3/envs/aps/lib/python3.10/site-packages/django/template/base.py", line 163, in _render
    return self.nodelist.render(context)
  File "/opt/anaconda3/envs/aps/lib/python3.10/site-packages/django/template/base.py", line 1000, in render
    return SafeString("".join([node.render_annotated(context) for node in self]))
  File "/opt/anaconda3/envs/aps/lib/python3.10/site-packages/django/template/base.py", line 1000, in <listcomp>
    return SafeString("".join([node.render_annotated(context) for node in self]))
  File "/opt/anaconda3/envs/aps/lib/python3.10/site-packages/django/template/base.py", line 961, in render_annotated
    return self.render(context)
  File "/opt/anaconda3/envs/aps/lib/python3.10/site-packages/django/template/loader_tags.py", line 134, in render
    compiled_parent = self.get_parent(context)
  File "/opt/anaconda3/envs/aps/lib/python3.10/site-packages/django/template/loader_tags.py", line 131, in get_parent
    return self.find_template(parent, context)
  File "/opt/anaconda3/envs/aps/lib/python3.10/site-packages/django/template/loader_tags.py", line 109, in find_template
    template, origin = context.template.engine.find_template(
  File "/opt/anaconda3/envs/aps/lib/python3.10/site-packages/django/template/engine.py", line 159, in find_template
    template = loader.get_template(name, skip=skip)
  File "/opt/anaconda3/envs/aps/lib/python3.10/site-packages/django/template/loaders/cached.py", line 57, in get_template
    template = super().get_template(template_name, skip)
  File "/opt/anaconda3/envs/aps/lib/python3.10/site-packages/django/template/loaders/base.py", line 28, in get_template
    return Template(
  File "/opt/anaconda3/envs/aps/lib/python3.10/site-packages/django/template/base.py", line 154, in __init__
    self.nodelist = self.compile_nodelist()
  File "/opt/anaconda3/envs/aps/lib/python3.10/site-packages/django/template/base.py", line 196, in compile_nodelist
    return parser.parse()
  File "/opt/anaconda3/envs/aps/lib/python3.10/site-packages/django/template/base.py", line 510, in parse
    raise self.error(token, e)
  File "/opt/anaconda3/envs/aps/lib/python3.10/site-packages/django/template/base.py", line 508, in parse
    compiled_result = compile_func(self, token)
  File "/opt/anaconda3/envs/aps/lib/python3.10/site-packages/django/template/defaulttags.py", line 961, in do_if
    nodelist = parser.parse(("elif", "else", "endif"))
  File "/opt/anaconda3/envs/aps/lib/python3.10/site-packages/django/template/base.py", line 510, in parse
    raise self.error(token, e)
  File "/opt/anaconda3/envs/aps/lib/python3.10/site-packages/django/template/base.py", line 508, in parse
    compiled_result = compile_func(self, token)
  File "/opt/anaconda3/envs/aps/lib/python3.10/site-packages/django/template/defaulttags.py", line 861, in do_for
    nodelist_loop = parser.parse(
  File "/opt/anaconda3/envs/aps/lib/python3.10/site-packages/django/template/base.py", line 510, in parse
    raise self.error(token, e)
  File "/opt/anaconda3/envs/aps/lib/python3.10/site-packages/django/template/base.py", line 508, in parse
    compiled_result = compile_func(self, token)
  File "/opt/anaconda3/envs/aps/lib/python3.10/site-packages/django/template/defaulttags.py", line 969, in do_if
    nodelist = parser.parse(("elif", "else", "endif"))
  File "/opt/anaconda3/envs/aps/lib/python3.10/site-packages/django/template/base.py", line 504, in parse
    self.invalid_block_tag(token, command, parse_until)
  File "/opt/anaconda3/envs/aps/lib/python3.10/site-packages/django/template/base.py", line 555, in invalid_block_tag
    raise self.error(
django.template.exceptions.TemplateSyntaxError: Invalid block tag on line 547: 'endfor', expected 'elif', 'else' or 'endif'. Did you forget to register or load this tag?
[2025-08-13 13:22:48] ERROR - django.server - log_message:212 - "GET /shift/ HTTP/1.1" 500 440991
[2025-08-13 13:22:48] ERROR - django.request - log_response:241 - Internal Server Error: /shift/assignments/
Traceback (most recent call last):
  File "/Users/harshalsmac/WORK/ardur/ardurHome/trueAlign/shift/views.py", line 384, in assignment_list
    return render(request, 'shift/assignment_list.html', context)
  File "/opt/anaconda3/envs/aps/lib/python3.10/site-packages/django/shortcuts.py", line 25, in render
    content = loader.render_to_string(template_name, context, request, using=using)
  File "/opt/anaconda3/envs/aps/lib/python3.10/site-packages/django/template/loader.py", line 61, in render_to_string
    template = get_template(template_name, using=using)
  File "/opt/anaconda3/envs/aps/lib/python3.10/site-packages/django/template/loader.py", line 19, in get_template
    raise TemplateDoesNotExist(template_name, chain=chain)
django.template.exceptions.TemplateDoesNotExist: shift/assignment_list.html

During handling of the above exception, another exception occurred:

Traceback (most recent call last):
  File "/opt/anaconda3/envs/aps/lib/python3.10/site-packages/django/core/handlers/exception.py", line 55, in inner
    response = get_response(request)
  File "/opt/anaconda3/envs/aps/lib/python3.10/site-packages/django/core/handlers/base.py", line 197, in _get_response
    response = wrapped_callback(request, *callback_args, **callback_kwargs)
  File "/opt/anaconda3/envs/aps/lib/python3.10/site-packages/django/contrib/auth/decorators.py", line 23, in _wrapper_view
    return view_func(request, *args, **kwargs)
  File "/Users/harshalsmac/WORK/ardur/ardurHome/trueAlign/shift/views.py", line 389, in assignment_list
    return render(request, 'shift/assignment_list.html', {'assignments': []})
  File "/opt/anaconda3/envs/aps/lib/python3.10/site-packages/django/shortcuts.py", line 25, in render
    content = loader.render_to_string(template_name, context, request, using=using)
  File "/opt/anaconda3/envs/aps/lib/python3.10/site-packages/django/template/loader.py", line 61, in render_to_string
    template = get_template(template_name, using=using)
  File "/opt/anaconda3/envs/aps/lib/python3.10/site-packages/django/template/loader.py", line 19, in get_template
    raise TemplateDoesNotExist(template_name, chain=chain)
django.template.exceptions.TemplateDoesNotExist: shift/assignment_list.html
[2025-08-13 13:22:48] ERROR - django.server - log_message:212 - "GET /shift/assignments/ HTTP/1.1" 500 142468
[2025-08-13 13:22:49] ERROR - django.request - log_response:241 - Internal Server Error: /shift/assignments/upload/
Traceback (most recent call last):
  File "/opt/anaconda3/envs/aps/lib/python3.10/site-packages/django/core/handlers/exception.py", line 55, in inner
    response = get_response(request)
  File "/opt/anaconda3/envs/aps/lib/python3.10/site-packages/django/core/handlers/base.py", line 197, in _get_response
    response = wrapped_callback(request, *callback_args, **callback_kwargs)
  File "/opt/anaconda3/envs/aps/lib/python3.10/site-packages/django/contrib/auth/decorators.py", line 23, in _wrapper_view
    return view_func(request, *args, **kwargs)
  File "/Users/harshalsmac/WORK/ardur/ardurHome/trueAlign/shift/decorators.py", line 53, in wrapper_func
    return view_func(request, *args, **kwargs)
  File "/Users/harshalsmac/WORK/ardur/ardurHome/trueAlign/shift/views.py", line 905, in csv_upload_assignments
    return render(request, 'shift/csv_upload_form.html', context)
  File "/opt/anaconda3/envs/aps/lib/python3.10/site-packages/django/shortcuts.py", line 25, in render
    content = loader.render_to_string(template_name, context, request, using=using)
  File "/opt/anaconda3/envs/aps/lib/python3.10/site-packages/django/template/loader.py", line 61, in render_to_string
    template = get_template(template_name, using=using)
  File "/opt/anaconda3/envs/aps/lib/python3.10/site-packages/django/template/loader.py", line 19, in get_template
    raise TemplateDoesNotExist(template_name, chain=chain)
django.template.exceptions.TemplateDoesNotExist: shift/csv_upload_form.html
[2025-08-13 13:22:49] ERROR - django.server - log_message:212 - "GET /shift/assignments/upload/ HTTP/1.1" 500 127227
[2025-08-13 13:22:49] ERROR - django.request - log_response:241 - Internal Server Error: /shift/
Traceback (most recent call last):
  File "/opt/anaconda3/envs/aps/lib/python3.10/site-packages/django/template/base.py", line 502, in parse
    compile_func = self.tags[command]
KeyError: 'endfor'

During handling of the above exception, another exception occurred:

Traceback (most recent call last):
  File "/Users/harshalsmac/WORK/ardur/ardurHome/trueAlign/shift/views.py", line 103, in shift_dashboard
    return render(request, 'shift/dashboard.html', context)
  File "/opt/anaconda3/envs/aps/lib/python3.10/site-packages/django/shortcuts.py", line 25, in render
    content = loader.render_to_string(template_name, context, request, using=using)
  File "/opt/anaconda3/envs/aps/lib/python3.10/site-packages/django/template/loader.py", line 62, in render_to_string
    return template.render(context, request)
  File "/opt/anaconda3/envs/aps/lib/python3.10/site-packages/django/template/backends/django.py", line 61, in render
    return self.template.render(context)
  File "/opt/anaconda3/envs/aps/lib/python3.10/site-packages/django/template/base.py", line 171, in render
    return self._render(context)
  File "/opt/anaconda3/envs/aps/lib/python3.10/site-packages/django/template/base.py", line 163, in _render
    return self.nodelist.render(context)
  File "/opt/anaconda3/envs/aps/lib/python3.10/site-packages/django/template/base.py", line 1000, in render
    return SafeString("".join([node.render_annotated(context) for node in self]))
  File "/opt/anaconda3/envs/aps/lib/python3.10/site-packages/django/template/base.py", line 1000, in <listcomp>
    return SafeString("".join([node.render_annotated(context) for node in self]))
  File "/opt/anaconda3/envs/aps/lib/python3.10/site-packages/django/template/base.py", line 961, in render_annotated
    return self.render(context)
  File "/opt/anaconda3/envs/aps/lib/python3.10/site-packages/django/template/loader_tags.py", line 134, in render
    compiled_parent = self.get_parent(context)
  File "/opt/anaconda3/envs/aps/lib/python3.10/site-packages/django/template/loader_tags.py", line 131, in get_parent
    return self.find_template(parent, context)
  File "/opt/anaconda3/envs/aps/lib/python3.10/site-packages/django/template/loader_tags.py", line 109, in find_template
    template, origin = context.template.engine.find_template(
  File "/opt/anaconda3/envs/aps/lib/python3.10/site-packages/django/template/engine.py", line 159, in find_template
    template = loader.get_template(name, skip=skip)
  File "/opt/anaconda3/envs/aps/lib/python3.10/site-packages/django/template/loaders/cached.py", line 57, in get_template
    template = super().get_template(template_name, skip)
  File "/opt/anaconda3/envs/aps/lib/python3.10/site-packages/django/template/loaders/base.py", line 28, in get_template
    return Template(
  File "/opt/anaconda3/envs/aps/lib/python3.10/site-packages/django/template/base.py", line 154, in __init__
    self.nodelist = self.compile_nodelist()
  File "/opt/anaconda3/envs/aps/lib/python3.10/site-packages/django/template/base.py", line 196, in compile_nodelist
    return parser.parse()
  File "/opt/anaconda3/envs/aps/lib/python3.10/site-packages/django/template/base.py", line 510, in parse
    raise self.error(token, e)
  File "/opt/anaconda3/envs/aps/lib/python3.10/site-packages/django/template/base.py", line 508, in parse
    compiled_result = compile_func(self, token)
  File "/opt/anaconda3/envs/aps/lib/python3.10/site-packages/django/template/defaulttags.py", line 961, in do_if
    nodelist = parser.parse(("elif", "else", "endif"))
  File "/opt/anaconda3/envs/aps/lib/python3.10/site-packages/django/template/base.py", line 510, in parse
    raise self.error(token, e)
  File "/opt/anaconda3/envs/aps/lib/python3.10/site-packages/django/template/base.py", line 508, in parse
    compiled_result = compile_func(self, token)
  File "/opt/anaconda3/envs/aps/lib/python3.10/site-packages/django/template/defaulttags.py", line 861, in do_for
    nodelist_loop = parser.parse(
  File "/opt/anaconda3/envs/aps/lib/python3.10/site-packages/django/template/base.py", line 510, in parse
    raise self.error(token, e)
  File "/opt/anaconda3/envs/aps/lib/python3.10/site-packages/django/template/base.py", line 508, in parse
    compiled_result = compile_func(self, token)
  File "/opt/anaconda3/envs/aps/lib/python3.10/site-packages/django/template/defaulttags.py", line 969, in do_if
    nodelist = parser.parse(("elif", "else", "endif"))
  File "/opt/anaconda3/envs/aps/lib/python3.10/site-packages/django/template/base.py", line 504, in parse
    self.invalid_block_tag(token, command, parse_until)
  File "/opt/anaconda3/envs/aps/lib/python3.10/site-packages/django/template/base.py", line 555, in invalid_block_tag
    raise self.error(
django.template.exceptions.TemplateSyntaxError: Invalid block tag on line 547: 'endfor', expected 'elif', 'else' or 'endif'. Did you forget to register or load this tag?

During handling of the above exception, another exception occurred:

Traceback (most recent call last):
  File "/opt/anaconda3/envs/aps/lib/python3.10/site-packages/django/template/base.py", line 502, in parse
    compile_func = self.tags[command]
KeyError: 'endfor'

During handling of the above exception, another exception occurred:

Traceback (most recent call last):
  File "/opt/anaconda3/envs/aps/lib/python3.10/site-packages/django/core/handlers/exception.py", line 55, in inner
    response = get_response(request)
  File "/opt/anaconda3/envs/aps/lib/python3.10/site-packages/django/core/handlers/base.py", line 197, in _get_response
    response = wrapped_callback(request, *callback_args, **callback_kwargs)
  File "/opt/anaconda3/envs/aps/lib/python3.10/site-packages/django/contrib/auth/decorators.py", line 23, in _wrapper_view
    return view_func(request, *args, **kwargs)
  File "/Users/harshalsmac/WORK/ardur/ardurHome/trueAlign/shift/views.py", line 108, in shift_dashboard
    return render(request, 'shift/dashboard.html', {'error': True})
  File "/opt/anaconda3/envs/aps/lib/python3.10/site-packages/django/shortcuts.py", line 25, in render
    content = loader.render_to_string(template_name, context, request, using=using)
  File "/opt/anaconda3/envs/aps/lib/python3.10/site-packages/django/template/loader.py", line 62, in render_to_string
    return template.render(context, request)
  File "/opt/anaconda3/envs/aps/lib/python3.10/site-packages/django/template/backends/django.py", line 61, in render
    return self.template.render(context)
  File "/opt/anaconda3/envs/aps/lib/python3.10/site-packages/django/template/base.py", line 171, in render
    return self._render(context)
  File "/opt/anaconda3/envs/aps/lib/python3.10/site-packages/django/template/base.py", line 163, in _render
    return self.nodelist.render(context)
  File "/opt/anaconda3/envs/aps/lib/python3.10/site-packages/django/template/base.py", line 1000, in render
    return SafeString("".join([node.render_annotated(context) for node in self]))
  File "/opt/anaconda3/envs/aps/lib/python3.10/site-packages/django/template/base.py", line 1000, in <listcomp>
    return SafeString("".join([node.render_annotated(context) for node in self]))
  File "/opt/anaconda3/envs/aps/lib/python3.10/site-packages/django/template/base.py", line 961, in render_annotated
    return self.render(context)
  File "/opt/anaconda3/envs/aps/lib/python3.10/site-packages/django/template/loader_tags.py", line 134, in render
    compiled_parent = self.get_parent(context)
  File "/opt/anaconda3/envs/aps/lib/python3.10/site-packages/django/template/loader_tags.py", line 131, in get_parent
    return self.find_template(parent, context)
  File "/opt/anaconda3/envs/aps/lib/python3.10/site-packages/django/template/loader_tags.py", line 109, in find_template
    template, origin = context.template.engine.find_template(
  File "/opt/anaconda3/envs/aps/lib/python3.10/site-packages/django/template/engine.py", line 159, in find_template
    template = loader.get_template(name, skip=skip)
  File "/opt/anaconda3/envs/aps/lib/python3.10/site-packages/django/template/loaders/cached.py", line 57, in get_template
    template = super().get_template(template_name, skip)
  File "/opt/anaconda3/envs/aps/lib/python3.10/site-packages/django/template/loaders/base.py", line 28, in get_template
    return Template(
  File "/opt/anaconda3/envs/aps/lib/python3.10/site-packages/django/template/base.py", line 154, in __init__
    self.nodelist = self.compile_nodelist()
  File "/opt/anaconda3/envs/aps/lib/python3.10/site-packages/django/template/base.py", line 196, in compile_nodelist
    return parser.parse()
  File "/opt/anaconda3/envs/aps/lib/python3.10/site-packages/django/template/base.py", line 510, in parse
    raise self.error(token, e)
  File "/opt/anaconda3/envs/aps/lib/python3.10/site-packages/django/template/base.py", line 508, in parse
    compiled_result = compile_func(self, token)
  File "/opt/anaconda3/envs/aps/lib/python3.10/site-packages/django/template/defaulttags.py", line 961, in do_if
    nodelist = parser.parse(("elif", "else", "endif"))
  File "/opt/anaconda3/envs/aps/lib/python3.10/site-packages/django/template/base.py", line 510, in parse
    raise self.error(token, e)
  File "/opt/anaconda3/envs/aps/lib/python3.10/site-packages/django/template/base.py", line 508, in parse
    compiled_result = compile_func(self, token)
  File "/opt/anaconda3/envs/aps/lib/python3.10/site-packages/django/template/defaulttags.py", line 861, in do_for
    nodelist_loop = parser.parse(
  File "/opt/anaconda3/envs/aps/lib/python3.10/site-packages/django/template/base.py", line 510, in parse
    raise self.error(token, e)
  File "/opt/anaconda3/envs/aps/lib/python3.10/site-packages/django/template/base.py", line 508, in parse
    compiled_result = compile_func(self, token)
  File "/opt/anaconda3/envs/aps/lib/python3.10/site-packages/django/template/defaulttags.py", line 969, in do_if
    nodelist = parser.parse(("elif", "else", "endif"))
  File "/opt/anaconda3/envs/aps/lib/python3.10/site-packages/django/template/base.py", line 504, in parse
    self.invalid_block_tag(token, command, parse_until)
  File "/opt/anaconda3/envs/aps/lib/python3.10/site-packages/django/template/base.py", line 555, in invalid_block_tag
    raise self.error(
django.template.exceptions.TemplateSyntaxError: Invalid block tag on line 547: 'endfor', expected 'elif', 'else' or 'endif'. Did you forget to register or load this tag?
[2025-08-13 13:22:49] ERROR - django.server - log_message:212 - "GET /shift/ HTTP/1.1" 500 440991
[2025-08-13 13:22:50] ERROR - django.request - log_response:241 - Internal Server Error: /shift/
Traceback (most recent call last):
  File "/opt/anaconda3/envs/aps/lib/python3.10/site-packages/django/template/base.py", line 502, in parse
    compile_func = self.tags[command]
KeyError: 'endfor'

During handling of the above exception, another exception occurred:

Traceback (most recent call last):
  File "/Users/harshalsmac/WORK/ardur/ardurHome/trueAlign/shift/views.py", line 103, in shift_dashboard
    return render(request, 'shift/dashboard.html', context)
  File "/opt/anaconda3/envs/aps/lib/python3.10/site-packages/django/shortcuts.py", line 25, in render
    content = loader.render_to_string(template_name, context, request, using=using)
  File "/opt/anaconda3/envs/aps/lib/python3.10/site-packages/django/template/loader.py", line 62, in render_to_string
    return template.render(context, request)
  File "/opt/anaconda3/envs/aps/lib/python3.10/site-packages/django/template/backends/django.py", line 61, in render
    return self.template.render(context)
  File "/opt/anaconda3/envs/aps/lib/python3.10/site-packages/django/template/base.py", line 171, in render
    return self._render(context)
  File "/opt/anaconda3/envs/aps/lib/python3.10/site-packages/django/template/base.py", line 163, in _render
    return self.nodelist.render(context)
  File "/opt/anaconda3/envs/aps/lib/python3.10/site-packages/django/template/base.py", line 1000, in render
    return SafeString("".join([node.render_annotated(context) for node in self]))
  File "/opt/anaconda3/envs/aps/lib/python3.10/site-packages/django/template/base.py", line 1000, in <listcomp>
    return SafeString("".join([node.render_annotated(context) for node in self]))
  File "/opt/anaconda3/envs/aps/lib/python3.10/site-packages/django/template/base.py", line 961, in render_annotated
    return self.render(context)
  File "/opt/anaconda3/envs/aps/lib/python3.10/site-packages/django/template/loader_tags.py", line 134, in render
    compiled_parent = self.get_parent(context)
  File "/opt/anaconda3/envs/aps/lib/python3.10/site-packages/django/template/loader_tags.py", line 131, in get_parent
    return self.find_template(parent, context)
  File "/opt/anaconda3/envs/aps/lib/python3.10/site-packages/django/template/loader_tags.py", line 109, in find_template
    template, origin = context.template.engine.find_template(
  File "/opt/anaconda3/envs/aps/lib/python3.10/site-packages/django/template/engine.py", line 159, in find_template
    template = loader.get_template(name, skip=skip)
  File "/opt/anaconda3/envs/aps/lib/python3.10/site-packages/django/template/loaders/cached.py", line 57, in get_template
    template = super().get_template(template_name, skip)
  File "/opt/anaconda3/envs/aps/lib/python3.10/site-packages/django/template/loaders/base.py", line 28, in get_template
    return Template(
  File "/opt/anaconda3/envs/aps/lib/python3.10/site-packages/django/template/base.py", line 154, in __init__
    self.nodelist = self.compile_nodelist()
  File "/opt/anaconda3/envs/aps/lib/python3.10/site-packages/django/template/base.py", line 196, in compile_nodelist
    return parser.parse()
  File "/opt/anaconda3/envs/aps/lib/python3.10/site-packages/django/template/base.py", line 510, in parse
    raise self.error(token, e)
  File "/opt/anaconda3/envs/aps/lib/python3.10/site-packages/django/template/base.py", line 508, in parse
    compiled_result = compile_func(self, token)
  File "/opt/anaconda3/envs/aps/lib/python3.10/site-packages/django/template/defaulttags.py", line 961, in do_if
    nodelist = parser.parse(("elif", "else", "endif"))
  File "/opt/anaconda3/envs/aps/lib/python3.10/site-packages/django/template/base.py", line 510, in parse
    raise self.error(token, e)
  File "/opt/anaconda3/envs/aps/lib/python3.10/site-packages/django/template/base.py", line 508, in parse
    compiled_result = compile_func(self, token)
  File "/opt/anaconda3/envs/aps/lib/python3.10/site-packages/django/template/defaulttags.py", line 861, in do_for
    nodelist_loop = parser.parse(
  File "/opt/anaconda3/envs/aps/lib/python3.10/site-packages/django/template/base.py", line 510, in parse
    raise self.error(token, e)
  File "/opt/anaconda3/envs/aps/lib/python3.10/site-packages/django/template/base.py", line 508, in parse
    compiled_result = compile_func(self, token)
  File "/opt/anaconda3/envs/aps/lib/python3.10/site-packages/django/template/defaulttags.py", line 969, in do_if
    nodelist = parser.parse(("elif", "else", "endif"))
  File "/opt/anaconda3/envs/aps/lib/python3.10/site-packages/django/template/base.py", line 504, in parse
    self.invalid_block_tag(token, command, parse_until)
  File "/opt/anaconda3/envs/aps/lib/python3.10/site-packages/django/template/base.py", line 555, in invalid_block_tag
    raise self.error(
django.template.exceptions.TemplateSyntaxError: Invalid block tag on line 547: 'endfor', expected 'elif', 'else' or 'endif'. Did you forget to register or load this tag?

During handling of the above exception, another exception occurred:

Traceback (most recent call last):
  File "/opt/anaconda3/envs/aps/lib/python3.10/site-packages/django/template/base.py", line 502, in parse
    compile_func = self.tags[command]
KeyError: 'endfor'

During handling of the above exception, another exception occurred:

Traceback (most recent call last):
  File "/opt/anaconda3/envs/aps/lib/python3.10/site-packages/django/core/handlers/exception.py", line 55, in inner
    response = get_response(request)
  File "/opt/anaconda3/envs/aps/lib/python3.10/site-packages/django/core/handlers/base.py", line 197, in _get_response
    response = wrapped_callback(request, *callback_args, **callback_kwargs)
  File "/opt/anaconda3/envs/aps/lib/python3.10/site-packages/django/contrib/auth/decorators.py", line 23, in _wrapper_view
    return view_func(request, *args, **kwargs)
  File "/Users/harshalsmac/WORK/ardur/ardurHome/trueAlign/shift/views.py", line 108, in shift_dashboard
    return render(request, 'shift/dashboard.html', {'error': True})
  File "/opt/anaconda3/envs/aps/lib/python3.10/site-packages/django/shortcuts.py", line 25, in render
    content = loader.render_to_string(template_name, context, request, using=using)
  File "/opt/anaconda3/envs/aps/lib/python3.10/site-packages/django/template/loader.py", line 62, in render_to_string
    return template.render(context, request)
  File "/opt/anaconda3/envs/aps/lib/python3.10/site-packages/django/template/backends/django.py", line 61, in render
    return self.template.render(context)
  File "/opt/anaconda3/envs/aps/lib/python3.10/site-packages/django/template/base.py", line 171, in render
    return self._render(context)
  File "/opt/anaconda3/envs/aps/lib/python3.10/site-packages/django/template/base.py", line 163, in _render
    return self.nodelist.render(context)
  File "/opt/anaconda3/envs/aps/lib/python3.10/site-packages/django/template/base.py", line 1000, in render
    return SafeString("".join([node.render_annotated(context) for node in self]))
  File "/opt/anaconda3/envs/aps/lib/python3.10/site-packages/django/template/base.py", line 1000, in <listcomp>
    return SafeString("".join([node.render_annotated(context) for node in self]))
  File "/opt/anaconda3/envs/aps/lib/python3.10/site-packages/django/template/base.py", line 961, in render_annotated
    return self.render(context)
  File "/opt/anaconda3/envs/aps/lib/python3.10/site-packages/django/template/loader_tags.py", line 134, in render
    compiled_parent = self.get_parent(context)
  File "/opt/anaconda3/envs/aps/lib/python3.10/site-packages/django/template/loader_tags.py", line 131, in get_parent
    return self.find_template(parent, context)
  File "/opt/anaconda3/envs/aps/lib/python3.10/site-packages/django/template/loader_tags.py", line 109, in find_template
    template, origin = context.template.engine.find_template(
  File "/opt/anaconda3/envs/aps/lib/python3.10/site-packages/django/template/engine.py", line 159, in find_template
    template = loader.get_template(name, skip=skip)
  File "/opt/anaconda3/envs/aps/lib/python3.10/site-packages/django/template/loaders/cached.py", line 57, in get_template
    template = super().get_template(template_name, skip)
  File "/opt/anaconda3/envs/aps/lib/python3.10/site-packages/django/template/loaders/base.py", line 28, in get_template
    return Template(
  File "/opt/anaconda3/envs/aps/lib/python3.10/site-packages/django/template/base.py", line 154, in __init__
    self.nodelist = self.compile_nodelist()
  File "/opt/anaconda3/envs/aps/lib/python3.10/site-packages/django/template/base.py", line 196, in compile_nodelist
    return parser.parse()
  File "/opt/anaconda3/envs/aps/lib/python3.10/site-packages/django/template/base.py", line 510, in parse
    raise self.error(token, e)
  File "/opt/anaconda3/envs/aps/lib/python3.10/site-packages/django/template/base.py", line 508, in parse
    compiled_result = compile_func(self, token)
  File "/opt/anaconda3/envs/aps/lib/python3.10/site-packages/django/template/defaulttags.py", line 961, in do_if
    nodelist = parser.parse(("elif", "else", "endif"))
  File "/opt/anaconda3/envs/aps/lib/python3.10/site-packages/django/template/base.py", line 510, in parse
    raise self.error(token, e)
  File "/opt/anaconda3/envs/aps/lib/python3.10/site-packages/django/template/base.py", line 508, in parse
    compiled_result = compile_func(self, token)
  File "/opt/anaconda3/envs/aps/lib/python3.10/site-packages/django/template/defaulttags.py", line 861, in do_for
    nodelist_loop = parser.parse(
  File "/opt/anaconda3/envs/aps/lib/python3.10/site-packages/django/template/base.py", line 510, in parse
    raise self.error(token, e)
  File "/opt/anaconda3/envs/aps/lib/python3.10/site-packages/django/template/base.py", line 508, in parse
    compiled_result = compile_func(self, token)
  File "/opt/anaconda3/envs/aps/lib/python3.10/site-packages/django/template/defaulttags.py", line 969, in do_if
    nodelist = parser.parse(("elif", "else", "endif"))
  File "/opt/anaconda3/envs/aps/lib/python3.10/site-packages/django/template/base.py", line 504, in parse
    self.invalid_block_tag(token, command, parse_until)
  File "/opt/anaconda3/envs/aps/lib/python3.10/site-packages/django/template/base.py", line 555, in invalid_block_tag
    raise self.error(
django.template.exceptions.TemplateSyntaxError: Invalid block tag on line 547: 'endfor', expected 'elif', 'else' or 'endif'. Did you forget to register or load this tag?
[2025-08-13 13:22:50] ERROR - django.server - log_message:212 - "GET /shift/ HTTP/1.1" 500 440991
[2025-08-13 13:22:51] ERROR - django.request - log_response:241 - Internal Server Error: /shift/assignments/
Traceback (most recent call last):
  File "/Users/harshalsmac/WORK/ardur/ardurHome/trueAlign/shift/views.py", line 384, in assignment_list
    return render(request, 'shift/assignment_list.html', context)
  File "/opt/anaconda3/envs/aps/lib/python3.10/site-packages/django/shortcuts.py", line 25, in render
    content = loader.render_to_string(template_name, context, request, using=using)
  File "/opt/anaconda3/envs/aps/lib/python3.10/site-packages/django/template/loader.py", line 61, in render_to_string
    template = get_template(template_name, using=using)
  File "/opt/anaconda3/envs/aps/lib/python3.10/site-packages/django/template/loader.py", line 19, in get_template
    raise TemplateDoesNotExist(template_name, chain=chain)
django.template.exceptions.TemplateDoesNotExist: shift/assignment_list.html

During handling of the above exception, another exception occurred:

Traceback (most recent call last):
  File "/opt/anaconda3/envs/aps/lib/python3.10/site-packages/django/core/handlers/exception.py", line 55, in inner
    response = get_response(request)
  File "/opt/anaconda3/envs/aps/lib/python3.10/site-packages/django/core/handlers/base.py", line 197, in _get_response
    response = wrapped_callback(request, *callback_args, **callback_kwargs)
  File "/opt/anaconda3/envs/aps/lib/python3.10/site-packages/django/contrib/auth/decorators.py", line 23, in _wrapper_view
    return view_func(request, *args, **kwargs)
  File "/Users/harshalsmac/WORK/ardur/ardurHome/trueAlign/shift/views.py", line 389, in assignment_list
    return render(request, 'shift/assignment_list.html', {'assignments': []})
  File "/opt/anaconda3/envs/aps/lib/python3.10/site-packages/django/shortcuts.py", line 25, in render
    content = loader.render_to_string(template_name, context, request, using=using)
  File "/opt/anaconda3/envs/aps/lib/python3.10/site-packages/django/template/loader.py", line 61, in render_to_string
    template = get_template(template_name, using=using)
  File "/opt/anaconda3/envs/aps/lib/python3.10/site-packages/django/template/loader.py", line 19, in get_template
    raise TemplateDoesNotExist(template_name, chain=chain)
django.template.exceptions.TemplateDoesNotExist: shift/assignment_list.html
[2025-08-13 13:22:51] ERROR - django.server - log_message:212 - "GET /shift/assignments/ HTTP/1.1" 500 142517
[2025-08-13 13:22:51] ERROR - django.request - log_response:241 - Internal Server Error: /shift/assignments/assign/
Traceback (most recent call last):
  File "/opt/anaconda3/envs/aps/lib/python3.10/site-packages/django/core/handlers/exception.py", line 55, in inner
    response = get_response(request)
  File "/opt/anaconda3/envs/aps/lib/python3.10/site-packages/django/core/handlers/base.py", line 197, in _get_response
    response = wrapped_callback(request, *callback_args, **callback_kwargs)
  File "/opt/anaconda3/envs/aps/lib/python3.10/site-packages/django/contrib/auth/decorators.py", line 23, in _wrapper_view
    return view_func(request, *args, **kwargs)
  File "/Users/harshalsmac/WORK/ardur/ardurHome/trueAlign/shift/decorators.py", line 53, in wrapper_func
    return view_func(request, *args, **kwargs)
  File "/Users/harshalsmac/WORK/ardur/ardurHome/trueAlign/shift/views.py", line 461, in assign_shift
    return render(request, 'shift/assign_form.html', context)
  File "/opt/anaconda3/envs/aps/lib/python3.10/site-packages/django/shortcuts.py", line 25, in render
    content = loader.render_to_string(template_name, context, request, using=using)
  File "/opt/anaconda3/envs/aps/lib/python3.10/site-packages/django/template/loader.py", line 61, in render_to_string
    template = get_template(template_name, using=using)
  File "/opt/anaconda3/envs/aps/lib/python3.10/site-packages/django/template/loader.py", line 19, in get_template
    raise TemplateDoesNotExist(template_name, chain=chain)
django.template.exceptions.TemplateDoesNotExist: shift/assign_form.html
[2025-08-13 13:22:51] ERROR - django.server - log_message:212 - "GET /shift/assignments/assign/ HTTP/1.1" 500 127394
[2025-08-13 13:22:52] ERROR - django.request - log_response:241 - Internal Server Error: /shift/
Traceback (most recent call last):
  File "/opt/anaconda3/envs/aps/lib/python3.10/site-packages/django/template/base.py", line 502, in parse
    compile_func = self.tags[command]
KeyError: 'endfor'

During handling of the above exception, another exception occurred:

Traceback (most recent call last):
  File "/Users/harshalsmac/WORK/ardur/ardurHome/trueAlign/shift/views.py", line 103, in shift_dashboard
    return render(request, 'shift/dashboard.html', context)
  File "/opt/anaconda3/envs/aps/lib/python3.10/site-packages/django/shortcuts.py", line 25, in render
    content = loader.render_to_string(template_name, context, request, using=using)
  File "/opt/anaconda3/envs/aps/lib/python3.10/site-packages/django/template/loader.py", line 62, in render_to_string
    return template.render(context, request)
  File "/opt/anaconda3/envs/aps/lib/python3.10/site-packages/django/template/backends/django.py", line 61, in render
    return self.template.render(context)
  File "/opt/anaconda3/envs/aps/lib/python3.10/site-packages/django/template/base.py", line 171, in render
    return self._render(context)
  File "/opt/anaconda3/envs/aps/lib/python3.10/site-packages/django/template/base.py", line 163, in _render
    return self.nodelist.render(context)
  File "/opt/anaconda3/envs/aps/lib/python3.10/site-packages/django/template/base.py", line 1000, in render
    return SafeString("".join([node.render_annotated(context) for node in self]))
  File "/opt/anaconda3/envs/aps/lib/python3.10/site-packages/django/template/base.py", line 1000, in <listcomp>
    return SafeString("".join([node.render_annotated(context) for node in self]))
  File "/opt/anaconda3/envs/aps/lib/python3.10/site-packages/django/template/base.py", line 961, in render_annotated
    return self.render(context)
  File "/opt/anaconda3/envs/aps/lib/python3.10/site-packages/django/template/loader_tags.py", line 134, in render
    compiled_parent = self.get_parent(context)
  File "/opt/anaconda3/envs/aps/lib/python3.10/site-packages/django/template/loader_tags.py", line 131, in get_parent
    return self.find_template(parent, context)
  File "/opt/anaconda3/envs/aps/lib/python3.10/site-packages/django/template/loader_tags.py", line 109, in find_template
    template, origin = context.template.engine.find_template(
  File "/opt/anaconda3/envs/aps/lib/python3.10/site-packages/django/template/engine.py", line 159, in find_template
    template = loader.get_template(name, skip=skip)
  File "/opt/anaconda3/envs/aps/lib/python3.10/site-packages/django/template/loaders/cached.py", line 57, in get_template
    template = super().get_template(template_name, skip)
  File "/opt/anaconda3/envs/aps/lib/python3.10/site-packages/django/template/loaders/base.py", line 28, in get_template
    return Template(
  File "/opt/anaconda3/envs/aps/lib/python3.10/site-packages/django/template/base.py", line 154, in __init__
    self.nodelist = self.compile_nodelist()
  File "/opt/anaconda3/envs/aps/lib/python3.10/site-packages/django/template/base.py", line 196, in compile_nodelist
    return parser.parse()
  File "/opt/anaconda3/envs/aps/lib/python3.10/site-packages/django/template/base.py", line 510, in parse
    raise self.error(token, e)
  File "/opt/anaconda3/envs/aps/lib/python3.10/site-packages/django/template/base.py", line 508, in parse
    compiled_result = compile_func(self, token)
  File "/opt/anaconda3/envs/aps/lib/python3.10/site-packages/django/template/defaulttags.py", line 961, in do_if
    nodelist = parser.parse(("elif", "else", "endif"))
  File "/opt/anaconda3/envs/aps/lib/python3.10/site-packages/django/template/base.py", line 510, in parse
    raise self.error(token, e)
  File "/opt/anaconda3/envs/aps/lib/python3.10/site-packages/django/template/base.py", line 508, in parse
    compiled_result = compile_func(self, token)
  File "/opt/anaconda3/envs/aps/lib/python3.10/site-packages/django/template/defaulttags.py", line 861, in do_for
    nodelist_loop = parser.parse(
  File "/opt/anaconda3/envs/aps/lib/python3.10/site-packages/django/template/base.py", line 510, in parse
    raise self.error(token, e)
  File "/opt/anaconda3/envs/aps/lib/python3.10/site-packages/django/template/base.py", line 508, in parse
    compiled_result = compile_func(self, token)
  File "/opt/anaconda3/envs/aps/lib/python3.10/site-packages/django/template/defaulttags.py", line 969, in do_if
    nodelist = parser.parse(("elif", "else", "endif"))
  File "/opt/anaconda3/envs/aps/lib/python3.10/site-packages/django/template/base.py", line 504, in parse
    self.invalid_block_tag(token, command, parse_until)
  File "/opt/anaconda3/envs/aps/lib/python3.10/site-packages/django/template/base.py", line 555, in invalid_block_tag
    raise self.error(
django.template.exceptions.TemplateSyntaxError: Invalid block tag on line 547: 'endfor', expected 'elif', 'else' or 'endif'. Did you forget to register or load this tag?

During handling of the above exception, another exception occurred:

Traceback (most recent call last):
  File "/opt/anaconda3/envs/aps/lib/python3.10/site-packages/django/template/base.py", line 502, in parse
    compile_func = self.tags[command]
KeyError: 'endfor'

During handling of the above exception, another exception occurred:

Traceback (most recent call last):
  File "/opt/anaconda3/envs/aps/lib/python3.10/site-packages/django/core/handlers/exception.py", line 55, in inner
    response = get_response(request)
  File "/opt/anaconda3/envs/aps/lib/python3.10/site-packages/django/core/handlers/base.py", line 197, in _get_response
    response = wrapped_callback(request, *callback_args, **callback_kwargs)
  File "/opt/anaconda3/envs/aps/lib/python3.10/site-packages/django/contrib/auth/decorators.py", line 23, in _wrapper_view
    return view_func(request, *args, **kwargs)
  File "/Users/harshalsmac/WORK/ardur/ardurHome/trueAlign/shift/views.py", line 108, in shift_dashboard
    return render(request, 'shift/dashboard.html', {'error': True})
  File "/opt/anaconda3/envs/aps/lib/python3.10/site-packages/django/shortcuts.py", line 25, in render
    content = loader.render_to_string(template_name, context, request, using=using)
  File "/opt/anaconda3/envs/aps/lib/python3.10/site-packages/django/template/loader.py", line 62, in render_to_string
    return template.render(context, request)
  File "/opt/anaconda3/envs/aps/lib/python3.10/site-packages/django/template/backends/django.py", line 61, in render
    return self.template.render(context)
  File "/opt/anaconda3/envs/aps/lib/python3.10/site-packages/django/template/base.py", line 171, in render
    return self._render(context)
  File "/opt/anaconda3/envs/aps/lib/python3.10/site-packages/django/template/base.py", line 163, in _render
    return self.nodelist.render(context)
  File "/opt/anaconda3/envs/aps/lib/python3.10/site-packages/django/template/base.py", line 1000, in render
    return SafeString("".join([node.render_annotated(context) for node in self]))
  File "/opt/anaconda3/envs/aps/lib/python3.10/site-packages/django/template/base.py", line 1000, in <listcomp>
    return SafeString("".join([node.render_annotated(context) for node in self]))
  File "/opt/anaconda3/envs/aps/lib/python3.10/site-packages/django/template/base.py", line 961, in render_annotated
    return self.render(context)
  File "/opt/anaconda3/envs/aps/lib/python3.10/site-packages/django/template/loader_tags.py", line 134, in render
    compiled_parent = self.get_parent(context)
  File "/opt/anaconda3/envs/aps/lib/python3.10/site-packages/django/template/loader_tags.py", line 131, in get_parent
    return self.find_template(parent, context)
  File "/opt/anaconda3/envs/aps/lib/python3.10/site-packages/django/template/loader_tags.py", line 109, in find_template
    template, origin = context.template.engine.find_template(
  File "/opt/anaconda3/envs/aps/lib/python3.10/site-packages/django/template/engine.py", line 159, in find_template
    template = loader.get_template(name, skip=skip)
  File "/opt/anaconda3/envs/aps/lib/python3.10/site-packages/django/template/loaders/cached.py", line 57, in get_template
    template = super().get_template(template_name, skip)
  File "/opt/anaconda3/envs/aps/lib/python3.10/site-packages/django/template/loaders/base.py", line 28, in get_template
    return Template(
  File "/opt/anaconda3/envs/aps/lib/python3.10/site-packages/django/template/base.py", line 154, in __init__
    self.nodelist = self.compile_nodelist()
  File "/opt/anaconda3/envs/aps/lib/python3.10/site-packages/django/template/base.py", line 196, in compile_nodelist
    return parser.parse()
  File "/opt/anaconda3/envs/aps/lib/python3.10/site-packages/django/template/base.py", line 510, in parse
    raise self.error(token, e)
  File "/opt/anaconda3/envs/aps/lib/python3.10/site-packages/django/template/base.py", line 508, in parse
    compiled_result = compile_func(self, token)
  File "/opt/anaconda3/envs/aps/lib/python3.10/site-packages/django/template/defaulttags.py", line 961, in do_if
    nodelist = parser.parse(("elif", "else", "endif"))
  File "/opt/anaconda3/envs/aps/lib/python3.10/site-packages/django/template/base.py", line 510, in parse
    raise self.error(token, e)
  File "/opt/anaconda3/envs/aps/lib/python3.10/site-packages/django/template/base.py", line 508, in parse
    compiled_result = compile_func(self, token)
  File "/opt/anaconda3/envs/aps/lib/python3.10/site-packages/django/template/defaulttags.py", line 861, in do_for
    nodelist_loop = parser.parse(
  File "/opt/anaconda3/envs/aps/lib/python3.10/site-packages/django/template/base.py", line 510, in parse
    raise self.error(token, e)
  File "/opt/anaconda3/envs/aps/lib/python3.10/site-packages/django/template/base.py", line 508, in parse
    compiled_result = compile_func(self, token)
  File "/opt/anaconda3/envs/aps/lib/python3.10/site-packages/django/template/defaulttags.py", line 969, in do_if
    nodelist = parser.parse(("elif", "else", "endif"))
  File "/opt/anaconda3/envs/aps/lib/python3.10/site-packages/django/template/base.py", line 504, in parse
    self.invalid_block_tag(token, command, parse_until)
  File "/opt/anaconda3/envs/aps/lib/python3.10/site-packages/django/template/base.py", line 555, in invalid_block_tag
    raise self.error(
django.template.exceptions.TemplateSyntaxError: Invalid block tag on line 547: 'endfor', expected 'elif', 'else' or 'endif'. Did you forget to register or load this tag?
[2025-08-13 13:22:52] ERROR - django.server - log_message:212 - "GET /shift/ HTTP/1.1" 500 441024
[2025-08-13 13:22:53] ERROR - django.request - log_response:241 - Internal Server Error: /shift/
Traceback (most recent call last):
  File "/opt/anaconda3/envs/aps/lib/python3.10/site-packages/django/template/base.py", line 502, in parse
    compile_func = self.tags[command]
KeyError: 'endfor'

During handling of the above exception, another exception occurred:

Traceback (most recent call last):
  File "/Users/harshalsmac/WORK/ardur/ardurHome/trueAlign/shift/views.py", line 103, in shift_dashboard
    return render(request, 'shift/dashboard.html', context)
  File "/opt/anaconda3/envs/aps/lib/python3.10/site-packages/django/shortcuts.py", line 25, in render
    content = loader.render_to_string(template_name, context, request, using=using)
  File "/opt/anaconda3/envs/aps/lib/python3.10/site-packages/django/template/loader.py", line 62, in render_to_string
    return template.render(context, request)
  File "/opt/anaconda3/envs/aps/lib/python3.10/site-packages/django/template/backends/django.py", line 61, in render
    return self.template.render(context)
  File "/opt/anaconda3/envs/aps/lib/python3.10/site-packages/django/template/base.py", line 171, in render
    return self._render(context)
  File "/opt/anaconda3/envs/aps/lib/python3.10/site-packages/django/template/base.py", line 163, in _render
    return self.nodelist.render(context)
  File "/opt/anaconda3/envs/aps/lib/python3.10/site-packages/django/template/base.py", line 1000, in render
    return SafeString("".join([node.render_annotated(context) for node in self]))
  File "/opt/anaconda3/envs/aps/lib/python3.10/site-packages/django/template/base.py", line 1000, in <listcomp>
    return SafeString("".join([node.render_annotated(context) for node in self]))
  File "/opt/anaconda3/envs/aps/lib/python3.10/site-packages/django/template/base.py", line 961, in render_annotated
    return self.render(context)
  File "/opt/anaconda3/envs/aps/lib/python3.10/site-packages/django/template/loader_tags.py", line 134, in render
    compiled_parent = self.get_parent(context)
  File "/opt/anaconda3/envs/aps/lib/python3.10/site-packages/django/template/loader_tags.py", line 131, in get_parent
    return self.find_template(parent, context)
  File "/opt/anaconda3/envs/aps/lib/python3.10/site-packages/django/template/loader_tags.py", line 109, in find_template
    template, origin = context.template.engine.find_template(
  File "/opt/anaconda3/envs/aps/lib/python3.10/site-packages/django/template/engine.py", line 159, in find_template
    template = loader.get_template(name, skip=skip)
  File "/opt/anaconda3/envs/aps/lib/python3.10/site-packages/django/template/loaders/cached.py", line 57, in get_template
    template = super().get_template(template_name, skip)
  File "/opt/anaconda3/envs/aps/lib/python3.10/site-packages/django/template/loaders/base.py", line 28, in get_template
    return Template(
  File "/opt/anaconda3/envs/aps/lib/python3.10/site-packages/django/template/base.py", line 154, in __init__
    self.nodelist = self.compile_nodelist()
  File "/opt/anaconda3/envs/aps/lib/python3.10/site-packages/django/template/base.py", line 196, in compile_nodelist
    return parser.parse()
  File "/opt/anaconda3/envs/aps/lib/python3.10/site-packages/django/template/base.py", line 510, in parse
    raise self.error(token, e)
  File "/opt/anaconda3/envs/aps/lib/python3.10/site-packages/django/template/base.py", line 508, in parse
    compiled_result = compile_func(self, token)
  File "/opt/anaconda3/envs/aps/lib/python3.10/site-packages/django/template/defaulttags.py", line 961, in do_if
    nodelist = parser.parse(("elif", "else", "endif"))
  File "/opt/anaconda3/envs/aps/lib/python3.10/site-packages/django/template/base.py", line 510, in parse
    raise self.error(token, e)
  File "/opt/anaconda3/envs/aps/lib/python3.10/site-packages/django/template/base.py", line 508, in parse
    compiled_result = compile_func(self, token)
  File "/opt/anaconda3/envs/aps/lib/python3.10/site-packages/django/template/defaulttags.py", line 861, in do_for
    nodelist_loop = parser.parse(
  File "/opt/anaconda3/envs/aps/lib/python3.10/site-packages/django/template/base.py", line 510, in parse
    raise self.error(token, e)
  File "/opt/anaconda3/envs/aps/lib/python3.10/site-packages/django/template/base.py", line 508, in parse
    compiled_result = compile_func(self, token)
  File "/opt/anaconda3/envs/aps/lib/python3.10/site-packages/django/template/defaulttags.py", line 969, in do_if
    nodelist = parser.parse(("elif", "else", "endif"))
  File "/opt/anaconda3/envs/aps/lib/python3.10/site-packages/django/template/base.py", line 504, in parse
    self.invalid_block_tag(token, command, parse_until)
  File "/opt/anaconda3/envs/aps/lib/python3.10/site-packages/django/template/base.py", line 555, in invalid_block_tag
    raise self.error(
django.template.exceptions.TemplateSyntaxError: Invalid block tag on line 547: 'endfor', expected 'elif', 'else' or 'endif'. Did you forget to register or load this tag?

During handling of the above exception, another exception occurred:

Traceback (most recent call last):
  File "/opt/anaconda3/envs/aps/lib/python3.10/site-packages/django/template/base.py", line 502, in parse
    compile_func = self.tags[command]
KeyError: 'endfor'

During handling of the above exception, another exception occurred:

Traceback (most recent call last):
  File "/opt/anaconda3/envs/aps/lib/python3.10/site-packages/django/core/handlers/exception.py", line 55, in inner
    response = get_response(request)
  File "/opt/anaconda3/envs/aps/lib/python3.10/site-packages/django/core/handlers/base.py", line 197, in _get_response
    response = wrapped_callback(request, *callback_args, **callback_kwargs)
  File "/opt/anaconda3/envs/aps/lib/python3.10/site-packages/django/contrib/auth/decorators.py", line 23, in _wrapper_view
    return view_func(request, *args, **kwargs)
  File "/Users/harshalsmac/WORK/ardur/ardurHome/trueAlign/shift/views.py", line 108, in shift_dashboard
    return render(request, 'shift/dashboard.html', {'error': True})
  File "/opt/anaconda3/envs/aps/lib/python3.10/site-packages/django/shortcuts.py", line 25, in render
    content = loader.render_to_string(template_name, context, request, using=using)
  File "/opt/anaconda3/envs/aps/lib/python3.10/site-packages/django/template/loader.py", line 62, in render_to_string
    return template.render(context, request)
  File "/opt/anaconda3/envs/aps/lib/python3.10/site-packages/django/template/backends/django.py", line 61, in render
    return self.template.render(context)
  File "/opt/anaconda3/envs/aps/lib/python3.10/site-packages/django/template/base.py", line 171, in render
    return self._render(context)
  File "/opt/anaconda3/envs/aps/lib/python3.10/site-packages/django/template/base.py", line 163, in _render
    return self.nodelist.render(context)
  File "/opt/anaconda3/envs/aps/lib/python3.10/site-packages/django/template/base.py", line 1000, in render
    return SafeString("".join([node.render_annotated(context) for node in self]))
  File "/opt/anaconda3/envs/aps/lib/python3.10/site-packages/django/template/base.py", line 1000, in <listcomp>
    return SafeString("".join([node.render_annotated(context) for node in self]))
  File "/opt/anaconda3/envs/aps/lib/python3.10/site-packages/django/template/base.py", line 961, in render_annotated
    return self.render(context)
  File "/opt/anaconda3/envs/aps/lib/python3.10/site-packages/django/template/loader_tags.py", line 134, in render
    compiled_parent = self.get_parent(context)
  File "/opt/anaconda3/envs/aps/lib/python3.10/site-packages/django/template/loader_tags.py", line 131, in get_parent
    return self.find_template(parent, context)
  File "/opt/anaconda3/envs/aps/lib/python3.10/site-packages/django/template/loader_tags.py", line 109, in find_template
    template, origin = context.template.engine.find_template(
  File "/opt/anaconda3/envs/aps/lib/python3.10/site-packages/django/template/engine.py", line 159, in find_template
    template = loader.get_template(name, skip=skip)
  File "/opt/anaconda3/envs/aps/lib/python3.10/site-packages/django/template/loaders/cached.py", line 57, in get_template
    template = super().get_template(template_name, skip)
  File "/opt/anaconda3/envs/aps/lib/python3.10/site-packages/django/template/loaders/base.py", line 28, in get_template
    return Template(
  File "/opt/anaconda3/envs/aps/lib/python3.10/site-packages/django/template/base.py", line 154, in __init__
    self.nodelist = self.compile_nodelist()
  File "/opt/anaconda3/envs/aps/lib/python3.10/site-packages/django/template/base.py", line 196, in compile_nodelist
    return parser.parse()
  File "/opt/anaconda3/envs/aps/lib/python3.10/site-packages/django/template/base.py", line 510, in parse
    raise self.error(token, e)
  File "/opt/anaconda3/envs/aps/lib/python3.10/site-packages/django/template/base.py", line 508, in parse
    compiled_result = compile_func(self, token)
  File "/opt/anaconda3/envs/aps/lib/python3.10/site-packages/django/template/defaulttags.py", line 961, in do_if
    nodelist = parser.parse(("elif", "else", "endif"))
  File "/opt/anaconda3/envs/aps/lib/python3.10/site-packages/django/template/base.py", line 510, in parse
    raise self.error(token, e)
  File "/opt/anaconda3/envs/aps/lib/python3.10/site-packages/django/template/base.py", line 508, in parse
    compiled_result = compile_func(self, token)
  File "/opt/anaconda3/envs/aps/lib/python3.10/site-packages/django/template/defaulttags.py", line 861, in do_for
    nodelist_loop = parser.parse(
  File "/opt/anaconda3/envs/aps/lib/python3.10/site-packages/django/template/base.py", line 510, in parse
    raise self.error(token, e)
  File "/opt/anaconda3/envs/aps/lib/python3.10/site-packages/django/template/base.py", line 508, in parse
    compiled_result = compile_func(self, token)
  File "/opt/anaconda3/envs/aps/lib/python3.10/site-packages/django/template/defaulttags.py", line 969, in do_if
    nodelist = parser.parse(("elif", "else", "endif"))
  File "/opt/anaconda3/envs/aps/lib/python3.10/site-packages/django/template/base.py", line 504, in parse
    self.invalid_block_tag(token, command, parse_until)
  File "/opt/anaconda3/envs/aps/lib/python3.10/site-packages/django/template/base.py", line 555, in invalid_block_tag
    raise self.error(
django.template.exceptions.TemplateSyntaxError: Invalid block tag on line 547: 'endfor', expected 'elif', 'else' or 'endif'. Did you forget to register or load this tag?
[2025-08-13 13:22:53] ERROR - django.server - log_message:212 - "GET /shift/ HTTP/1.1" 500 441030
[2025-08-13 13:22:53] ERROR - django.request - log_response:241 - Internal Server Error: /shift/shifts/
Traceback (most recent call last):
  File "/Users/harshalsmac/WORK/ardur/ardurHome/trueAlign/shift/views.py", line 179, in shift_list
    return render(request, 'shift/shift_list.html', context)
  File "/opt/anaconda3/envs/aps/lib/python3.10/site-packages/django/shortcuts.py", line 25, in render
    content = loader.render_to_string(template_name, context, request, using=using)
  File "/opt/anaconda3/envs/aps/lib/python3.10/site-packages/django/template/loader.py", line 61, in render_to_string
    template = get_template(template_name, using=using)
  File "/opt/anaconda3/envs/aps/lib/python3.10/site-packages/django/template/loader.py", line 19, in get_template
    raise TemplateDoesNotExist(template_name, chain=chain)
django.template.exceptions.TemplateDoesNotExist: shift/shift_list.html

During handling of the above exception, another exception occurred:

Traceback (most recent call last):
  File "/opt/anaconda3/envs/aps/lib/python3.10/site-packages/django/core/handlers/exception.py", line 55, in inner
    response = get_response(request)
  File "/opt/anaconda3/envs/aps/lib/python3.10/site-packages/django/core/handlers/base.py", line 197, in _get_response
    response = wrapped_callback(request, *callback_args, **callback_kwargs)
  File "/opt/anaconda3/envs/aps/lib/python3.10/site-packages/django/contrib/auth/decorators.py", line 23, in _wrapper_view
    return view_func(request, *args, **kwargs)
  File "/Users/harshalsmac/WORK/ardur/ardurHome/trueAlign/shift/views.py", line 184, in shift_list
    return render(request, 'shift/shift_list.html', {'shifts': []})
  File "/opt/anaconda3/envs/aps/lib/python3.10/site-packages/django/shortcuts.py", line 25, in render
    content = loader.render_to_string(template_name, context, request, using=using)
  File "/opt/anaconda3/envs/aps/lib/python3.10/site-packages/django/template/loader.py", line 61, in render_to_string
    template = get_template(template_name, using=using)
  File "/opt/anaconda3/envs/aps/lib/python3.10/site-packages/django/template/loader.py", line 19, in get_template
    raise TemplateDoesNotExist(template_name, chain=chain)
django.template.exceptions.TemplateDoesNotExist: shift/shift_list.html
[2025-08-13 13:22:53] ERROR - django.server - log_message:212 - "GET /shift/shifts/ HTTP/1.1" 500 139998
[2025-08-13 13:22:54] ERROR - django.request - log_response:241 - Internal Server Error: /shift/
Traceback (most recent call last):
  File "/opt/anaconda3/envs/aps/lib/python3.10/site-packages/django/template/base.py", line 502, in parse
    compile_func = self.tags[command]
KeyError: 'endfor'

During handling of the above exception, another exception occurred:

Traceback (most recent call last):
  File "/Users/harshalsmac/WORK/ardur/ardurHome/trueAlign/shift/views.py", line 103, in shift_dashboard
    return render(request, 'shift/dashboard.html', context)
  File "/opt/anaconda3/envs/aps/lib/python3.10/site-packages/django/shortcuts.py", line 25, in render
    content = loader.render_to_string(template_name, context, request, using=using)
  File "/opt/anaconda3/envs/aps/lib/python3.10/site-packages/django/template/loader.py", line 62, in render_to_string
    return template.render(context, request)
  File "/opt/anaconda3/envs/aps/lib/python3.10/site-packages/django/template/backends/django.py", line 61, in render
    return self.template.render(context)
  File "/opt/anaconda3/envs/aps/lib/python3.10/site-packages/django/template/base.py", line 171, in render
    return self._render(context)
  File "/opt/anaconda3/envs/aps/lib/python3.10/site-packages/django/template/base.py", line 163, in _render
    return self.nodelist.render(context)
  File "/opt/anaconda3/envs/aps/lib/python3.10/site-packages/django/template/base.py", line 1000, in render
    return SafeString("".join([node.render_annotated(context) for node in self]))
  File "/opt/anaconda3/envs/aps/lib/python3.10/site-packages/django/template/base.py", line 1000, in <listcomp>
    return SafeString("".join([node.render_annotated(context) for node in self]))
  File "/opt/anaconda3/envs/aps/lib/python3.10/site-packages/django/template/base.py", line 961, in render_annotated
    return self.render(context)
  File "/opt/anaconda3/envs/aps/lib/python3.10/site-packages/django/template/loader_tags.py", line 134, in render
    compiled_parent = self.get_parent(context)
  File "/opt/anaconda3/envs/aps/lib/python3.10/site-packages/django/template/loader_tags.py", line 131, in get_parent
    return self.find_template(parent, context)
  File "/opt/anaconda3/envs/aps/lib/python3.10/site-packages/django/template/loader_tags.py", line 109, in find_template
    template, origin = context.template.engine.find_template(
  File "/opt/anaconda3/envs/aps/lib/python3.10/site-packages/django/template/engine.py", line 159, in find_template
    template = loader.get_template(name, skip=skip)
  File "/opt/anaconda3/envs/aps/lib/python3.10/site-packages/django/template/loaders/cached.py", line 57, in get_template
    template = super().get_template(template_name, skip)
  File "/opt/anaconda3/envs/aps/lib/python3.10/site-packages/django/template/loaders/base.py", line 28, in get_template
    return Template(
  File "/opt/anaconda3/envs/aps/lib/python3.10/site-packages/django/template/base.py", line 154, in __init__
    self.nodelist = self.compile_nodelist()
  File "/opt/anaconda3/envs/aps/lib/python3.10/site-packages/django/template/base.py", line 196, in compile_nodelist
    return parser.parse()
  File "/opt/anaconda3/envs/aps/lib/python3.10/site-packages/django/template/base.py", line 510, in parse
    raise self.error(token, e)
  File "/opt/anaconda3/envs/aps/lib/python3.10/site-packages/django/template/base.py", line 508, in parse
    compiled_result = compile_func(self, token)
  File "/opt/anaconda3/envs/aps/lib/python3.10/site-packages/django/template/defaulttags.py", line 961, in do_if
    nodelist = parser.parse(("elif", "else", "endif"))
  File "/opt/anaconda3/envs/aps/lib/python3.10/site-packages/django/template/base.py", line 510, in parse
    raise self.error(token, e)
  File "/opt/anaconda3/envs/aps/lib/python3.10/site-packages/django/template/base.py", line 508, in parse
    compiled_result = compile_func(self, token)
  File "/opt/anaconda3/envs/aps/lib/python3.10/site-packages/django/template/defaulttags.py", line 861, in do_for
    nodelist_loop = parser.parse(
  File "/opt/anaconda3/envs/aps/lib/python3.10/site-packages/django/template/base.py", line 510, in parse
    raise self.error(token, e)
  File "/opt/anaconda3/envs/aps/lib/python3.10/site-packages/django/template/base.py", line 508, in parse
    compiled_result = compile_func(self, token)
  File "/opt/anaconda3/envs/aps/lib/python3.10/site-packages/django/template/defaulttags.py", line 969, in do_if
    nodelist = parser.parse(("elif", "else", "endif"))
  File "/opt/anaconda3/envs/aps/lib/python3.10/site-packages/django/template/base.py", line 504, in parse
    self.invalid_block_tag(token, command, parse_until)
  File "/opt/anaconda3/envs/aps/lib/python3.10/site-packages/django/template/base.py", line 555, in invalid_block_tag
    raise self.error(
django.template.exceptions.TemplateSyntaxError: Invalid block tag on line 547: 'endfor', expected 'elif', 'else' or 'endif'. Did you forget to register or load this tag?

During handling of the above exception, another exception occurred:

Traceback (most recent call last):
  File "/opt/anaconda3/envs/aps/lib/python3.10/site-packages/django/template/base.py", line 502, in parse
    compile_func = self.tags[command]
KeyError: 'endfor'

During handling of the above exception, another exception occurred:

Traceback (most recent call last):
  File "/opt/anaconda3/envs/aps/lib/python3.10/site-packages/django/core/handlers/exception.py", line 55, in inner
    response = get_response(request)
  File "/opt/anaconda3/envs/aps/lib/python3.10/site-packages/django/core/handlers/base.py", line 197, in _get_response
    response = wrapped_callback(request, *callback_args, **callback_kwargs)
  File "/opt/anaconda3/envs/aps/lib/python3.10/site-packages/django/contrib/auth/decorators.py", line 23, in _wrapper_view
    return view_func(request, *args, **kwargs)
  File "/Users/harshalsmac/WORK/ardur/ardurHome/trueAlign/shift/views.py", line 108, in shift_dashboard
    return render(request, 'shift/dashboard.html', {'error': True})
  File "/opt/anaconda3/envs/aps/lib/python3.10/site-packages/django/shortcuts.py", line 25, in render
    content = loader.render_to_string(template_name, context, request, using=using)
  File "/opt/anaconda3/envs/aps/lib/python3.10/site-packages/django/template/loader.py", line 62, in render_to_string
    return template.render(context, request)
  File "/opt/anaconda3/envs/aps/lib/python3.10/site-packages/django/template/backends/django.py", line 61, in render
    return self.template.render(context)
  File "/opt/anaconda3/envs/aps/lib/python3.10/site-packages/django/template/base.py", line 171, in render
    return self._render(context)
  File "/opt/anaconda3/envs/aps/lib/python3.10/site-packages/django/template/base.py", line 163, in _render
    return self.nodelist.render(context)
  File "/opt/anaconda3/envs/aps/lib/python3.10/site-packages/django/template/base.py", line 1000, in render
    return SafeString("".join([node.render_annotated(context) for node in self]))
  File "/opt/anaconda3/envs/aps/lib/python3.10/site-packages/django/template/base.py", line 1000, in <listcomp>
    return SafeString("".join([node.render_annotated(context) for node in self]))
  File "/opt/anaconda3/envs/aps/lib/python3.10/site-packages/django/template/base.py", line 961, in render_annotated
    return self.render(context)
  File "/opt/anaconda3/envs/aps/lib/python3.10/site-packages/django/template/loader_tags.py", line 134, in render
    compiled_parent = self.get_parent(context)
  File "/opt/anaconda3/envs/aps/lib/python3.10/site-packages/django/template/loader_tags.py", line 131, in get_parent
    return self.find_template(parent, context)
  File "/opt/anaconda3/envs/aps/lib/python3.10/site-packages/django/template/loader_tags.py", line 109, in find_template
    template, origin = context.template.engine.find_template(
  File "/opt/anaconda3/envs/aps/lib/python3.10/site-packages/django/template/engine.py", line 159, in find_template
    template = loader.get_template(name, skip=skip)
  File "/opt/anaconda3/envs/aps/lib/python3.10/site-packages/django/template/loaders/cached.py", line 57, in get_template
    template = super().get_template(template_name, skip)
  File "/opt/anaconda3/envs/aps/lib/python3.10/site-packages/django/template/loaders/base.py", line 28, in get_template
    return Template(
  File "/opt/anaconda3/envs/aps/lib/python3.10/site-packages/django/template/base.py", line 154, in __init__
    self.nodelist = self.compile_nodelist()
  File "/opt/anaconda3/envs/aps/lib/python3.10/site-packages/django/template/base.py", line 196, in compile_nodelist
    return parser.parse()
  File "/opt/anaconda3/envs/aps/lib/python3.10/site-packages/django/template/base.py", line 510, in parse
    raise self.error(token, e)
  File "/opt/anaconda3/envs/aps/lib/python3.10/site-packages/django/template/base.py", line 508, in parse
    compiled_result = compile_func(self, token)
  File "/opt/anaconda3/envs/aps/lib/python3.10/site-packages/django/template/defaulttags.py", line 961, in do_if
    nodelist = parser.parse(("elif", "else", "endif"))
  File "/opt/anaconda3/envs/aps/lib/python3.10/site-packages/django/template/base.py", line 510, in parse
    raise self.error(token, e)
  File "/opt/anaconda3/envs/aps/lib/python3.10/site-packages/django/template/base.py", line 508, in parse
    compiled_result = compile_func(self, token)
  File "/opt/anaconda3/envs/aps/lib/python3.10/site-packages/django/template/defaulttags.py", line 861, in do_for
    nodelist_loop = parser.parse(
  File "/opt/anaconda3/envs/aps/lib/python3.10/site-packages/django/template/base.py", line 510, in parse
    raise self.error(token, e)
  File "/opt/anaconda3/envs/aps/lib/python3.10/site-packages/django/template/base.py", line 508, in parse
    compiled_result = compile_func(self, token)
  File "/opt/anaconda3/envs/aps/lib/python3.10/site-packages/django/template/defaulttags.py", line 969, in do_if
    nodelist = parser.parse(("elif", "else", "endif"))
  File "/opt/anaconda3/envs/aps/lib/python3.10/site-packages/django/template/base.py", line 504, in parse
    self.invalid_block_tag(token, command, parse_until)
  File "/opt/anaconda3/envs/aps/lib/python3.10/site-packages/django/template/base.py", line 555, in invalid_block_tag
    raise self.error(
django.template.exceptions.TemplateSyntaxError: Invalid block tag on line 547: 'endfor', expected 'elif', 'else' or 'endif'. Did you forget to register or load this tag?
[2025-08-13 13:22:54] ERROR - django.server - log_message:212 - "GET /shift/ HTTP/1.1" 500 441048
[2025-08-13 13:22:56] ERROR - django.request - log_response:241 - Internal Server Error: /shift/
Traceback (most recent call last):
  File "/opt/anaconda3/envs/aps/lib/python3.10/site-packages/django/template/base.py", line 502, in parse
    compile_func = self.tags[command]
KeyError: 'endfor'

During handling of the above exception, another exception occurred:

Traceback (most recent call last):
  File "/Users/harshalsmac/WORK/ardur/ardurHome/trueAlign/shift/views.py", line 103, in shift_dashboard
    return render(request, 'shift/dashboard.html', context)
  File "/opt/anaconda3/envs/aps/lib/python3.10/site-packages/django/shortcuts.py", line 25, in render
    content = loader.render_to_string(template_name, context, request, using=using)
  File "/opt/anaconda3/envs/aps/lib/python3.10/site-packages/django/template/loader.py", line 62, in render_to_string
    return template.render(context, request)
  File "/opt/anaconda3/envs/aps/lib/python3.10/site-packages/django/template/backends/django.py", line 61, in render
    return self.template.render(context)
  File "/opt/anaconda3/envs/aps/lib/python3.10/site-packages/django/template/base.py", line 171, in render
    return self._render(context)
  File "/opt/anaconda3/envs/aps/lib/python3.10/site-packages/django/template/base.py", line 163, in _render
    return self.nodelist.render(context)
  File "/opt/anaconda3/envs/aps/lib/python3.10/site-packages/django/template/base.py", line 1000, in render
    return SafeString("".join([node.render_annotated(context) for node in self]))
  File "/opt/anaconda3/envs/aps/lib/python3.10/site-packages/django/template/base.py", line 1000, in <listcomp>
    return SafeString("".join([node.render_annotated(context) for node in self]))
  File "/opt/anaconda3/envs/aps/lib/python3.10/site-packages/django/template/base.py", line 961, in render_annotated
    return self.render(context)
  File "/opt/anaconda3/envs/aps/lib/python3.10/site-packages/django/template/loader_tags.py", line 134, in render
    compiled_parent = self.get_parent(context)
  File "/opt/anaconda3/envs/aps/lib/python3.10/site-packages/django/template/loader_tags.py", line 131, in get_parent
    return self.find_template(parent, context)
  File "/opt/anaconda3/envs/aps/lib/python3.10/site-packages/django/template/loader_tags.py", line 109, in find_template
    template, origin = context.template.engine.find_template(
  File "/opt/anaconda3/envs/aps/lib/python3.10/site-packages/django/template/engine.py", line 159, in find_template
    template = loader.get_template(name, skip=skip)
  File "/opt/anaconda3/envs/aps/lib/python3.10/site-packages/django/template/loaders/cached.py", line 57, in get_template
    template = super().get_template(template_name, skip)
  File "/opt/anaconda3/envs/aps/lib/python3.10/site-packages/django/template/loaders/base.py", line 28, in get_template
    return Template(
  File "/opt/anaconda3/envs/aps/lib/python3.10/site-packages/django/template/base.py", line 154, in __init__
    self.nodelist = self.compile_nodelist()
  File "/opt/anaconda3/envs/aps/lib/python3.10/site-packages/django/template/base.py", line 196, in compile_nodelist
    return parser.parse()
  File "/opt/anaconda3/envs/aps/lib/python3.10/site-packages/django/template/base.py", line 510, in parse
    raise self.error(token, e)
  File "/opt/anaconda3/envs/aps/lib/python3.10/site-packages/django/template/base.py", line 508, in parse
    compiled_result = compile_func(self, token)
  File "/opt/anaconda3/envs/aps/lib/python3.10/site-packages/django/template/defaulttags.py", line 961, in do_if
    nodelist = parser.parse(("elif", "else", "endif"))
  File "/opt/anaconda3/envs/aps/lib/python3.10/site-packages/django/template/base.py", line 510, in parse
    raise self.error(token, e)
  File "/opt/anaconda3/envs/aps/lib/python3.10/site-packages/django/template/base.py", line 508, in parse
    compiled_result = compile_func(self, token)
  File "/opt/anaconda3/envs/aps/lib/python3.10/site-packages/django/template/defaulttags.py", line 861, in do_for
    nodelist_loop = parser.parse(
  File "/opt/anaconda3/envs/aps/lib/python3.10/site-packages/django/template/base.py", line 510, in parse
    raise self.error(token, e)
  File "/opt/anaconda3/envs/aps/lib/python3.10/site-packages/django/template/base.py", line 508, in parse
    compiled_result = compile_func(self, token)
  File "/opt/anaconda3/envs/aps/lib/python3.10/site-packages/django/template/defaulttags.py", line 969, in do_if
    nodelist = parser.parse(("elif", "else", "endif"))
  File "/opt/anaconda3/envs/aps/lib/python3.10/site-packages/django/template/base.py", line 504, in parse
    self.invalid_block_tag(token, command, parse_until)
  File "/opt/anaconda3/envs/aps/lib/python3.10/site-packages/django/template/base.py", line 555, in invalid_block_tag
    raise self.error(
django.template.exceptions.TemplateSyntaxError: Invalid block tag on line 547: 'endfor', expected 'elif', 'else' or 'endif'. Did you forget to register or load this tag?

During handling of the above exception, another exception occurred:

Traceback (most recent call last):
  File "/opt/anaconda3/envs/aps/lib/python3.10/site-packages/django/template/base.py", line 502, in parse
    compile_func = self.tags[command]
KeyError: 'endfor'

During handling of the above exception, another exception occurred:

Traceback (most recent call last):
  File "/opt/anaconda3/envs/aps/lib/python3.10/site-packages/django/core/handlers/exception.py", line 55, in inner
    response = get_response(request)
  File "/opt/anaconda3/envs/aps/lib/python3.10/site-packages/django/core/handlers/base.py", line 197, in _get_response
    response = wrapped_callback(request, *callback_args, **callback_kwargs)
  File "/opt/anaconda3/envs/aps/lib/python3.10/site-packages/django/contrib/auth/decorators.py", line 23, in _wrapper_view
    return view_func(request, *args, **kwargs)
  File "/Users/harshalsmac/WORK/ardur/ardurHome/trueAlign/shift/views.py", line 108, in shift_dashboard
    return render(request, 'shift/dashboard.html', {'error': True})
  File "/opt/anaconda3/envs/aps/lib/python3.10/site-packages/django/shortcuts.py", line 25, in render
    content = loader.render_to_string(template_name, context, request, using=using)
  File "/opt/anaconda3/envs/aps/lib/python3.10/site-packages/django/template/loader.py", line 62, in render_to_string
    return template.render(context, request)
  File "/opt/anaconda3/envs/aps/lib/python3.10/site-packages/django/template/backends/django.py", line 61, in render
    return self.template.render(context)
  File "/opt/anaconda3/envs/aps/lib/python3.10/site-packages/django/template/base.py", line 171, in render
    return self._render(context)
  File "/opt/anaconda3/envs/aps/lib/python3.10/site-packages/django/template/base.py", line 163, in _render
    return self.nodelist.render(context)
  File "/opt/anaconda3/envs/aps/lib/python3.10/site-packages/django/template/base.py", line 1000, in render
    return SafeString("".join([node.render_annotated(context) for node in self]))
  File "/opt/anaconda3/envs/aps/lib/python3.10/site-packages/django/template/base.py", line 1000, in <listcomp>
    return SafeString("".join([node.render_annotated(context) for node in self]))
  File "/opt/anaconda3/envs/aps/lib/python3.10/site-packages/django/template/base.py", line 961, in render_annotated
    return self.render(context)
  File "/opt/anaconda3/envs/aps/lib/python3.10/site-packages/django/template/loader_tags.py", line 134, in render
    compiled_parent = self.get_parent(context)
  File "/opt/anaconda3/envs/aps/lib/python3.10/site-packages/django/template/loader_tags.py", line 131, in get_parent
    return self.find_template(parent, context)
  File "/opt/anaconda3/envs/aps/lib/python3.10/site-packages/django/template/loader_tags.py", line 109, in find_template
    template, origin = context.template.engine.find_template(
  File "/opt/anaconda3/envs/aps/lib/python3.10/site-packages/django/template/engine.py", line 159, in find_template
    template = loader.get_template(name, skip=skip)
  File "/opt/anaconda3/envs/aps/lib/python3.10/site-packages/django/template/loaders/cached.py", line 57, in get_template
    template = super().get_template(template_name, skip)
  File "/opt/anaconda3/envs/aps/lib/python3.10/site-packages/django/template/loaders/base.py", line 28, in get_template
    return Template(
  File "/opt/anaconda3/envs/aps/lib/python3.10/site-packages/django/template/base.py", line 154, in __init__
    self.nodelist = self.compile_nodelist()
  File "/opt/anaconda3/envs/aps/lib/python3.10/site-packages/django/template/base.py", line 196, in compile_nodelist
    return parser.parse()
  File "/opt/anaconda3/envs/aps/lib/python3.10/site-packages/django/template/base.py", line 510, in parse
    raise self.error(token, e)
  File "/opt/anaconda3/envs/aps/lib/python3.10/site-packages/django/template/base.py", line 508, in parse
    compiled_result = compile_func(self, token)
  File "/opt/anaconda3/envs/aps/lib/python3.10/site-packages/django/template/defaulttags.py", line 961, in do_if
    nodelist = parser.parse(("elif", "else", "endif"))
  File "/opt/anaconda3/envs/aps/lib/python3.10/site-packages/django/template/base.py", line 510, in parse
    raise self.error(token, e)
  File "/opt/anaconda3/envs/aps/lib/python3.10/site-packages/django/template/base.py", line 508, in parse
    compiled_result = compile_func(self, token)
  File "/opt/anaconda3/envs/aps/lib/python3.10/site-packages/django/template/defaulttags.py", line 861, in do_for
    nodelist_loop = parser.parse(
  File "/opt/anaconda3/envs/aps/lib/python3.10/site-packages/django/template/base.py", line 510, in parse
    raise self.error(token, e)
  File "/opt/anaconda3/envs/aps/lib/python3.10/site-packages/django/template/base.py", line 508, in parse
    compiled_result = compile_func(self, token)
  File "/opt/anaconda3/envs/aps/lib/python3.10/site-packages/django/template/defaulttags.py", line 969, in do_if
    nodelist = parser.parse(("elif", "else", "endif"))
  File "/opt/anaconda3/envs/aps/lib/python3.10/site-packages/django/template/base.py", line 504, in parse
    self.invalid_block_tag(token, command, parse_until)
  File "/opt/anaconda3/envs/aps/lib/python3.10/site-packages/django/template/base.py", line 555, in invalid_block_tag
    raise self.error(
django.template.exceptions.TemplateSyntaxError: Invalid block tag on line 547: 'endfor', expected 'elif', 'else' or 'endif'. Did you forget to register or load this tag?
[2025-08-13 13:22:56] ERROR - django.server - log_message:212 - "GET /shift/ HTTP/1.1" 500 441010
[2025-08-13 13:23:10] ERROR - django.request - log_response:241 - Internal Server Error: /shift/
Traceback (most recent call last):
  File "/opt/anaconda3/envs/aps/lib/python3.10/site-packages/django/template/base.py", line 502, in parse
    compile_func = self.tags[command]
KeyError: 'endfor'

During handling of the above exception, another exception occurred:

Traceback (most recent call last):
  File "/Users/harshalsmac/WORK/ardur/ardurHome/trueAlign/shift/views.py", line 103, in shift_dashboard
    return render(request, 'shift/dashboard.html', context)
  File "/opt/anaconda3/envs/aps/lib/python3.10/site-packages/django/shortcuts.py", line 25, in render
    content = loader.render_to_string(template_name, context, request, using=using)
  File "/opt/anaconda3/envs/aps/lib/python3.10/site-packages/django/template/loader.py", line 62, in render_to_string
    return template.render(context, request)
  File "/opt/anaconda3/envs/aps/lib/python3.10/site-packages/django/template/backends/django.py", line 61, in render
    return self.template.render(context)
  File "/opt/anaconda3/envs/aps/lib/python3.10/site-packages/django/template/base.py", line 171, in render
    return self._render(context)
  File "/opt/anaconda3/envs/aps/lib/python3.10/site-packages/django/template/base.py", line 163, in _render
    return self.nodelist.render(context)
  File "/opt/anaconda3/envs/aps/lib/python3.10/site-packages/django/template/base.py", line 1000, in render
    return SafeString("".join([node.render_annotated(context) for node in self]))
  File "/opt/anaconda3/envs/aps/lib/python3.10/site-packages/django/template/base.py", line 1000, in <listcomp>
    return SafeString("".join([node.render_annotated(context) for node in self]))
  File "/opt/anaconda3/envs/aps/lib/python3.10/site-packages/django/template/base.py", line 961, in render_annotated
    return self.render(context)
  File "/opt/anaconda3/envs/aps/lib/python3.10/site-packages/django/template/loader_tags.py", line 134, in render
    compiled_parent = self.get_parent(context)
  File "/opt/anaconda3/envs/aps/lib/python3.10/site-packages/django/template/loader_tags.py", line 131, in get_parent
    return self.find_template(parent, context)
  File "/opt/anaconda3/envs/aps/lib/python3.10/site-packages/django/template/loader_tags.py", line 109, in find_template
    template, origin = context.template.engine.find_template(
  File "/opt/anaconda3/envs/aps/lib/python3.10/site-packages/django/template/engine.py", line 159, in find_template
    template = loader.get_template(name, skip=skip)
  File "/opt/anaconda3/envs/aps/lib/python3.10/site-packages/django/template/loaders/cached.py", line 57, in get_template
    template = super().get_template(template_name, skip)
  File "/opt/anaconda3/envs/aps/lib/python3.10/site-packages/django/template/loaders/base.py", line 28, in get_template
    return Template(
  File "/opt/anaconda3/envs/aps/lib/python3.10/site-packages/django/template/base.py", line 154, in __init__
    self.nodelist = self.compile_nodelist()
  File "/opt/anaconda3/envs/aps/lib/python3.10/site-packages/django/template/base.py", line 196, in compile_nodelist
    return parser.parse()
  File "/opt/anaconda3/envs/aps/lib/python3.10/site-packages/django/template/base.py", line 510, in parse
    raise self.error(token, e)
  File "/opt/anaconda3/envs/aps/lib/python3.10/site-packages/django/template/base.py", line 508, in parse
    compiled_result = compile_func(self, token)
  File "/opt/anaconda3/envs/aps/lib/python3.10/site-packages/django/template/defaulttags.py", line 961, in do_if
    nodelist = parser.parse(("elif", "else", "endif"))
  File "/opt/anaconda3/envs/aps/lib/python3.10/site-packages/django/template/base.py", line 510, in parse
    raise self.error(token, e)
  File "/opt/anaconda3/envs/aps/lib/python3.10/site-packages/django/template/base.py", line 508, in parse
    compiled_result = compile_func(self, token)
  File "/opt/anaconda3/envs/aps/lib/python3.10/site-packages/django/template/defaulttags.py", line 861, in do_for
    nodelist_loop = parser.parse(
  File "/opt/anaconda3/envs/aps/lib/python3.10/site-packages/django/template/base.py", line 510, in parse
    raise self.error(token, e)
  File "/opt/anaconda3/envs/aps/lib/python3.10/site-packages/django/template/base.py", line 508, in parse
    compiled_result = compile_func(self, token)
  File "/opt/anaconda3/envs/aps/lib/python3.10/site-packages/django/template/defaulttags.py", line 969, in do_if
    nodelist = parser.parse(("elif", "else", "endif"))
  File "/opt/anaconda3/envs/aps/lib/python3.10/site-packages/django/template/base.py", line 504, in parse
    self.invalid_block_tag(token, command, parse_until)
  File "/opt/anaconda3/envs/aps/lib/python3.10/site-packages/django/template/base.py", line 555, in invalid_block_tag
    raise self.error(
django.template.exceptions.TemplateSyntaxError: Invalid block tag on line 547: 'endfor', expected 'elif', 'else' or 'endif'. Did you forget to register or load this tag?

During handling of the above exception, another exception occurred:

Traceback (most recent call last):
  File "/opt/anaconda3/envs/aps/lib/python3.10/site-packages/django/template/base.py", line 502, in parse
    compile_func = self.tags[command]
KeyError: 'endfor'

During handling of the above exception, another exception occurred:

Traceback (most recent call last):
  File "/opt/anaconda3/envs/aps/lib/python3.10/site-packages/django/core/handlers/exception.py", line 55, in inner
    response = get_response(request)
  File "/opt/anaconda3/envs/aps/lib/python3.10/site-packages/django/core/handlers/base.py", line 197, in _get_response
    response = wrapped_callback(request, *callback_args, **callback_kwargs)
  File "/opt/anaconda3/envs/aps/lib/python3.10/site-packages/django/contrib/auth/decorators.py", line 23, in _wrapper_view
    return view_func(request, *args, **kwargs)
  File "/Users/harshalsmac/WORK/ardur/ardurHome/trueAlign/shift/views.py", line 108, in shift_dashboard
    return render(request, 'shift/dashboard.html', {'error': True})
  File "/opt/anaconda3/envs/aps/lib/python3.10/site-packages/django/shortcuts.py", line 25, in render
    content = loader.render_to_string(template_name, context, request, using=using)
  File "/opt/anaconda3/envs/aps/lib/python3.10/site-packages/django/template/loader.py", line 62, in render_to_string
    return template.render(context, request)
  File "/opt/anaconda3/envs/aps/lib/python3.10/site-packages/django/template/backends/django.py", line 61, in render
    return self.template.render(context)
  File "/opt/anaconda3/envs/aps/lib/python3.10/site-packages/django/template/base.py", line 171, in render
    return self._render(context)
  File "/opt/anaconda3/envs/aps/lib/python3.10/site-packages/django/template/base.py", line 163, in _render
    return self.nodelist.render(context)
  File "/opt/anaconda3/envs/aps/lib/python3.10/site-packages/django/template/base.py", line 1000, in render
    return SafeString("".join([node.render_annotated(context) for node in self]))
  File "/opt/anaconda3/envs/aps/lib/python3.10/site-packages/django/template/base.py", line 1000, in <listcomp>
    return SafeString("".join([node.render_annotated(context) for node in self]))
  File "/opt/anaconda3/envs/aps/lib/python3.10/site-packages/django/template/base.py", line 961, in render_annotated
    return self.render(context)
  File "/opt/anaconda3/envs/aps/lib/python3.10/site-packages/django/template/loader_tags.py", line 134, in render
    compiled_parent = self.get_parent(context)
  File "/opt/anaconda3/envs/aps/lib/python3.10/site-packages/django/template/loader_tags.py", line 131, in get_parent
    return self.find_template(parent, context)
  File "/opt/anaconda3/envs/aps/lib/python3.10/site-packages/django/template/loader_tags.py", line 109, in find_template
    template, origin = context.template.engine.find_template(
  File "/opt/anaconda3/envs/aps/lib/python3.10/site-packages/django/template/engine.py", line 159, in find_template
    template = loader.get_template(name, skip=skip)
  File "/opt/anaconda3/envs/aps/lib/python3.10/site-packages/django/template/loaders/cached.py", line 57, in get_template
    template = super().get_template(template_name, skip)
  File "/opt/anaconda3/envs/aps/lib/python3.10/site-packages/django/template/loaders/base.py", line 28, in get_template
    return Template(
  File "/opt/anaconda3/envs/aps/lib/python3.10/site-packages/django/template/base.py", line 154, in __init__
    self.nodelist = self.compile_nodelist()
  File "/opt/anaconda3/envs/aps/lib/python3.10/site-packages/django/template/base.py", line 196, in compile_nodelist
    return parser.parse()
  File "/opt/anaconda3/envs/aps/lib/python3.10/site-packages/django/template/base.py", line 510, in parse
    raise self.error(token, e)
  File "/opt/anaconda3/envs/aps/lib/python3.10/site-packages/django/template/base.py", line 508, in parse
    compiled_result = compile_func(self, token)
  File "/opt/anaconda3/envs/aps/lib/python3.10/site-packages/django/template/defaulttags.py", line 961, in do_if
    nodelist = parser.parse(("elif", "else", "endif"))
  File "/opt/anaconda3/envs/aps/lib/python3.10/site-packages/django/template/base.py", line 510, in parse
    raise self.error(token, e)
  File "/opt/anaconda3/envs/aps/lib/python3.10/site-packages/django/template/base.py", line 508, in parse
    compiled_result = compile_func(self, token)
  File "/opt/anaconda3/envs/aps/lib/python3.10/site-packages/django/template/defaulttags.py", line 861, in do_for
    nodelist_loop = parser.parse(
  File "/opt/anaconda3/envs/aps/lib/python3.10/site-packages/django/template/base.py", line 510, in parse
    raise self.error(token, e)
  File "/opt/anaconda3/envs/aps/lib/python3.10/site-packages/django/template/base.py", line 508, in parse
    compiled_result = compile_func(self, token)
  File "/opt/anaconda3/envs/aps/lib/python3.10/site-packages/django/template/defaulttags.py", line 969, in do_if
    nodelist = parser.parse(("elif", "else", "endif"))
  File "/opt/anaconda3/envs/aps/lib/python3.10/site-packages/django/template/base.py", line 504, in parse
    self.invalid_block_tag(token, command, parse_until)
  File "/opt/anaconda3/envs/aps/lib/python3.10/site-packages/django/template/base.py", line 555, in invalid_block_tag
    raise self.error(
django.template.exceptions.TemplateSyntaxError: Invalid block tag on line 547: 'endfor', expected 'elif', 'else' or 'endif'. Did you forget to register or load this tag?
[2025-08-13 13:23:10] ERROR - django.server - log_message:212 - "GET /shift/ HTTP/1.1" 500 441010
[2025-08-13 13:25:33] ERROR - django.request - log_response:241 - Internal Server Error: /shift/
Traceback (most recent call last):
  File "/opt/anaconda3/envs/aps/lib/python3.10/site-packages/django/template/base.py", line 502, in parse
    compile_func = self.tags[command]
KeyError: 'endfor'

During handling of the above exception, another exception occurred:

Traceback (most recent call last):
  File "/Users/harshalsmac/WORK/ardur/ardurHome/trueAlign/shift/views.py", line 103, in shift_dashboard
    return render(request, 'shift/dashboard.html', context)
  File "/opt/anaconda3/envs/aps/lib/python3.10/site-packages/django/shortcuts.py", line 25, in render
    content = loader.render_to_string(template_name, context, request, using=using)
  File "/opt/anaconda3/envs/aps/lib/python3.10/site-packages/django/template/loader.py", line 62, in render_to_string
    return template.render(context, request)
  File "/opt/anaconda3/envs/aps/lib/python3.10/site-packages/django/template/backends/django.py", line 61, in render
    return self.template.render(context)
  File "/opt/anaconda3/envs/aps/lib/python3.10/site-packages/django/template/base.py", line 171, in render
    return self._render(context)
  File "/opt/anaconda3/envs/aps/lib/python3.10/site-packages/django/template/base.py", line 163, in _render
    return self.nodelist.render(context)
  File "/opt/anaconda3/envs/aps/lib/python3.10/site-packages/django/template/base.py", line 1000, in render
    return SafeString("".join([node.render_annotated(context) for node in self]))
  File "/opt/anaconda3/envs/aps/lib/python3.10/site-packages/django/template/base.py", line 1000, in <listcomp>
    return SafeString("".join([node.render_annotated(context) for node in self]))
  File "/opt/anaconda3/envs/aps/lib/python3.10/site-packages/django/template/base.py", line 961, in render_annotated
    return self.render(context)
  File "/opt/anaconda3/envs/aps/lib/python3.10/site-packages/django/template/loader_tags.py", line 134, in render
    compiled_parent = self.get_parent(context)
  File "/opt/anaconda3/envs/aps/lib/python3.10/site-packages/django/template/loader_tags.py", line 131, in get_parent
    return self.find_template(parent, context)
  File "/opt/anaconda3/envs/aps/lib/python3.10/site-packages/django/template/loader_tags.py", line 109, in find_template
    template, origin = context.template.engine.find_template(
  File "/opt/anaconda3/envs/aps/lib/python3.10/site-packages/django/template/engine.py", line 159, in find_template
    template = loader.get_template(name, skip=skip)
  File "/opt/anaconda3/envs/aps/lib/python3.10/site-packages/django/template/loaders/cached.py", line 57, in get_template
    template = super().get_template(template_name, skip)
  File "/opt/anaconda3/envs/aps/lib/python3.10/site-packages/django/template/loaders/base.py", line 28, in get_template
    return Template(
  File "/opt/anaconda3/envs/aps/lib/python3.10/site-packages/django/template/base.py", line 154, in __init__
    self.nodelist = self.compile_nodelist()
  File "/opt/anaconda3/envs/aps/lib/python3.10/site-packages/django/template/base.py", line 196, in compile_nodelist
    return parser.parse()
  File "/opt/anaconda3/envs/aps/lib/python3.10/site-packages/django/template/base.py", line 510, in parse
    raise self.error(token, e)
  File "/opt/anaconda3/envs/aps/lib/python3.10/site-packages/django/template/base.py", line 508, in parse
    compiled_result = compile_func(self, token)
  File "/opt/anaconda3/envs/aps/lib/python3.10/site-packages/django/template/defaulttags.py", line 961, in do_if
    nodelist = parser.parse(("elif", "else", "endif"))
  File "/opt/anaconda3/envs/aps/lib/python3.10/site-packages/django/template/base.py", line 510, in parse
    raise self.error(token, e)
  File "/opt/anaconda3/envs/aps/lib/python3.10/site-packages/django/template/base.py", line 508, in parse
    compiled_result = compile_func(self, token)
  File "/opt/anaconda3/envs/aps/lib/python3.10/site-packages/django/template/defaulttags.py", line 861, in do_for
    nodelist_loop = parser.parse(
  File "/opt/anaconda3/envs/aps/lib/python3.10/site-packages/django/template/base.py", line 510, in parse
    raise self.error(token, e)
  File "/opt/anaconda3/envs/aps/lib/python3.10/site-packages/django/template/base.py", line 508, in parse
    compiled_result = compile_func(self, token)
  File "/opt/anaconda3/envs/aps/lib/python3.10/site-packages/django/template/defaulttags.py", line 969, in do_if
    nodelist = parser.parse(("elif", "else", "endif"))
  File "/opt/anaconda3/envs/aps/lib/python3.10/site-packages/django/template/base.py", line 504, in parse
    self.invalid_block_tag(token, command, parse_until)
  File "/opt/anaconda3/envs/aps/lib/python3.10/site-packages/django/template/base.py", line 555, in invalid_block_tag
    raise self.error(
django.template.exceptions.TemplateSyntaxError: Invalid block tag on line 541: 'endfor', expected 'elif', 'else' or 'endif'. Did you forget to register or load this tag?

During handling of the above exception, another exception occurred:

Traceback (most recent call last):
  File "/opt/anaconda3/envs/aps/lib/python3.10/site-packages/django/template/base.py", line 502, in parse
    compile_func = self.tags[command]
KeyError: 'endfor'

During handling of the above exception, another exception occurred:

Traceback (most recent call last):
  File "/opt/anaconda3/envs/aps/lib/python3.10/site-packages/django/core/handlers/exception.py", line 55, in inner
    response = get_response(request)
  File "/opt/anaconda3/envs/aps/lib/python3.10/site-packages/django/core/handlers/base.py", line 197, in _get_response
    response = wrapped_callback(request, *callback_args, **callback_kwargs)
  File "/opt/anaconda3/envs/aps/lib/python3.10/site-packages/django/contrib/auth/decorators.py", line 23, in _wrapper_view
    return view_func(request, *args, **kwargs)
  File "/Users/harshalsmac/WORK/ardur/ardurHome/trueAlign/shift/views.py", line 108, in shift_dashboard
    return render(request, 'shift/dashboard.html', {'error': True})
  File "/opt/anaconda3/envs/aps/lib/python3.10/site-packages/django/shortcuts.py", line 25, in render
    content = loader.render_to_string(template_name, context, request, using=using)
  File "/opt/anaconda3/envs/aps/lib/python3.10/site-packages/django/template/loader.py", line 62, in render_to_string
    return template.render(context, request)
  File "/opt/anaconda3/envs/aps/lib/python3.10/site-packages/django/template/backends/django.py", line 61, in render
    return self.template.render(context)
  File "/opt/anaconda3/envs/aps/lib/python3.10/site-packages/django/template/base.py", line 171, in render
    return self._render(context)
  File "/opt/anaconda3/envs/aps/lib/python3.10/site-packages/django/template/base.py", line 163, in _render
    return self.nodelist.render(context)
  File "/opt/anaconda3/envs/aps/lib/python3.10/site-packages/django/template/base.py", line 1000, in render
    return SafeString("".join([node.render_annotated(context) for node in self]))
  File "/opt/anaconda3/envs/aps/lib/python3.10/site-packages/django/template/base.py", line 1000, in <listcomp>
    return SafeString("".join([node.render_annotated(context) for node in self]))
  File "/opt/anaconda3/envs/aps/lib/python3.10/site-packages/django/template/base.py", line 961, in render_annotated
    return self.render(context)
  File "/opt/anaconda3/envs/aps/lib/python3.10/site-packages/django/template/loader_tags.py", line 134, in render
    compiled_parent = self.get_parent(context)
  File "/opt/anaconda3/envs/aps/lib/python3.10/site-packages/django/template/loader_tags.py", line 131, in get_parent
    return self.find_template(parent, context)
  File "/opt/anaconda3/envs/aps/lib/python3.10/site-packages/django/template/loader_tags.py", line 109, in find_template
    template, origin = context.template.engine.find_template(
  File "/opt/anaconda3/envs/aps/lib/python3.10/site-packages/django/template/engine.py", line 159, in find_template
    template = loader.get_template(name, skip=skip)
  File "/opt/anaconda3/envs/aps/lib/python3.10/site-packages/django/template/loaders/cached.py", line 57, in get_template
    template = super().get_template(template_name, skip)
  File "/opt/anaconda3/envs/aps/lib/python3.10/site-packages/django/template/loaders/base.py", line 28, in get_template
    return Template(
  File "/opt/anaconda3/envs/aps/lib/python3.10/site-packages/django/template/base.py", line 154, in __init__
    self.nodelist = self.compile_nodelist()
  File "/opt/anaconda3/envs/aps/lib/python3.10/site-packages/django/template/base.py", line 196, in compile_nodelist
    return parser.parse()
  File "/opt/anaconda3/envs/aps/lib/python3.10/site-packages/django/template/base.py", line 510, in parse
    raise self.error(token, e)
  File "/opt/anaconda3/envs/aps/lib/python3.10/site-packages/django/template/base.py", line 508, in parse
    compiled_result = compile_func(self, token)
  File "/opt/anaconda3/envs/aps/lib/python3.10/site-packages/django/template/defaulttags.py", line 961, in do_if
    nodelist = parser.parse(("elif", "else", "endif"))
  File "/opt/anaconda3/envs/aps/lib/python3.10/site-packages/django/template/base.py", line 510, in parse
    raise self.error(token, e)
  File "/opt/anaconda3/envs/aps/lib/python3.10/site-packages/django/template/base.py", line 508, in parse
    compiled_result = compile_func(self, token)
  File "/opt/anaconda3/envs/aps/lib/python3.10/site-packages/django/template/defaulttags.py", line 861, in do_for
    nodelist_loop = parser.parse(
  File "/opt/anaconda3/envs/aps/lib/python3.10/site-packages/django/template/base.py", line 510, in parse
    raise self.error(token, e)
  File "/opt/anaconda3/envs/aps/lib/python3.10/site-packages/django/template/base.py", line 508, in parse
    compiled_result = compile_func(self, token)
  File "/opt/anaconda3/envs/aps/lib/python3.10/site-packages/django/template/defaulttags.py", line 969, in do_if
    nodelist = parser.parse(("elif", "else", "endif"))
  File "/opt/anaconda3/envs/aps/lib/python3.10/site-packages/django/template/base.py", line 504, in parse
    self.invalid_block_tag(token, command, parse_until)
  File "/opt/anaconda3/envs/aps/lib/python3.10/site-packages/django/template/base.py", line 555, in invalid_block_tag
    raise self.error(
django.template.exceptions.TemplateSyntaxError: Invalid block tag on line 541: 'endfor', expected 'elif', 'else' or 'endif'. Did you forget to register or load this tag?
[2025-08-13 13:25:33] ERROR - django.server - log_message:212 - "GET /shift/ HTTP/1.1" 500 441014
[2025-08-13 13:26:58] ERROR - django.request - log_response:241 - Internal Server Error: /shift/assignments/
Traceback (most recent call last):
  File "/Users/harshalsmac/WORK/ardur/ardurHome/trueAlign/shift/views.py", line 384, in assignment_list
    return render(request, 'shift/assignment_list.html', context)
  File "/opt/anaconda3/envs/aps/lib/python3.10/site-packages/django/shortcuts.py", line 25, in render
    content = loader.render_to_string(template_name, context, request, using=using)
  File "/opt/anaconda3/envs/aps/lib/python3.10/site-packages/django/template/loader.py", line 61, in render_to_string
    template = get_template(template_name, using=using)
  File "/opt/anaconda3/envs/aps/lib/python3.10/site-packages/django/template/loader.py", line 19, in get_template
    raise TemplateDoesNotExist(template_name, chain=chain)
django.template.exceptions.TemplateDoesNotExist: shift/assignment_list.html

During handling of the above exception, another exception occurred:

Traceback (most recent call last):
  File "/opt/anaconda3/envs/aps/lib/python3.10/site-packages/django/core/handlers/exception.py", line 55, in inner
    response = get_response(request)
  File "/opt/anaconda3/envs/aps/lib/python3.10/site-packages/django/core/handlers/base.py", line 197, in _get_response
    response = wrapped_callback(request, *callback_args, **callback_kwargs)
  File "/opt/anaconda3/envs/aps/lib/python3.10/site-packages/django/contrib/auth/decorators.py", line 23, in _wrapper_view
    return view_func(request, *args, **kwargs)
  File "/Users/harshalsmac/WORK/ardur/ardurHome/trueAlign/shift/views.py", line 389, in assignment_list
    return render(request, 'shift/assignment_list.html', {'assignments': []})
  File "/opt/anaconda3/envs/aps/lib/python3.10/site-packages/django/shortcuts.py", line 25, in render
    content = loader.render_to_string(template_name, context, request, using=using)
  File "/opt/anaconda3/envs/aps/lib/python3.10/site-packages/django/template/loader.py", line 61, in render_to_string
    template = get_template(template_name, using=using)
  File "/opt/anaconda3/envs/aps/lib/python3.10/site-packages/django/template/loader.py", line 19, in get_template
    raise TemplateDoesNotExist(template_name, chain=chain)
django.template.exceptions.TemplateDoesNotExist: shift/assignment_list.html
[2025-08-13 13:26:58] ERROR - django.server - log_message:212 - "GET /shift/assignments/ HTTP/1.1" 500 142209
[2025-08-13 13:27:00] ERROR - django.request - log_response:241 - Internal Server Error: /shift/assignments/
Traceback (most recent call last):
  File "/Users/harshalsmac/WORK/ardur/ardurHome/trueAlign/shift/views.py", line 384, in assignment_list
    return render(request, 'shift/assignment_list.html', context)
  File "/opt/anaconda3/envs/aps/lib/python3.10/site-packages/django/shortcuts.py", line 25, in render
    content = loader.render_to_string(template_name, context, request, using=using)
  File "/opt/anaconda3/envs/aps/lib/python3.10/site-packages/django/template/loader.py", line 61, in render_to_string
    template = get_template(template_name, using=using)
  File "/opt/anaconda3/envs/aps/lib/python3.10/site-packages/django/template/loader.py", line 19, in get_template
    raise TemplateDoesNotExist(template_name, chain=chain)
django.template.exceptions.TemplateDoesNotExist: shift/assignment_list.html

During handling of the above exception, another exception occurred:

Traceback (most recent call last):
  File "/opt/anaconda3/envs/aps/lib/python3.10/site-packages/django/core/handlers/exception.py", line 55, in inner
    response = get_response(request)
  File "/opt/anaconda3/envs/aps/lib/python3.10/site-packages/django/core/handlers/base.py", line 197, in _get_response
    response = wrapped_callback(request, *callback_args, **callback_kwargs)
  File "/opt/anaconda3/envs/aps/lib/python3.10/site-packages/django/contrib/auth/decorators.py", line 23, in _wrapper_view
    return view_func(request, *args, **kwargs)
  File "/Users/harshalsmac/WORK/ardur/ardurHome/trueAlign/shift/views.py", line 389, in assignment_list
    return render(request, 'shift/assignment_list.html', {'assignments': []})
  File "/opt/anaconda3/envs/aps/lib/python3.10/site-packages/django/shortcuts.py", line 25, in render
    content = loader.render_to_string(template_name, context, request, using=using)
  File "/opt/anaconda3/envs/aps/lib/python3.10/site-packages/django/template/loader.py", line 61, in render_to_string
    template = get_template(template_name, using=using)
  File "/opt/anaconda3/envs/aps/lib/python3.10/site-packages/django/template/loader.py", line 19, in get_template
    raise TemplateDoesNotExist(template_name, chain=chain)
django.template.exceptions.TemplateDoesNotExist: shift/assignment_list.html
[2025-08-13 13:27:00] ERROR - django.server - log_message:212 - "GET /shift/assignments/ HTTP/1.1" 500 142419
[2025-08-13 13:28:18] ERROR - django.request - log_response:241 - Internal Server Error: /shift/assignments/
Traceback (most recent call last):
  File "/Users/harshalsmac/WORK/ardur/ardurHome/trueAlign/shift/views.py", line 384, in assignment_list
    return render(request, 'shift/assignment_list.html', context)
  File "/opt/anaconda3/envs/aps/lib/python3.10/site-packages/django/shortcuts.py", line 25, in render
    content = loader.render_to_string(template_name, context, request, using=using)
  File "/opt/anaconda3/envs/aps/lib/python3.10/site-packages/django/template/loader.py", line 61, in render_to_string
    template = get_template(template_name, using=using)
  File "/opt/anaconda3/envs/aps/lib/python3.10/site-packages/django/template/loader.py", line 19, in get_template
    raise TemplateDoesNotExist(template_name, chain=chain)
django.template.exceptions.TemplateDoesNotExist: shift/assignment_list.html

During handling of the above exception, another exception occurred:

Traceback (most recent call last):
  File "/opt/anaconda3/envs/aps/lib/python3.10/site-packages/django/core/handlers/exception.py", line 55, in inner
    response = get_response(request)
  File "/opt/anaconda3/envs/aps/lib/python3.10/site-packages/django/core/handlers/base.py", line 197, in _get_response
    response = wrapped_callback(request, *callback_args, **callback_kwargs)
  File "/opt/anaconda3/envs/aps/lib/python3.10/site-packages/django/contrib/auth/decorators.py", line 23, in _wrapper_view
    return view_func(request, *args, **kwargs)
  File "/Users/harshalsmac/WORK/ardur/ardurHome/trueAlign/shift/views.py", line 389, in assignment_list
    return render(request, 'shift/assignment_list.html', {'assignments': []})
  File "/opt/anaconda3/envs/aps/lib/python3.10/site-packages/django/shortcuts.py", line 25, in render
    content = loader.render_to_string(template_name, context, request, using=using)
  File "/opt/anaconda3/envs/aps/lib/python3.10/site-packages/django/template/loader.py", line 61, in render_to_string
    template = get_template(template_name, using=using)
  File "/opt/anaconda3/envs/aps/lib/python3.10/site-packages/django/template/loader.py", line 19, in get_template
    raise TemplateDoesNotExist(template_name, chain=chain)
django.template.exceptions.TemplateDoesNotExist: shift/assignment_list.html
[2025-08-13 13:28:18] ERROR - django.server - log_message:212 - "GET /shift/assignments/ HTTP/1.1" 500 142321
[2025-08-13 13:29:17] ERROR - django.request - log_response:241 - Internal Server Error: /shift/assignments/upload/
Traceback (most recent call last):
  File "/opt/anaconda3/envs/aps/lib/python3.10/site-packages/django/core/handlers/exception.py", line 55, in inner
    response = get_response(request)
  File "/opt/anaconda3/envs/aps/lib/python3.10/site-packages/django/core/handlers/base.py", line 197, in _get_response
    response = wrapped_callback(request, *callback_args, **callback_kwargs)
  File "/opt/anaconda3/envs/aps/lib/python3.10/site-packages/django/contrib/auth/decorators.py", line 23, in _wrapper_view
    return view_func(request, *args, **kwargs)
  File "/Users/harshalsmac/WORK/ardur/ardurHome/trueAlign/shift/decorators.py", line 53, in wrapper_func
    return view_func(request, *args, **kwargs)
  File "/Users/harshalsmac/WORK/ardur/ardurHome/trueAlign/shift/views.py", line 905, in csv_upload_assignments
    return render(request, 'shift/csv_upload_form.html', context)
  File "/opt/anaconda3/envs/aps/lib/python3.10/site-packages/django/shortcuts.py", line 25, in render
    content = loader.render_to_string(template_name, context, request, using=using)
  File "/opt/anaconda3/envs/aps/lib/python3.10/site-packages/django/template/loader.py", line 61, in render_to_string
    template = get_template(template_name, using=using)
  File "/opt/anaconda3/envs/aps/lib/python3.10/site-packages/django/template/loader.py", line 19, in get_template
    raise TemplateDoesNotExist(template_name, chain=chain)
django.template.exceptions.TemplateDoesNotExist: shift/csv_upload_form.html
[2025-08-13 13:29:17] ERROR - django.server - log_message:212 - "GET /shift/assignments/upload/ HTTP/1.1" 500 127080
[2025-08-13 13:29:19] ERROR - django.request - log_response:241 - Internal Server Error: /shift/assignments/bulk/
Traceback (most recent call last):
  File "/opt/anaconda3/envs/aps/lib/python3.10/site-packages/django/core/handlers/exception.py", line 55, in inner
    response = get_response(request)
  File "/opt/anaconda3/envs/aps/lib/python3.10/site-packages/django/core/handlers/base.py", line 197, in _get_response
    response = wrapped_callback(request, *callback_args, **callback_kwargs)
  File "/opt/anaconda3/envs/aps/lib/python3.10/site-packages/django/contrib/auth/decorators.py", line 23, in _wrapper_view
    return view_func(request, *args, **kwargs)
  File "/Users/harshalsmac/WORK/ardur/ardurHome/trueAlign/shift/decorators.py", line 53, in wrapper_func
    return view_func(request, *args, **kwargs)
  File "/Users/harshalsmac/WORK/ardur/ardurHome/trueAlign/shift/views.py", line 523, in bulk_assign_shift
    return render(request, 'shift/bulk_assign_form.html', context)
  File "/opt/anaconda3/envs/aps/lib/python3.10/site-packages/django/shortcuts.py", line 25, in render
    content = loader.render_to_string(template_name, context, request, using=using)
  File "/opt/anaconda3/envs/aps/lib/python3.10/site-packages/django/template/loader.py", line 61, in render_to_string
    template = get_template(template_name, using=using)
  File "/opt/anaconda3/envs/aps/lib/python3.10/site-packages/django/template/loader.py", line 19, in get_template
    raise TemplateDoesNotExist(template_name, chain=chain)
django.template.exceptions.TemplateDoesNotExist: shift/bulk_assign_form.html
[2025-08-13 13:29:19] ERROR - django.server - log_message:212 - "GET /shift/assignments/bulk/ HTTP/1.1" 500 127278
[2025-08-13 13:29:25] ERROR - django.request - log_response:241 - Internal Server Error: /shift/holidays/
Traceback (most recent call last):
  File "/Users/harshalsmac/WORK/ardur/ardurHome/trueAlign/shift/views.py", line 702, in holiday_list
    return render(request, 'shift/holiday_list.html', context)
  File "/opt/anaconda3/envs/aps/lib/python3.10/site-packages/django/shortcuts.py", line 25, in render
    content = loader.render_to_string(template_name, context, request, using=using)
  File "/opt/anaconda3/envs/aps/lib/python3.10/site-packages/django/template/loader.py", line 61, in render_to_string
    template = get_template(template_name, using=using)
  File "/opt/anaconda3/envs/aps/lib/python3.10/site-packages/django/template/loader.py", line 19, in get_template
    raise TemplateDoesNotExist(template_name, chain=chain)
django.template.exceptions.TemplateDoesNotExist: shift/holiday_list.html

During handling of the above exception, another exception occurred:

Traceback (most recent call last):
  File "/opt/anaconda3/envs/aps/lib/python3.10/site-packages/django/core/handlers/exception.py", line 55, in inner
    response = get_response(request)
  File "/opt/anaconda3/envs/aps/lib/python3.10/site-packages/django/core/handlers/base.py", line 197, in _get_response
    response = wrapped_callback(request, *callback_args, **callback_kwargs)
  File "/opt/anaconda3/envs/aps/lib/python3.10/site-packages/django/contrib/auth/decorators.py", line 23, in _wrapper_view
    return view_func(request, *args, **kwargs)
  File "/Users/harshalsmac/WORK/ardur/ardurHome/trueAlign/shift/views.py", line 707, in holiday_list
    return render(request, 'shift/holiday_list.html', {'holidays': []})
  File "/opt/anaconda3/envs/aps/lib/python3.10/site-packages/django/shortcuts.py", line 25, in render
    content = loader.render_to_string(template_name, context, request, using=using)
  File "/opt/anaconda3/envs/aps/lib/python3.10/site-packages/django/template/loader.py", line 61, in render_to_string
    template = get_template(template_name, using=using)
  File "/opt/anaconda3/envs/aps/lib/python3.10/site-packages/django/template/loader.py", line 19, in get_template
    raise TemplateDoesNotExist(template_name, chain=chain)
django.template.exceptions.TemplateDoesNotExist: shift/holiday_list.html
[2025-08-13 13:29:25] ERROR - django.server - log_message:212 - "GET /shift/holidays/ HTTP/1.1" 500 139176
[2025-08-13 13:29:36] ERROR - django.request - log_response:241 - Internal Server Error: /shift/assignments/
Traceback (most recent call last):
  File "/Users/harshalsmac/WORK/ardur/ardurHome/trueAlign/shift/views.py", line 384, in assignment_list
    return render(request, 'shift/assignment_list.html', context)
  File "/opt/anaconda3/envs/aps/lib/python3.10/site-packages/django/shortcuts.py", line 25, in render
    content = loader.render_to_string(template_name, context, request, using=using)
  File "/opt/anaconda3/envs/aps/lib/python3.10/site-packages/django/template/loader.py", line 61, in render_to_string
    template = get_template(template_name, using=using)
  File "/opt/anaconda3/envs/aps/lib/python3.10/site-packages/django/template/loader.py", line 15, in get_template
    return engine.get_template(template_name)
  File "/opt/anaconda3/envs/aps/lib/python3.10/site-packages/django/template/backends/django.py", line 33, in get_template
    return Template(self.engine.get_template(template_name), self)
  File "/opt/anaconda3/envs/aps/lib/python3.10/site-packages/django/template/engine.py", line 177, in get_template
    template, origin = self.find_template(template_name)
  File "/opt/anaconda3/envs/aps/lib/python3.10/site-packages/django/template/engine.py", line 159, in find_template
    template = loader.get_template(name, skip=skip)
  File "/opt/anaconda3/envs/aps/lib/python3.10/site-packages/django/template/loaders/cached.py", line 57, in get_template
    template = super().get_template(template_name, skip)
  File "/opt/anaconda3/envs/aps/lib/python3.10/site-packages/django/template/loaders/base.py", line 28, in get_template
    return Template(
  File "/opt/anaconda3/envs/aps/lib/python3.10/site-packages/django/template/base.py", line 154, in __init__
    self.nodelist = self.compile_nodelist()
  File "/opt/anaconda3/envs/aps/lib/python3.10/site-packages/django/template/base.py", line 196, in compile_nodelist
    return parser.parse()
  File "/opt/anaconda3/envs/aps/lib/python3.10/site-packages/django/template/base.py", line 510, in parse
    raise self.error(token, e)
  File "/opt/anaconda3/envs/aps/lib/python3.10/site-packages/django/template/base.py", line 508, in parse
    compiled_result = compile_func(self, token)
  File "/opt/anaconda3/envs/aps/lib/python3.10/site-packages/django/template/loader_tags.py", line 295, in do_extends
    nodelist = parser.parse()
  File "/opt/anaconda3/envs/aps/lib/python3.10/site-packages/django/template/base.py", line 510, in parse
    raise self.error(token, e)
  File "/opt/anaconda3/envs/aps/lib/python3.10/site-packages/django/template/base.py", line 508, in parse
    compiled_result = compile_func(self, token)
  File "/opt/anaconda3/envs/aps/lib/python3.10/site-packages/django/template/loader_tags.py", line 234, in do_block
    nodelist = parser.parse(("endblock",))
  File "/opt/anaconda3/envs/aps/lib/python3.10/site-packages/django/template/base.py", line 515, in parse
    self.unclosed_block_tag(parse_until)
  File "/opt/anaconda3/envs/aps/lib/python3.10/site-packages/django/template/base.py", line 578, in unclosed_block_tag
    raise self.error(token, msg)
django.template.exceptions.TemplateSyntaxError: Unclosed tag on line 6: 'block'. Looking for one of: endblock.

During handling of the above exception, another exception occurred:

Traceback (most recent call last):
  File "/opt/anaconda3/envs/aps/lib/python3.10/site-packages/django/core/handlers/exception.py", line 55, in inner
    response = get_response(request)
  File "/opt/anaconda3/envs/aps/lib/python3.10/site-packages/django/core/handlers/base.py", line 197, in _get_response
    response = wrapped_callback(request, *callback_args, **callback_kwargs)
  File "/opt/anaconda3/envs/aps/lib/python3.10/site-packages/django/contrib/auth/decorators.py", line 23, in _wrapper_view
    return view_func(request, *args, **kwargs)
  File "/Users/harshalsmac/WORK/ardur/ardurHome/trueAlign/shift/views.py", line 389, in assignment_list
    return render(request, 'shift/assignment_list.html', {'assignments': []})
  File "/opt/anaconda3/envs/aps/lib/python3.10/site-packages/django/shortcuts.py", line 25, in render
    content = loader.render_to_string(template_name, context, request, using=using)
  File "/opt/anaconda3/envs/aps/lib/python3.10/site-packages/django/template/loader.py", line 61, in render_to_string
    template = get_template(template_name, using=using)
  File "/opt/anaconda3/envs/aps/lib/python3.10/site-packages/django/template/loader.py", line 15, in get_template
    return engine.get_template(template_name)
  File "/opt/anaconda3/envs/aps/lib/python3.10/site-packages/django/template/backends/django.py", line 33, in get_template
    return Template(self.engine.get_template(template_name), self)
  File "/opt/anaconda3/envs/aps/lib/python3.10/site-packages/django/template/engine.py", line 177, in get_template
    template, origin = self.find_template(template_name)
  File "/opt/anaconda3/envs/aps/lib/python3.10/site-packages/django/template/engine.py", line 159, in find_template
    template = loader.get_template(name, skip=skip)
  File "/opt/anaconda3/envs/aps/lib/python3.10/site-packages/django/template/loaders/cached.py", line 57, in get_template
    template = super().get_template(template_name, skip)
  File "/opt/anaconda3/envs/aps/lib/python3.10/site-packages/django/template/loaders/base.py", line 28, in get_template
    return Template(
  File "/opt/anaconda3/envs/aps/lib/python3.10/site-packages/django/template/base.py", line 154, in __init__
    self.nodelist = self.compile_nodelist()
  File "/opt/anaconda3/envs/aps/lib/python3.10/site-packages/django/template/base.py", line 196, in compile_nodelist
    return parser.parse()
  File "/opt/anaconda3/envs/aps/lib/python3.10/site-packages/django/template/base.py", line 510, in parse
    raise self.error(token, e)
  File "/opt/anaconda3/envs/aps/lib/python3.10/site-packages/django/template/base.py", line 508, in parse
    compiled_result = compile_func(self, token)
  File "/opt/anaconda3/envs/aps/lib/python3.10/site-packages/django/template/loader_tags.py", line 295, in do_extends
    nodelist = parser.parse()
  File "/opt/anaconda3/envs/aps/lib/python3.10/site-packages/django/template/base.py", line 510, in parse
    raise self.error(token, e)
  File "/opt/anaconda3/envs/aps/lib/python3.10/site-packages/django/template/base.py", line 508, in parse
    compiled_result = compile_func(self, token)
  File "/opt/anaconda3/envs/aps/lib/python3.10/site-packages/django/template/loader_tags.py", line 234, in do_block
    nodelist = parser.parse(("endblock",))
  File "/opt/anaconda3/envs/aps/lib/python3.10/site-packages/django/template/base.py", line 515, in parse
    self.unclosed_block_tag(parse_until)
  File "/opt/anaconda3/envs/aps/lib/python3.10/site-packages/django/template/base.py", line 578, in unclosed_block_tag
    raise self.error(token, msg)
django.template.exceptions.TemplateSyntaxError: Unclosed tag on line 6: 'block'. Looking for one of: endblock.
[2025-08-13 13:29:36] ERROR - django.server - log_message:212 - "GET /shift/assignments/ HTTP/1.1" 500 329320
[2025-08-13 13:31:38] ERROR - django.request - log_response:241 - Internal Server Error: /shift/help/
Traceback (most recent call last):
  File "/opt/anaconda3/envs/aps/lib/python3.10/site-packages/django/core/handlers/exception.py", line 55, in inner
    response = get_response(request)
  File "/opt/anaconda3/envs/aps/lib/python3.10/site-packages/django/core/handlers/base.py", line 197, in _get_response
    response = wrapped_callback(request, *callback_args, **callback_kwargs)
  File "/opt/anaconda3/envs/aps/lib/python3.10/site-packages/django/contrib/auth/decorators.py", line 23, in _wrapper_view
    return view_func(request, *args, **kwargs)
  File "/Users/harshalsmac/WORK/ardur/ardurHome/trueAlign/shift/views.py", line 2161, in help_index
    return render(request, 'shift/help/index.html', context)
  File "/opt/anaconda3/envs/aps/lib/python3.10/site-packages/django/shortcuts.py", line 25, in render
    content = loader.render_to_string(template_name, context, request, using=using)
  File "/opt/anaconda3/envs/aps/lib/python3.10/site-packages/django/template/loader.py", line 61, in render_to_string
    template = get_template(template_name, using=using)
  File "/opt/anaconda3/envs/aps/lib/python3.10/site-packages/django/template/loader.py", line 19, in get_template
    raise TemplateDoesNotExist(template_name, chain=chain)
django.template.exceptions.TemplateDoesNotExist: shift/help/index.html
[2025-08-13 13:31:38] ERROR - django.server - log_message:212 - "GET /shift/help/ HTTP/1.1" 500 122207
[2025-08-13 13:32:50] ERROR - django.request - log_response:241 - Internal Server Error: /shift/assignments/assign/
Traceback (most recent call last):
  File "/opt/anaconda3/envs/aps/lib/python3.10/site-packages/django/core/handlers/exception.py", line 55, in inner
    response = get_response(request)
  File "/opt/anaconda3/envs/aps/lib/python3.10/site-packages/django/core/handlers/base.py", line 197, in _get_response
    response = wrapped_callback(request, *callback_args, **callback_kwargs)
  File "/opt/anaconda3/envs/aps/lib/python3.10/site-packages/django/contrib/auth/decorators.py", line 23, in _wrapper_view
    return view_func(request, *args, **kwargs)
  File "/Users/harshalsmac/WORK/ardur/ardurHome/trueAlign/shift/decorators.py", line 53, in wrapper_func
    return view_func(request, *args, **kwargs)
  File "/Users/harshalsmac/WORK/ardur/ardurHome/trueAlign/shift/views.py", line 461, in assign_shift
    return render(request, 'shift/assign_form.html', context)
  File "/opt/anaconda3/envs/aps/lib/python3.10/site-packages/django/shortcuts.py", line 25, in render
    content = loader.render_to_string(template_name, context, request, using=using)
  File "/opt/anaconda3/envs/aps/lib/python3.10/site-packages/django/template/loader.py", line 61, in render_to_string
    template = get_template(template_name, using=using)
  File "/opt/anaconda3/envs/aps/lib/python3.10/site-packages/django/template/loader.py", line 19, in get_template
    raise TemplateDoesNotExist(template_name, chain=chain)
django.template.exceptions.TemplateDoesNotExist: shift/assign_form.html
[2025-08-13 13:32:50] ERROR - django.server - log_message:212 - "GET /shift/assignments/assign/ HTTP/1.1" 500 127214
[2025-08-13 13:32:52] ERROR - django.request - log_response:241 - Internal Server Error: /shift/assignments/bulk/
Traceback (most recent call last):
  File "/opt/anaconda3/envs/aps/lib/python3.10/site-packages/django/core/handlers/exception.py", line 55, in inner
    response = get_response(request)
  File "/opt/anaconda3/envs/aps/lib/python3.10/site-packages/django/core/handlers/base.py", line 197, in _get_response
    response = wrapped_callback(request, *callback_args, **callback_kwargs)
  File "/opt/anaconda3/envs/aps/lib/python3.10/site-packages/django/contrib/auth/decorators.py", line 23, in _wrapper_view
    return view_func(request, *args, **kwargs)
  File "/Users/harshalsmac/WORK/ardur/ardurHome/trueAlign/shift/decorators.py", line 53, in wrapper_func
    return view_func(request, *args, **kwargs)
  File "/Users/harshalsmac/WORK/ardur/ardurHome/trueAlign/shift/views.py", line 523, in bulk_assign_shift
    return render(request, 'shift/bulk_assign_form.html', context)
  File "/opt/anaconda3/envs/aps/lib/python3.10/site-packages/django/shortcuts.py", line 25, in render
    content = loader.render_to_string(template_name, context, request, using=using)
  File "/opt/anaconda3/envs/aps/lib/python3.10/site-packages/django/template/loader.py", line 61, in render_to_string
    template = get_template(template_name, using=using)
  File "/opt/anaconda3/envs/aps/lib/python3.10/site-packages/django/template/loader.py", line 19, in get_template
    raise TemplateDoesNotExist(template_name, chain=chain)
django.template.exceptions.TemplateDoesNotExist: shift/bulk_assign_form.html
[2025-08-13 13:32:52] ERROR - django.server - log_message:212 - "GET /shift/assignments/bulk/ HTTP/1.1" 500 127278
[2025-08-13 13:32:53] ERROR - django.request - log_response:241 - Internal Server Error: /shift/assignments/upload/
Traceback (most recent call last):
  File "/opt/anaconda3/envs/aps/lib/python3.10/site-packages/django/core/handlers/exception.py", line 55, in inner
    response = get_response(request)
  File "/opt/anaconda3/envs/aps/lib/python3.10/site-packages/django/core/handlers/base.py", line 197, in _get_response
    response = wrapped_callback(request, *callback_args, **callback_kwargs)
  File "/opt/anaconda3/envs/aps/lib/python3.10/site-packages/django/contrib/auth/decorators.py", line 23, in _wrapper_view
    return view_func(request, *args, **kwargs)
  File "/Users/harshalsmac/WORK/ardur/ardurHome/trueAlign/shift/decorators.py", line 53, in wrapper_func
    return view_func(request, *args, **kwargs)
  File "/Users/harshalsmac/WORK/ardur/ardurHome/trueAlign/shift/views.py", line 905, in csv_upload_assignments
    return render(request, 'shift/csv_upload_form.html', context)
  File "/opt/anaconda3/envs/aps/lib/python3.10/site-packages/django/shortcuts.py", line 25, in render
    content = loader.render_to_string(template_name, context, request, using=using)
  File "/opt/anaconda3/envs/aps/lib/python3.10/site-packages/django/template/loader.py", line 61, in render_to_string
    template = get_template(template_name, using=using)
  File "/opt/anaconda3/envs/aps/lib/python3.10/site-packages/django/template/loader.py", line 19, in get_template
    raise TemplateDoesNotExist(template_name, chain=chain)
django.template.exceptions.TemplateDoesNotExist: shift/csv_upload_form.html
[2025-08-13 13:32:53] ERROR - django.server - log_message:212 - "GET /shift/assignments/upload/ HTTP/1.1" 500 127080
[2025-08-13 13:33:02] ERROR - django.request - log_response:241 - Internal Server Error: /shift/holidays/
Traceback (most recent call last):
  File "/Users/harshalsmac/WORK/ardur/ardurHome/trueAlign/shift/views.py", line 702, in holiday_list
    return render(request, 'shift/holiday_list.html', context)
  File "/opt/anaconda3/envs/aps/lib/python3.10/site-packages/django/shortcuts.py", line 25, in render
    content = loader.render_to_string(template_name, context, request, using=using)
  File "/opt/anaconda3/envs/aps/lib/python3.10/site-packages/django/template/loader.py", line 61, in render_to_string
    template = get_template(template_name, using=using)
  File "/opt/anaconda3/envs/aps/lib/python3.10/site-packages/django/template/loader.py", line 19, in get_template
    raise TemplateDoesNotExist(template_name, chain=chain)
django.template.exceptions.TemplateDoesNotExist: shift/holiday_list.html

During handling of the above exception, another exception occurred:

Traceback (most recent call last):
  File "/opt/anaconda3/envs/aps/lib/python3.10/site-packages/django/core/handlers/exception.py", line 55, in inner
    response = get_response(request)
  File "/opt/anaconda3/envs/aps/lib/python3.10/site-packages/django/core/handlers/base.py", line 197, in _get_response
    response = wrapped_callback(request, *callback_args, **callback_kwargs)
  File "/opt/anaconda3/envs/aps/lib/python3.10/site-packages/django/contrib/auth/decorators.py", line 23, in _wrapper_view
    return view_func(request, *args, **kwargs)
  File "/Users/harshalsmac/WORK/ardur/ardurHome/trueAlign/shift/views.py", line 707, in holiday_list
    return render(request, 'shift/holiday_list.html', {'holidays': []})
  File "/opt/anaconda3/envs/aps/lib/python3.10/site-packages/django/shortcuts.py", line 25, in render
    content = loader.render_to_string(template_name, context, request, using=using)
  File "/opt/anaconda3/envs/aps/lib/python3.10/site-packages/django/template/loader.py", line 61, in render_to_string
    template = get_template(template_name, using=using)
  File "/opt/anaconda3/envs/aps/lib/python3.10/site-packages/django/template/loader.py", line 19, in get_template
    raise TemplateDoesNotExist(template_name, chain=chain)
django.template.exceptions.TemplateDoesNotExist: shift/holiday_list.html
[2025-08-13 13:33:02] ERROR - django.server - log_message:212 - "GET /shift/holidays/ HTTP/1.1" 500 139176
[2025-08-13 13:33:40] ERROR - django.request - log_response:241 - Internal Server Error: /shift/assignments/upload/
Traceback (most recent call last):
  File "/opt/anaconda3/envs/aps/lib/python3.10/site-packages/django/core/handlers/exception.py", line 55, in inner
    response = get_response(request)
  File "/opt/anaconda3/envs/aps/lib/python3.10/site-packages/django/core/handlers/base.py", line 197, in _get_response
    response = wrapped_callback(request, *callback_args, **callback_kwargs)
  File "/opt/anaconda3/envs/aps/lib/python3.10/site-packages/django/contrib/auth/decorators.py", line 23, in _wrapper_view
    return view_func(request, *args, **kwargs)
  File "/Users/harshalsmac/WORK/ardur/ardurHome/trueAlign/shift/decorators.py", line 53, in wrapper_func
    return view_func(request, *args, **kwargs)
  File "/Users/harshalsmac/WORK/ardur/ardurHome/trueAlign/shift/views.py", line 905, in csv_upload_assignments
    return render(request, 'shift/csv_upload_form.html', context)
  File "/opt/anaconda3/envs/aps/lib/python3.10/site-packages/django/shortcuts.py", line 25, in render
    content = loader.render_to_string(template_name, context, request, using=using)
  File "/opt/anaconda3/envs/aps/lib/python3.10/site-packages/django/template/loader.py", line 61, in render_to_string
    template = get_template(template_name, using=using)
  File "/opt/anaconda3/envs/aps/lib/python3.10/site-packages/django/template/loader.py", line 19, in get_template
    raise TemplateDoesNotExist(template_name, chain=chain)
django.template.exceptions.TemplateDoesNotExist: shift/csv_upload_form.html
[2025-08-13 13:33:40] ERROR - django.server - log_message:212 - "GET /shift/assignments/upload/ HTTP/1.1" 500 127331
[2025-08-13 13:38:47] ERROR - django.request - log_response:241 - Internal Server Error: /shift/api/users/9/status/
[2025-08-13 13:38:47] ERROR - django.server - log_message:212 - "GET /shift/api/users/9/status/ HTTP/1.1" 500 76
[2025-08-13 13:38:50] ERROR - django.request - log_response:241 - Internal Server Error: /shift/api/shifts/1/
[2025-08-13 13:38:50] ERROR - django.server - log_message:212 - "GET /shift/api/shifts/1/ HTTP/1.1" 500 82
[2025-08-13 13:38:52] ERROR - django.request - log_response:241 - Internal Server Error: /shift/api/conflicts/check/
[2025-08-13 13:38:52] ERROR - django.server - log_message:212 - "POST /shift/api/conflicts/check/ HTTP/1.1" 500 63
[2025-08-13 13:38:54] ERROR - django.request - log_response:241 - Internal Server Error: /shift/api/conflicts/check/
[2025-08-13 13:38:54] ERROR - django.server - log_message:212 - "POST /shift/api/conflicts/check/ HTTP/1.1" 500 63
[2025-08-13 13:39:06] ERROR - django.request - log_response:241 - Internal Server Error: /shift/api/shifts/1/
[2025-08-13 13:39:06] ERROR - django.server - log_message:212 - "GET /shift/api/shifts/1/ HTTP/1.1" 500 82
[2025-08-13 13:39:31] ERROR - django.request - log_response:241 - Internal Server Error: /shift/api/shifts/1/
[2025-08-13 13:39:31] ERROR - django.server - log_message:212 - "GET /shift/api/shifts/1/ HTTP/1.1" 500 82
[2025-08-13 13:45:01] ERROR - django.request - log_response:241 - Internal Server Error: /shift/assignments/bulk/
Traceback (most recent call last):
  File "/opt/anaconda3/envs/aps/lib/python3.10/site-packages/django/core/handlers/exception.py", line 55, in inner
    response = get_response(request)
  File "/opt/anaconda3/envs/aps/lib/python3.10/site-packages/django/core/handlers/base.py", line 197, in _get_response
    response = wrapped_callback(request, *callback_args, **callback_kwargs)
  File "/opt/anaconda3/envs/aps/lib/python3.10/site-packages/django/contrib/auth/decorators.py", line 23, in _wrapper_view
    return view_func(request, *args, **kwargs)
  File "/Users/harshalsmac/WORK/ardur/ardurHome/trueAlign/shift/decorators.py", line 53, in wrapper_func
    return view_func(request, *args, **kwargs)
  File "/Users/harshalsmac/WORK/ardur/ardurHome/trueAlign/shift/views.py", line 589, in bulk_assign_shift
    return render(request, 'shift/bulk_assign_form.html', context)
  File "/opt/anaconda3/envs/aps/lib/python3.10/site-packages/django/shortcuts.py", line 25, in render
    content = loader.render_to_string(template_name, context, request, using=using)
  File "/opt/anaconda3/envs/aps/lib/python3.10/site-packages/django/template/loader.py", line 61, in render_to_string
    template = get_template(template_name, using=using)
  File "/opt/anaconda3/envs/aps/lib/python3.10/site-packages/django/template/loader.py", line 19, in get_template
    raise TemplateDoesNotExist(template_name, chain=chain)
django.template.exceptions.TemplateDoesNotExist: shift/bulk_assign_form.html
[2025-08-13 13:45:01] ERROR - django.server - log_message:212 - "GET /shift/assignments/bulk/ HTTP/1.1" 500 127297
[2025-08-13 13:45:50] ERROR - django.request - log_response:241 - Internal Server Error: /shift/assignments/bulk/
Traceback (most recent call last):
  File "/opt/anaconda3/envs/aps/lib/python3.10/site-packages/django/core/handlers/exception.py", line 55, in inner
    response = get_response(request)
  File "/opt/anaconda3/envs/aps/lib/python3.10/site-packages/django/core/handlers/base.py", line 197, in _get_response
    response = wrapped_callback(request, *callback_args, **callback_kwargs)
  File "/opt/anaconda3/envs/aps/lib/python3.10/site-packages/django/contrib/auth/decorators.py", line 23, in _wrapper_view
    return view_func(request, *args, **kwargs)
  File "/Users/harshalsmac/WORK/ardur/ardurHome/trueAlign/shift/decorators.py", line 53, in wrapper_func
    return view_func(request, *args, **kwargs)
  File "/Users/harshalsmac/WORK/ardur/ardurHome/trueAlign/shift/views.py", line 589, in bulk_assign_shift
    return render(request, 'shift/bulk_assign_form.html', context)
  File "/opt/anaconda3/envs/aps/lib/python3.10/site-packages/django/shortcuts.py", line 25, in render
    content = loader.render_to_string(template_name, context, request, using=using)
  File "/opt/anaconda3/envs/aps/lib/python3.10/site-packages/django/template/loader.py", line 61, in render_to_string
    template = get_template(template_name, using=using)
  File "/opt/anaconda3/envs/aps/lib/python3.10/site-packages/django/template/loader.py", line 19, in get_template
    raise TemplateDoesNotExist(template_name, chain=chain)
django.template.exceptions.TemplateDoesNotExist: shift/bulk_assign_form.html
[2025-08-13 13:45:50] ERROR - django.server - log_message:212 - "GET /shift/assignments/bulk/ HTTP/1.1" 500 127278
[2025-08-13 13:56:43] ERROR - django.request - log_response:241 - Internal Server Error: /shift/
Traceback (most recent call last):
  File "/opt/anaconda3/envs/aps/lib/python3.10/site-packages/django/template/base.py", line 502, in parse
    compile_func = self.tags[command]
KeyError: 'endfor'

During handling of the above exception, another exception occurred:

Traceback (most recent call last):
  File "/Users/harshalsmac/WORK/ardur/ardurHome/trueAlign/shift/views.py", line 103, in shift_dashboard
    return render(request, 'shift/dashboard.html', context)
  File "/opt/anaconda3/envs/aps/lib/python3.10/site-packages/django/shortcuts.py", line 25, in render
    content = loader.render_to_string(template_name, context, request, using=using)
  File "/opt/anaconda3/envs/aps/lib/python3.10/site-packages/django/template/loader.py", line 62, in render_to_string
    return template.render(context, request)
  File "/opt/anaconda3/envs/aps/lib/python3.10/site-packages/django/template/backends/django.py", line 61, in render
    return self.template.render(context)
  File "/opt/anaconda3/envs/aps/lib/python3.10/site-packages/django/template/base.py", line 171, in render
    return self._render(context)
  File "/opt/anaconda3/envs/aps/lib/python3.10/site-packages/django/template/base.py", line 163, in _render
    return self.nodelist.render(context)
  File "/opt/anaconda3/envs/aps/lib/python3.10/site-packages/django/template/base.py", line 1000, in render
    return SafeString("".join([node.render_annotated(context) for node in self]))
  File "/opt/anaconda3/envs/aps/lib/python3.10/site-packages/django/template/base.py", line 1000, in <listcomp>
    return SafeString("".join([node.render_annotated(context) for node in self]))
  File "/opt/anaconda3/envs/aps/lib/python3.10/site-packages/django/template/base.py", line 961, in render_annotated
    return self.render(context)
  File "/opt/anaconda3/envs/aps/lib/python3.10/site-packages/django/template/loader_tags.py", line 134, in render
    compiled_parent = self.get_parent(context)
  File "/opt/anaconda3/envs/aps/lib/python3.10/site-packages/django/template/loader_tags.py", line 131, in get_parent
    return self.find_template(parent, context)
  File "/opt/anaconda3/envs/aps/lib/python3.10/site-packages/django/template/loader_tags.py", line 109, in find_template
    template, origin = context.template.engine.find_template(
  File "/opt/anaconda3/envs/aps/lib/python3.10/site-packages/django/template/engine.py", line 159, in find_template
    template = loader.get_template(name, skip=skip)
  File "/opt/anaconda3/envs/aps/lib/python3.10/site-packages/django/template/loaders/cached.py", line 57, in get_template
    template = super().get_template(template_name, skip)
  File "/opt/anaconda3/envs/aps/lib/python3.10/site-packages/django/template/loaders/base.py", line 28, in get_template
    return Template(
  File "/opt/anaconda3/envs/aps/lib/python3.10/site-packages/django/template/base.py", line 154, in __init__
    self.nodelist = self.compile_nodelist()
  File "/opt/anaconda3/envs/aps/lib/python3.10/site-packages/django/template/base.py", line 196, in compile_nodelist
    return parser.parse()
  File "/opt/anaconda3/envs/aps/lib/python3.10/site-packages/django/template/base.py", line 510, in parse
    raise self.error(token, e)
  File "/opt/anaconda3/envs/aps/lib/python3.10/site-packages/django/template/base.py", line 508, in parse
    compiled_result = compile_func(self, token)
  File "/opt/anaconda3/envs/aps/lib/python3.10/site-packages/django/template/defaulttags.py", line 961, in do_if
    nodelist = parser.parse(("elif", "else", "endif"))
  File "/opt/anaconda3/envs/aps/lib/python3.10/site-packages/django/template/base.py", line 510, in parse
    raise self.error(token, e)
  File "/opt/anaconda3/envs/aps/lib/python3.10/site-packages/django/template/base.py", line 508, in parse
    compiled_result = compile_func(self, token)
  File "/opt/anaconda3/envs/aps/lib/python3.10/site-packages/django/template/defaulttags.py", line 861, in do_for
    nodelist_loop = parser.parse(
  File "/opt/anaconda3/envs/aps/lib/python3.10/site-packages/django/template/base.py", line 510, in parse
    raise self.error(token, e)
  File "/opt/anaconda3/envs/aps/lib/python3.10/site-packages/django/template/base.py", line 508, in parse
    compiled_result = compile_func(self, token)
  File "/opt/anaconda3/envs/aps/lib/python3.10/site-packages/django/template/defaulttags.py", line 969, in do_if
    nodelist = parser.parse(("elif", "else", "endif"))
  File "/opt/anaconda3/envs/aps/lib/python3.10/site-packages/django/template/base.py", line 504, in parse
    self.invalid_block_tag(token, command, parse_until)
  File "/opt/anaconda3/envs/aps/lib/python3.10/site-packages/django/template/base.py", line 555, in invalid_block_tag
    raise self.error(
django.template.exceptions.TemplateSyntaxError: Invalid block tag on line 547: 'endfor', expected 'elif', 'else' or 'endif'. Did you forget to register or load this tag?

During handling of the above exception, another exception occurred:

Traceback (most recent call last):
  File "/opt/anaconda3/envs/aps/lib/python3.10/site-packages/django/template/base.py", line 502, in parse
    compile_func = self.tags[command]
KeyError: 'endfor'

During handling of the above exception, another exception occurred:

Traceback (most recent call last):
  File "/opt/anaconda3/envs/aps/lib/python3.10/site-packages/django/core/handlers/exception.py", line 55, in inner
    response = get_response(request)
  File "/opt/anaconda3/envs/aps/lib/python3.10/site-packages/django/core/handlers/base.py", line 197, in _get_response
    response = wrapped_callback(request, *callback_args, **callback_kwargs)
  File "/opt/anaconda3/envs/aps/lib/python3.10/site-packages/django/contrib/auth/decorators.py", line 23, in _wrapper_view
    return view_func(request, *args, **kwargs)
  File "/Users/harshalsmac/WORK/ardur/ardurHome/trueAlign/shift/views.py", line 108, in shift_dashboard
    return render(request, 'shift/dashboard.html', {'error': True})
  File "/opt/anaconda3/envs/aps/lib/python3.10/site-packages/django/shortcuts.py", line 25, in render
    content = loader.render_to_string(template_name, context, request, using=using)
  File "/opt/anaconda3/envs/aps/lib/python3.10/site-packages/django/template/loader.py", line 62, in render_to_string
    return template.render(context, request)
  File "/opt/anaconda3/envs/aps/lib/python3.10/site-packages/django/template/backends/django.py", line 61, in render
    return self.template.render(context)
  File "/opt/anaconda3/envs/aps/lib/python3.10/site-packages/django/template/base.py", line 171, in render
    return self._render(context)
  File "/opt/anaconda3/envs/aps/lib/python3.10/site-packages/django/template/base.py", line 163, in _render
    return self.nodelist.render(context)
  File "/opt/anaconda3/envs/aps/lib/python3.10/site-packages/django/template/base.py", line 1000, in render
    return SafeString("".join([node.render_annotated(context) for node in self]))
  File "/opt/anaconda3/envs/aps/lib/python3.10/site-packages/django/template/base.py", line 1000, in <listcomp>
    return SafeString("".join([node.render_annotated(context) for node in self]))
  File "/opt/anaconda3/envs/aps/lib/python3.10/site-packages/django/template/base.py", line 961, in render_annotated
    return self.render(context)
  File "/opt/anaconda3/envs/aps/lib/python3.10/site-packages/django/template/loader_tags.py", line 134, in render
    compiled_parent = self.get_parent(context)
  File "/opt/anaconda3/envs/aps/lib/python3.10/site-packages/django/template/loader_tags.py", line 131, in get_parent
    return self.find_template(parent, context)
  File "/opt/anaconda3/envs/aps/lib/python3.10/site-packages/django/template/loader_tags.py", line 109, in find_template
    template, origin = context.template.engine.find_template(
  File "/opt/anaconda3/envs/aps/lib/python3.10/site-packages/django/template/engine.py", line 159, in find_template
    template = loader.get_template(name, skip=skip)
  File "/opt/anaconda3/envs/aps/lib/python3.10/site-packages/django/template/loaders/cached.py", line 57, in get_template
    template = super().get_template(template_name, skip)
  File "/opt/anaconda3/envs/aps/lib/python3.10/site-packages/django/template/loaders/base.py", line 28, in get_template
    return Template(
  File "/opt/anaconda3/envs/aps/lib/python3.10/site-packages/django/template/base.py", line 154, in __init__
    self.nodelist = self.compile_nodelist()
  File "/opt/anaconda3/envs/aps/lib/python3.10/site-packages/django/template/base.py", line 196, in compile_nodelist
    return parser.parse()
  File "/opt/anaconda3/envs/aps/lib/python3.10/site-packages/django/template/base.py", line 510, in parse
    raise self.error(token, e)
  File "/opt/anaconda3/envs/aps/lib/python3.10/site-packages/django/template/base.py", line 508, in parse
    compiled_result = compile_func(self, token)
  File "/opt/anaconda3/envs/aps/lib/python3.10/site-packages/django/template/defaulttags.py", line 961, in do_if
    nodelist = parser.parse(("elif", "else", "endif"))
  File "/opt/anaconda3/envs/aps/lib/python3.10/site-packages/django/template/base.py", line 510, in parse
    raise self.error(token, e)
  File "/opt/anaconda3/envs/aps/lib/python3.10/site-packages/django/template/base.py", line 508, in parse
    compiled_result = compile_func(self, token)
  File "/opt/anaconda3/envs/aps/lib/python3.10/site-packages/django/template/defaulttags.py", line 861, in do_for
    nodelist_loop = parser.parse(
  File "/opt/anaconda3/envs/aps/lib/python3.10/site-packages/django/template/base.py", line 510, in parse
    raise self.error(token, e)
  File "/opt/anaconda3/envs/aps/lib/python3.10/site-packages/django/template/base.py", line 508, in parse
    compiled_result = compile_func(self, token)
  File "/opt/anaconda3/envs/aps/lib/python3.10/site-packages/django/template/defaulttags.py", line 969, in do_if
    nodelist = parser.parse(("elif", "else", "endif"))
  File "/opt/anaconda3/envs/aps/lib/python3.10/site-packages/django/template/base.py", line 504, in parse
    self.invalid_block_tag(token, command, parse_until)
  File "/opt/anaconda3/envs/aps/lib/python3.10/site-packages/django/template/base.py", line 555, in invalid_block_tag
    raise self.error(
django.template.exceptions.TemplateSyntaxError: Invalid block tag on line 547: 'endfor', expected 'elif', 'else' or 'endif'. Did you forget to register or load this tag?
[2025-08-13 13:56:43] ERROR - django.server - log_message:212 - "GET /shift/ HTTP/1.1" 500 441765
[2025-08-13 14:01:54] ERROR - django.request - log_response:241 - Internal Server Error: /shift/assignments/upload/
Traceback (most recent call last):
  File "/opt/anaconda3/envs/aps/lib/python3.10/site-packages/django/core/handlers/exception.py", line 55, in inner
    response = get_response(request)
  File "/opt/anaconda3/envs/aps/lib/python3.10/site-packages/django/core/handlers/base.py", line 197, in _get_response
    response = wrapped_callback(request, *callback_args, **callback_kwargs)
  File "/opt/anaconda3/envs/aps/lib/python3.10/site-packages/django/contrib/auth/decorators.py", line 23, in _wrapper_view
    return view_func(request, *args, **kwargs)
  File "/Users/harshalsmac/WORK/ardur/ardurHome/trueAlign/shift/decorators.py", line 53, in wrapper_func
    return view_func(request, *args, **kwargs)
  File "/Users/harshalsmac/WORK/ardur/ardurHome/trueAlign/shift/views.py", line 971, in csv_upload_assignments
    return render(request, 'shift/csv_upload_form.html', context)
  File "/opt/anaconda3/envs/aps/lib/python3.10/site-packages/django/shortcuts.py", line 25, in render
    content = loader.render_to_string(template_name, context, request, using=using)
  File "/opt/anaconda3/envs/aps/lib/python3.10/site-packages/django/template/loader.py", line 61, in render_to_string
    template = get_template(template_name, using=using)
  File "/opt/anaconda3/envs/aps/lib/python3.10/site-packages/django/template/loader.py", line 19, in get_template
    raise TemplateDoesNotExist(template_name, chain=chain)
django.template.exceptions.TemplateDoesNotExist: shift/csv_upload_form.html
[2025-08-13 14:01:54] ERROR - django.server - log_message:212 - "GET /shift/assignments/upload/ HTTP/1.1" 500 127080
[2025-09-06 09:54:35] ERROR - django.request - log_response:241 - Internal Server Error: /dashboard/
Traceback (most recent call last):
  File "/opt/anaconda3/envs/aps/lib/python3.10/site-packages/django/template/base.py", line 502, in parse
    compile_func = self.tags[command]
KeyError: 'endblock'

During handling of the above exception, another exception occurred:

Traceback (most recent call last):
  File "/Users/harshalsmac/WORK/ardur/ardurHome/trueAlign/core/views.py", line 799, in dashboard_view
    return render(request, 'dashboard.html', context)
  File "/opt/anaconda3/envs/aps/lib/python3.10/site-packages/django/shortcuts.py", line 25, in render
    content = loader.render_to_string(template_name, context, request, using=using)
  File "/opt/anaconda3/envs/aps/lib/python3.10/site-packages/django/template/loader.py", line 61, in render_to_string
    template = get_template(template_name, using=using)
  File "/opt/anaconda3/envs/aps/lib/python3.10/site-packages/django/template/loader.py", line 15, in get_template
    return engine.get_template(template_name)
  File "/opt/anaconda3/envs/aps/lib/python3.10/site-packages/django/template/backends/django.py", line 33, in get_template
    return Template(self.engine.get_template(template_name), self)
  File "/opt/anaconda3/envs/aps/lib/python3.10/site-packages/django/template/engine.py", line 177, in get_template
    template, origin = self.find_template(template_name)
  File "/opt/anaconda3/envs/aps/lib/python3.10/site-packages/django/template/engine.py", line 159, in find_template
    template = loader.get_template(name, skip=skip)
  File "/opt/anaconda3/envs/aps/lib/python3.10/site-packages/django/template/loaders/cached.py", line 57, in get_template
    template = super().get_template(template_name, skip)
  File "/opt/anaconda3/envs/aps/lib/python3.10/site-packages/django/template/loaders/base.py", line 28, in get_template
    return Template(
  File "/opt/anaconda3/envs/aps/lib/python3.10/site-packages/django/template/base.py", line 154, in __init__
    self.nodelist = self.compile_nodelist()
  File "/opt/anaconda3/envs/aps/lib/python3.10/site-packages/django/template/base.py", line 196, in compile_nodelist
    return parser.parse()
  File "/opt/anaconda3/envs/aps/lib/python3.10/site-packages/django/template/base.py", line 510, in parse
    raise self.error(token, e)
  File "/opt/anaconda3/envs/aps/lib/python3.10/site-packages/django/template/base.py", line 508, in parse
    compiled_result = compile_func(self, token)
  File "/opt/anaconda3/envs/aps/lib/python3.10/site-packages/django/template/loader_tags.py", line 295, in do_extends
    nodelist = parser.parse()
  File "/opt/anaconda3/envs/aps/lib/python3.10/site-packages/django/template/base.py", line 510, in parse
    raise self.error(token, e)
  File "/opt/anaconda3/envs/aps/lib/python3.10/site-packages/django/template/base.py", line 508, in parse
    compiled_result = compile_func(self, token)
  File "/opt/anaconda3/envs/aps/lib/python3.10/site-packages/django/template/loader_tags.py", line 234, in do_block
    nodelist = parser.parse(("endblock",))
  File "/opt/anaconda3/envs/aps/lib/python3.10/site-packages/django/template/base.py", line 510, in parse
    raise self.error(token, e)
  File "/opt/anaconda3/envs/aps/lib/python3.10/site-packages/django/template/base.py", line 508, in parse
    compiled_result = compile_func(self, token)
  File "/opt/anaconda3/envs/aps/lib/python3.10/site-packages/django/template/defaulttags.py", line 969, in do_if
    nodelist = parser.parse(("elif", "else", "endif"))
  File "/opt/anaconda3/envs/aps/lib/python3.10/site-packages/django/template/base.py", line 504, in parse
    self.invalid_block_tag(token, command, parse_until)
  File "/opt/anaconda3/envs/aps/lib/python3.10/site-packages/django/template/base.py", line 555, in invalid_block_tag
    raise self.error(
django.template.exceptions.TemplateSyntaxError: Invalid block tag on line 426: 'endblock', expected 'elif', 'else' or 'endif'. Did you forget to register or load this tag?

During handling of the above exception, another exception occurred:

Traceback (most recent call last):
  File "/opt/anaconda3/envs/aps/lib/python3.10/site-packages/django/template/base.py", line 502, in parse
    compile_func = self.tags[command]
KeyError: 'endblock'

During handling of the above exception, another exception occurred:

Traceback (most recent call last):
  File "/opt/anaconda3/envs/aps/lib/python3.10/site-packages/django/core/handlers/exception.py", line 55, in inner
    response = get_response(request)
  File "/opt/anaconda3/envs/aps/lib/python3.10/site-packages/django/core/handlers/base.py", line 197, in _get_response
    response = wrapped_callback(request, *callback_args, **callback_kwargs)
  File "/opt/anaconda3/envs/aps/lib/python3.10/site-packages/django/contrib/auth/decorators.py", line 23, in _wrapper_view
    return view_func(request, *args, **kwargs)
  File "/Users/harshalsmac/WORK/ardur/ardurHome/trueAlign/core/views.py", line 804, in dashboard_view
    return render(request, 'dashboard.html', {
  File "/opt/anaconda3/envs/aps/lib/python3.10/site-packages/django/shortcuts.py", line 25, in render
    content = loader.render_to_string(template_name, context, request, using=using)
  File "/opt/anaconda3/envs/aps/lib/python3.10/site-packages/django/template/loader.py", line 61, in render_to_string
    template = get_template(template_name, using=using)
  File "/opt/anaconda3/envs/aps/lib/python3.10/site-packages/django/template/loader.py", line 15, in get_template
    return engine.get_template(template_name)
  File "/opt/anaconda3/envs/aps/lib/python3.10/site-packages/django/template/backends/django.py", line 33, in get_template
    return Template(self.engine.get_template(template_name), self)
  File "/opt/anaconda3/envs/aps/lib/python3.10/site-packages/django/template/engine.py", line 177, in get_template
    template, origin = self.find_template(template_name)
  File "/opt/anaconda3/envs/aps/lib/python3.10/site-packages/django/template/engine.py", line 159, in find_template
    template = loader.get_template(name, skip=skip)
  File "/opt/anaconda3/envs/aps/lib/python3.10/site-packages/django/template/loaders/cached.py", line 57, in get_template
    template = super().get_template(template_name, skip)
  File "/opt/anaconda3/envs/aps/lib/python3.10/site-packages/django/template/loaders/base.py", line 28, in get_template
    return Template(
  File "/opt/anaconda3/envs/aps/lib/python3.10/site-packages/django/template/base.py", line 154, in __init__
    self.nodelist = self.compile_nodelist()
  File "/opt/anaconda3/envs/aps/lib/python3.10/site-packages/django/template/base.py", line 196, in compile_nodelist
    return parser.parse()
  File "/opt/anaconda3/envs/aps/lib/python3.10/site-packages/django/template/base.py", line 510, in parse
    raise self.error(token, e)
  File "/opt/anaconda3/envs/aps/lib/python3.10/site-packages/django/template/base.py", line 508, in parse
    compiled_result = compile_func(self, token)
  File "/opt/anaconda3/envs/aps/lib/python3.10/site-packages/django/template/loader_tags.py", line 295, in do_extends
    nodelist = parser.parse()
  File "/opt/anaconda3/envs/aps/lib/python3.10/site-packages/django/template/base.py", line 510, in parse
    raise self.error(token, e)
  File "/opt/anaconda3/envs/aps/lib/python3.10/site-packages/django/template/base.py", line 508, in parse
    compiled_result = compile_func(self, token)
  File "/opt/anaconda3/envs/aps/lib/python3.10/site-packages/django/template/loader_tags.py", line 234, in do_block
    nodelist = parser.parse(("endblock",))
  File "/opt/anaconda3/envs/aps/lib/python3.10/site-packages/django/template/base.py", line 510, in parse
    raise self.error(token, e)
  File "/opt/anaconda3/envs/aps/lib/python3.10/site-packages/django/template/base.py", line 508, in parse
    compiled_result = compile_func(self, token)
  File "/opt/anaconda3/envs/aps/lib/python3.10/site-packages/django/template/defaulttags.py", line 969, in do_if
    nodelist = parser.parse(("elif", "else", "endif"))
  File "/opt/anaconda3/envs/aps/lib/python3.10/site-packages/django/template/base.py", line 504, in parse
    self.invalid_block_tag(token, command, parse_until)
  File "/opt/anaconda3/envs/aps/lib/python3.10/site-packages/django/template/base.py", line 555, in invalid_block_tag
    raise self.error(
django.template.exceptions.TemplateSyntaxError: Invalid block tag on line 426: 'endblock', expected 'elif', 'else' or 'endif'. Did you forget to register or load this tag?
[2025-09-06 09:54:35] ERROR - django.server - log_message:212 - "GET /dashboard/ HTTP/1.1" 500 361458
[2025-09-10 10:53:01] ERROR - django.request - log_response:241 - Internal Server Error: /notes/
Traceback (most recent call last):
  File "/opt/anaconda3/envs/aps/lib/python3.10/site-packages/django/core/handlers/exception.py", line 55, in inner
    response = get_response(request)
  File "/opt/anaconda3/envs/aps/lib/python3.10/site-packages/django/core/handlers/base.py", line 197, in _get_response
    response = wrapped_callback(request, *callback_args, **callback_kwargs)
  File "/opt/anaconda3/envs/aps/lib/python3.10/site-packages/django/contrib/auth/decorators.py", line 23, in _wrapper_view
    return view_func(request, *args, **kwargs)
  File "/Users/harshalsmac/WORK/ardur/ardurHome/trueAlign/notes/views.py", line 97, in global_update_list
    return render(request, 'notes/global_update_list.html', context)
  File "/opt/anaconda3/envs/aps/lib/python3.10/site-packages/django/shortcuts.py", line 25, in render
    content = loader.render_to_string(template_name, context, request, using=using)
  File "/opt/anaconda3/envs/aps/lib/python3.10/site-packages/django/template/loader.py", line 61, in render_to_string
    template = get_template(template_name, using=using)
  File "/opt/anaconda3/envs/aps/lib/python3.10/site-packages/django/template/loader.py", line 19, in get_template
    raise TemplateDoesNotExist(template_name, chain=chain)
django.template.exceptions.TemplateDoesNotExist: notes/global_update_list.html
[2025-09-10 10:53:01] ERROR - django.server - log_message:212 - "GET /notes/ HTTP/1.1" 500 120275
[2025-09-10 11:40:00] ERROR - django.request - log_response:241 - Internal Server Error: /dashboard/
Traceback (most recent call last):
  File "/opt/anaconda3/envs/aps/lib/python3.10/site-packages/django/template/base.py", line 502, in parse
    compile_func = self.tags[command]
KeyError: 'endif'

During handling of the above exception, another exception occurred:

Traceback (most recent call last):
  File "/Users/harshalsmac/WORK/ardur/ardurHome/trueAlign/core/views.py", line 799, in dashboard_view
    return render(request, 'dashboard.html', context)
  File "/opt/anaconda3/envs/aps/lib/python3.10/site-packages/django/shortcuts.py", line 25, in render
    content = loader.render_to_string(template_name, context, request, using=using)
  File "/opt/anaconda3/envs/aps/lib/python3.10/site-packages/django/template/loader.py", line 61, in render_to_string
    template = get_template(template_name, using=using)
  File "/opt/anaconda3/envs/aps/lib/python3.10/site-packages/django/template/loader.py", line 15, in get_template
    return engine.get_template(template_name)
  File "/opt/anaconda3/envs/aps/lib/python3.10/site-packages/django/template/backends/django.py", line 33, in get_template
    return Template(self.engine.get_template(template_name), self)
  File "/opt/anaconda3/envs/aps/lib/python3.10/site-packages/django/template/engine.py", line 177, in get_template
    template, origin = self.find_template(template_name)
  File "/opt/anaconda3/envs/aps/lib/python3.10/site-packages/django/template/engine.py", line 159, in find_template
    template = loader.get_template(name, skip=skip)
  File "/opt/anaconda3/envs/aps/lib/python3.10/site-packages/django/template/loaders/cached.py", line 57, in get_template
    template = super().get_template(template_name, skip)
  File "/opt/anaconda3/envs/aps/lib/python3.10/site-packages/django/template/loaders/base.py", line 28, in get_template
    return Template(
  File "/opt/anaconda3/envs/aps/lib/python3.10/site-packages/django/template/base.py", line 154, in __init__
    self.nodelist = self.compile_nodelist()
  File "/opt/anaconda3/envs/aps/lib/python3.10/site-packages/django/template/base.py", line 196, in compile_nodelist
    return parser.parse()
  File "/opt/anaconda3/envs/aps/lib/python3.10/site-packages/django/template/base.py", line 510, in parse
    raise self.error(token, e)
  File "/opt/anaconda3/envs/aps/lib/python3.10/site-packages/django/template/base.py", line 508, in parse
    compiled_result = compile_func(self, token)
  File "/opt/anaconda3/envs/aps/lib/python3.10/site-packages/django/template/loader_tags.py", line 295, in do_extends
    nodelist = parser.parse()
  File "/opt/anaconda3/envs/aps/lib/python3.10/site-packages/django/template/base.py", line 510, in parse
    raise self.error(token, e)
  File "/opt/anaconda3/envs/aps/lib/python3.10/site-packages/django/template/base.py", line 508, in parse
    compiled_result = compile_func(self, token)
  File "/opt/anaconda3/envs/aps/lib/python3.10/site-packages/django/template/loader_tags.py", line 234, in do_block
    nodelist = parser.parse(("endblock",))
  File "/opt/anaconda3/envs/aps/lib/python3.10/site-packages/django/template/base.py", line 504, in parse
    self.invalid_block_tag(token, command, parse_until)
  File "/opt/anaconda3/envs/aps/lib/python3.10/site-packages/django/template/base.py", line 555, in invalid_block_tag
    raise self.error(
django.template.exceptions.TemplateSyntaxError: Invalid block tag on line 165: 'endif', expected 'endblock'. Did you forget to register or load this tag?

During handling of the above exception, another exception occurred:

Traceback (most recent call last):
  File "/opt/anaconda3/envs/aps/lib/python3.10/site-packages/django/template/base.py", line 502, in parse
    compile_func = self.tags[command]
KeyError: 'endif'

During handling of the above exception, another exception occurred:

Traceback (most recent call last):
  File "/opt/anaconda3/envs/aps/lib/python3.10/site-packages/django/core/handlers/exception.py", line 55, in inner
    response = get_response(request)
  File "/opt/anaconda3/envs/aps/lib/python3.10/site-packages/django/core/handlers/base.py", line 197, in _get_response
    response = wrapped_callback(request, *callback_args, **callback_kwargs)
  File "/opt/anaconda3/envs/aps/lib/python3.10/site-packages/django/contrib/auth/decorators.py", line 23, in _wrapper_view
    return view_func(request, *args, **kwargs)
  File "/Users/harshalsmac/WORK/ardur/ardurHome/trueAlign/core/views.py", line 804, in dashboard_view
    return render(request, 'dashboard.html', {
  File "/opt/anaconda3/envs/aps/lib/python3.10/site-packages/django/shortcuts.py", line 25, in render
    content = loader.render_to_string(template_name, context, request, using=using)
  File "/opt/anaconda3/envs/aps/lib/python3.10/site-packages/django/template/loader.py", line 61, in render_to_string
    template = get_template(template_name, using=using)
  File "/opt/anaconda3/envs/aps/lib/python3.10/site-packages/django/template/loader.py", line 15, in get_template
    return engine.get_template(template_name)
  File "/opt/anaconda3/envs/aps/lib/python3.10/site-packages/django/template/backends/django.py", line 33, in get_template
    return Template(self.engine.get_template(template_name), self)
  File "/opt/anaconda3/envs/aps/lib/python3.10/site-packages/django/template/engine.py", line 177, in get_template
    template, origin = self.find_template(template_name)
  File "/opt/anaconda3/envs/aps/lib/python3.10/site-packages/django/template/engine.py", line 159, in find_template
    template = loader.get_template(name, skip=skip)
  File "/opt/anaconda3/envs/aps/lib/python3.10/site-packages/django/template/loaders/cached.py", line 57, in get_template
    template = super().get_template(template_name, skip)
  File "/opt/anaconda3/envs/aps/lib/python3.10/site-packages/django/template/loaders/base.py", line 28, in get_template
    return Template(
  File "/opt/anaconda3/envs/aps/lib/python3.10/site-packages/django/template/base.py", line 154, in __init__
    self.nodelist = self.compile_nodelist()
  File "/opt/anaconda3/envs/aps/lib/python3.10/site-packages/django/template/base.py", line 196, in compile_nodelist
    return parser.parse()
  File "/opt/anaconda3/envs/aps/lib/python3.10/site-packages/django/template/base.py", line 510, in parse
    raise self.error(token, e)
  File "/opt/anaconda3/envs/aps/lib/python3.10/site-packages/django/template/base.py", line 508, in parse
    compiled_result = compile_func(self, token)
  File "/opt/anaconda3/envs/aps/lib/python3.10/site-packages/django/template/loader_tags.py", line 295, in do_extends
    nodelist = parser.parse()
  File "/opt/anaconda3/envs/aps/lib/python3.10/site-packages/django/template/base.py", line 510, in parse
    raise self.error(token, e)
  File "/opt/anaconda3/envs/aps/lib/python3.10/site-packages/django/template/base.py", line 508, in parse
    compiled_result = compile_func(self, token)
  File "/opt/anaconda3/envs/aps/lib/python3.10/site-packages/django/template/loader_tags.py", line 234, in do_block
    nodelist = parser.parse(("endblock",))
  File "/opt/anaconda3/envs/aps/lib/python3.10/site-packages/django/template/base.py", line 504, in parse
    self.invalid_block_tag(token, command, parse_until)
  File "/opt/anaconda3/envs/aps/lib/python3.10/site-packages/django/template/base.py", line 555, in invalid_block_tag
    raise self.error(
django.template.exceptions.TemplateSyntaxError: Invalid block tag on line 165: 'endif', expected 'endblock'. Did you forget to register or load this tag?
[2025-09-10 11:40:00] ERROR - django.server - log_message:212 - "GET /dashboard/ HTTP/1.1" 500 331875
[2025-09-10 12:03:35] ERROR - django.request - log_response:241 - Internal Server Error: /dashboard/
Traceback (most recent call last):
  File "/opt/anaconda3/envs/aps/lib/python3.10/site-packages/django/template/base.py", line 502, in parse
    compile_func = self.tags[command]
KeyError: 'endif'

During handling of the above exception, another exception occurred:

Traceback (most recent call last):
  File "/Users/harshalsmac/WORK/ardur/ardurHome/trueAlign/core/views.py", line 799, in dashboard_view
    return render(request, 'dashboard.html', context)
  File "/opt/anaconda3/envs/aps/lib/python3.10/site-packages/django/shortcuts.py", line 25, in render
    content = loader.render_to_string(template_name, context, request, using=using)
  File "/opt/anaconda3/envs/aps/lib/python3.10/site-packages/django/template/loader.py", line 61, in render_to_string
    template = get_template(template_name, using=using)
  File "/opt/anaconda3/envs/aps/lib/python3.10/site-packages/django/template/loader.py", line 15, in get_template
    return engine.get_template(template_name)
  File "/opt/anaconda3/envs/aps/lib/python3.10/site-packages/django/template/backends/django.py", line 33, in get_template
    return Template(self.engine.get_template(template_name), self)
  File "/opt/anaconda3/envs/aps/lib/python3.10/site-packages/django/template/engine.py", line 177, in get_template
    template, origin = self.find_template(template_name)
  File "/opt/anaconda3/envs/aps/lib/python3.10/site-packages/django/template/engine.py", line 159, in find_template
    template = loader.get_template(name, skip=skip)
  File "/opt/anaconda3/envs/aps/lib/python3.10/site-packages/django/template/loaders/cached.py", line 57, in get_template
    template = super().get_template(template_name, skip)
  File "/opt/anaconda3/envs/aps/lib/python3.10/site-packages/django/template/loaders/base.py", line 28, in get_template
    return Template(
  File "/opt/anaconda3/envs/aps/lib/python3.10/site-packages/django/template/base.py", line 154, in __init__
    self.nodelist = self.compile_nodelist()
  File "/opt/anaconda3/envs/aps/lib/python3.10/site-packages/django/template/base.py", line 196, in compile_nodelist
    return parser.parse()
  File "/opt/anaconda3/envs/aps/lib/python3.10/site-packages/django/template/base.py", line 510, in parse
    raise self.error(token, e)
  File "/opt/anaconda3/envs/aps/lib/python3.10/site-packages/django/template/base.py", line 508, in parse
    compiled_result = compile_func(self, token)
  File "/opt/anaconda3/envs/aps/lib/python3.10/site-packages/django/template/loader_tags.py", line 295, in do_extends
    nodelist = parser.parse()
  File "/opt/anaconda3/envs/aps/lib/python3.10/site-packages/django/template/base.py", line 510, in parse
    raise self.error(token, e)
  File "/opt/anaconda3/envs/aps/lib/python3.10/site-packages/django/template/base.py", line 508, in parse
    compiled_result = compile_func(self, token)
  File "/opt/anaconda3/envs/aps/lib/python3.10/site-packages/django/template/loader_tags.py", line 234, in do_block
    nodelist = parser.parse(("endblock",))
  File "/opt/anaconda3/envs/aps/lib/python3.10/site-packages/django/template/base.py", line 504, in parse
    self.invalid_block_tag(token, command, parse_until)
  File "/opt/anaconda3/envs/aps/lib/python3.10/site-packages/django/template/base.py", line 555, in invalid_block_tag
    raise self.error(
django.template.exceptions.TemplateSyntaxError: Invalid block tag on line 183: 'endif', expected 'endblock'. Did you forget to register or load this tag?

During handling of the above exception, another exception occurred:

Traceback (most recent call last):
  File "/opt/anaconda3/envs/aps/lib/python3.10/site-packages/django/template/base.py", line 502, in parse
    compile_func = self.tags[command]
KeyError: 'endif'

During handling of the above exception, another exception occurred:

Traceback (most recent call last):
  File "/opt/anaconda3/envs/aps/lib/python3.10/site-packages/django/core/handlers/exception.py", line 55, in inner
    response = get_response(request)
  File "/opt/anaconda3/envs/aps/lib/python3.10/site-packages/django/core/handlers/base.py", line 197, in _get_response
    response = wrapped_callback(request, *callback_args, **callback_kwargs)
  File "/opt/anaconda3/envs/aps/lib/python3.10/site-packages/django/contrib/auth/decorators.py", line 23, in _wrapper_view
    return view_func(request, *args, **kwargs)
  File "/Users/harshalsmac/WORK/ardur/ardurHome/trueAlign/core/views.py", line 804, in dashboard_view
    return render(request, 'dashboard.html', {
  File "/opt/anaconda3/envs/aps/lib/python3.10/site-packages/django/shortcuts.py", line 25, in render
    content = loader.render_to_string(template_name, context, request, using=using)
  File "/opt/anaconda3/envs/aps/lib/python3.10/site-packages/django/template/loader.py", line 61, in render_to_string
    template = get_template(template_name, using=using)
  File "/opt/anaconda3/envs/aps/lib/python3.10/site-packages/django/template/loader.py", line 15, in get_template
    return engine.get_template(template_name)
  File "/opt/anaconda3/envs/aps/lib/python3.10/site-packages/django/template/backends/django.py", line 33, in get_template
    return Template(self.engine.get_template(template_name), self)
  File "/opt/anaconda3/envs/aps/lib/python3.10/site-packages/django/template/engine.py", line 177, in get_template
    template, origin = self.find_template(template_name)
  File "/opt/anaconda3/envs/aps/lib/python3.10/site-packages/django/template/engine.py", line 159, in find_template
    template = loader.get_template(name, skip=skip)
  File "/opt/anaconda3/envs/aps/lib/python3.10/site-packages/django/template/loaders/cached.py", line 57, in get_template
    template = super().get_template(template_name, skip)
  File "/opt/anaconda3/envs/aps/lib/python3.10/site-packages/django/template/loaders/base.py", line 28, in get_template
    return Template(
  File "/opt/anaconda3/envs/aps/lib/python3.10/site-packages/django/template/base.py", line 154, in __init__
    self.nodelist = self.compile_nodelist()
  File "/opt/anaconda3/envs/aps/lib/python3.10/site-packages/django/template/base.py", line 196, in compile_nodelist
    return parser.parse()
  File "/opt/anaconda3/envs/aps/lib/python3.10/site-packages/django/template/base.py", line 510, in parse
    raise self.error(token, e)
  File "/opt/anaconda3/envs/aps/lib/python3.10/site-packages/django/template/base.py", line 508, in parse
    compiled_result = compile_func(self, token)
  File "/opt/anaconda3/envs/aps/lib/python3.10/site-packages/django/template/loader_tags.py", line 295, in do_extends
    nodelist = parser.parse()
  File "/opt/anaconda3/envs/aps/lib/python3.10/site-packages/django/template/base.py", line 510, in parse
    raise self.error(token, e)
  File "/opt/anaconda3/envs/aps/lib/python3.10/site-packages/django/template/base.py", line 508, in parse
    compiled_result = compile_func(self, token)
  File "/opt/anaconda3/envs/aps/lib/python3.10/site-packages/django/template/loader_tags.py", line 234, in do_block
    nodelist = parser.parse(("endblock",))
  File "/opt/anaconda3/envs/aps/lib/python3.10/site-packages/django/template/base.py", line 504, in parse
    self.invalid_block_tag(token, command, parse_until)
  File "/opt/anaconda3/envs/aps/lib/python3.10/site-packages/django/template/base.py", line 555, in invalid_block_tag
    raise self.error(
django.template.exceptions.TemplateSyntaxError: Invalid block tag on line 183: 'endif', expected 'endblock'. Did you forget to register or load this tag?
[2025-09-10 12:03:35] ERROR - django.server - log_message:212 - "GET /dashboard/ HTTP/1.1" 500 331673
[2025-09-10 12:14:11] ERROR - django.request - log_response:241 - Internal Server Error: /notes/create/
Traceback (most recent call last):
  File "/opt/anaconda3/envs/aps/lib/python3.10/site-packages/django/core/handlers/exception.py", line 55, in inner
    response = get_response(request)
  File "/opt/anaconda3/envs/aps/lib/python3.10/site-packages/django/core/handlers/base.py", line 197, in _get_response
    response = wrapped_callback(request, *callback_args, **callback_kwargs)
  File "/opt/anaconda3/envs/aps/lib/python3.10/site-packages/django/contrib/auth/decorators.py", line 23, in _wrapper_view
    return view_func(request, *args, **kwargs)
  File "/Users/harshalsmac/WORK/ardur/ardurHome/trueAlign/notes/views.py", line 166, in global_update_create
    return render(request, 'notes/global_update_form.html', context)
  File "/opt/anaconda3/envs/aps/lib/python3.10/site-packages/django/shortcuts.py", line 25, in render
    content = loader.render_to_string(template_name, context, request, using=using)
  File "/opt/anaconda3/envs/aps/lib/python3.10/site-packages/django/template/loader.py", line 61, in render_to_string
    template = get_template(template_name, using=using)
  File "/opt/anaconda3/envs/aps/lib/python3.10/site-packages/django/template/loader.py", line 19, in get_template
    raise TemplateDoesNotExist(template_name, chain=chain)
django.template.exceptions.TemplateDoesNotExist: notes/global_update_form.html
[2025-09-10 12:14:11] ERROR - django.server - log_message:212 - "GET /notes/create/ HTTP/1.1" 500 118028
[2025-09-10 12:14:13] ERROR - django.request - log_response:241 - Internal Server Error: /notes/
Traceback (most recent call last):
  File "/opt/anaconda3/envs/aps/lib/python3.10/site-packages/django/core/handlers/exception.py", line 55, in inner
    response = get_response(request)
  File "/opt/anaconda3/envs/aps/lib/python3.10/site-packages/django/core/handlers/base.py", line 197, in _get_response
    response = wrapped_callback(request, *callback_args, **callback_kwargs)
  File "/opt/anaconda3/envs/aps/lib/python3.10/site-packages/django/contrib/auth/decorators.py", line 23, in _wrapper_view
    return view_func(request, *args, **kwargs)
  File "/Users/harshalsmac/WORK/ardur/ardurHome/trueAlign/notes/views.py", line 97, in global_update_list
    return render(request, 'notes/global_update_list.html', context)
  File "/opt/anaconda3/envs/aps/lib/python3.10/site-packages/django/shortcuts.py", line 25, in render
    content = loader.render_to_string(template_name, context, request, using=using)
  File "/opt/anaconda3/envs/aps/lib/python3.10/site-packages/django/template/loader.py", line 61, in render_to_string
    template = get_template(template_name, using=using)
  File "/opt/anaconda3/envs/aps/lib/python3.10/site-packages/django/template/loader.py", line 19, in get_template
    raise TemplateDoesNotExist(template_name, chain=chain)
django.template.exceptions.TemplateDoesNotExist: notes/global_update_list.html
[2025-09-10 12:14:13] ERROR - django.server - log_message:212 - "GET /notes/ HTTP/1.1" 500 120028
[2025-09-10 12:21:58] ERROR - django.request - log_response:241 - Internal Server Error: /notes/create/
Traceback (most recent call last):
  File "/opt/anaconda3/envs/aps/lib/python3.10/site-packages/django/core/handlers/exception.py", line 55, in inner
    response = get_response(request)
  File "/opt/anaconda3/envs/aps/lib/python3.10/site-packages/django/core/handlers/base.py", line 197, in _get_response
    response = wrapped_callback(request, *callback_args, **callback_kwargs)
  File "/opt/anaconda3/envs/aps/lib/python3.10/site-packages/django/contrib/auth/decorators.py", line 23, in _wrapper_view
    return view_func(request, *args, **kwargs)
  File "/Users/harshalsmac/WORK/ardur/ardurHome/trueAlign/notes/views.py", line 166, in global_update_create
    return render(request, 'notes/global_update_form.html', context)
  File "/opt/anaconda3/envs/aps/lib/python3.10/site-packages/django/shortcuts.py", line 25, in render
    content = loader.render_to_string(template_name, context, request, using=using)
  File "/opt/anaconda3/envs/aps/lib/python3.10/site-packages/django/template/loader.py", line 61, in render_to_string
    template = get_template(template_name, using=using)
  File "/opt/anaconda3/envs/aps/lib/python3.10/site-packages/django/template/loader.py", line 19, in get_template
    raise TemplateDoesNotExist(template_name, chain=chain)
django.template.exceptions.TemplateDoesNotExist: notes/global_update_form.html
[2025-09-10 12:21:58] ERROR - django.server - log_message:212 - "GET /notes/create/ HTTP/1.1" 500 118028
[2025-09-10 12:22:26] ERROR - django.request - log_response:241 - Internal Server Error: /notes/
Traceback (most recent call last):
  File "/opt/anaconda3/envs/aps/lib/python3.10/site-packages/django/core/handlers/exception.py", line 55, in inner
    response = get_response(request)
  File "/opt/anaconda3/envs/aps/lib/python3.10/site-packages/django/core/handlers/base.py", line 197, in _get_response
    response = wrapped_callback(request, *callback_args, **callback_kwargs)
  File "/opt/anaconda3/envs/aps/lib/python3.10/site-packages/django/contrib/auth/decorators.py", line 23, in _wrapper_view
    return view_func(request, *args, **kwargs)
  File "/Users/harshalsmac/WORK/ardur/ardurHome/trueAlign/notes/views.py", line 97, in global_update_list
    return render(request, 'notes/global_update_list.html', context)
  File "/opt/anaconda3/envs/aps/lib/python3.10/site-packages/django/shortcuts.py", line 25, in render
    content = loader.render_to_string(template_name, context, request, using=using)
  File "/opt/anaconda3/envs/aps/lib/python3.10/site-packages/django/template/loader.py", line 61, in render_to_string
    template = get_template(template_name, using=using)
  File "/opt/anaconda3/envs/aps/lib/python3.10/site-packages/django/template/loader.py", line 19, in get_template
    raise TemplateDoesNotExist(template_name, chain=chain)
django.template.exceptions.TemplateDoesNotExist: notes/global_update_list.html
[2025-09-10 12:22:26] ERROR - django.server - log_message:212 - "GET /notes/ HTTP/1.1" 500 120028
[2025-09-10 12:27:54] ERROR - django.request - log_response:241 - Internal Server Error: /notes/create/
Traceback (most recent call last):
  File "/opt/anaconda3/envs/aps/lib/python3.10/site-packages/django/core/handlers/exception.py", line 55, in inner
    response = get_response(request)
  File "/opt/anaconda3/envs/aps/lib/python3.10/site-packages/django/core/handlers/base.py", line 197, in _get_response
    response = wrapped_callback(request, *callback_args, **callback_kwargs)
  File "/opt/anaconda3/envs/aps/lib/python3.10/site-packages/django/contrib/auth/decorators.py", line 23, in _wrapper_view
    return view_func(request, *args, **kwargs)
  File "/Users/harshalsmac/WORK/ardur/ardurHome/trueAlign/notes/views.py", line 166, in global_update_create
    return render(request, 'notes/global_update_form.html', context)
  File "/opt/anaconda3/envs/aps/lib/python3.10/site-packages/django/shortcuts.py", line 25, in render
    content = loader.render_to_string(template_name, context, request, using=using)
  File "/opt/anaconda3/envs/aps/lib/python3.10/site-packages/django/template/loader.py", line 61, in render_to_string
    template = get_template(template_name, using=using)
  File "/opt/anaconda3/envs/aps/lib/python3.10/site-packages/django/template/loader.py", line 19, in get_template
    raise TemplateDoesNotExist(template_name, chain=chain)
django.template.exceptions.TemplateDoesNotExist: notes/global_update_form.html
[2025-09-10 12:27:54] ERROR - django.server - log_message:212 - "GET /notes/create/ HTTP/1.1" 500 118028
[2025-09-10 12:28:13] ERROR - django.request - log_response:241 - Internal Server Error: /notes/
Traceback (most recent call last):
  File "/opt/anaconda3/envs/aps/lib/python3.10/site-packages/django/core/handlers/exception.py", line 55, in inner
    response = get_response(request)
  File "/opt/anaconda3/envs/aps/lib/python3.10/site-packages/django/core/handlers/base.py", line 197, in _get_response
    response = wrapped_callback(request, *callback_args, **callback_kwargs)
  File "/opt/anaconda3/envs/aps/lib/python3.10/site-packages/django/contrib/auth/decorators.py", line 23, in _wrapper_view
    return view_func(request, *args, **kwargs)
  File "/Users/harshalsmac/WORK/ardur/ardurHome/trueAlign/notes/views.py", line 97, in global_update_list
    return render(request, 'notes/global_update_list.html', context)
  File "/opt/anaconda3/envs/aps/lib/python3.10/site-packages/django/shortcuts.py", line 25, in render
    content = loader.render_to_string(template_name, context, request, using=using)
  File "/opt/anaconda3/envs/aps/lib/python3.10/site-packages/django/template/loader.py", line 61, in render_to_string
    template = get_template(template_name, using=using)
  File "/opt/anaconda3/envs/aps/lib/python3.10/site-packages/django/template/loader.py", line 19, in get_template
    raise TemplateDoesNotExist(template_name, chain=chain)
django.template.exceptions.TemplateDoesNotExist: notes/global_update_list.html
[2025-09-10 12:28:13] ERROR - django.server - log_message:212 - "GET /notes/ HTTP/1.1" 500 120028
[2025-09-10 12:50:56] ERROR - django.request - log_response:241 - Internal Server Error: /notes/create/
Traceback (most recent call last):
  File "/opt/anaconda3/envs/aps/lib/python3.10/site-packages/django/template/base.py", line 502, in parse
    compile_func = self.tags[command]
KeyError: 'endfor'

During handling of the above exception, another exception occurred:

Traceback (most recent call last):
  File "/opt/anaconda3/envs/aps/lib/python3.10/site-packages/django/core/handlers/exception.py", line 55, in inner
    response = get_response(request)
  File "/opt/anaconda3/envs/aps/lib/python3.10/site-packages/django/core/handlers/base.py", line 197, in _get_response
    response = wrapped_callback(request, *callback_args, **callback_kwargs)
  File "/opt/anaconda3/envs/aps/lib/python3.10/site-packages/django/contrib/auth/decorators.py", line 23, in _wrapper_view
    return view_func(request, *args, **kwargs)
  File "/Users/harshalsmac/WORK/ardur/ardurHome/trueAlign/notes/views.py", line 166, in global_update_create
    return render(request, 'notes/form.html', context)
  File "/opt/anaconda3/envs/aps/lib/python3.10/site-packages/django/shortcuts.py", line 25, in render
    content = loader.render_to_string(template_name, context, request, using=using)
  File "/opt/anaconda3/envs/aps/lib/python3.10/site-packages/django/template/loader.py", line 61, in render_to_string
    template = get_template(template_name, using=using)
  File "/opt/anaconda3/envs/aps/lib/python3.10/site-packages/django/template/loader.py", line 15, in get_template
    return engine.get_template(template_name)
  File "/opt/anaconda3/envs/aps/lib/python3.10/site-packages/django/template/backends/django.py", line 33, in get_template
    return Template(self.engine.get_template(template_name), self)
  File "/opt/anaconda3/envs/aps/lib/python3.10/site-packages/django/template/engine.py", line 177, in get_template
    template, origin = self.find_template(template_name)
  File "/opt/anaconda3/envs/aps/lib/python3.10/site-packages/django/template/engine.py", line 159, in find_template
    template = loader.get_template(name, skip=skip)
  File "/opt/anaconda3/envs/aps/lib/python3.10/site-packages/django/template/loaders/cached.py", line 57, in get_template
    template = super().get_template(template_name, skip)
  File "/opt/anaconda3/envs/aps/lib/python3.10/site-packages/django/template/loaders/base.py", line 28, in get_template
    return Template(
  File "/opt/anaconda3/envs/aps/lib/python3.10/site-packages/django/template/base.py", line 154, in __init__
    self.nodelist = self.compile_nodelist()
  File "/opt/anaconda3/envs/aps/lib/python3.10/site-packages/django/template/base.py", line 196, in compile_nodelist
    return parser.parse()
  File "/opt/anaconda3/envs/aps/lib/python3.10/site-packages/django/template/base.py", line 510, in parse
    raise self.error(token, e)
  File "/opt/anaconda3/envs/aps/lib/python3.10/site-packages/django/template/base.py", line 508, in parse
    compiled_result = compile_func(self, token)
  File "/opt/anaconda3/envs/aps/lib/python3.10/site-packages/django/template/loader_tags.py", line 295, in do_extends
    nodelist = parser.parse()
  File "/opt/anaconda3/envs/aps/lib/python3.10/site-packages/django/template/base.py", line 510, in parse
    raise self.error(token, e)
  File "/opt/anaconda3/envs/aps/lib/python3.10/site-packages/django/template/base.py", line 508, in parse
    compiled_result = compile_func(self, token)
  File "/opt/anaconda3/envs/aps/lib/python3.10/site-packages/django/template/loader_tags.py", line 234, in do_block
    nodelist = parser.parse(("endblock",))
  File "/opt/anaconda3/envs/aps/lib/python3.10/site-packages/django/template/base.py", line 504, in parse
    self.invalid_block_tag(token, command, parse_until)
  File "/opt/anaconda3/envs/aps/lib/python3.10/site-packages/django/template/base.py", line 555, in invalid_block_tag
    raise self.error(
django.template.exceptions.TemplateSyntaxError: Invalid block tag on line 130: 'endfor', expected 'endblock'. Did you forget to register or load this tag?
[2025-09-10 12:50:56] ERROR - django.server - log_message:212 - "GET /notes/create/ HTTP/1.1" 500 278624
[2025-09-10 12:51:54] ERROR - django.request - log_response:241 - Internal Server Error: /notes/create/
Traceback (most recent call last):
  File "/opt/anaconda3/envs/aps/lib/python3.10/site-packages/django/template/base.py", line 502, in parse
    compile_func = self.tags[command]
KeyError: 'endif'

During handling of the above exception, another exception occurred:

Traceback (most recent call last):
  File "/opt/anaconda3/envs/aps/lib/python3.10/site-packages/django/core/handlers/exception.py", line 55, in inner
    response = get_response(request)
  File "/opt/anaconda3/envs/aps/lib/python3.10/site-packages/django/core/handlers/base.py", line 197, in _get_response
    response = wrapped_callback(request, *callback_args, **callback_kwargs)
  File "/opt/anaconda3/envs/aps/lib/python3.10/site-packages/django/contrib/auth/decorators.py", line 23, in _wrapper_view
    return view_func(request, *args, **kwargs)
  File "/Users/harshalsmac/WORK/ardur/ardurHome/trueAlign/notes/views.py", line 166, in global_update_create
    return render(request, 'notes/form.html', context)
  File "/opt/anaconda3/envs/aps/lib/python3.10/site-packages/django/shortcuts.py", line 25, in render
    content = loader.render_to_string(template_name, context, request, using=using)
  File "/opt/anaconda3/envs/aps/lib/python3.10/site-packages/django/template/loader.py", line 61, in render_to_string
    template = get_template(template_name, using=using)
  File "/opt/anaconda3/envs/aps/lib/python3.10/site-packages/django/template/loader.py", line 15, in get_template
    return engine.get_template(template_name)
  File "/opt/anaconda3/envs/aps/lib/python3.10/site-packages/django/template/backends/django.py", line 33, in get_template
    return Template(self.engine.get_template(template_name), self)
  File "/opt/anaconda3/envs/aps/lib/python3.10/site-packages/django/template/engine.py", line 177, in get_template
    template, origin = self.find_template(template_name)
  File "/opt/anaconda3/envs/aps/lib/python3.10/site-packages/django/template/engine.py", line 159, in find_template
    template = loader.get_template(name, skip=skip)
  File "/opt/anaconda3/envs/aps/lib/python3.10/site-packages/django/template/loaders/cached.py", line 57, in get_template
    template = super().get_template(template_name, skip)
  File "/opt/anaconda3/envs/aps/lib/python3.10/site-packages/django/template/loaders/base.py", line 28, in get_template
    return Template(
  File "/opt/anaconda3/envs/aps/lib/python3.10/site-packages/django/template/base.py", line 154, in __init__
    self.nodelist = self.compile_nodelist()
  File "/opt/anaconda3/envs/aps/lib/python3.10/site-packages/django/template/base.py", line 196, in compile_nodelist
    return parser.parse()
  File "/opt/anaconda3/envs/aps/lib/python3.10/site-packages/django/template/base.py", line 510, in parse
    raise self.error(token, e)
  File "/opt/anaconda3/envs/aps/lib/python3.10/site-packages/django/template/base.py", line 508, in parse
    compiled_result = compile_func(self, token)
  File "/opt/anaconda3/envs/aps/lib/python3.10/site-packages/django/template/loader_tags.py", line 295, in do_extends
    nodelist = parser.parse()
  File "/opt/anaconda3/envs/aps/lib/python3.10/site-packages/django/template/base.py", line 510, in parse
    raise self.error(token, e)
  File "/opt/anaconda3/envs/aps/lib/python3.10/site-packages/django/template/base.py", line 508, in parse
    compiled_result = compile_func(self, token)
  File "/opt/anaconda3/envs/aps/lib/python3.10/site-packages/django/template/loader_tags.py", line 234, in do_block
    nodelist = parser.parse(("endblock",))
  File "/opt/anaconda3/envs/aps/lib/python3.10/site-packages/django/template/base.py", line 504, in parse
    self.invalid_block_tag(token, command, parse_until)
  File "/opt/anaconda3/envs/aps/lib/python3.10/site-packages/django/template/base.py", line 555, in invalid_block_tag
    raise self.error(
django.template.exceptions.TemplateSyntaxError: Invalid block tag on line 134: 'endif', expected 'endblock'. Did you forget to register or load this tag?
[2025-09-10 12:51:54] ERROR - django.server - log_message:212 - "GET /notes/create/ HTTP/1.1" 500 278883
[2025-09-10 13:01:29] ERROR - django.request - log_response:241 - Internal Server Error: /notes/create/
Traceback (most recent call last):
  File "/opt/anaconda3/envs/aps/lib/python3.10/site-packages/django/template/base.py", line 502, in parse
    compile_func = self.tags[command]
KeyError: 'endfor'

During handling of the above exception, another exception occurred:

Traceback (most recent call last):
  File "/opt/anaconda3/envs/aps/lib/python3.10/site-packages/django/core/handlers/exception.py", line 55, in inner
    response = get_response(request)
  File "/opt/anaconda3/envs/aps/lib/python3.10/site-packages/django/core/handlers/base.py", line 197, in _get_response
    response = wrapped_callback(request, *callback_args, **callback_kwargs)
  File "/opt/anaconda3/envs/aps/lib/python3.10/site-packages/django/contrib/auth/decorators.py", line 23, in _wrapper_view
    return view_func(request, *args, **kwargs)
  File "/Users/harshalsmac/WORK/ardur/ardurHome/trueAlign/notes/views.py", line 166, in global_update_create
    return render(request, 'notes/form.html', context)
  File "/opt/anaconda3/envs/aps/lib/python3.10/site-packages/django/shortcuts.py", line 25, in render
    content = loader.render_to_string(template_name, context, request, using=using)
  File "/opt/anaconda3/envs/aps/lib/python3.10/site-packages/django/template/loader.py", line 61, in render_to_string
    template = get_template(template_name, using=using)
  File "/opt/anaconda3/envs/aps/lib/python3.10/site-packages/django/template/loader.py", line 15, in get_template
    return engine.get_template(template_name)
  File "/opt/anaconda3/envs/aps/lib/python3.10/site-packages/django/template/backends/django.py", line 33, in get_template
    return Template(self.engine.get_template(template_name), self)
  File "/opt/anaconda3/envs/aps/lib/python3.10/site-packages/django/template/engine.py", line 177, in get_template
    template, origin = self.find_template(template_name)
  File "/opt/anaconda3/envs/aps/lib/python3.10/site-packages/django/template/engine.py", line 159, in find_template
    template = loader.get_template(name, skip=skip)
  File "/opt/anaconda3/envs/aps/lib/python3.10/site-packages/django/template/loaders/cached.py", line 57, in get_template
    template = super().get_template(template_name, skip)
  File "/opt/anaconda3/envs/aps/lib/python3.10/site-packages/django/template/loaders/base.py", line 28, in get_template
    return Template(
  File "/opt/anaconda3/envs/aps/lib/python3.10/site-packages/django/template/base.py", line 154, in __init__
    self.nodelist = self.compile_nodelist()
  File "/opt/anaconda3/envs/aps/lib/python3.10/site-packages/django/template/base.py", line 196, in compile_nodelist
    return parser.parse()
  File "/opt/anaconda3/envs/aps/lib/python3.10/site-packages/django/template/base.py", line 510, in parse
    raise self.error(token, e)
  File "/opt/anaconda3/envs/aps/lib/python3.10/site-packages/django/template/base.py", line 508, in parse
    compiled_result = compile_func(self, token)
  File "/opt/anaconda3/envs/aps/lib/python3.10/site-packages/django/template/loader_tags.py", line 295, in do_extends
    nodelist = parser.parse()
  File "/opt/anaconda3/envs/aps/lib/python3.10/site-packages/django/template/base.py", line 510, in parse
    raise self.error(token, e)
  File "/opt/anaconda3/envs/aps/lib/python3.10/site-packages/django/template/base.py", line 508, in parse
    compiled_result = compile_func(self, token)
  File "/opt/anaconda3/envs/aps/lib/python3.10/site-packages/django/template/loader_tags.py", line 234, in do_block
    nodelist = parser.parse(("endblock",))
  File "/opt/anaconda3/envs/aps/lib/python3.10/site-packages/django/template/base.py", line 504, in parse
    self.invalid_block_tag(token, command, parse_until)
  File "/opt/anaconda3/envs/aps/lib/python3.10/site-packages/django/template/base.py", line 555, in invalid_block_tag
    raise self.error(
django.template.exceptions.TemplateSyntaxError: Invalid block tag on line 134: 'endfor', expected 'endblock'. Did you forget to register or load this tag?
[2025-09-10 13:01:29] ERROR - django.server - log_message:212 - "GET /notes/create/ HTTP/1.1" 500 278463
[2025-09-10 13:03:06] ERROR - django.request - log_response:241 - Internal Server Error: /notes/1/
Traceback (most recent call last):
  File "/opt/anaconda3/envs/aps/lib/python3.10/site-packages/django/template/base.py", line 502, in parse
    compile_func = self.tags[command]
KeyError: 'endif'

During handling of the above exception, another exception occurred:

Traceback (most recent call last):
  File "/opt/anaconda3/envs/aps/lib/python3.10/site-packages/django/core/handlers/exception.py", line 55, in inner
    response = get_response(request)
  File "/opt/anaconda3/envs/aps/lib/python3.10/site-packages/django/core/handlers/base.py", line 197, in _get_response
    response = wrapped_callback(request, *callback_args, **callback_kwargs)
  File "/opt/anaconda3/envs/aps/lib/python3.10/site-packages/django/contrib/auth/decorators.py", line 23, in _wrapper_view
    return view_func(request, *args, **kwargs)
  File "/Users/harshalsmac/WORK/ardur/ardurHome/trueAlign/notes/views.py", line 139, in global_update_detail
    return render(request, 'notes/details.html', context)
  File "/opt/anaconda3/envs/aps/lib/python3.10/site-packages/django/shortcuts.py", line 25, in render
    content = loader.render_to_string(template_name, context, request, using=using)
  File "/opt/anaconda3/envs/aps/lib/python3.10/site-packages/django/template/loader.py", line 61, in render_to_string
    template = get_template(template_name, using=using)
  File "/opt/anaconda3/envs/aps/lib/python3.10/site-packages/django/template/loader.py", line 15, in get_template
    return engine.get_template(template_name)
  File "/opt/anaconda3/envs/aps/lib/python3.10/site-packages/django/template/backends/django.py", line 33, in get_template
    return Template(self.engine.get_template(template_name), self)
  File "/opt/anaconda3/envs/aps/lib/python3.10/site-packages/django/template/engine.py", line 177, in get_template
    template, origin = self.find_template(template_name)
  File "/opt/anaconda3/envs/aps/lib/python3.10/site-packages/django/template/engine.py", line 159, in find_template
    template = loader.get_template(name, skip=skip)
  File "/opt/anaconda3/envs/aps/lib/python3.10/site-packages/django/template/loaders/cached.py", line 57, in get_template
    template = super().get_template(template_name, skip)
  File "/opt/anaconda3/envs/aps/lib/python3.10/site-packages/django/template/loaders/base.py", line 28, in get_template
    return Template(
  File "/opt/anaconda3/envs/aps/lib/python3.10/site-packages/django/template/base.py", line 154, in __init__
    self.nodelist = self.compile_nodelist()
  File "/opt/anaconda3/envs/aps/lib/python3.10/site-packages/django/template/base.py", line 196, in compile_nodelist
    return parser.parse()
  File "/opt/anaconda3/envs/aps/lib/python3.10/site-packages/django/template/base.py", line 510, in parse
    raise self.error(token, e)
  File "/opt/anaconda3/envs/aps/lib/python3.10/site-packages/django/template/base.py", line 508, in parse
    compiled_result = compile_func(self, token)
  File "/opt/anaconda3/envs/aps/lib/python3.10/site-packages/django/template/loader_tags.py", line 295, in do_extends
    nodelist = parser.parse()
  File "/opt/anaconda3/envs/aps/lib/python3.10/site-packages/django/template/base.py", line 510, in parse
    raise self.error(token, e)
  File "/opt/anaconda3/envs/aps/lib/python3.10/site-packages/django/template/base.py", line 508, in parse
    compiled_result = compile_func(self, token)
  File "/opt/anaconda3/envs/aps/lib/python3.10/site-packages/django/template/loader_tags.py", line 234, in do_block
    nodelist = parser.parse(("endblock",))
  File "/opt/anaconda3/envs/aps/lib/python3.10/site-packages/django/template/base.py", line 510, in parse
    raise self.error(token, e)
  File "/opt/anaconda3/envs/aps/lib/python3.10/site-packages/django/template/base.py", line 508, in parse
    compiled_result = compile_func(self, token)
  File "/opt/anaconda3/envs/aps/lib/python3.10/site-packages/django/template/defaulttags.py", line 861, in do_for
    nodelist_loop = parser.parse(
  File "/opt/anaconda3/envs/aps/lib/python3.10/site-packages/django/template/base.py", line 504, in parse
    self.invalid_block_tag(token, command, parse_until)
  File "/opt/anaconda3/envs/aps/lib/python3.10/site-packages/django/template/base.py", line 555, in invalid_block_tag
    raise self.error(
django.template.exceptions.TemplateSyntaxError: Invalid block tag on line 34: 'endif', expected 'empty' or 'endfor'. Did you forget to register or load this tag?
[2025-09-10 13:03:06] ERROR - django.server - log_message:212 - "GET /notes/1/ HTTP/1.1" 500 284804
[2025-09-10 13:03:51] ERROR - django.request - log_response:241 - Internal Server Error: /notes/1/
Traceback (most recent call last):
  File "/opt/anaconda3/envs/aps/lib/python3.10/site-packages/django/template/base.py", line 502, in parse
    compile_func = self.tags[command]
KeyError: 'endif'

During handling of the above exception, another exception occurred:

Traceback (most recent call last):
  File "/opt/anaconda3/envs/aps/lib/python3.10/site-packages/django/core/handlers/exception.py", line 55, in inner
    response = get_response(request)
  File "/opt/anaconda3/envs/aps/lib/python3.10/site-packages/django/core/handlers/base.py", line 197, in _get_response
    response = wrapped_callback(request, *callback_args, **callback_kwargs)
  File "/opt/anaconda3/envs/aps/lib/python3.10/site-packages/django/contrib/auth/decorators.py", line 23, in _wrapper_view
    return view_func(request, *args, **kwargs)
  File "/Users/harshalsmac/WORK/ardur/ardurHome/trueAlign/notes/views.py", line 139, in global_update_detail
    return render(request, 'notes/details.html', context)
  File "/opt/anaconda3/envs/aps/lib/python3.10/site-packages/django/shortcuts.py", line 25, in render
    content = loader.render_to_string(template_name, context, request, using=using)
  File "/opt/anaconda3/envs/aps/lib/python3.10/site-packages/django/template/loader.py", line 61, in render_to_string
    template = get_template(template_name, using=using)
  File "/opt/anaconda3/envs/aps/lib/python3.10/site-packages/django/template/loader.py", line 15, in get_template
    return engine.get_template(template_name)
  File "/opt/anaconda3/envs/aps/lib/python3.10/site-packages/django/template/backends/django.py", line 33, in get_template
    return Template(self.engine.get_template(template_name), self)
  File "/opt/anaconda3/envs/aps/lib/python3.10/site-packages/django/template/engine.py", line 177, in get_template
    template, origin = self.find_template(template_name)
  File "/opt/anaconda3/envs/aps/lib/python3.10/site-packages/django/template/engine.py", line 159, in find_template
    template = loader.get_template(name, skip=skip)
  File "/opt/anaconda3/envs/aps/lib/python3.10/site-packages/django/template/loaders/cached.py", line 57, in get_template
    template = super().get_template(template_name, skip)
  File "/opt/anaconda3/envs/aps/lib/python3.10/site-packages/django/template/loaders/base.py", line 28, in get_template
    return Template(
  File "/opt/anaconda3/envs/aps/lib/python3.10/site-packages/django/template/base.py", line 154, in __init__
    self.nodelist = self.compile_nodelist()
  File "/opt/anaconda3/envs/aps/lib/python3.10/site-packages/django/template/base.py", line 196, in compile_nodelist
    return parser.parse()
  File "/opt/anaconda3/envs/aps/lib/python3.10/site-packages/django/template/base.py", line 510, in parse
    raise self.error(token, e)
  File "/opt/anaconda3/envs/aps/lib/python3.10/site-packages/django/template/base.py", line 508, in parse
    compiled_result = compile_func(self, token)
  File "/opt/anaconda3/envs/aps/lib/python3.10/site-packages/django/template/loader_tags.py", line 295, in do_extends
    nodelist = parser.parse()
  File "/opt/anaconda3/envs/aps/lib/python3.10/site-packages/django/template/base.py", line 510, in parse
    raise self.error(token, e)
  File "/opt/anaconda3/envs/aps/lib/python3.10/site-packages/django/template/base.py", line 508, in parse
    compiled_result = compile_func(self, token)
  File "/opt/anaconda3/envs/aps/lib/python3.10/site-packages/django/template/loader_tags.py", line 234, in do_block
    nodelist = parser.parse(("endblock",))
  File "/opt/anaconda3/envs/aps/lib/python3.10/site-packages/django/template/base.py", line 510, in parse
    raise self.error(token, e)
  File "/opt/anaconda3/envs/aps/lib/python3.10/site-packages/django/template/base.py", line 508, in parse
    compiled_result = compile_func(self, token)
  File "/opt/anaconda3/envs/aps/lib/python3.10/site-packages/django/template/defaulttags.py", line 861, in do_for
    nodelist_loop = parser.parse(
  File "/opt/anaconda3/envs/aps/lib/python3.10/site-packages/django/template/base.py", line 504, in parse
    self.invalid_block_tag(token, command, parse_until)
  File "/opt/anaconda3/envs/aps/lib/python3.10/site-packages/django/template/base.py", line 555, in invalid_block_tag
    raise self.error(
django.template.exceptions.TemplateSyntaxError: Invalid block tag on line 34: 'endif', expected 'empty' or 'endfor'. Did you forget to register or load this tag?
[2025-09-10 13:03:51] ERROR - django.server - log_message:212 - "GET /notes/1/ HTTP/1.1" 500 284503
[2025-09-10 13:03:53] ERROR - django.request - log_response:241 - Internal Server Error: /notes/1/
Traceback (most recent call last):
  File "/opt/anaconda3/envs/aps/lib/python3.10/site-packages/django/template/base.py", line 502, in parse
    compile_func = self.tags[command]
KeyError: 'endif'

During handling of the above exception, another exception occurred:

Traceback (most recent call last):
  File "/opt/anaconda3/envs/aps/lib/python3.10/site-packages/django/core/handlers/exception.py", line 55, in inner
    response = get_response(request)
  File "/opt/anaconda3/envs/aps/lib/python3.10/site-packages/django/core/handlers/base.py", line 197, in _get_response
    response = wrapped_callback(request, *callback_args, **callback_kwargs)
  File "/opt/anaconda3/envs/aps/lib/python3.10/site-packages/django/contrib/auth/decorators.py", line 23, in _wrapper_view
    return view_func(request, *args, **kwargs)
  File "/Users/harshalsmac/WORK/ardur/ardurHome/trueAlign/notes/views.py", line 139, in global_update_detail
    return render(request, 'notes/details.html', context)
  File "/opt/anaconda3/envs/aps/lib/python3.10/site-packages/django/shortcuts.py", line 25, in render
    content = loader.render_to_string(template_name, context, request, using=using)
  File "/opt/anaconda3/envs/aps/lib/python3.10/site-packages/django/template/loader.py", line 61, in render_to_string
    template = get_template(template_name, using=using)
  File "/opt/anaconda3/envs/aps/lib/python3.10/site-packages/django/template/loader.py", line 15, in get_template
    return engine.get_template(template_name)
  File "/opt/anaconda3/envs/aps/lib/python3.10/site-packages/django/template/backends/django.py", line 33, in get_template
    return Template(self.engine.get_template(template_name), self)
  File "/opt/anaconda3/envs/aps/lib/python3.10/site-packages/django/template/engine.py", line 177, in get_template
    template, origin = self.find_template(template_name)
  File "/opt/anaconda3/envs/aps/lib/python3.10/site-packages/django/template/engine.py", line 159, in find_template
    template = loader.get_template(name, skip=skip)
  File "/opt/anaconda3/envs/aps/lib/python3.10/site-packages/django/template/loaders/cached.py", line 57, in get_template
    template = super().get_template(template_name, skip)
  File "/opt/anaconda3/envs/aps/lib/python3.10/site-packages/django/template/loaders/base.py", line 28, in get_template
    return Template(
  File "/opt/anaconda3/envs/aps/lib/python3.10/site-packages/django/template/base.py", line 154, in __init__
    self.nodelist = self.compile_nodelist()
  File "/opt/anaconda3/envs/aps/lib/python3.10/site-packages/django/template/base.py", line 196, in compile_nodelist
    return parser.parse()
  File "/opt/anaconda3/envs/aps/lib/python3.10/site-packages/django/template/base.py", line 510, in parse
    raise self.error(token, e)
  File "/opt/anaconda3/envs/aps/lib/python3.10/site-packages/django/template/base.py", line 508, in parse
    compiled_result = compile_func(self, token)
  File "/opt/anaconda3/envs/aps/lib/python3.10/site-packages/django/template/loader_tags.py", line 295, in do_extends
    nodelist = parser.parse()
  File "/opt/anaconda3/envs/aps/lib/python3.10/site-packages/django/template/base.py", line 510, in parse
    raise self.error(token, e)
  File "/opt/anaconda3/envs/aps/lib/python3.10/site-packages/django/template/base.py", line 508, in parse
    compiled_result = compile_func(self, token)
  File "/opt/anaconda3/envs/aps/lib/python3.10/site-packages/django/template/loader_tags.py", line 234, in do_block
    nodelist = parser.parse(("endblock",))
  File "/opt/anaconda3/envs/aps/lib/python3.10/site-packages/django/template/base.py", line 510, in parse
    raise self.error(token, e)
  File "/opt/anaconda3/envs/aps/lib/python3.10/site-packages/django/template/base.py", line 508, in parse
    compiled_result = compile_func(self, token)
  File "/opt/anaconda3/envs/aps/lib/python3.10/site-packages/django/template/defaulttags.py", line 861, in do_for
    nodelist_loop = parser.parse(
  File "/opt/anaconda3/envs/aps/lib/python3.10/site-packages/django/template/base.py", line 504, in parse
    self.invalid_block_tag(token, command, parse_until)
  File "/opt/anaconda3/envs/aps/lib/python3.10/site-packages/django/template/base.py", line 555, in invalid_block_tag
    raise self.error(
django.template.exceptions.TemplateSyntaxError: Invalid block tag on line 34: 'endif', expected 'empty' or 'endfor'. Did you forget to register or load this tag?
[2025-09-10 13:03:53] ERROR - django.server - log_message:212 - "GET /notes/1/ HTTP/1.1" 500 284503
[2025-09-10 13:03:54] ERROR - django.request - log_response:241 - Internal Server Error: /notes/1/
Traceback (most recent call last):
  File "/opt/anaconda3/envs/aps/lib/python3.10/site-packages/django/template/base.py", line 502, in parse
    compile_func = self.tags[command]
KeyError: 'endif'

During handling of the above exception, another exception occurred:

Traceback (most recent call last):
  File "/opt/anaconda3/envs/aps/lib/python3.10/site-packages/django/core/handlers/exception.py", line 55, in inner
    response = get_response(request)
  File "/opt/anaconda3/envs/aps/lib/python3.10/site-packages/django/core/handlers/base.py", line 197, in _get_response
    response = wrapped_callback(request, *callback_args, **callback_kwargs)
  File "/opt/anaconda3/envs/aps/lib/python3.10/site-packages/django/contrib/auth/decorators.py", line 23, in _wrapper_view
    return view_func(request, *args, **kwargs)
  File "/Users/harshalsmac/WORK/ardur/ardurHome/trueAlign/notes/views.py", line 139, in global_update_detail
    return render(request, 'notes/details.html', context)
  File "/opt/anaconda3/envs/aps/lib/python3.10/site-packages/django/shortcuts.py", line 25, in render
    content = loader.render_to_string(template_name, context, request, using=using)
  File "/opt/anaconda3/envs/aps/lib/python3.10/site-packages/django/template/loader.py", line 61, in render_to_string
    template = get_template(template_name, using=using)
  File "/opt/anaconda3/envs/aps/lib/python3.10/site-packages/django/template/loader.py", line 15, in get_template
    return engine.get_template(template_name)
  File "/opt/anaconda3/envs/aps/lib/python3.10/site-packages/django/template/backends/django.py", line 33, in get_template
    return Template(self.engine.get_template(template_name), self)
  File "/opt/anaconda3/envs/aps/lib/python3.10/site-packages/django/template/engine.py", line 177, in get_template
    template, origin = self.find_template(template_name)
  File "/opt/anaconda3/envs/aps/lib/python3.10/site-packages/django/template/engine.py", line 159, in find_template
    template = loader.get_template(name, skip=skip)
  File "/opt/anaconda3/envs/aps/lib/python3.10/site-packages/django/template/loaders/cached.py", line 57, in get_template
    template = super().get_template(template_name, skip)
  File "/opt/anaconda3/envs/aps/lib/python3.10/site-packages/django/template/loaders/base.py", line 28, in get_template
    return Template(
  File "/opt/anaconda3/envs/aps/lib/python3.10/site-packages/django/template/base.py", line 154, in __init__
    self.nodelist = self.compile_nodelist()
  File "/opt/anaconda3/envs/aps/lib/python3.10/site-packages/django/template/base.py", line 196, in compile_nodelist
    return parser.parse()
  File "/opt/anaconda3/envs/aps/lib/python3.10/site-packages/django/template/base.py", line 510, in parse
    raise self.error(token, e)
  File "/opt/anaconda3/envs/aps/lib/python3.10/site-packages/django/template/base.py", line 508, in parse
    compiled_result = compile_func(self, token)
  File "/opt/anaconda3/envs/aps/lib/python3.10/site-packages/django/template/loader_tags.py", line 295, in do_extends
    nodelist = parser.parse()
  File "/opt/anaconda3/envs/aps/lib/python3.10/site-packages/django/template/base.py", line 510, in parse
    raise self.error(token, e)
  File "/opt/anaconda3/envs/aps/lib/python3.10/site-packages/django/template/base.py", line 508, in parse
    compiled_result = compile_func(self, token)
  File "/opt/anaconda3/envs/aps/lib/python3.10/site-packages/django/template/loader_tags.py", line 234, in do_block
    nodelist = parser.parse(("endblock",))
  File "/opt/anaconda3/envs/aps/lib/python3.10/site-packages/django/template/base.py", line 510, in parse
    raise self.error(token, e)
  File "/opt/anaconda3/envs/aps/lib/python3.10/site-packages/django/template/base.py", line 508, in parse
    compiled_result = compile_func(self, token)
  File "/opt/anaconda3/envs/aps/lib/python3.10/site-packages/django/template/defaulttags.py", line 861, in do_for
    nodelist_loop = parser.parse(
  File "/opt/anaconda3/envs/aps/lib/python3.10/site-packages/django/template/base.py", line 504, in parse
    self.invalid_block_tag(token, command, parse_until)
  File "/opt/anaconda3/envs/aps/lib/python3.10/site-packages/django/template/base.py", line 555, in invalid_block_tag
    raise self.error(
django.template.exceptions.TemplateSyntaxError: Invalid block tag on line 34: 'endif', expected 'empty' or 'endfor'. Did you forget to register or load this tag?
[2025-09-10 13:03:54] ERROR - django.server - log_message:212 - "GET /notes/1/ HTTP/1.1" 500 284503
[2025-09-10 13:04:13] ERROR - django.request - log_response:241 - Internal Server Error: /notes/1/
Traceback (most recent call last):
  File "/opt/anaconda3/envs/aps/lib/python3.10/site-packages/django/template/base.py", line 502, in parse
    compile_func = self.tags[command]
KeyError: 'endif'

During handling of the above exception, another exception occurred:

Traceback (most recent call last):
  File "/opt/anaconda3/envs/aps/lib/python3.10/site-packages/django/core/handlers/exception.py", line 55, in inner
    response = get_response(request)
  File "/opt/anaconda3/envs/aps/lib/python3.10/site-packages/django/core/handlers/base.py", line 197, in _get_response
    response = wrapped_callback(request, *callback_args, **callback_kwargs)
  File "/opt/anaconda3/envs/aps/lib/python3.10/site-packages/django/contrib/auth/decorators.py", line 23, in _wrapper_view
    return view_func(request, *args, **kwargs)
  File "/Users/harshalsmac/WORK/ardur/ardurHome/trueAlign/notes/views.py", line 139, in global_update_detail
    return render(request, 'notes/details.html', context)
  File "/opt/anaconda3/envs/aps/lib/python3.10/site-packages/django/shortcuts.py", line 25, in render
    content = loader.render_to_string(template_name, context, request, using=using)
  File "/opt/anaconda3/envs/aps/lib/python3.10/site-packages/django/template/loader.py", line 61, in render_to_string
    template = get_template(template_name, using=using)
  File "/opt/anaconda3/envs/aps/lib/python3.10/site-packages/django/template/loader.py", line 15, in get_template
    return engine.get_template(template_name)
  File "/opt/anaconda3/envs/aps/lib/python3.10/site-packages/django/template/backends/django.py", line 33, in get_template
    return Template(self.engine.get_template(template_name), self)
  File "/opt/anaconda3/envs/aps/lib/python3.10/site-packages/django/template/engine.py", line 177, in get_template
    template, origin = self.find_template(template_name)
  File "/opt/anaconda3/envs/aps/lib/python3.10/site-packages/django/template/engine.py", line 159, in find_template
    template = loader.get_template(name, skip=skip)
  File "/opt/anaconda3/envs/aps/lib/python3.10/site-packages/django/template/loaders/cached.py", line 57, in get_template
    template = super().get_template(template_name, skip)
  File "/opt/anaconda3/envs/aps/lib/python3.10/site-packages/django/template/loaders/base.py", line 28, in get_template
    return Template(
  File "/opt/anaconda3/envs/aps/lib/python3.10/site-packages/django/template/base.py", line 154, in __init__
    self.nodelist = self.compile_nodelist()
  File "/opt/anaconda3/envs/aps/lib/python3.10/site-packages/django/template/base.py", line 196, in compile_nodelist
    return parser.parse()
  File "/opt/anaconda3/envs/aps/lib/python3.10/site-packages/django/template/base.py", line 510, in parse
    raise self.error(token, e)
  File "/opt/anaconda3/envs/aps/lib/python3.10/site-packages/django/template/base.py", line 508, in parse
    compiled_result = compile_func(self, token)
  File "/opt/anaconda3/envs/aps/lib/python3.10/site-packages/django/template/loader_tags.py", line 295, in do_extends
    nodelist = parser.parse()
  File "/opt/anaconda3/envs/aps/lib/python3.10/site-packages/django/template/base.py", line 510, in parse
    raise self.error(token, e)
  File "/opt/anaconda3/envs/aps/lib/python3.10/site-packages/django/template/base.py", line 508, in parse
    compiled_result = compile_func(self, token)
  File "/opt/anaconda3/envs/aps/lib/python3.10/site-packages/django/template/loader_tags.py", line 234, in do_block
    nodelist = parser.parse(("endblock",))
  File "/opt/anaconda3/envs/aps/lib/python3.10/site-packages/django/template/base.py", line 504, in parse
    self.invalid_block_tag(token, command, parse_until)
  File "/opt/anaconda3/envs/aps/lib/python3.10/site-packages/django/template/base.py", line 555, in invalid_block_tag
    raise self.error(
django.template.exceptions.TemplateSyntaxError: Invalid block tag on line 142: 'endif', expected 'endblock'. Did you forget to register or load this tag?
[2025-09-10 13:04:13] ERROR - django.server - log_message:212 - "GET /notes/1/ HTTP/1.1" 500 230236
[2025-09-10 13:27:57] ERROR - django.request - log_response:241 - Internal Server Error: /notes/global-updates/
Traceback (most recent call last):
  File "/opt/anaconda3/envs/aps/lib/python3.10/site-packages/django/core/handlers/exception.py", line 55, in inner
    response = get_response(request)
  File "/opt/anaconda3/envs/aps/lib/python3.10/site-packages/django/core/handlers/base.py", line 197, in _get_response
    response = wrapped_callback(request, *callback_args, **callback_kwargs)
  File "/opt/anaconda3/envs/aps/lib/python3.10/site-packages/django/contrib/auth/decorators.py", line 23, in _wrapper_view
    return view_func(request, *args, **kwargs)
  File "/Users/harshalsmac/WORK/ardur/ardurHome/trueAlign/notes/views.py", line 97, in global_update_list
    return render(request, 'notes/global_update_list.html', context)
  File "/opt/anaconda3/envs/aps/lib/python3.10/site-packages/django/shortcuts.py", line 25, in render
    content = loader.render_to_string(template_name, context, request, using=using)
  File "/opt/anaconda3/envs/aps/lib/python3.10/site-packages/django/template/loader.py", line 61, in render_to_string
    template = get_template(template_name, using=using)
  File "/opt/anaconda3/envs/aps/lib/python3.10/site-packages/django/template/loader.py", line 15, in get_template
    return engine.get_template(template_name)
  File "/opt/anaconda3/envs/aps/lib/python3.10/site-packages/django/template/backends/django.py", line 33, in get_template
    return Template(self.engine.get_template(template_name), self)
  File "/opt/anaconda3/envs/aps/lib/python3.10/site-packages/django/template/engine.py", line 177, in get_template
    template, origin = self.find_template(template_name)
  File "/opt/anaconda3/envs/aps/lib/python3.10/site-packages/django/template/engine.py", line 159, in find_template
    template = loader.get_template(name, skip=skip)
  File "/opt/anaconda3/envs/aps/lib/python3.10/site-packages/django/template/loaders/cached.py", line 57, in get_template
    template = super().get_template(template_name, skip)
  File "/opt/anaconda3/envs/aps/lib/python3.10/site-packages/django/template/loaders/base.py", line 28, in get_template
    return Template(
  File "/opt/anaconda3/envs/aps/lib/python3.10/site-packages/django/template/base.py", line 154, in __init__
    self.nodelist = self.compile_nodelist()
  File "/opt/anaconda3/envs/aps/lib/python3.10/site-packages/django/template/base.py", line 196, in compile_nodelist
    return parser.parse()
  File "/opt/anaconda3/envs/aps/lib/python3.10/site-packages/django/template/base.py", line 510, in parse
    raise self.error(token, e)
  File "/opt/anaconda3/envs/aps/lib/python3.10/site-packages/django/template/base.py", line 508, in parse
    compiled_result = compile_func(self, token)
  File "/opt/anaconda3/envs/aps/lib/python3.10/site-packages/django/template/loader_tags.py", line 295, in do_extends
    nodelist = parser.parse()
  File "/opt/anaconda3/envs/aps/lib/python3.10/site-packages/django/template/base.py", line 510, in parse
    raise self.error(token, e)
  File "/opt/anaconda3/envs/aps/lib/python3.10/site-packages/django/template/base.py", line 508, in parse
    compiled_result = compile_func(self, token)
  File "/opt/anaconda3/envs/aps/lib/python3.10/site-packages/django/template/loader_tags.py", line 234, in do_block
    nodelist = parser.parse(("endblock",))
  File "/opt/anaconda3/envs/aps/lib/python3.10/site-packages/django/template/base.py", line 510, in parse
    raise self.error(token, e)
  File "/opt/anaconda3/envs/aps/lib/python3.10/site-packages/django/template/base.py", line 508, in parse
    compiled_result = compile_func(self, token)
  File "/opt/anaconda3/envs/aps/lib/python3.10/site-packages/django/template/defaulttags.py", line 961, in do_if
    nodelist = parser.parse(("elif", "else", "endif"))
  File "/opt/anaconda3/envs/aps/lib/python3.10/site-packages/django/template/base.py", line 510, in parse
    raise self.error(token, e)
  File "/opt/anaconda3/envs/aps/lib/python3.10/site-packages/django/template/base.py", line 508, in parse
    compiled_result = compile_func(self, token)
  File "/opt/anaconda3/envs/aps/lib/python3.10/site-packages/django/template/defaulttags.py", line 861, in do_for
    nodelist_loop = parser.parse(
  File "/opt/anaconda3/envs/aps/lib/python3.10/site-packages/django/template/base.py", line 481, in parse
    raise self.error(token, e)
  File "/opt/anaconda3/envs/aps/lib/python3.10/site-packages/django/template/base.py", line 479, in parse
    filter_expression = self.compile_filter(token.contents)
  File "/opt/anaconda3/envs/aps/lib/python3.10/site-packages/django/template/base.py", line 597, in compile_filter
    return FilterExpression(token, self)
  File "/opt/anaconda3/envs/aps/lib/python3.10/site-packages/django/template/base.py", line 698, in __init__
    raise TemplateSyntaxError(
django.template.exceptions.TemplateSyntaxError: Could not parse the remainder: ':selected_language' from 'update.get_title:selected_language'
[2025-09-10 13:27:57] ERROR - django.server - log_message:212 - "GET /notes/global-updates/ HTTP/1.1" 500 361243
[2025-09-10 13:30:11] ERROR - django.request - log_response:241 - Internal Server Error: /notes/global-updates/
Traceback (most recent call last):
  File "/opt/anaconda3/envs/aps/lib/python3.10/site-packages/django/core/handlers/exception.py", line 55, in inner
    response = get_response(request)
  File "/opt/anaconda3/envs/aps/lib/python3.10/site-packages/django/core/handlers/base.py", line 197, in _get_response
    response = wrapped_callback(request, *callback_args, **callback_kwargs)
  File "/opt/anaconda3/envs/aps/lib/python3.10/site-packages/django/contrib/auth/decorators.py", line 23, in _wrapper_view
    return view_func(request, *args, **kwargs)
  File "/Users/harshalsmac/WORK/ardur/ardurHome/trueAlign/notes/views.py", line 97, in global_update_list
    return render(request, 'notes/global_update_list.html', context)
  File "/opt/anaconda3/envs/aps/lib/python3.10/site-packages/django/shortcuts.py", line 25, in render
    content = loader.render_to_string(template_name, context, request, using=using)
  File "/opt/anaconda3/envs/aps/lib/python3.10/site-packages/django/template/loader.py", line 61, in render_to_string
    template = get_template(template_name, using=using)
  File "/opt/anaconda3/envs/aps/lib/python3.10/site-packages/django/template/loader.py", line 15, in get_template
    return engine.get_template(template_name)
  File "/opt/anaconda3/envs/aps/lib/python3.10/site-packages/django/template/backends/django.py", line 33, in get_template
    return Template(self.engine.get_template(template_name), self)
  File "/opt/anaconda3/envs/aps/lib/python3.10/site-packages/django/template/engine.py", line 177, in get_template
    template, origin = self.find_template(template_name)
  File "/opt/anaconda3/envs/aps/lib/python3.10/site-packages/django/template/engine.py", line 159, in find_template
    template = loader.get_template(name, skip=skip)
  File "/opt/anaconda3/envs/aps/lib/python3.10/site-packages/django/template/loaders/cached.py", line 57, in get_template
    template = super().get_template(template_name, skip)
  File "/opt/anaconda3/envs/aps/lib/python3.10/site-packages/django/template/loaders/base.py", line 28, in get_template
    return Template(
  File "/opt/anaconda3/envs/aps/lib/python3.10/site-packages/django/template/base.py", line 154, in __init__
    self.nodelist = self.compile_nodelist()
  File "/opt/anaconda3/envs/aps/lib/python3.10/site-packages/django/template/base.py", line 196, in compile_nodelist
    return parser.parse()
  File "/opt/anaconda3/envs/aps/lib/python3.10/site-packages/django/template/base.py", line 510, in parse
    raise self.error(token, e)
  File "/opt/anaconda3/envs/aps/lib/python3.10/site-packages/django/template/base.py", line 508, in parse
    compiled_result = compile_func(self, token)
  File "/opt/anaconda3/envs/aps/lib/python3.10/site-packages/django/template/loader_tags.py", line 295, in do_extends
    nodelist = parser.parse()
  File "/opt/anaconda3/envs/aps/lib/python3.10/site-packages/django/template/base.py", line 510, in parse
    raise self.error(token, e)
  File "/opt/anaconda3/envs/aps/lib/python3.10/site-packages/django/template/base.py", line 508, in parse
    compiled_result = compile_func(self, token)
  File "/opt/anaconda3/envs/aps/lib/python3.10/site-packages/django/template/loader_tags.py", line 234, in do_block
    nodelist = parser.parse(("endblock",))
  File "/opt/anaconda3/envs/aps/lib/python3.10/site-packages/django/template/base.py", line 510, in parse
    raise self.error(token, e)
  File "/opt/anaconda3/envs/aps/lib/python3.10/site-packages/django/template/base.py", line 508, in parse
    compiled_result = compile_func(self, token)
  File "/opt/anaconda3/envs/aps/lib/python3.10/site-packages/django/template/defaulttags.py", line 961, in do_if
    nodelist = parser.parse(("elif", "else", "endif"))
  File "/opt/anaconda3/envs/aps/lib/python3.10/site-packages/django/template/base.py", line 510, in parse
    raise self.error(token, e)
  File "/opt/anaconda3/envs/aps/lib/python3.10/site-packages/django/template/base.py", line 508, in parse
    compiled_result = compile_func(self, token)
  File "/opt/anaconda3/envs/aps/lib/python3.10/site-packages/django/template/defaulttags.py", line 861, in do_for
    nodelist_loop = parser.parse(
  File "/opt/anaconda3/envs/aps/lib/python3.10/site-packages/django/template/base.py", line 481, in parse
    raise self.error(token, e)
  File "/opt/anaconda3/envs/aps/lib/python3.10/site-packages/django/template/base.py", line 479, in parse
    filter_expression = self.compile_filter(token.contents)
  File "/opt/anaconda3/envs/aps/lib/python3.10/site-packages/django/template/base.py", line 597, in compile_filter
    return FilterExpression(token, self)
  File "/opt/anaconda3/envs/aps/lib/python3.10/site-packages/django/template/base.py", line 698, in __init__
    raise TemplateSyntaxError(
django.template.exceptions.TemplateSyntaxError: Could not parse the remainder: ':selected_language' from 'update.get_title:selected_language'
[2025-09-10 13:30:11] ERROR - django.server - log_message:212 - "GET /notes/global-updates/ HTTP/1.1" 500 361243
[2025-09-10 13:34:10] ERROR - django.request - log_response:241 - Internal Server Error: /notes/global-updates/
Traceback (most recent call last):
  File "/opt/anaconda3/envs/aps/lib/python3.10/site-packages/django/template/base.py", line 502, in parse
    compile_func = self.tags[command]
KeyError: 'endif'

During handling of the above exception, another exception occurred:

Traceback (most recent call last):
  File "/opt/anaconda3/envs/aps/lib/python3.10/site-packages/django/core/handlers/exception.py", line 55, in inner
    response = get_response(request)
  File "/opt/anaconda3/envs/aps/lib/python3.10/site-packages/django/core/handlers/base.py", line 197, in _get_response
    response = wrapped_callback(request, *callback_args, **callback_kwargs)
  File "/opt/anaconda3/envs/aps/lib/python3.10/site-packages/django/contrib/auth/decorators.py", line 23, in _wrapper_view
    return view_func(request, *args, **kwargs)
  File "/Users/harshalsmac/WORK/ardur/ardurHome/trueAlign/notes/views.py", line 97, in global_update_list
    return render(request, 'notes/global_update_list.html', context)
  File "/opt/anaconda3/envs/aps/lib/python3.10/site-packages/django/shortcuts.py", line 25, in render
    content = loader.render_to_string(template_name, context, request, using=using)
  File "/opt/anaconda3/envs/aps/lib/python3.10/site-packages/django/template/loader.py", line 61, in render_to_string
    template = get_template(template_name, using=using)
  File "/opt/anaconda3/envs/aps/lib/python3.10/site-packages/django/template/loader.py", line 15, in get_template
    return engine.get_template(template_name)
  File "/opt/anaconda3/envs/aps/lib/python3.10/site-packages/django/template/backends/django.py", line 33, in get_template
    return Template(self.engine.get_template(template_name), self)
  File "/opt/anaconda3/envs/aps/lib/python3.10/site-packages/django/template/engine.py", line 177, in get_template
    template, origin = self.find_template(template_name)
  File "/opt/anaconda3/envs/aps/lib/python3.10/site-packages/django/template/engine.py", line 159, in find_template
    template = loader.get_template(name, skip=skip)
  File "/opt/anaconda3/envs/aps/lib/python3.10/site-packages/django/template/loaders/cached.py", line 57, in get_template
    template = super().get_template(template_name, skip)
  File "/opt/anaconda3/envs/aps/lib/python3.10/site-packages/django/template/loaders/base.py", line 28, in get_template
    return Template(
  File "/opt/anaconda3/envs/aps/lib/python3.10/site-packages/django/template/base.py", line 154, in __init__
    self.nodelist = self.compile_nodelist()
  File "/opt/anaconda3/envs/aps/lib/python3.10/site-packages/django/template/base.py", line 196, in compile_nodelist
    return parser.parse()
  File "/opt/anaconda3/envs/aps/lib/python3.10/site-packages/django/template/base.py", line 510, in parse
    raise self.error(token, e)
  File "/opt/anaconda3/envs/aps/lib/python3.10/site-packages/django/template/base.py", line 508, in parse
    compiled_result = compile_func(self, token)
  File "/opt/anaconda3/envs/aps/lib/python3.10/site-packages/django/template/loader_tags.py", line 295, in do_extends
    nodelist = parser.parse()
  File "/opt/anaconda3/envs/aps/lib/python3.10/site-packages/django/template/base.py", line 510, in parse
    raise self.error(token, e)
  File "/opt/anaconda3/envs/aps/lib/python3.10/site-packages/django/template/base.py", line 508, in parse
    compiled_result = compile_func(self, token)
  File "/opt/anaconda3/envs/aps/lib/python3.10/site-packages/django/template/loader_tags.py", line 234, in do_block
    nodelist = parser.parse(("endblock",))
  File "/opt/anaconda3/envs/aps/lib/python3.10/site-packages/django/template/base.py", line 510, in parse
    raise self.error(token, e)
  File "/opt/anaconda3/envs/aps/lib/python3.10/site-packages/django/template/base.py", line 508, in parse
    compiled_result = compile_func(self, token)
  File "/opt/anaconda3/envs/aps/lib/python3.10/site-packages/django/template/loader_tags.py", line 234, in do_block
    nodelist = parser.parse(("endblock",))
  File "/opt/anaconda3/envs/aps/lib/python3.10/site-packages/django/template/base.py", line 510, in parse
    raise self.error(token, e)
  File "/opt/anaconda3/envs/aps/lib/python3.10/site-packages/django/template/base.py", line 508, in parse
    compiled_result = compile_func(self, token)
  File "/opt/anaconda3/envs/aps/lib/python3.10/site-packages/django/template/defaulttags.py", line 861, in do_for
    nodelist_loop = parser.parse(
  File "/opt/anaconda3/envs/aps/lib/python3.10/site-packages/django/template/base.py", line 504, in parse
    self.invalid_block_tag(token, command, parse_until)
  File "/opt/anaconda3/envs/aps/lib/python3.10/site-packages/django/template/base.py", line 555, in invalid_block_tag
    raise self.error(
django.template.exceptions.TemplateSyntaxError: Invalid block tag on line 45: 'endif', expected 'empty' or 'endfor'. Did you forget to register or load this tag?
[2025-09-10 13:34:10] ERROR - django.server - log_message:212 - "GET /notes/global-updates/ HTTP/1.1" 500 346114
[2025-09-10 13:36:34] ERROR - django.request - log_response:241 - Internal Server Error: /notes/global-updates/
Traceback (most recent call last):
  File "/opt/anaconda3/envs/aps/lib/python3.10/site-packages/django/template/base.py", line 502, in parse
    compile_func = self.tags[command]
KeyError: 'endfor'

During handling of the above exception, another exception occurred:

Traceback (most recent call last):
  File "/opt/anaconda3/envs/aps/lib/python3.10/site-packages/django/core/handlers/exception.py", line 55, in inner
    response = get_response(request)
  File "/opt/anaconda3/envs/aps/lib/python3.10/site-packages/django/core/handlers/base.py", line 197, in _get_response
    response = wrapped_callback(request, *callback_args, **callback_kwargs)
  File "/opt/anaconda3/envs/aps/lib/python3.10/site-packages/django/contrib/auth/decorators.py", line 23, in _wrapper_view
    return view_func(request, *args, **kwargs)
  File "/Users/harshalsmac/WORK/ardur/ardurHome/trueAlign/notes/views.py", line 97, in global_update_list
    return render(request, 'notes/global_update_list.html', context)
  File "/opt/anaconda3/envs/aps/lib/python3.10/site-packages/django/shortcuts.py", line 25, in render
    content = loader.render_to_string(template_name, context, request, using=using)
  File "/opt/anaconda3/envs/aps/lib/python3.10/site-packages/django/template/loader.py", line 61, in render_to_string
    template = get_template(template_name, using=using)
  File "/opt/anaconda3/envs/aps/lib/python3.10/site-packages/django/template/loader.py", line 15, in get_template
    return engine.get_template(template_name)
  File "/opt/anaconda3/envs/aps/lib/python3.10/site-packages/django/template/backends/django.py", line 33, in get_template
    return Template(self.engine.get_template(template_name), self)
  File "/opt/anaconda3/envs/aps/lib/python3.10/site-packages/django/template/engine.py", line 177, in get_template
    template, origin = self.find_template(template_name)
  File "/opt/anaconda3/envs/aps/lib/python3.10/site-packages/django/template/engine.py", line 159, in find_template
    template = loader.get_template(name, skip=skip)
  File "/opt/anaconda3/envs/aps/lib/python3.10/site-packages/django/template/loaders/cached.py", line 57, in get_template
    template = super().get_template(template_name, skip)
  File "/opt/anaconda3/envs/aps/lib/python3.10/site-packages/django/template/loaders/base.py", line 28, in get_template
    return Template(
  File "/opt/anaconda3/envs/aps/lib/python3.10/site-packages/django/template/base.py", line 154, in __init__
    self.nodelist = self.compile_nodelist()
  File "/opt/anaconda3/envs/aps/lib/python3.10/site-packages/django/template/base.py", line 196, in compile_nodelist
    return parser.parse()
  File "/opt/anaconda3/envs/aps/lib/python3.10/site-packages/django/template/base.py", line 510, in parse
    raise self.error(token, e)
  File "/opt/anaconda3/envs/aps/lib/python3.10/site-packages/django/template/base.py", line 508, in parse
    compiled_result = compile_func(self, token)
  File "/opt/anaconda3/envs/aps/lib/python3.10/site-packages/django/template/loader_tags.py", line 295, in do_extends
    nodelist = parser.parse()
  File "/opt/anaconda3/envs/aps/lib/python3.10/site-packages/django/template/base.py", line 510, in parse
    raise self.error(token, e)
  File "/opt/anaconda3/envs/aps/lib/python3.10/site-packages/django/template/base.py", line 508, in parse
    compiled_result = compile_func(self, token)
  File "/opt/anaconda3/envs/aps/lib/python3.10/site-packages/django/template/loader_tags.py", line 234, in do_block
    nodelist = parser.parse(("endblock",))
  File "/opt/anaconda3/envs/aps/lib/python3.10/site-packages/django/template/base.py", line 510, in parse
    raise self.error(token, e)
  File "/opt/anaconda3/envs/aps/lib/python3.10/site-packages/django/template/base.py", line 508, in parse
    compiled_result = compile_func(self, token)
  File "/opt/anaconda3/envs/aps/lib/python3.10/site-packages/django/template/loader_tags.py", line 234, in do_block
    nodelist = parser.parse(("endblock",))
  File "/opt/anaconda3/envs/aps/lib/python3.10/site-packages/django/template/base.py", line 504, in parse
    self.invalid_block_tag(token, command, parse_until)
  File "/opt/anaconda3/envs/aps/lib/python3.10/site-packages/django/template/base.py", line 555, in invalid_block_tag
    raise self.error(
django.template.exceptions.TemplateSyntaxError: Invalid block tag on line 321: 'endfor', expected 'endblock'. Did you forget to register or load this tag?
[2025-09-10 13:36:34] ERROR - django.server - log_message:212 - "GET /notes/global-updates/ HTTP/1.1" 500 314676
[2025-09-10 13:37:32] ERROR - django.request - log_response:241 - Internal Server Error: /notes/global-updates/
Traceback (most recent call last):
  File "/opt/anaconda3/envs/aps/lib/python3.10/site-packages/django/template/base.py", line 502, in parse
    compile_func = self.tags[command]
KeyError: 'endfor'

During handling of the above exception, another exception occurred:

Traceback (most recent call last):
  File "/opt/anaconda3/envs/aps/lib/python3.10/site-packages/django/core/handlers/exception.py", line 55, in inner
    response = get_response(request)
  File "/opt/anaconda3/envs/aps/lib/python3.10/site-packages/django/core/handlers/base.py", line 197, in _get_response
    response = wrapped_callback(request, *callback_args, **callback_kwargs)
  File "/opt/anaconda3/envs/aps/lib/python3.10/site-packages/django/contrib/auth/decorators.py", line 23, in _wrapper_view
    return view_func(request, *args, **kwargs)
  File "/Users/harshalsmac/WORK/ardur/ardurHome/trueAlign/notes/views.py", line 97, in global_update_list
    return render(request, 'notes/global_update_list.html', context)
  File "/opt/anaconda3/envs/aps/lib/python3.10/site-packages/django/shortcuts.py", line 25, in render
    content = loader.render_to_string(template_name, context, request, using=using)
  File "/opt/anaconda3/envs/aps/lib/python3.10/site-packages/django/template/loader.py", line 61, in render_to_string
    template = get_template(template_name, using=using)
  File "/opt/anaconda3/envs/aps/lib/python3.10/site-packages/django/template/loader.py", line 15, in get_template
    return engine.get_template(template_name)
  File "/opt/anaconda3/envs/aps/lib/python3.10/site-packages/django/template/backends/django.py", line 33, in get_template
    return Template(self.engine.get_template(template_name), self)
  File "/opt/anaconda3/envs/aps/lib/python3.10/site-packages/django/template/engine.py", line 177, in get_template
    template, origin = self.find_template(template_name)
  File "/opt/anaconda3/envs/aps/lib/python3.10/site-packages/django/template/engine.py", line 159, in find_template
    template = loader.get_template(name, skip=skip)
  File "/opt/anaconda3/envs/aps/lib/python3.10/site-packages/django/template/loaders/cached.py", line 57, in get_template
    template = super().get_template(template_name, skip)
  File "/opt/anaconda3/envs/aps/lib/python3.10/site-packages/django/template/loaders/base.py", line 28, in get_template
    return Template(
  File "/opt/anaconda3/envs/aps/lib/python3.10/site-packages/django/template/base.py", line 154, in __init__
    self.nodelist = self.compile_nodelist()
  File "/opt/anaconda3/envs/aps/lib/python3.10/site-packages/django/template/base.py", line 196, in compile_nodelist
    return parser.parse()
  File "/opt/anaconda3/envs/aps/lib/python3.10/site-packages/django/template/base.py", line 510, in parse
    raise self.error(token, e)
  File "/opt/anaconda3/envs/aps/lib/python3.10/site-packages/django/template/base.py", line 508, in parse
    compiled_result = compile_func(self, token)
  File "/opt/anaconda3/envs/aps/lib/python3.10/site-packages/django/template/loader_tags.py", line 295, in do_extends
    nodelist = parser.parse()
  File "/opt/anaconda3/envs/aps/lib/python3.10/site-packages/django/template/base.py", line 510, in parse
    raise self.error(token, e)
  File "/opt/anaconda3/envs/aps/lib/python3.10/site-packages/django/template/base.py", line 508, in parse
    compiled_result = compile_func(self, token)
  File "/opt/anaconda3/envs/aps/lib/python3.10/site-packages/django/template/loader_tags.py", line 234, in do_block
    nodelist = parser.parse(("endblock",))
  File "/opt/anaconda3/envs/aps/lib/python3.10/site-packages/django/template/base.py", line 510, in parse
    raise self.error(token, e)
  File "/opt/anaconda3/envs/aps/lib/python3.10/site-packages/django/template/base.py", line 508, in parse
    compiled_result = compile_func(self, token)
  File "/opt/anaconda3/envs/aps/lib/python3.10/site-packages/django/template/loader_tags.py", line 234, in do_block
    nodelist = parser.parse(("endblock",))
  File "/opt/anaconda3/envs/aps/lib/python3.10/site-packages/django/template/base.py", line 504, in parse
    self.invalid_block_tag(token, command, parse_until)
  File "/opt/anaconda3/envs/aps/lib/python3.10/site-packages/django/template/base.py", line 555, in invalid_block_tag
    raise self.error(
django.template.exceptions.TemplateSyntaxError: Invalid block tag on line 321: 'endfor', expected 'endblock'. Did you forget to register or load this tag?
[2025-09-10 13:37:32] ERROR - django.server - log_message:212 - "GET /notes/global-updates/ HTTP/1.1" 500 314611
[2025-09-10 13:37:44] ERROR - django.request - log_response:241 - Internal Server Error: /notes/global-updates/
Traceback (most recent call last):
  File "/opt/anaconda3/envs/aps/lib/python3.10/site-packages/django/template/base.py", line 502, in parse
    compile_func = self.tags[command]
KeyError: 'endif'

During handling of the above exception, another exception occurred:

Traceback (most recent call last):
  File "/opt/anaconda3/envs/aps/lib/python3.10/site-packages/django/core/handlers/exception.py", line 55, in inner
    response = get_response(request)
  File "/opt/anaconda3/envs/aps/lib/python3.10/site-packages/django/core/handlers/base.py", line 197, in _get_response
    response = wrapped_callback(request, *callback_args, **callback_kwargs)
  File "/opt/anaconda3/envs/aps/lib/python3.10/site-packages/django/contrib/auth/decorators.py", line 23, in _wrapper_view
    return view_func(request, *args, **kwargs)
  File "/Users/harshalsmac/WORK/ardur/ardurHome/trueAlign/notes/views.py", line 97, in global_update_list
    return render(request, 'notes/global_update_list.html', context)
  File "/opt/anaconda3/envs/aps/lib/python3.10/site-packages/django/shortcuts.py", line 25, in render
    content = loader.render_to_string(template_name, context, request, using=using)
  File "/opt/anaconda3/envs/aps/lib/python3.10/site-packages/django/template/loader.py", line 61, in render_to_string
    template = get_template(template_name, using=using)
  File "/opt/anaconda3/envs/aps/lib/python3.10/site-packages/django/template/loader.py", line 15, in get_template
    return engine.get_template(template_name)
  File "/opt/anaconda3/envs/aps/lib/python3.10/site-packages/django/template/backends/django.py", line 33, in get_template
    return Template(self.engine.get_template(template_name), self)
  File "/opt/anaconda3/envs/aps/lib/python3.10/site-packages/django/template/engine.py", line 177, in get_template
    template, origin = self.find_template(template_name)
  File "/opt/anaconda3/envs/aps/lib/python3.10/site-packages/django/template/engine.py", line 159, in find_template
    template = loader.get_template(name, skip=skip)
  File "/opt/anaconda3/envs/aps/lib/python3.10/site-packages/django/template/loaders/cached.py", line 57, in get_template
    template = super().get_template(template_name, skip)
  File "/opt/anaconda3/envs/aps/lib/python3.10/site-packages/django/template/loaders/base.py", line 28, in get_template
    return Template(
  File "/opt/anaconda3/envs/aps/lib/python3.10/site-packages/django/template/base.py", line 154, in __init__
    self.nodelist = self.compile_nodelist()
  File "/opt/anaconda3/envs/aps/lib/python3.10/site-packages/django/template/base.py", line 196, in compile_nodelist
    return parser.parse()
  File "/opt/anaconda3/envs/aps/lib/python3.10/site-packages/django/template/base.py", line 510, in parse
    raise self.error(token, e)
  File "/opt/anaconda3/envs/aps/lib/python3.10/site-packages/django/template/base.py", line 508, in parse
    compiled_result = compile_func(self, token)
  File "/opt/anaconda3/envs/aps/lib/python3.10/site-packages/django/template/loader_tags.py", line 295, in do_extends
    nodelist = parser.parse()
  File "/opt/anaconda3/envs/aps/lib/python3.10/site-packages/django/template/base.py", line 510, in parse
    raise self.error(token, e)
  File "/opt/anaconda3/envs/aps/lib/python3.10/site-packages/django/template/base.py", line 508, in parse
    compiled_result = compile_func(self, token)
  File "/opt/anaconda3/envs/aps/lib/python3.10/site-packages/django/template/loader_tags.py", line 234, in do_block
    nodelist = parser.parse(("endblock",))
  File "/opt/anaconda3/envs/aps/lib/python3.10/site-packages/django/template/base.py", line 510, in parse
    raise self.error(token, e)
  File "/opt/anaconda3/envs/aps/lib/python3.10/site-packages/django/template/base.py", line 508, in parse
    compiled_result = compile_func(self, token)
  File "/opt/anaconda3/envs/aps/lib/python3.10/site-packages/django/template/loader_tags.py", line 234, in do_block
    nodelist = parser.parse(("endblock",))
  File "/opt/anaconda3/envs/aps/lib/python3.10/site-packages/django/template/base.py", line 510, in parse
    raise self.error(token, e)
  File "/opt/anaconda3/envs/aps/lib/python3.10/site-packages/django/template/base.py", line 508, in parse
    compiled_result = compile_func(self, token)
  File "/opt/anaconda3/envs/aps/lib/python3.10/site-packages/django/template/defaulttags.py", line 961, in do_if
    nodelist = parser.parse(("elif", "else", "endif"))
  File "/opt/anaconda3/envs/aps/lib/python3.10/site-packages/django/template/base.py", line 510, in parse
    raise self.error(token, e)
  File "/opt/anaconda3/envs/aps/lib/python3.10/site-packages/django/template/base.py", line 508, in parse
    compiled_result = compile_func(self, token)
  File "/opt/anaconda3/envs/aps/lib/python3.10/site-packages/django/template/defaulttags.py", line 861, in do_for
    nodelist_loop = parser.parse(
  File "/opt/anaconda3/envs/aps/lib/python3.10/site-packages/django/template/base.py", line 504, in parse
    self.invalid_block_tag(token, command, parse_until)
  File "/opt/anaconda3/envs/aps/lib/python3.10/site-packages/django/template/base.py", line 555, in invalid_block_tag
    raise self.error(
django.template.exceptions.TemplateSyntaxError: Invalid block tag on line 245: 'endif', expected 'empty' or 'endfor'. Did you forget to register or load this tag?
[2025-09-10 13:37:44] ERROR - django.server - log_message:212 - "GET /notes/global-updates/ HTTP/1.1" 500 383729
[2025-09-10 13:38:01] ERROR - django.request - log_response:241 - Internal Server Error: /notes/global-updates/
Traceback (most recent call last):
  File "/opt/anaconda3/envs/aps/lib/python3.10/site-packages/django/core/handlers/exception.py", line 55, in inner
    response = get_response(request)
  File "/opt/anaconda3/envs/aps/lib/python3.10/site-packages/django/core/handlers/base.py", line 197, in _get_response
    response = wrapped_callback(request, *callback_args, **callback_kwargs)
  File "/opt/anaconda3/envs/aps/lib/python3.10/site-packages/django/contrib/auth/decorators.py", line 23, in _wrapper_view
    return view_func(request, *args, **kwargs)
  File "/Users/harshalsmac/WORK/ardur/ardurHome/trueAlign/notes/views.py", line 97, in global_update_list
    return render(request, 'notes/global_update_list.html', context)
  File "/opt/anaconda3/envs/aps/lib/python3.10/site-packages/django/shortcuts.py", line 25, in render
    content = loader.render_to_string(template_name, context, request, using=using)
  File "/opt/anaconda3/envs/aps/lib/python3.10/site-packages/django/template/loader.py", line 61, in render_to_string
    template = get_template(template_name, using=using)
  File "/opt/anaconda3/envs/aps/lib/python3.10/site-packages/django/template/loader.py", line 15, in get_template
    return engine.get_template(template_name)
  File "/opt/anaconda3/envs/aps/lib/python3.10/site-packages/django/template/backends/django.py", line 33, in get_template
    return Template(self.engine.get_template(template_name), self)
  File "/opt/anaconda3/envs/aps/lib/python3.10/site-packages/django/template/engine.py", line 177, in get_template
    template, origin = self.find_template(template_name)
  File "/opt/anaconda3/envs/aps/lib/python3.10/site-packages/django/template/engine.py", line 159, in find_template
    template = loader.get_template(name, skip=skip)
  File "/opt/anaconda3/envs/aps/lib/python3.10/site-packages/django/template/loaders/cached.py", line 57, in get_template
    template = super().get_template(template_name, skip)
  File "/opt/anaconda3/envs/aps/lib/python3.10/site-packages/django/template/loaders/base.py", line 28, in get_template
    return Template(
  File "/opt/anaconda3/envs/aps/lib/python3.10/site-packages/django/template/base.py", line 154, in __init__
    self.nodelist = self.compile_nodelist()
  File "/opt/anaconda3/envs/aps/lib/python3.10/site-packages/django/template/base.py", line 196, in compile_nodelist
    return parser.parse()
  File "/opt/anaconda3/envs/aps/lib/python3.10/site-packages/django/template/base.py", line 510, in parse
    raise self.error(token, e)
  File "/opt/anaconda3/envs/aps/lib/python3.10/site-packages/django/template/base.py", line 508, in parse
    compiled_result = compile_func(self, token)
  File "/opt/anaconda3/envs/aps/lib/python3.10/site-packages/django/template/loader_tags.py", line 295, in do_extends
    nodelist = parser.parse()
  File "/opt/anaconda3/envs/aps/lib/python3.10/site-packages/django/template/base.py", line 510, in parse
    raise self.error(token, e)
  File "/opt/anaconda3/envs/aps/lib/python3.10/site-packages/django/template/base.py", line 508, in parse
    compiled_result = compile_func(self, token)
  File "/opt/anaconda3/envs/aps/lib/python3.10/site-packages/django/template/loader_tags.py", line 234, in do_block
    nodelist = parser.parse(("endblock",))
  File "/opt/anaconda3/envs/aps/lib/python3.10/site-packages/django/template/base.py", line 515, in parse
    self.unclosed_block_tag(parse_until)
  File "/opt/anaconda3/envs/aps/lib/python3.10/site-packages/django/template/base.py", line 578, in unclosed_block_tag
    raise self.error(token, msg)
django.template.exceptions.TemplateSyntaxError: Unclosed tag on line 1: 'block'. Looking for one of: endblock.
[2025-09-10 13:38:01] ERROR - django.server - log_message:212 - "GET /notes/global-updates/ HTTP/1.1" 500 210931
[2025-09-10 14:37:33] ERROR - django.request - log_response:241 - Internal Server Error: /dashboard/
Traceback (most recent call last):
  File "/opt/anaconda3/envs/aps/lib/python3.10/site-packages/django/template/smartif.py", line 180, in translate_token
    op = OPERATORS[token]
KeyError: "user.groups.filter(name='HR').exists"

During handling of the above exception, another exception occurred:

Traceback (most recent call last):
  File "/Users/harshalsmac/WORK/ardur/ardurHome/trueAlign/core/views.py", line 799, in dashboard_view
    return render(request, 'dashboard.html', context)
  File "/opt/anaconda3/envs/aps/lib/python3.10/site-packages/django/shortcuts.py", line 25, in render
    content = loader.render_to_string(template_name, context, request, using=using)
  File "/opt/anaconda3/envs/aps/lib/python3.10/site-packages/django/template/loader.py", line 62, in render_to_string
    return template.render(context, request)
  File "/opt/anaconda3/envs/aps/lib/python3.10/site-packages/django/template/backends/django.py", line 61, in render
    return self.template.render(context)
  File "/opt/anaconda3/envs/aps/lib/python3.10/site-packages/django/template/base.py", line 171, in render
    return self._render(context)
  File "/opt/anaconda3/envs/aps/lib/python3.10/site-packages/django/template/base.py", line 163, in _render
    return self.nodelist.render(context)
  File "/opt/anaconda3/envs/aps/lib/python3.10/site-packages/django/template/base.py", line 1000, in render
    return SafeString("".join([node.render_annotated(context) for node in self]))
  File "/opt/anaconda3/envs/aps/lib/python3.10/site-packages/django/template/base.py", line 1000, in <listcomp>
    return SafeString("".join([node.render_annotated(context) for node in self]))
  File "/opt/anaconda3/envs/aps/lib/python3.10/site-packages/django/template/base.py", line 961, in render_annotated
    return self.render(context)
  File "/opt/anaconda3/envs/aps/lib/python3.10/site-packages/django/template/loader_tags.py", line 159, in render
    return compiled_parent._render(context)
  File "/opt/anaconda3/envs/aps/lib/python3.10/site-packages/django/template/base.py", line 163, in _render
    return self.nodelist.render(context)
  File "/opt/anaconda3/envs/aps/lib/python3.10/site-packages/django/template/base.py", line 1000, in render
    return SafeString("".join([node.render_annotated(context) for node in self]))
  File "/opt/anaconda3/envs/aps/lib/python3.10/site-packages/django/template/base.py", line 1000, in <listcomp>
    return SafeString("".join([node.render_annotated(context) for node in self]))
  File "/opt/anaconda3/envs/aps/lib/python3.10/site-packages/django/template/base.py", line 961, in render_annotated
    return self.render(context)
  File "/opt/anaconda3/envs/aps/lib/python3.10/site-packages/django/template/loader_tags.py", line 65, in render
    result = block.nodelist.render(context)
  File "/opt/anaconda3/envs/aps/lib/python3.10/site-packages/django/template/base.py", line 1000, in render
    return SafeString("".join([node.render_annotated(context) for node in self]))
  File "/opt/anaconda3/envs/aps/lib/python3.10/site-packages/django/template/base.py", line 1000, in <listcomp>
    return SafeString("".join([node.render_annotated(context) for node in self]))
  File "/opt/anaconda3/envs/aps/lib/python3.10/site-packages/django/template/base.py", line 961, in render_annotated
    return self.render(context)
  File "/opt/anaconda3/envs/aps/lib/python3.10/site-packages/django/template/defaulttags.py", line 326, in render
    return nodelist.render(context)
  File "/opt/anaconda3/envs/aps/lib/python3.10/site-packages/django/template/base.py", line 1000, in render
    return SafeString("".join([node.render_annotated(context) for node in self]))
  File "/opt/anaconda3/envs/aps/lib/python3.10/site-packages/django/template/base.py", line 1000, in <listcomp>
    return SafeString("".join([node.render_annotated(context) for node in self]))
  File "/opt/anaconda3/envs/aps/lib/python3.10/site-packages/django/template/base.py", line 961, in render_annotated
    return self.render(context)
  File "/opt/anaconda3/envs/aps/lib/python3.10/site-packages/django/template/loader_tags.py", line 199, in render
    template = context.template.engine.select_template(template_name)
  File "/opt/anaconda3/envs/aps/lib/python3.10/site-packages/django/template/engine.py", line 208, in select_template
    return self.get_template(template_name)
  File "/opt/anaconda3/envs/aps/lib/python3.10/site-packages/django/template/engine.py", line 177, in get_template
    template, origin = self.find_template(template_name)
  File "/opt/anaconda3/envs/aps/lib/python3.10/site-packages/django/template/engine.py", line 159, in find_template
    template = loader.get_template(name, skip=skip)
  File "/opt/anaconda3/envs/aps/lib/python3.10/site-packages/django/template/loaders/cached.py", line 57, in get_template
    template = super().get_template(template_name, skip)
  File "/opt/anaconda3/envs/aps/lib/python3.10/site-packages/django/template/loaders/base.py", line 28, in get_template
    return Template(
  File "/opt/anaconda3/envs/aps/lib/python3.10/site-packages/django/template/base.py", line 154, in __init__
    self.nodelist = self.compile_nodelist()
  File "/opt/anaconda3/envs/aps/lib/python3.10/site-packages/django/template/base.py", line 196, in compile_nodelist
    return parser.parse()
  File "/opt/anaconda3/envs/aps/lib/python3.10/site-packages/django/template/base.py", line 510, in parse
    raise self.error(token, e)
  File "/opt/anaconda3/envs/aps/lib/python3.10/site-packages/django/template/base.py", line 508, in parse
    compiled_result = compile_func(self, token)
  File "/opt/anaconda3/envs/aps/lib/python3.10/site-packages/django/template/defaulttags.py", line 960, in do_if
    condition = TemplateIfParser(parser, bits).parse()
  File "/opt/anaconda3/envs/aps/lib/python3.10/site-packages/django/template/defaulttags.py", line 893, in __init__
    super().__init__(*args, **kwargs)
  File "/opt/anaconda3/envs/aps/lib/python3.10/site-packages/django/template/smartif.py", line 171, in __init__
    mapped_tokens.append(self.translate_token(token))
  File "/opt/anaconda3/envs/aps/lib/python3.10/site-packages/django/template/smartif.py", line 182, in translate_token
    return self.create_var(token)
  File "/opt/anaconda3/envs/aps/lib/python3.10/site-packages/django/template/defaulttags.py", line 896, in create_var
    return TemplateLiteral(self.template_parser.compile_filter(value), value)
  File "/opt/anaconda3/envs/aps/lib/python3.10/site-packages/django/template/base.py", line 597, in compile_filter
    return FilterExpression(token, self)
  File "/opt/anaconda3/envs/aps/lib/python3.10/site-packages/django/template/base.py", line 698, in __init__
    raise TemplateSyntaxError(
django.template.exceptions.TemplateSyntaxError: Could not parse the remainder: '(name='HR').exists' from 'user.groups.filter(name='HR').exists'

During handling of the above exception, another exception occurred:

Traceback (most recent call last):
  File "/opt/anaconda3/envs/aps/lib/python3.10/site-packages/django/template/smartif.py", line 180, in translate_token
    op = OPERATORS[token]
KeyError: "user.groups.filter(name='HR').exists"

During handling of the above exception, another exception occurred:

Traceback (most recent call last):
  File "/opt/anaconda3/envs/aps/lib/python3.10/site-packages/django/core/handlers/exception.py", line 55, in inner
    response = get_response(request)
  File "/opt/anaconda3/envs/aps/lib/python3.10/site-packages/django/core/handlers/base.py", line 197, in _get_response
    response = wrapped_callback(request, *callback_args, **callback_kwargs)
  File "/opt/anaconda3/envs/aps/lib/python3.10/site-packages/django/contrib/auth/decorators.py", line 23, in _wrapper_view
    return view_func(request, *args, **kwargs)
  File "/Users/harshalsmac/WORK/ardur/ardurHome/trueAlign/core/views.py", line 804, in dashboard_view
    return render(request, 'dashboard.html', {
  File "/opt/anaconda3/envs/aps/lib/python3.10/site-packages/django/shortcuts.py", line 25, in render
    content = loader.render_to_string(template_name, context, request, using=using)
  File "/opt/anaconda3/envs/aps/lib/python3.10/site-packages/django/template/loader.py", line 62, in render_to_string
    return template.render(context, request)
  File "/opt/anaconda3/envs/aps/lib/python3.10/site-packages/django/template/backends/django.py", line 61, in render
    return self.template.render(context)
  File "/opt/anaconda3/envs/aps/lib/python3.10/site-packages/django/template/base.py", line 171, in render
    return self._render(context)
  File "/opt/anaconda3/envs/aps/lib/python3.10/site-packages/django/template/base.py", line 163, in _render
    return self.nodelist.render(context)
  File "/opt/anaconda3/envs/aps/lib/python3.10/site-packages/django/template/base.py", line 1000, in render
    return SafeString("".join([node.render_annotated(context) for node in self]))
  File "/opt/anaconda3/envs/aps/lib/python3.10/site-packages/django/template/base.py", line 1000, in <listcomp>
    return SafeString("".join([node.render_annotated(context) for node in self]))
  File "/opt/anaconda3/envs/aps/lib/python3.10/site-packages/django/template/base.py", line 961, in render_annotated
    return self.render(context)
  File "/opt/anaconda3/envs/aps/lib/python3.10/site-packages/django/template/loader_tags.py", line 159, in render
    return compiled_parent._render(context)
  File "/opt/anaconda3/envs/aps/lib/python3.10/site-packages/django/template/base.py", line 163, in _render
    return self.nodelist.render(context)
  File "/opt/anaconda3/envs/aps/lib/python3.10/site-packages/django/template/base.py", line 1000, in render
    return SafeString("".join([node.render_annotated(context) for node in self]))
  File "/opt/anaconda3/envs/aps/lib/python3.10/site-packages/django/template/base.py", line 1000, in <listcomp>
    return SafeString("".join([node.render_annotated(context) for node in self]))
  File "/opt/anaconda3/envs/aps/lib/python3.10/site-packages/django/template/base.py", line 961, in render_annotated
    return self.render(context)
  File "/opt/anaconda3/envs/aps/lib/python3.10/site-packages/django/template/loader_tags.py", line 65, in render
    result = block.nodelist.render(context)
  File "/opt/anaconda3/envs/aps/lib/python3.10/site-packages/django/template/base.py", line 1000, in render
    return SafeString("".join([node.render_annotated(context) for node in self]))
  File "/opt/anaconda3/envs/aps/lib/python3.10/site-packages/django/template/base.py", line 1000, in <listcomp>
    return SafeString("".join([node.render_annotated(context) for node in self]))
  File "/opt/anaconda3/envs/aps/lib/python3.10/site-packages/django/template/base.py", line 961, in render_annotated
    return self.render(context)
  File "/opt/anaconda3/envs/aps/lib/python3.10/site-packages/django/template/defaulttags.py", line 326, in render
    return nodelist.render(context)
  File "/opt/anaconda3/envs/aps/lib/python3.10/site-packages/django/template/base.py", line 1000, in render
    return SafeString("".join([node.render_annotated(context) for node in self]))
  File "/opt/anaconda3/envs/aps/lib/python3.10/site-packages/django/template/base.py", line 1000, in <listcomp>
    return SafeString("".join([node.render_annotated(context) for node in self]))
  File "/opt/anaconda3/envs/aps/lib/python3.10/site-packages/django/template/base.py", line 961, in render_annotated
    return self.render(context)
  File "/opt/anaconda3/envs/aps/lib/python3.10/site-packages/django/template/loader_tags.py", line 199, in render
    template = context.template.engine.select_template(template_name)
  File "/opt/anaconda3/envs/aps/lib/python3.10/site-packages/django/template/engine.py", line 208, in select_template
    return self.get_template(template_name)
  File "/opt/anaconda3/envs/aps/lib/python3.10/site-packages/django/template/engine.py", line 177, in get_template
    template, origin = self.find_template(template_name)
  File "/opt/anaconda3/envs/aps/lib/python3.10/site-packages/django/template/engine.py", line 159, in find_template
    template = loader.get_template(name, skip=skip)
  File "/opt/anaconda3/envs/aps/lib/python3.10/site-packages/django/template/loaders/cached.py", line 57, in get_template
    template = super().get_template(template_name, skip)
  File "/opt/anaconda3/envs/aps/lib/python3.10/site-packages/django/template/loaders/base.py", line 28, in get_template
    return Template(
  File "/opt/anaconda3/envs/aps/lib/python3.10/site-packages/django/template/base.py", line 154, in __init__
    self.nodelist = self.compile_nodelist()
  File "/opt/anaconda3/envs/aps/lib/python3.10/site-packages/django/template/base.py", line 196, in compile_nodelist
    return parser.parse()
  File "/opt/anaconda3/envs/aps/lib/python3.10/site-packages/django/template/base.py", line 510, in parse
    raise self.error(token, e)
  File "/opt/anaconda3/envs/aps/lib/python3.10/site-packages/django/template/base.py", line 508, in parse
    compiled_result = compile_func(self, token)
  File "/opt/anaconda3/envs/aps/lib/python3.10/site-packages/django/template/defaulttags.py", line 960, in do_if
    condition = TemplateIfParser(parser, bits).parse()
  File "/opt/anaconda3/envs/aps/lib/python3.10/site-packages/django/template/defaulttags.py", line 893, in __init__
    super().__init__(*args, **kwargs)
  File "/opt/anaconda3/envs/aps/lib/python3.10/site-packages/django/template/smartif.py", line 171, in __init__
    mapped_tokens.append(self.translate_token(token))
  File "/opt/anaconda3/envs/aps/lib/python3.10/site-packages/django/template/smartif.py", line 182, in translate_token
    return self.create_var(token)
  File "/opt/anaconda3/envs/aps/lib/python3.10/site-packages/django/template/defaulttags.py", line 896, in create_var
    return TemplateLiteral(self.template_parser.compile_filter(value), value)
  File "/opt/anaconda3/envs/aps/lib/python3.10/site-packages/django/template/base.py", line 597, in compile_filter
    return FilterExpression(token, self)
  File "/opt/anaconda3/envs/aps/lib/python3.10/site-packages/django/template/base.py", line 698, in __init__
    raise TemplateSyntaxError(
django.template.exceptions.TemplateSyntaxError: Could not parse the remainder: '(name='HR').exists' from 'user.groups.filter(name='HR').exists'
[2025-09-10 14:37:33] ERROR - django.server - log_message:212 - "GET /dashboard/ HTTP/1.1" 500 553192
[2025-09-10 14:39:38] ERROR - django.request - log_response:241 - Internal Server Error: /dashboard/
Traceback (most recent call last):
  File "/opt/anaconda3/envs/aps/lib/python3.10/site-packages/django/template/smartif.py", line 180, in translate_token
    op = OPERATORS[token]
KeyError: "user.groups.filter(name='HR').exists"

During handling of the above exception, another exception occurred:

Traceback (most recent call last):
  File "/Users/harshalsmac/WORK/ardur/ardurHome/trueAlign/core/views.py", line 799, in dashboard_view
    return render(request, 'dashboard.html', context)
  File "/opt/anaconda3/envs/aps/lib/python3.10/site-packages/django/shortcuts.py", line 25, in render
    content = loader.render_to_string(template_name, context, request, using=using)
  File "/opt/anaconda3/envs/aps/lib/python3.10/site-packages/django/template/loader.py", line 62, in render_to_string
    return template.render(context, request)
  File "/opt/anaconda3/envs/aps/lib/python3.10/site-packages/django/template/backends/django.py", line 61, in render
    return self.template.render(context)
  File "/opt/anaconda3/envs/aps/lib/python3.10/site-packages/django/template/base.py", line 171, in render
    return self._render(context)
  File "/opt/anaconda3/envs/aps/lib/python3.10/site-packages/django/template/base.py", line 163, in _render
    return self.nodelist.render(context)
  File "/opt/anaconda3/envs/aps/lib/python3.10/site-packages/django/template/base.py", line 1000, in render
    return SafeString("".join([node.render_annotated(context) for node in self]))
  File "/opt/anaconda3/envs/aps/lib/python3.10/site-packages/django/template/base.py", line 1000, in <listcomp>
    return SafeString("".join([node.render_annotated(context) for node in self]))
  File "/opt/anaconda3/envs/aps/lib/python3.10/site-packages/django/template/base.py", line 961, in render_annotated
    return self.render(context)
  File "/opt/anaconda3/envs/aps/lib/python3.10/site-packages/django/template/loader_tags.py", line 159, in render
    return compiled_parent._render(context)
  File "/opt/anaconda3/envs/aps/lib/python3.10/site-packages/django/template/base.py", line 163, in _render
    return self.nodelist.render(context)
  File "/opt/anaconda3/envs/aps/lib/python3.10/site-packages/django/template/base.py", line 1000, in render
    return SafeString("".join([node.render_annotated(context) for node in self]))
  File "/opt/anaconda3/envs/aps/lib/python3.10/site-packages/django/template/base.py", line 1000, in <listcomp>
    return SafeString("".join([node.render_annotated(context) for node in self]))
  File "/opt/anaconda3/envs/aps/lib/python3.10/site-packages/django/template/base.py", line 961, in render_annotated
    return self.render(context)
  File "/opt/anaconda3/envs/aps/lib/python3.10/site-packages/django/template/loader_tags.py", line 65, in render
    result = block.nodelist.render(context)
  File "/opt/anaconda3/envs/aps/lib/python3.10/site-packages/django/template/base.py", line 1000, in render
    return SafeString("".join([node.render_annotated(context) for node in self]))
  File "/opt/anaconda3/envs/aps/lib/python3.10/site-packages/django/template/base.py", line 1000, in <listcomp>
    return SafeString("".join([node.render_annotated(context) for node in self]))
  File "/opt/anaconda3/envs/aps/lib/python3.10/site-packages/django/template/base.py", line 961, in render_annotated
    return self.render(context)
  File "/opt/anaconda3/envs/aps/lib/python3.10/site-packages/django/template/defaulttags.py", line 326, in render
    return nodelist.render(context)
  File "/opt/anaconda3/envs/aps/lib/python3.10/site-packages/django/template/base.py", line 1000, in render
    return SafeString("".join([node.render_annotated(context) for node in self]))
  File "/opt/anaconda3/envs/aps/lib/python3.10/site-packages/django/template/base.py", line 1000, in <listcomp>
    return SafeString("".join([node.render_annotated(context) for node in self]))
  File "/opt/anaconda3/envs/aps/lib/python3.10/site-packages/django/template/base.py", line 961, in render_annotated
    return self.render(context)
  File "/opt/anaconda3/envs/aps/lib/python3.10/site-packages/django/template/loader_tags.py", line 199, in render
    template = context.template.engine.select_template(template_name)
  File "/opt/anaconda3/envs/aps/lib/python3.10/site-packages/django/template/engine.py", line 208, in select_template
    return self.get_template(template_name)
  File "/opt/anaconda3/envs/aps/lib/python3.10/site-packages/django/template/engine.py", line 177, in get_template
    template, origin = self.find_template(template_name)
  File "/opt/anaconda3/envs/aps/lib/python3.10/site-packages/django/template/engine.py", line 159, in find_template
    template = loader.get_template(name, skip=skip)
  File "/opt/anaconda3/envs/aps/lib/python3.10/site-packages/django/template/loaders/cached.py", line 57, in get_template
    template = super().get_template(template_name, skip)
  File "/opt/anaconda3/envs/aps/lib/python3.10/site-packages/django/template/loaders/base.py", line 28, in get_template
    return Template(
  File "/opt/anaconda3/envs/aps/lib/python3.10/site-packages/django/template/base.py", line 154, in __init__
    self.nodelist = self.compile_nodelist()
  File "/opt/anaconda3/envs/aps/lib/python3.10/site-packages/django/template/base.py", line 196, in compile_nodelist
    return parser.parse()
  File "/opt/anaconda3/envs/aps/lib/python3.10/site-packages/django/template/base.py", line 510, in parse
    raise self.error(token, e)
  File "/opt/anaconda3/envs/aps/lib/python3.10/site-packages/django/template/base.py", line 508, in parse
    compiled_result = compile_func(self, token)
  File "/opt/anaconda3/envs/aps/lib/python3.10/site-packages/django/template/defaulttags.py", line 960, in do_if
    condition = TemplateIfParser(parser, bits).parse()
  File "/opt/anaconda3/envs/aps/lib/python3.10/site-packages/django/template/defaulttags.py", line 893, in __init__
    super().__init__(*args, **kwargs)
  File "/opt/anaconda3/envs/aps/lib/python3.10/site-packages/django/template/smartif.py", line 171, in __init__
    mapped_tokens.append(self.translate_token(token))
  File "/opt/anaconda3/envs/aps/lib/python3.10/site-packages/django/template/smartif.py", line 182, in translate_token
    return self.create_var(token)
  File "/opt/anaconda3/envs/aps/lib/python3.10/site-packages/django/template/defaulttags.py", line 896, in create_var
    return TemplateLiteral(self.template_parser.compile_filter(value), value)
  File "/opt/anaconda3/envs/aps/lib/python3.10/site-packages/django/template/base.py", line 597, in compile_filter
    return FilterExpression(token, self)
  File "/opt/anaconda3/envs/aps/lib/python3.10/site-packages/django/template/base.py", line 698, in __init__
    raise TemplateSyntaxError(
django.template.exceptions.TemplateSyntaxError: Could not parse the remainder: '(name='HR').exists' from 'user.groups.filter(name='HR').exists'

During handling of the above exception, another exception occurred:

Traceback (most recent call last):
  File "/opt/anaconda3/envs/aps/lib/python3.10/site-packages/django/template/smartif.py", line 180, in translate_token
    op = OPERATORS[token]
KeyError: "user.groups.filter(name='HR').exists"

During handling of the above exception, another exception occurred:

Traceback (most recent call last):
  File "/opt/anaconda3/envs/aps/lib/python3.10/site-packages/django/core/handlers/exception.py", line 55, in inner
    response = get_response(request)
  File "/opt/anaconda3/envs/aps/lib/python3.10/site-packages/django/core/handlers/base.py", line 197, in _get_response
    response = wrapped_callback(request, *callback_args, **callback_kwargs)
  File "/opt/anaconda3/envs/aps/lib/python3.10/site-packages/django/contrib/auth/decorators.py", line 23, in _wrapper_view
    return view_func(request, *args, **kwargs)
  File "/Users/harshalsmac/WORK/ardur/ardurHome/trueAlign/core/views.py", line 804, in dashboard_view
    return render(request, 'dashboard.html', {
  File "/opt/anaconda3/envs/aps/lib/python3.10/site-packages/django/shortcuts.py", line 25, in render
    content = loader.render_to_string(template_name, context, request, using=using)
  File "/opt/anaconda3/envs/aps/lib/python3.10/site-packages/django/template/loader.py", line 62, in render_to_string
    return template.render(context, request)
  File "/opt/anaconda3/envs/aps/lib/python3.10/site-packages/django/template/backends/django.py", line 61, in render
    return self.template.render(context)
  File "/opt/anaconda3/envs/aps/lib/python3.10/site-packages/django/template/base.py", line 171, in render
    return self._render(context)
  File "/opt/anaconda3/envs/aps/lib/python3.10/site-packages/django/template/base.py", line 163, in _render
    return self.nodelist.render(context)
  File "/opt/anaconda3/envs/aps/lib/python3.10/site-packages/django/template/base.py", line 1000, in render
    return SafeString("".join([node.render_annotated(context) for node in self]))
  File "/opt/anaconda3/envs/aps/lib/python3.10/site-packages/django/template/base.py", line 1000, in <listcomp>
    return SafeString("".join([node.render_annotated(context) for node in self]))
  File "/opt/anaconda3/envs/aps/lib/python3.10/site-packages/django/template/base.py", line 961, in render_annotated
    return self.render(context)
  File "/opt/anaconda3/envs/aps/lib/python3.10/site-packages/django/template/loader_tags.py", line 159, in render
    return compiled_parent._render(context)
  File "/opt/anaconda3/envs/aps/lib/python3.10/site-packages/django/template/base.py", line 163, in _render
    return self.nodelist.render(context)
  File "/opt/anaconda3/envs/aps/lib/python3.10/site-packages/django/template/base.py", line 1000, in render
    return SafeString("".join([node.render_annotated(context) for node in self]))
  File "/opt/anaconda3/envs/aps/lib/python3.10/site-packages/django/template/base.py", line 1000, in <listcomp>
    return SafeString("".join([node.render_annotated(context) for node in self]))
  File "/opt/anaconda3/envs/aps/lib/python3.10/site-packages/django/template/base.py", line 961, in render_annotated
    return self.render(context)
  File "/opt/anaconda3/envs/aps/lib/python3.10/site-packages/django/template/loader_tags.py", line 65, in render
    result = block.nodelist.render(context)
  File "/opt/anaconda3/envs/aps/lib/python3.10/site-packages/django/template/base.py", line 1000, in render
    return SafeString("".join([node.render_annotated(context) for node in self]))
  File "/opt/anaconda3/envs/aps/lib/python3.10/site-packages/django/template/base.py", line 1000, in <listcomp>
    return SafeString("".join([node.render_annotated(context) for node in self]))
  File "/opt/anaconda3/envs/aps/lib/python3.10/site-packages/django/template/base.py", line 961, in render_annotated
    return self.render(context)
  File "/opt/anaconda3/envs/aps/lib/python3.10/site-packages/django/template/defaulttags.py", line 326, in render
    return nodelist.render(context)
  File "/opt/anaconda3/envs/aps/lib/python3.10/site-packages/django/template/base.py", line 1000, in render
    return SafeString("".join([node.render_annotated(context) for node in self]))
  File "/opt/anaconda3/envs/aps/lib/python3.10/site-packages/django/template/base.py", line 1000, in <listcomp>
    return SafeString("".join([node.render_annotated(context) for node in self]))
  File "/opt/anaconda3/envs/aps/lib/python3.10/site-packages/django/template/base.py", line 961, in render_annotated
    return self.render(context)
  File "/opt/anaconda3/envs/aps/lib/python3.10/site-packages/django/template/loader_tags.py", line 199, in render
    template = context.template.engine.select_template(template_name)
  File "/opt/anaconda3/envs/aps/lib/python3.10/site-packages/django/template/engine.py", line 208, in select_template
    return self.get_template(template_name)
  File "/opt/anaconda3/envs/aps/lib/python3.10/site-packages/django/template/engine.py", line 177, in get_template
    template, origin = self.find_template(template_name)
  File "/opt/anaconda3/envs/aps/lib/python3.10/site-packages/django/template/engine.py", line 159, in find_template
    template = loader.get_template(name, skip=skip)
  File "/opt/anaconda3/envs/aps/lib/python3.10/site-packages/django/template/loaders/cached.py", line 57, in get_template
    template = super().get_template(template_name, skip)
  File "/opt/anaconda3/envs/aps/lib/python3.10/site-packages/django/template/loaders/base.py", line 28, in get_template
    return Template(
  File "/opt/anaconda3/envs/aps/lib/python3.10/site-packages/django/template/base.py", line 154, in __init__
    self.nodelist = self.compile_nodelist()
  File "/opt/anaconda3/envs/aps/lib/python3.10/site-packages/django/template/base.py", line 196, in compile_nodelist
    return parser.parse()
  File "/opt/anaconda3/envs/aps/lib/python3.10/site-packages/django/template/base.py", line 510, in parse
    raise self.error(token, e)
  File "/opt/anaconda3/envs/aps/lib/python3.10/site-packages/django/template/base.py", line 508, in parse
    compiled_result = compile_func(self, token)
  File "/opt/anaconda3/envs/aps/lib/python3.10/site-packages/django/template/defaulttags.py", line 960, in do_if
    condition = TemplateIfParser(parser, bits).parse()
  File "/opt/anaconda3/envs/aps/lib/python3.10/site-packages/django/template/defaulttags.py", line 893, in __init__
    super().__init__(*args, **kwargs)
  File "/opt/anaconda3/envs/aps/lib/python3.10/site-packages/django/template/smartif.py", line 171, in __init__
    mapped_tokens.append(self.translate_token(token))
  File "/opt/anaconda3/envs/aps/lib/python3.10/site-packages/django/template/smartif.py", line 182, in translate_token
    return self.create_var(token)
  File "/opt/anaconda3/envs/aps/lib/python3.10/site-packages/django/template/defaulttags.py", line 896, in create_var
    return TemplateLiteral(self.template_parser.compile_filter(value), value)
  File "/opt/anaconda3/envs/aps/lib/python3.10/site-packages/django/template/base.py", line 597, in compile_filter
    return FilterExpression(token, self)
  File "/opt/anaconda3/envs/aps/lib/python3.10/site-packages/django/template/base.py", line 698, in __init__
    raise TemplateSyntaxError(
django.template.exceptions.TemplateSyntaxError: Could not parse the remainder: '(name='HR').exists' from 'user.groups.filter(name='HR').exists'
[2025-09-10 14:39:38] ERROR - django.server - log_message:212 - "GET /dashboard/ HTTP/1.1" 500 553192
[2025-09-10 14:39:41] ERROR - django.request - log_response:241 - Internal Server Error: /dashboard/
Traceback (most recent call last):
  File "/opt/anaconda3/envs/aps/lib/python3.10/site-packages/django/template/smartif.py", line 180, in translate_token
    op = OPERATORS[token]
KeyError: "user.groups.filter(name='HR').exists"

During handling of the above exception, another exception occurred:

Traceback (most recent call last):
  File "/Users/harshalsmac/WORK/ardur/ardurHome/trueAlign/core/views.py", line 799, in dashboard_view
    return render(request, 'dashboard.html', context)
  File "/opt/anaconda3/envs/aps/lib/python3.10/site-packages/django/shortcuts.py", line 25, in render
    content = loader.render_to_string(template_name, context, request, using=using)
  File "/opt/anaconda3/envs/aps/lib/python3.10/site-packages/django/template/loader.py", line 62, in render_to_string
    return template.render(context, request)
  File "/opt/anaconda3/envs/aps/lib/python3.10/site-packages/django/template/backends/django.py", line 61, in render
    return self.template.render(context)
  File "/opt/anaconda3/envs/aps/lib/python3.10/site-packages/django/template/base.py", line 171, in render
    return self._render(context)
  File "/opt/anaconda3/envs/aps/lib/python3.10/site-packages/django/template/base.py", line 163, in _render
    return self.nodelist.render(context)
  File "/opt/anaconda3/envs/aps/lib/python3.10/site-packages/django/template/base.py", line 1000, in render
    return SafeString("".join([node.render_annotated(context) for node in self]))
  File "/opt/anaconda3/envs/aps/lib/python3.10/site-packages/django/template/base.py", line 1000, in <listcomp>
    return SafeString("".join([node.render_annotated(context) for node in self]))
  File "/opt/anaconda3/envs/aps/lib/python3.10/site-packages/django/template/base.py", line 961, in render_annotated
    return self.render(context)
  File "/opt/anaconda3/envs/aps/lib/python3.10/site-packages/django/template/loader_tags.py", line 159, in render
    return compiled_parent._render(context)
  File "/opt/anaconda3/envs/aps/lib/python3.10/site-packages/django/template/base.py", line 163, in _render
    return self.nodelist.render(context)
  File "/opt/anaconda3/envs/aps/lib/python3.10/site-packages/django/template/base.py", line 1000, in render
    return SafeString("".join([node.render_annotated(context) for node in self]))
  File "/opt/anaconda3/envs/aps/lib/python3.10/site-packages/django/template/base.py", line 1000, in <listcomp>
    return SafeString("".join([node.render_annotated(context) for node in self]))
  File "/opt/anaconda3/envs/aps/lib/python3.10/site-packages/django/template/base.py", line 961, in render_annotated
    return self.render(context)
  File "/opt/anaconda3/envs/aps/lib/python3.10/site-packages/django/template/loader_tags.py", line 65, in render
    result = block.nodelist.render(context)
  File "/opt/anaconda3/envs/aps/lib/python3.10/site-packages/django/template/base.py", line 1000, in render
    return SafeString("".join([node.render_annotated(context) for node in self]))
  File "/opt/anaconda3/envs/aps/lib/python3.10/site-packages/django/template/base.py", line 1000, in <listcomp>
    return SafeString("".join([node.render_annotated(context) for node in self]))
  File "/opt/anaconda3/envs/aps/lib/python3.10/site-packages/django/template/base.py", line 961, in render_annotated
    return self.render(context)
  File "/opt/anaconda3/envs/aps/lib/python3.10/site-packages/django/template/defaulttags.py", line 326, in render
    return nodelist.render(context)
  File "/opt/anaconda3/envs/aps/lib/python3.10/site-packages/django/template/base.py", line 1000, in render
    return SafeString("".join([node.render_annotated(context) for node in self]))
  File "/opt/anaconda3/envs/aps/lib/python3.10/site-packages/django/template/base.py", line 1000, in <listcomp>
    return SafeString("".join([node.render_annotated(context) for node in self]))
  File "/opt/anaconda3/envs/aps/lib/python3.10/site-packages/django/template/base.py", line 961, in render_annotated
    return self.render(context)
  File "/opt/anaconda3/envs/aps/lib/python3.10/site-packages/django/template/loader_tags.py", line 199, in render
    template = context.template.engine.select_template(template_name)
  File "/opt/anaconda3/envs/aps/lib/python3.10/site-packages/django/template/engine.py", line 208, in select_template
    return self.get_template(template_name)
  File "/opt/anaconda3/envs/aps/lib/python3.10/site-packages/django/template/engine.py", line 177, in get_template
    template, origin = self.find_template(template_name)
  File "/opt/anaconda3/envs/aps/lib/python3.10/site-packages/django/template/engine.py", line 159, in find_template
    template = loader.get_template(name, skip=skip)
  File "/opt/anaconda3/envs/aps/lib/python3.10/site-packages/django/template/loaders/cached.py", line 57, in get_template
    template = super().get_template(template_name, skip)
  File "/opt/anaconda3/envs/aps/lib/python3.10/site-packages/django/template/loaders/base.py", line 28, in get_template
    return Template(
  File "/opt/anaconda3/envs/aps/lib/python3.10/site-packages/django/template/base.py", line 154, in __init__
    self.nodelist = self.compile_nodelist()
  File "/opt/anaconda3/envs/aps/lib/python3.10/site-packages/django/template/base.py", line 196, in compile_nodelist
    return parser.parse()
  File "/opt/anaconda3/envs/aps/lib/python3.10/site-packages/django/template/base.py", line 510, in parse
    raise self.error(token, e)
  File "/opt/anaconda3/envs/aps/lib/python3.10/site-packages/django/template/base.py", line 508, in parse
    compiled_result = compile_func(self, token)
  File "/opt/anaconda3/envs/aps/lib/python3.10/site-packages/django/template/defaulttags.py", line 960, in do_if
    condition = TemplateIfParser(parser, bits).parse()
  File "/opt/anaconda3/envs/aps/lib/python3.10/site-packages/django/template/defaulttags.py", line 893, in __init__
    super().__init__(*args, **kwargs)
  File "/opt/anaconda3/envs/aps/lib/python3.10/site-packages/django/template/smartif.py", line 171, in __init__
    mapped_tokens.append(self.translate_token(token))
  File "/opt/anaconda3/envs/aps/lib/python3.10/site-packages/django/template/smartif.py", line 182, in translate_token
    return self.create_var(token)
  File "/opt/anaconda3/envs/aps/lib/python3.10/site-packages/django/template/defaulttags.py", line 896, in create_var
    return TemplateLiteral(self.template_parser.compile_filter(value), value)
  File "/opt/anaconda3/envs/aps/lib/python3.10/site-packages/django/template/base.py", line 597, in compile_filter
    return FilterExpression(token, self)
  File "/opt/anaconda3/envs/aps/lib/python3.10/site-packages/django/template/base.py", line 698, in __init__
    raise TemplateSyntaxError(
django.template.exceptions.TemplateSyntaxError: Could not parse the remainder: '(name='HR').exists' from 'user.groups.filter(name='HR').exists'

During handling of the above exception, another exception occurred:

Traceback (most recent call last):
  File "/opt/anaconda3/envs/aps/lib/python3.10/site-packages/django/template/smartif.py", line 180, in translate_token
    op = OPERATORS[token]
KeyError: "user.groups.filter(name='HR').exists"

During handling of the above exception, another exception occurred:

Traceback (most recent call last):
  File "/opt/anaconda3/envs/aps/lib/python3.10/site-packages/django/core/handlers/exception.py", line 55, in inner
    response = get_response(request)
  File "/opt/anaconda3/envs/aps/lib/python3.10/site-packages/django/core/handlers/base.py", line 197, in _get_response
    response = wrapped_callback(request, *callback_args, **callback_kwargs)
  File "/opt/anaconda3/envs/aps/lib/python3.10/site-packages/django/contrib/auth/decorators.py", line 23, in _wrapper_view
    return view_func(request, *args, **kwargs)
  File "/Users/harshalsmac/WORK/ardur/ardurHome/trueAlign/core/views.py", line 804, in dashboard_view
    return render(request, 'dashboard.html', {
  File "/opt/anaconda3/envs/aps/lib/python3.10/site-packages/django/shortcuts.py", line 25, in render
    content = loader.render_to_string(template_name, context, request, using=using)
  File "/opt/anaconda3/envs/aps/lib/python3.10/site-packages/django/template/loader.py", line 62, in render_to_string
    return template.render(context, request)
  File "/opt/anaconda3/envs/aps/lib/python3.10/site-packages/django/template/backends/django.py", line 61, in render
    return self.template.render(context)
  File "/opt/anaconda3/envs/aps/lib/python3.10/site-packages/django/template/base.py", line 171, in render
    return self._render(context)
  File "/opt/anaconda3/envs/aps/lib/python3.10/site-packages/django/template/base.py", line 163, in _render
    return self.nodelist.render(context)
  File "/opt/anaconda3/envs/aps/lib/python3.10/site-packages/django/template/base.py", line 1000, in render
    return SafeString("".join([node.render_annotated(context) for node in self]))
  File "/opt/anaconda3/envs/aps/lib/python3.10/site-packages/django/template/base.py", line 1000, in <listcomp>
    return SafeString("".join([node.render_annotated(context) for node in self]))
  File "/opt/anaconda3/envs/aps/lib/python3.10/site-packages/django/template/base.py", line 961, in render_annotated
    return self.render(context)
  File "/opt/anaconda3/envs/aps/lib/python3.10/site-packages/django/template/loader_tags.py", line 159, in render
    return compiled_parent._render(context)
  File "/opt/anaconda3/envs/aps/lib/python3.10/site-packages/django/template/base.py", line 163, in _render
    return self.nodelist.render(context)
  File "/opt/anaconda3/envs/aps/lib/python3.10/site-packages/django/template/base.py", line 1000, in render
    return SafeString("".join([node.render_annotated(context) for node in self]))
  File "/opt/anaconda3/envs/aps/lib/python3.10/site-packages/django/template/base.py", line 1000, in <listcomp>
    return SafeString("".join([node.render_annotated(context) for node in self]))
  File "/opt/anaconda3/envs/aps/lib/python3.10/site-packages/django/template/base.py", line 961, in render_annotated
    return self.render(context)
  File "/opt/anaconda3/envs/aps/lib/python3.10/site-packages/django/template/loader_tags.py", line 65, in render
    result = block.nodelist.render(context)
  File "/opt/anaconda3/envs/aps/lib/python3.10/site-packages/django/template/base.py", line 1000, in render
    return SafeString("".join([node.render_annotated(context) for node in self]))
  File "/opt/anaconda3/envs/aps/lib/python3.10/site-packages/django/template/base.py", line 1000, in <listcomp>
    return SafeString("".join([node.render_annotated(context) for node in self]))
  File "/opt/anaconda3/envs/aps/lib/python3.10/site-packages/django/template/base.py", line 961, in render_annotated
    return self.render(context)
  File "/opt/anaconda3/envs/aps/lib/python3.10/site-packages/django/template/defaulttags.py", line 326, in render
    return nodelist.render(context)
  File "/opt/anaconda3/envs/aps/lib/python3.10/site-packages/django/template/base.py", line 1000, in render
    return SafeString("".join([node.render_annotated(context) for node in self]))
  File "/opt/anaconda3/envs/aps/lib/python3.10/site-packages/django/template/base.py", line 1000, in <listcomp>
    return SafeString("".join([node.render_annotated(context) for node in self]))
  File "/opt/anaconda3/envs/aps/lib/python3.10/site-packages/django/template/base.py", line 961, in render_annotated
    return self.render(context)
  File "/opt/anaconda3/envs/aps/lib/python3.10/site-packages/django/template/loader_tags.py", line 199, in render
    template = context.template.engine.select_template(template_name)
  File "/opt/anaconda3/envs/aps/lib/python3.10/site-packages/django/template/engine.py", line 208, in select_template
    return self.get_template(template_name)
  File "/opt/anaconda3/envs/aps/lib/python3.10/site-packages/django/template/engine.py", line 177, in get_template
    template, origin = self.find_template(template_name)
  File "/opt/anaconda3/envs/aps/lib/python3.10/site-packages/django/template/engine.py", line 159, in find_template
    template = loader.get_template(name, skip=skip)
  File "/opt/anaconda3/envs/aps/lib/python3.10/site-packages/django/template/loaders/cached.py", line 57, in get_template
    template = super().get_template(template_name, skip)
  File "/opt/anaconda3/envs/aps/lib/python3.10/site-packages/django/template/loaders/base.py", line 28, in get_template
    return Template(
  File "/opt/anaconda3/envs/aps/lib/python3.10/site-packages/django/template/base.py", line 154, in __init__
    self.nodelist = self.compile_nodelist()
  File "/opt/anaconda3/envs/aps/lib/python3.10/site-packages/django/template/base.py", line 196, in compile_nodelist
    return parser.parse()
  File "/opt/anaconda3/envs/aps/lib/python3.10/site-packages/django/template/base.py", line 510, in parse
    raise self.error(token, e)
  File "/opt/anaconda3/envs/aps/lib/python3.10/site-packages/django/template/base.py", line 508, in parse
    compiled_result = compile_func(self, token)
  File "/opt/anaconda3/envs/aps/lib/python3.10/site-packages/django/template/defaulttags.py", line 960, in do_if
    condition = TemplateIfParser(parser, bits).parse()
  File "/opt/anaconda3/envs/aps/lib/python3.10/site-packages/django/template/defaulttags.py", line 893, in __init__
    super().__init__(*args, **kwargs)
  File "/opt/anaconda3/envs/aps/lib/python3.10/site-packages/django/template/smartif.py", line 171, in __init__
    mapped_tokens.append(self.translate_token(token))
  File "/opt/anaconda3/envs/aps/lib/python3.10/site-packages/django/template/smartif.py", line 182, in translate_token
    return self.create_var(token)
  File "/opt/anaconda3/envs/aps/lib/python3.10/site-packages/django/template/defaulttags.py", line 896, in create_var
    return TemplateLiteral(self.template_parser.compile_filter(value), value)
  File "/opt/anaconda3/envs/aps/lib/python3.10/site-packages/django/template/base.py", line 597, in compile_filter
    return FilterExpression(token, self)
  File "/opt/anaconda3/envs/aps/lib/python3.10/site-packages/django/template/base.py", line 698, in __init__
    raise TemplateSyntaxError(
django.template.exceptions.TemplateSyntaxError: Could not parse the remainder: '(name='HR').exists' from 'user.groups.filter(name='HR').exists'
[2025-09-10 14:39:41] ERROR - django.server - log_message:212 - "GET /dashboard/ HTTP/1.1" 500 553218
[2025-09-10 14:55:56] ERROR - django.request - log_response:241 - Internal Server Error: /notes/global-updates/1/
Traceback (most recent call last):
  File "/opt/anaconda3/envs/aps/lib/python3.10/site-packages/django/template/base.py", line 502, in parse
    compile_func = self.tags[command]
KeyError: 'endif'

During handling of the above exception, another exception occurred:

Traceback (most recent call last):
  File "/opt/anaconda3/envs/aps/lib/python3.10/site-packages/django/core/handlers/exception.py", line 55, in inner
    response = get_response(request)
  File "/opt/anaconda3/envs/aps/lib/python3.10/site-packages/django/core/handlers/base.py", line 197, in _get_response
    response = wrapped_callback(request, *callback_args, **callback_kwargs)
  File "/opt/anaconda3/envs/aps/lib/python3.10/site-packages/django/contrib/auth/decorators.py", line 23, in _wrapper_view
    return view_func(request, *args, **kwargs)
  File "/Users/harshalsmac/WORK/ardur/ardurHome/trueAlign/notes/views.py", line 169, in global_update_detail
    return render(request, 'notes/global_update_detail.html', context)
  File "/opt/anaconda3/envs/aps/lib/python3.10/site-packages/django/shortcuts.py", line 25, in render
    content = loader.render_to_string(template_name, context, request, using=using)
  File "/opt/anaconda3/envs/aps/lib/python3.10/site-packages/django/template/loader.py", line 61, in render_to_string
    template = get_template(template_name, using=using)
  File "/opt/anaconda3/envs/aps/lib/python3.10/site-packages/django/template/loader.py", line 15, in get_template
    return engine.get_template(template_name)
  File "/opt/anaconda3/envs/aps/lib/python3.10/site-packages/django/template/backends/django.py", line 33, in get_template
    return Template(self.engine.get_template(template_name), self)
  File "/opt/anaconda3/envs/aps/lib/python3.10/site-packages/django/template/engine.py", line 177, in get_template
    template, origin = self.find_template(template_name)
  File "/opt/anaconda3/envs/aps/lib/python3.10/site-packages/django/template/engine.py", line 159, in find_template
    template = loader.get_template(name, skip=skip)
  File "/opt/anaconda3/envs/aps/lib/python3.10/site-packages/django/template/loaders/cached.py", line 57, in get_template
    template = super().get_template(template_name, skip)
  File "/opt/anaconda3/envs/aps/lib/python3.10/site-packages/django/template/loaders/base.py", line 28, in get_template
    return Template(
  File "/opt/anaconda3/envs/aps/lib/python3.10/site-packages/django/template/base.py", line 154, in __init__
    self.nodelist = self.compile_nodelist()
  File "/opt/anaconda3/envs/aps/lib/python3.10/site-packages/django/template/base.py", line 196, in compile_nodelist
    return parser.parse()
  File "/opt/anaconda3/envs/aps/lib/python3.10/site-packages/django/template/base.py", line 510, in parse
    raise self.error(token, e)
  File "/opt/anaconda3/envs/aps/lib/python3.10/site-packages/django/template/base.py", line 508, in parse
    compiled_result = compile_func(self, token)
  File "/opt/anaconda3/envs/aps/lib/python3.10/site-packages/django/template/loader_tags.py", line 295, in do_extends
    nodelist = parser.parse()
  File "/opt/anaconda3/envs/aps/lib/python3.10/site-packages/django/template/base.py", line 510, in parse
    raise self.error(token, e)
  File "/opt/anaconda3/envs/aps/lib/python3.10/site-packages/django/template/base.py", line 508, in parse
    compiled_result = compile_func(self, token)
  File "/opt/anaconda3/envs/aps/lib/python3.10/site-packages/django/template/loader_tags.py", line 234, in do_block
    nodelist = parser.parse(("endblock",))
  File "/opt/anaconda3/envs/aps/lib/python3.10/site-packages/django/template/base.py", line 510, in parse
    raise self.error(token, e)
  File "/opt/anaconda3/envs/aps/lib/python3.10/site-packages/django/template/base.py", line 508, in parse
    compiled_result = compile_func(self, token)
  File "/opt/anaconda3/envs/aps/lib/python3.10/site-packages/django/template/defaulttags.py", line 861, in do_for
    nodelist_loop = parser.parse(
  File "/opt/anaconda3/envs/aps/lib/python3.10/site-packages/django/template/base.py", line 504, in parse
    self.invalid_block_tag(token, command, parse_until)
  File "/opt/anaconda3/envs/aps/lib/python3.10/site-packages/django/template/base.py", line 555, in invalid_block_tag
    raise self.error(
django.template.exceptions.TemplateSyntaxError: Invalid block tag on line 35: 'endif', expected 'empty' or 'endfor'. Did you forget to register or load this tag?
[2025-09-16 14:22:58] ERROR - django.request - log_response:241 - Internal Server Error: /notes/global-updates/create/
Traceback (most recent call last):
  File "/opt/anaconda3/envs/aps/lib/python3.10/site-packages/django/template/base.py", line 502, in parse
    compile_func = self.tags[command]
KeyError: 'endfor'

During handling of the above exception, another exception occurred:

Traceback (most recent call last):
  File "/opt/anaconda3/envs/aps/lib/python3.10/site-packages/django/core/handlers/exception.py", line 55, in inner
    response = get_response(request)
  File "/opt/anaconda3/envs/aps/lib/python3.10/site-packages/django/core/handlers/base.py", line 197, in _get_response
    response = wrapped_callback(request, *callback_args, **callback_kwargs)
  File "/opt/anaconda3/envs/aps/lib/python3.10/site-packages/django/contrib/auth/decorators.py", line 23, in _wrapper_view
    return view_func(request, *args, **kwargs)
  File "/Users/harshalsmac/WORK/ardur/ardurHome/trueAlign/notes/views.py", line 200, in global_update_create
    return render(request, 'notes/global_update_form.html', context)
  File "/opt/anaconda3/envs/aps/lib/python3.10/site-packages/django/shortcuts.py", line 25, in render
    content = loader.render_to_string(template_name, context, request, using=using)
  File "/opt/anaconda3/envs/aps/lib/python3.10/site-packages/django/template/loader.py", line 61, in render_to_string
    template = get_template(template_name, using=using)
  File "/opt/anaconda3/envs/aps/lib/python3.10/site-packages/django/template/loader.py", line 15, in get_template
    return engine.get_template(template_name)
  File "/opt/anaconda3/envs/aps/lib/python3.10/site-packages/django/template/backends/django.py", line 33, in get_template
    return Template(self.engine.get_template(template_name), self)
  File "/opt/anaconda3/envs/aps/lib/python3.10/site-packages/django/template/engine.py", line 177, in get_template
    template, origin = self.find_template(template_name)
  File "/opt/anaconda3/envs/aps/lib/python3.10/site-packages/django/template/engine.py", line 159, in find_template
    template = loader.get_template(name, skip=skip)
  File "/opt/anaconda3/envs/aps/lib/python3.10/site-packages/django/template/loaders/cached.py", line 57, in get_template
    template = super().get_template(template_name, skip)
  File "/opt/anaconda3/envs/aps/lib/python3.10/site-packages/django/template/loaders/base.py", line 28, in get_template
    return Template(
  File "/opt/anaconda3/envs/aps/lib/python3.10/site-packages/django/template/base.py", line 154, in __init__
    self.nodelist = self.compile_nodelist()
  File "/opt/anaconda3/envs/aps/lib/python3.10/site-packages/django/template/base.py", line 196, in compile_nodelist
    return parser.parse()
  File "/opt/anaconda3/envs/aps/lib/python3.10/site-packages/django/template/base.py", line 510, in parse
    raise self.error(token, e)
  File "/opt/anaconda3/envs/aps/lib/python3.10/site-packages/django/template/base.py", line 508, in parse
    compiled_result = compile_func(self, token)
  File "/opt/anaconda3/envs/aps/lib/python3.10/site-packages/django/template/loader_tags.py", line 295, in do_extends
    nodelist = parser.parse()
  File "/opt/anaconda3/envs/aps/lib/python3.10/site-packages/django/template/base.py", line 510, in parse
    raise self.error(token, e)
  File "/opt/anaconda3/envs/aps/lib/python3.10/site-packages/django/template/base.py", line 508, in parse
    compiled_result = compile_func(self, token)
  File "/opt/anaconda3/envs/aps/lib/python3.10/site-packages/django/template/loader_tags.py", line 234, in do_block
    nodelist = parser.parse(("endblock",))
  File "/opt/anaconda3/envs/aps/lib/python3.10/site-packages/django/template/base.py", line 504, in parse
    self.invalid_block_tag(token, command, parse_until)
  File "/opt/anaconda3/envs/aps/lib/python3.10/site-packages/django/template/base.py", line 555, in invalid_block_tag
    raise self.error(
django.template.exceptions.TemplateSyntaxError: Invalid block tag on line 135: 'endfor', expected 'endblock'. Did you forget to register or load this tag?
[2025-09-16 14:22:58] ERROR - django.server - log_message:212 - "GET /notes/global-updates/create/ HTTP/1.1" 500 279404
[2025-09-16 14:23:14] ERROR - django.request - log_response:241 - Internal Server Error: /notes/global-updates/create/
Traceback (most recent call last):
  File "/opt/anaconda3/envs/aps/lib/python3.10/site-packages/django/template/base.py", line 502, in parse
    compile_func = self.tags[command]
KeyError: 'endfor'

During handling of the above exception, another exception occurred:

Traceback (most recent call last):
  File "/opt/anaconda3/envs/aps/lib/python3.10/site-packages/django/core/handlers/exception.py", line 55, in inner
    response = get_response(request)
  File "/opt/anaconda3/envs/aps/lib/python3.10/site-packages/django/core/handlers/base.py", line 197, in _get_response
    response = wrapped_callback(request, *callback_args, **callback_kwargs)
  File "/opt/anaconda3/envs/aps/lib/python3.10/site-packages/django/contrib/auth/decorators.py", line 23, in _wrapper_view
    return view_func(request, *args, **kwargs)
  File "/Users/harshalsmac/WORK/ardur/ardurHome/trueAlign/notes/views.py", line 200, in global_update_create
    return render(request, 'notes/global_update_form.html', context)
  File "/opt/anaconda3/envs/aps/lib/python3.10/site-packages/django/shortcuts.py", line 25, in render
    content = loader.render_to_string(template_name, context, request, using=using)
  File "/opt/anaconda3/envs/aps/lib/python3.10/site-packages/django/template/loader.py", line 61, in render_to_string
    template = get_template(template_name, using=using)
  File "/opt/anaconda3/envs/aps/lib/python3.10/site-packages/django/template/loader.py", line 15, in get_template
    return engine.get_template(template_name)
  File "/opt/anaconda3/envs/aps/lib/python3.10/site-packages/django/template/backends/django.py", line 33, in get_template
    return Template(self.engine.get_template(template_name), self)
  File "/opt/anaconda3/envs/aps/lib/python3.10/site-packages/django/template/engine.py", line 177, in get_template
    template, origin = self.find_template(template_name)
  File "/opt/anaconda3/envs/aps/lib/python3.10/site-packages/django/template/engine.py", line 159, in find_template
    template = loader.get_template(name, skip=skip)
  File "/opt/anaconda3/envs/aps/lib/python3.10/site-packages/django/template/loaders/cached.py", line 57, in get_template
    template = super().get_template(template_name, skip)
  File "/opt/anaconda3/envs/aps/lib/python3.10/site-packages/django/template/loaders/base.py", line 28, in get_template
    return Template(
  File "/opt/anaconda3/envs/aps/lib/python3.10/site-packages/django/template/base.py", line 154, in __init__
    self.nodelist = self.compile_nodelist()
  File "/opt/anaconda3/envs/aps/lib/python3.10/site-packages/django/template/base.py", line 196, in compile_nodelist
    return parser.parse()
  File "/opt/anaconda3/envs/aps/lib/python3.10/site-packages/django/template/base.py", line 510, in parse
    raise self.error(token, e)
  File "/opt/anaconda3/envs/aps/lib/python3.10/site-packages/django/template/base.py", line 508, in parse
    compiled_result = compile_func(self, token)
  File "/opt/anaconda3/envs/aps/lib/python3.10/site-packages/django/template/loader_tags.py", line 295, in do_extends
    nodelist = parser.parse()
  File "/opt/anaconda3/envs/aps/lib/python3.10/site-packages/django/template/base.py", line 510, in parse
    raise self.error(token, e)
  File "/opt/anaconda3/envs/aps/lib/python3.10/site-packages/django/template/base.py", line 508, in parse
    compiled_result = compile_func(self, token)
  File "/opt/anaconda3/envs/aps/lib/python3.10/site-packages/django/template/loader_tags.py", line 234, in do_block
    nodelist = parser.parse(("endblock",))
  File "/opt/anaconda3/envs/aps/lib/python3.10/site-packages/django/template/base.py", line 504, in parse
    self.invalid_block_tag(token, command, parse_until)
  File "/opt/anaconda3/envs/aps/lib/python3.10/site-packages/django/template/base.py", line 555, in invalid_block_tag
    raise self.error(
django.template.exceptions.TemplateSyntaxError: Invalid block tag on line 134: 'endfor', expected 'endblock'. Did you forget to register or load this tag?
[2025-09-16 14:23:14] ERROR - django.server - log_message:212 - "GET /notes/global-updates/create/ HTTP/1.1" 500 279228
[2025-09-16 14:23:15] ERROR - django.request - log_response:241 - Internal Server Error: /notes/global-updates/create/
Traceback (most recent call last):
  File "/opt/anaconda3/envs/aps/lib/python3.10/site-packages/django/template/base.py", line 502, in parse
    compile_func = self.tags[command]
KeyError: 'endfor'

During handling of the above exception, another exception occurred:

Traceback (most recent call last):
  File "/opt/anaconda3/envs/aps/lib/python3.10/site-packages/django/core/handlers/exception.py", line 55, in inner
    response = get_response(request)
  File "/opt/anaconda3/envs/aps/lib/python3.10/site-packages/django/core/handlers/base.py", line 197, in _get_response
    response = wrapped_callback(request, *callback_args, **callback_kwargs)
  File "/opt/anaconda3/envs/aps/lib/python3.10/site-packages/django/contrib/auth/decorators.py", line 23, in _wrapper_view
    return view_func(request, *args, **kwargs)
  File "/Users/harshalsmac/WORK/ardur/ardurHome/trueAlign/notes/views.py", line 200, in global_update_create
    return render(request, 'notes/global_update_form.html', context)
  File "/opt/anaconda3/envs/aps/lib/python3.10/site-packages/django/shortcuts.py", line 25, in render
    content = loader.render_to_string(template_name, context, request, using=using)
  File "/opt/anaconda3/envs/aps/lib/python3.10/site-packages/django/template/loader.py", line 61, in render_to_string
    template = get_template(template_name, using=using)
  File "/opt/anaconda3/envs/aps/lib/python3.10/site-packages/django/template/loader.py", line 15, in get_template
    return engine.get_template(template_name)
  File "/opt/anaconda3/envs/aps/lib/python3.10/site-packages/django/template/backends/django.py", line 33, in get_template
    return Template(self.engine.get_template(template_name), self)
  File "/opt/anaconda3/envs/aps/lib/python3.10/site-packages/django/template/engine.py", line 177, in get_template
    template, origin = self.find_template(template_name)
  File "/opt/anaconda3/envs/aps/lib/python3.10/site-packages/django/template/engine.py", line 159, in find_template
    template = loader.get_template(name, skip=skip)
  File "/opt/anaconda3/envs/aps/lib/python3.10/site-packages/django/template/loaders/cached.py", line 57, in get_template
    template = super().get_template(template_name, skip)
  File "/opt/anaconda3/envs/aps/lib/python3.10/site-packages/django/template/loaders/base.py", line 28, in get_template
    return Template(
  File "/opt/anaconda3/envs/aps/lib/python3.10/site-packages/django/template/base.py", line 154, in __init__
    self.nodelist = self.compile_nodelist()
  File "/opt/anaconda3/envs/aps/lib/python3.10/site-packages/django/template/base.py", line 196, in compile_nodelist
    return parser.parse()
  File "/opt/anaconda3/envs/aps/lib/python3.10/site-packages/django/template/base.py", line 510, in parse
    raise self.error(token, e)
  File "/opt/anaconda3/envs/aps/lib/python3.10/site-packages/django/template/base.py", line 508, in parse
    compiled_result = compile_func(self, token)
  File "/opt/anaconda3/envs/aps/lib/python3.10/site-packages/django/template/loader_tags.py", line 295, in do_extends
    nodelist = parser.parse()
  File "/opt/anaconda3/envs/aps/lib/python3.10/site-packages/django/template/base.py", line 510, in parse
    raise self.error(token, e)
  File "/opt/anaconda3/envs/aps/lib/python3.10/site-packages/django/template/base.py", line 508, in parse
    compiled_result = compile_func(self, token)
  File "/opt/anaconda3/envs/aps/lib/python3.10/site-packages/django/template/loader_tags.py", line 234, in do_block
    nodelist = parser.parse(("endblock",))
  File "/opt/anaconda3/envs/aps/lib/python3.10/site-packages/django/template/base.py", line 504, in parse
    self.invalid_block_tag(token, command, parse_until)
  File "/opt/anaconda3/envs/aps/lib/python3.10/site-packages/django/template/base.py", line 555, in invalid_block_tag
    raise self.error(
django.template.exceptions.TemplateSyntaxError: Invalid block tag on line 134: 'endfor', expected 'endblock'. Did you forget to register or load this tag?
[2025-09-16 14:23:15] ERROR - django.server - log_message:212 - "GET /notes/global-updates/create/ HTTP/1.1" 500 279228
[2025-09-16 14:23:21] ERROR - django.request - log_response:241 - Internal Server Error: /notes/global-updates/create/
Traceback (most recent call last):
  File "/opt/anaconda3/envs/aps/lib/python3.10/site-packages/django/template/base.py", line 502, in parse
    compile_func = self.tags[command]
KeyError: 'endfor'

During handling of the above exception, another exception occurred:

Traceback (most recent call last):
  File "/opt/anaconda3/envs/aps/lib/python3.10/site-packages/django/core/handlers/exception.py", line 55, in inner
    response = get_response(request)
  File "/opt/anaconda3/envs/aps/lib/python3.10/site-packages/django/core/handlers/base.py", line 197, in _get_response
    response = wrapped_callback(request, *callback_args, **callback_kwargs)
  File "/opt/anaconda3/envs/aps/lib/python3.10/site-packages/django/contrib/auth/decorators.py", line 23, in _wrapper_view
    return view_func(request, *args, **kwargs)
  File "/Users/harshalsmac/WORK/ardur/ardurHome/trueAlign/notes/views.py", line 200, in global_update_create
    return render(request, 'notes/global_update_form.html', context)
  File "/opt/anaconda3/envs/aps/lib/python3.10/site-packages/django/shortcuts.py", line 25, in render
    content = loader.render_to_string(template_name, context, request, using=using)
  File "/opt/anaconda3/envs/aps/lib/python3.10/site-packages/django/template/loader.py", line 61, in render_to_string
    template = get_template(template_name, using=using)
  File "/opt/anaconda3/envs/aps/lib/python3.10/site-packages/django/template/loader.py", line 15, in get_template
    return engine.get_template(template_name)
  File "/opt/anaconda3/envs/aps/lib/python3.10/site-packages/django/template/backends/django.py", line 33, in get_template
    return Template(self.engine.get_template(template_name), self)
  File "/opt/anaconda3/envs/aps/lib/python3.10/site-packages/django/template/engine.py", line 177, in get_template
    template, origin = self.find_template(template_name)
  File "/opt/anaconda3/envs/aps/lib/python3.10/site-packages/django/template/engine.py", line 159, in find_template
    template = loader.get_template(name, skip=skip)
  File "/opt/anaconda3/envs/aps/lib/python3.10/site-packages/django/template/loaders/cached.py", line 57, in get_template
    template = super().get_template(template_name, skip)
  File "/opt/anaconda3/envs/aps/lib/python3.10/site-packages/django/template/loaders/base.py", line 28, in get_template
    return Template(
  File "/opt/anaconda3/envs/aps/lib/python3.10/site-packages/django/template/base.py", line 154, in __init__
    self.nodelist = self.compile_nodelist()
  File "/opt/anaconda3/envs/aps/lib/python3.10/site-packages/django/template/base.py", line 196, in compile_nodelist
    return parser.parse()
  File "/opt/anaconda3/envs/aps/lib/python3.10/site-packages/django/template/base.py", line 510, in parse
    raise self.error(token, e)
  File "/opt/anaconda3/envs/aps/lib/python3.10/site-packages/django/template/base.py", line 508, in parse
    compiled_result = compile_func(self, token)
  File "/opt/anaconda3/envs/aps/lib/python3.10/site-packages/django/template/loader_tags.py", line 295, in do_extends
    nodelist = parser.parse()
  File "/opt/anaconda3/envs/aps/lib/python3.10/site-packages/django/template/base.py", line 510, in parse
    raise self.error(token, e)
  File "/opt/anaconda3/envs/aps/lib/python3.10/site-packages/django/template/base.py", line 508, in parse
    compiled_result = compile_func(self, token)
  File "/opt/anaconda3/envs/aps/lib/python3.10/site-packages/django/template/loader_tags.py", line 234, in do_block
    nodelist = parser.parse(("endblock",))
  File "/opt/anaconda3/envs/aps/lib/python3.10/site-packages/django/template/base.py", line 504, in parse
    self.invalid_block_tag(token, command, parse_until)
  File "/opt/anaconda3/envs/aps/lib/python3.10/site-packages/django/template/base.py", line 555, in invalid_block_tag
    raise self.error(
django.template.exceptions.TemplateSyntaxError: Invalid block tag on line 134: 'endfor', expected 'endblock'. Did you forget to register or load this tag?
[2025-09-16 14:23:21] ERROR - django.server - log_message:212 - "GET /notes/global-updates/create/ HTTP/1.1" 500 279228
[2025-09-16 14:23:53] ERROR - django.request - log_response:241 - Internal Server Error: /notes/global-updates/create/
Traceback (most recent call last):
  File "/opt/anaconda3/envs/aps/lib/python3.10/site-packages/django/template/base.py", line 502, in parse
    compile_func = self.tags[command]
KeyError: 'endfor'

During handling of the above exception, another exception occurred:

Traceback (most recent call last):
  File "/opt/anaconda3/envs/aps/lib/python3.10/site-packages/django/core/handlers/exception.py", line 55, in inner
    response = get_response(request)
  File "/opt/anaconda3/envs/aps/lib/python3.10/site-packages/django/core/handlers/base.py", line 197, in _get_response
    response = wrapped_callback(request, *callback_args, **callback_kwargs)
  File "/opt/anaconda3/envs/aps/lib/python3.10/site-packages/django/contrib/auth/decorators.py", line 23, in _wrapper_view
    return view_func(request, *args, **kwargs)
  File "/Users/harshalsmac/WORK/ardur/ardurHome/trueAlign/notes/views.py", line 200, in global_update_create
    return render(request, 'notes/global_update_form.html', context)
  File "/opt/anaconda3/envs/aps/lib/python3.10/site-packages/django/shortcuts.py", line 25, in render
    content = loader.render_to_string(template_name, context, request, using=using)
  File "/opt/anaconda3/envs/aps/lib/python3.10/site-packages/django/template/loader.py", line 61, in render_to_string
    template = get_template(template_name, using=using)
  File "/opt/anaconda3/envs/aps/lib/python3.10/site-packages/django/template/loader.py", line 15, in get_template
    return engine.get_template(template_name)
  File "/opt/anaconda3/envs/aps/lib/python3.10/site-packages/django/template/backends/django.py", line 33, in get_template
    return Template(self.engine.get_template(template_name), self)
  File "/opt/anaconda3/envs/aps/lib/python3.10/site-packages/django/template/engine.py", line 177, in get_template
    template, origin = self.find_template(template_name)
  File "/opt/anaconda3/envs/aps/lib/python3.10/site-packages/django/template/engine.py", line 159, in find_template
    template = loader.get_template(name, skip=skip)
  File "/opt/anaconda3/envs/aps/lib/python3.10/site-packages/django/template/loaders/cached.py", line 57, in get_template
    template = super().get_template(template_name, skip)
  File "/opt/anaconda3/envs/aps/lib/python3.10/site-packages/django/template/loaders/base.py", line 28, in get_template
    return Template(
  File "/opt/anaconda3/envs/aps/lib/python3.10/site-packages/django/template/base.py", line 154, in __init__
    self.nodelist = self.compile_nodelist()
  File "/opt/anaconda3/envs/aps/lib/python3.10/site-packages/django/template/base.py", line 196, in compile_nodelist
    return parser.parse()
  File "/opt/anaconda3/envs/aps/lib/python3.10/site-packages/django/template/base.py", line 510, in parse
    raise self.error(token, e)
  File "/opt/anaconda3/envs/aps/lib/python3.10/site-packages/django/template/base.py", line 508, in parse
    compiled_result = compile_func(self, token)
  File "/opt/anaconda3/envs/aps/lib/python3.10/site-packages/django/template/loader_tags.py", line 295, in do_extends
    nodelist = parser.parse()
  File "/opt/anaconda3/envs/aps/lib/python3.10/site-packages/django/template/base.py", line 510, in parse
    raise self.error(token, e)
  File "/opt/anaconda3/envs/aps/lib/python3.10/site-packages/django/template/base.py", line 508, in parse
    compiled_result = compile_func(self, token)
  File "/opt/anaconda3/envs/aps/lib/python3.10/site-packages/django/template/loader_tags.py", line 234, in do_block
    nodelist = parser.parse(("endblock",))
  File "/opt/anaconda3/envs/aps/lib/python3.10/site-packages/django/template/base.py", line 504, in parse
    self.invalid_block_tag(token, command, parse_until)
  File "/opt/anaconda3/envs/aps/lib/python3.10/site-packages/django/template/base.py", line 555, in invalid_block_tag
    raise self.error(
django.template.exceptions.TemplateSyntaxError: Invalid block tag on line 128: 'endfor', expected 'endblock'. Did you forget to register or load this tag?
[2025-09-16 14:23:53] ERROR - django.server - log_message:212 - "GET /notes/global-updates/create/ HTTP/1.1" 500 279588
[2025-09-16 14:24:20] ERROR - django.request - log_response:241 - Internal Server Error: /notes/global-updates/create/
Traceback (most recent call last):
  File "/opt/anaconda3/envs/aps/lib/python3.10/site-packages/django/template/base.py", line 502, in parse
    compile_func = self.tags[command]
KeyError: 'endfor'

During handling of the above exception, another exception occurred:

Traceback (most recent call last):
  File "/opt/anaconda3/envs/aps/lib/python3.10/site-packages/django/core/handlers/exception.py", line 55, in inner
    response = get_response(request)
  File "/opt/anaconda3/envs/aps/lib/python3.10/site-packages/django/core/handlers/base.py", line 197, in _get_response
    response = wrapped_callback(request, *callback_args, **callback_kwargs)
  File "/opt/anaconda3/envs/aps/lib/python3.10/site-packages/django/contrib/auth/decorators.py", line 23, in _wrapper_view
    return view_func(request, *args, **kwargs)
  File "/Users/harshalsmac/WORK/ardur/ardurHome/trueAlign/notes/views.py", line 200, in global_update_create
    return render(request, 'notes/global_update_form.html', context)
  File "/opt/anaconda3/envs/aps/lib/python3.10/site-packages/django/shortcuts.py", line 25, in render
    content = loader.render_to_string(template_name, context, request, using=using)
  File "/opt/anaconda3/envs/aps/lib/python3.10/site-packages/django/template/loader.py", line 61, in render_to_string
    template = get_template(template_name, using=using)
  File "/opt/anaconda3/envs/aps/lib/python3.10/site-packages/django/template/loader.py", line 15, in get_template
    return engine.get_template(template_name)
  File "/opt/anaconda3/envs/aps/lib/python3.10/site-packages/django/template/backends/django.py", line 33, in get_template
    return Template(self.engine.get_template(template_name), self)
  File "/opt/anaconda3/envs/aps/lib/python3.10/site-packages/django/template/engine.py", line 177, in get_template
    template, origin = self.find_template(template_name)
  File "/opt/anaconda3/envs/aps/lib/python3.10/site-packages/django/template/engine.py", line 159, in find_template
    template = loader.get_template(name, skip=skip)
  File "/opt/anaconda3/envs/aps/lib/python3.10/site-packages/django/template/loaders/cached.py", line 57, in get_template
    template = super().get_template(template_name, skip)
  File "/opt/anaconda3/envs/aps/lib/python3.10/site-packages/django/template/loaders/base.py", line 28, in get_template
    return Template(
  File "/opt/anaconda3/envs/aps/lib/python3.10/site-packages/django/template/base.py", line 154, in __init__
    self.nodelist = self.compile_nodelist()
  File "/opt/anaconda3/envs/aps/lib/python3.10/site-packages/django/template/base.py", line 196, in compile_nodelist
    return parser.parse()
  File "/opt/anaconda3/envs/aps/lib/python3.10/site-packages/django/template/base.py", line 510, in parse
    raise self.error(token, e)
  File "/opt/anaconda3/envs/aps/lib/python3.10/site-packages/django/template/base.py", line 508, in parse
    compiled_result = compile_func(self, token)
  File "/opt/anaconda3/envs/aps/lib/python3.10/site-packages/django/template/loader_tags.py", line 295, in do_extends
    nodelist = parser.parse()
  File "/opt/anaconda3/envs/aps/lib/python3.10/site-packages/django/template/base.py", line 510, in parse
    raise self.error(token, e)
  File "/opt/anaconda3/envs/aps/lib/python3.10/site-packages/django/template/base.py", line 508, in parse
    compiled_result = compile_func(self, token)
  File "/opt/anaconda3/envs/aps/lib/python3.10/site-packages/django/template/loader_tags.py", line 234, in do_block
    nodelist = parser.parse(("endblock",))
  File "/opt/anaconda3/envs/aps/lib/python3.10/site-packages/django/template/base.py", line 504, in parse
    self.invalid_block_tag(token, command, parse_until)
  File "/opt/anaconda3/envs/aps/lib/python3.10/site-packages/django/template/base.py", line 555, in invalid_block_tag
    raise self.error(
django.template.exceptions.TemplateSyntaxError: Invalid block tag on line 122: 'endfor', expected 'endblock'. Did you forget to register or load this tag?
[2025-09-16 14:24:21] ERROR - django.server - log_message:212 - "GET /notes/global-updates/create/ HTTP/1.1" 500 279588
[2025-09-16 14:31:49] ERROR - django.request - log_response:241 - Internal Server Error: /notes/global-updates/
Traceback (most recent call last):
  File "/opt/anaconda3/envs/aps/lib/python3.10/site-packages/django/template/base.py", line 502, in parse
    compile_func = self.tags[command]
KeyError: 'endif'

During handling of the above exception, another exception occurred:

Traceback (most recent call last):
  File "/opt/anaconda3/envs/aps/lib/python3.10/site-packages/django/core/handlers/exception.py", line 55, in inner
    response = get_response(request)
  File "/opt/anaconda3/envs/aps/lib/python3.10/site-packages/django/core/handlers/base.py", line 197, in _get_response
    response = wrapped_callback(request, *callback_args, **callback_kwargs)
  File "/opt/anaconda3/envs/aps/lib/python3.10/site-packages/django/contrib/auth/decorators.py", line 23, in _wrapper_view
    return view_func(request, *args, **kwargs)
  File "/Users/harshalsmac/WORK/ardur/ardurHome/trueAlign/notes/views.py", line 115, in global_update_list
    return render(request, 'notes/global_update_list.html', context)
  File "/opt/anaconda3/envs/aps/lib/python3.10/site-packages/django/shortcuts.py", line 25, in render
    content = loader.render_to_string(template_name, context, request, using=using)
  File "/opt/anaconda3/envs/aps/lib/python3.10/site-packages/django/template/loader.py", line 61, in render_to_string
    template = get_template(template_name, using=using)
  File "/opt/anaconda3/envs/aps/lib/python3.10/site-packages/django/template/loader.py", line 15, in get_template
    return engine.get_template(template_name)
  File "/opt/anaconda3/envs/aps/lib/python3.10/site-packages/django/template/backends/django.py", line 33, in get_template
    return Template(self.engine.get_template(template_name), self)
  File "/opt/anaconda3/envs/aps/lib/python3.10/site-packages/django/template/engine.py", line 177, in get_template
    template, origin = self.find_template(template_name)
  File "/opt/anaconda3/envs/aps/lib/python3.10/site-packages/django/template/engine.py", line 159, in find_template
    template = loader.get_template(name, skip=skip)
  File "/opt/anaconda3/envs/aps/lib/python3.10/site-packages/django/template/loaders/cached.py", line 57, in get_template
    template = super().get_template(template_name, skip)
  File "/opt/anaconda3/envs/aps/lib/python3.10/site-packages/django/template/loaders/base.py", line 28, in get_template
    return Template(
  File "/opt/anaconda3/envs/aps/lib/python3.10/site-packages/django/template/base.py", line 154, in __init__
    self.nodelist = self.compile_nodelist()
  File "/opt/anaconda3/envs/aps/lib/python3.10/site-packages/django/template/base.py", line 196, in compile_nodelist
    return parser.parse()
  File "/opt/anaconda3/envs/aps/lib/python3.10/site-packages/django/template/base.py", line 510, in parse
    raise self.error(token, e)
  File "/opt/anaconda3/envs/aps/lib/python3.10/site-packages/django/template/base.py", line 508, in parse
    compiled_result = compile_func(self, token)
  File "/opt/anaconda3/envs/aps/lib/python3.10/site-packages/django/template/loader_tags.py", line 295, in do_extends
    nodelist = parser.parse()
  File "/opt/anaconda3/envs/aps/lib/python3.10/site-packages/django/template/base.py", line 510, in parse
    raise self.error(token, e)
  File "/opt/anaconda3/envs/aps/lib/python3.10/site-packages/django/template/base.py", line 508, in parse
    compiled_result = compile_func(self, token)
  File "/opt/anaconda3/envs/aps/lib/python3.10/site-packages/django/template/loader_tags.py", line 234, in do_block
    nodelist = parser.parse(("endblock",))
  File "/opt/anaconda3/envs/aps/lib/python3.10/site-packages/django/template/base.py", line 510, in parse
    raise self.error(token, e)
  File "/opt/anaconda3/envs/aps/lib/python3.10/site-packages/django/template/base.py", line 508, in parse
    compiled_result = compile_func(self, token)
  File "/opt/anaconda3/envs/aps/lib/python3.10/site-packages/django/template/loader_tags.py", line 234, in do_block
    nodelist = parser.parse(("endblock",))
  File "/opt/anaconda3/envs/aps/lib/python3.10/site-packages/django/template/base.py", line 510, in parse
    raise self.error(token, e)
  File "/opt/anaconda3/envs/aps/lib/python3.10/site-packages/django/template/base.py", line 508, in parse
    compiled_result = compile_func(self, token)
  File "/opt/anaconda3/envs/aps/lib/python3.10/site-packages/django/template/defaulttags.py", line 861, in do_for
    nodelist_loop = parser.parse(
  File "/opt/anaconda3/envs/aps/lib/python3.10/site-packages/django/template/base.py", line 504, in parse
    self.invalid_block_tag(token, command, parse_until)
  File "/opt/anaconda3/envs/aps/lib/python3.10/site-packages/django/template/base.py", line 555, in invalid_block_tag
    raise self.error(
django.template.exceptions.TemplateSyntaxError: Invalid block tag on line 45: 'endif', expected 'empty' or 'endfor'. Did you forget to register or load this tag?
[2025-09-16 14:31:49] ERROR - django.server - log_message:212 - "GET /notes/global-updates/?lang=en&page=1 HTTP/1.1" 500 348437
[2025-09-16 14:34:12] ERROR - django.request - log_response:241 - Internal Server Error: /notes/global-updates/
Traceback (most recent call last):
  File "/opt/anaconda3/envs/aps/lib/python3.10/site-packages/django/template/base.py", line 502, in parse
    compile_func = self.tags[command]
KeyError: 'else'

During handling of the above exception, another exception occurred:

Traceback (most recent call last):
  File "/opt/anaconda3/envs/aps/lib/python3.10/site-packages/django/core/handlers/exception.py", line 55, in inner
    response = get_response(request)
  File "/opt/anaconda3/envs/aps/lib/python3.10/site-packages/django/core/handlers/base.py", line 197, in _get_response
    response = wrapped_callback(request, *callback_args, **callback_kwargs)
  File "/opt/anaconda3/envs/aps/lib/python3.10/site-packages/django/contrib/auth/decorators.py", line 23, in _wrapper_view
    return view_func(request, *args, **kwargs)
  File "/Users/harshalsmac/WORK/ardur/ardurHome/trueAlign/notes/views.py", line 115, in global_update_list
    return render(request, 'notes/global_update_list.html', context)
  File "/opt/anaconda3/envs/aps/lib/python3.10/site-packages/django/shortcuts.py", line 25, in render
    content = loader.render_to_string(template_name, context, request, using=using)
  File "/opt/anaconda3/envs/aps/lib/python3.10/site-packages/django/template/loader.py", line 61, in render_to_string
    template = get_template(template_name, using=using)
  File "/opt/anaconda3/envs/aps/lib/python3.10/site-packages/django/template/loader.py", line 15, in get_template
    return engine.get_template(template_name)
  File "/opt/anaconda3/envs/aps/lib/python3.10/site-packages/django/template/backends/django.py", line 33, in get_template
    return Template(self.engine.get_template(template_name), self)
  File "/opt/anaconda3/envs/aps/lib/python3.10/site-packages/django/template/engine.py", line 177, in get_template
    template, origin = self.find_template(template_name)
  File "/opt/anaconda3/envs/aps/lib/python3.10/site-packages/django/template/engine.py", line 159, in find_template
    template = loader.get_template(name, skip=skip)
  File "/opt/anaconda3/envs/aps/lib/python3.10/site-packages/django/template/loaders/cached.py", line 57, in get_template
    template = super().get_template(template_name, skip)
  File "/opt/anaconda3/envs/aps/lib/python3.10/site-packages/django/template/loaders/base.py", line 28, in get_template
    return Template(
  File "/opt/anaconda3/envs/aps/lib/python3.10/site-packages/django/template/base.py", line 154, in __init__
    self.nodelist = self.compile_nodelist()
  File "/opt/anaconda3/envs/aps/lib/python3.10/site-packages/django/template/base.py", line 196, in compile_nodelist
    return parser.parse()
  File "/opt/anaconda3/envs/aps/lib/python3.10/site-packages/django/template/base.py", line 510, in parse
    raise self.error(token, e)
  File "/opt/anaconda3/envs/aps/lib/python3.10/site-packages/django/template/base.py", line 508, in parse
    compiled_result = compile_func(self, token)
  File "/opt/anaconda3/envs/aps/lib/python3.10/site-packages/django/template/loader_tags.py", line 295, in do_extends
    nodelist = parser.parse()
  File "/opt/anaconda3/envs/aps/lib/python3.10/site-packages/django/template/base.py", line 510, in parse
    raise self.error(token, e)
  File "/opt/anaconda3/envs/aps/lib/python3.10/site-packages/django/template/base.py", line 508, in parse
    compiled_result = compile_func(self, token)
  File "/opt/anaconda3/envs/aps/lib/python3.10/site-packages/django/template/loader_tags.py", line 234, in do_block
    nodelist = parser.parse(("endblock",))
  File "/opt/anaconda3/envs/aps/lib/python3.10/site-packages/django/template/base.py", line 510, in parse
    raise self.error(token, e)
  File "/opt/anaconda3/envs/aps/lib/python3.10/site-packages/django/template/base.py", line 508, in parse
    compiled_result = compile_func(self, token)
  File "/opt/anaconda3/envs/aps/lib/python3.10/site-packages/django/template/loader_tags.py", line 234, in do_block
    nodelist = parser.parse(("endblock",))
  File "/opt/anaconda3/envs/aps/lib/python3.10/site-packages/django/template/base.py", line 510, in parse
    raise self.error(token, e)
  File "/opt/anaconda3/envs/aps/lib/python3.10/site-packages/django/template/base.py", line 508, in parse
    compiled_result = compile_func(self, token)
  File "/opt/anaconda3/envs/aps/lib/python3.10/site-packages/django/template/defaulttags.py", line 961, in do_if
    nodelist = parser.parse(("elif", "else", "endif"))
  File "/opt/anaconda3/envs/aps/lib/python3.10/site-packages/django/template/base.py", line 510, in parse
    raise self.error(token, e)
  File "/opt/anaconda3/envs/aps/lib/python3.10/site-packages/django/template/base.py", line 508, in parse
    compiled_result = compile_func(self, token)
  File "/opt/anaconda3/envs/aps/lib/python3.10/site-packages/django/template/defaulttags.py", line 861, in do_for
    nodelist_loop = parser.parse(
  File "/opt/anaconda3/envs/aps/lib/python3.10/site-packages/django/template/base.py", line 504, in parse
    self.invalid_block_tag(token, command, parse_until)
  File "/opt/anaconda3/envs/aps/lib/python3.10/site-packages/django/template/base.py", line 555, in invalid_block_tag
    raise self.error(
django.template.exceptions.TemplateSyntaxError: Invalid block tag on line 261: 'else', expected 'empty' or 'endfor'. Did you forget to register or load this tag?
[2025-09-16 14:34:12] ERROR - django.server - log_message:212 - "GET /notes/global-updates/?lang=en&page=1 HTTP/1.1" 500 385791
[2025-09-16 14:34:14] ERROR - django.request - log_response:241 - Internal Server Error: /notes/global-updates/
Traceback (most recent call last):
  File "/opt/anaconda3/envs/aps/lib/python3.10/site-packages/django/template/base.py", line 502, in parse
    compile_func = self.tags[command]
KeyError: 'else'

During handling of the above exception, another exception occurred:

Traceback (most recent call last):
  File "/opt/anaconda3/envs/aps/lib/python3.10/site-packages/django/core/handlers/exception.py", line 55, in inner
    response = get_response(request)
  File "/opt/anaconda3/envs/aps/lib/python3.10/site-packages/django/core/handlers/base.py", line 197, in _get_response
    response = wrapped_callback(request, *callback_args, **callback_kwargs)
  File "/opt/anaconda3/envs/aps/lib/python3.10/site-packages/django/contrib/auth/decorators.py", line 23, in _wrapper_view
    return view_func(request, *args, **kwargs)
  File "/Users/harshalsmac/WORK/ardur/ardurHome/trueAlign/notes/views.py", line 115, in global_update_list
    return render(request, 'notes/global_update_list.html', context)
  File "/opt/anaconda3/envs/aps/lib/python3.10/site-packages/django/shortcuts.py", line 25, in render
    content = loader.render_to_string(template_name, context, request, using=using)
  File "/opt/anaconda3/envs/aps/lib/python3.10/site-packages/django/template/loader.py", line 61, in render_to_string
    template = get_template(template_name, using=using)
  File "/opt/anaconda3/envs/aps/lib/python3.10/site-packages/django/template/loader.py", line 15, in get_template
    return engine.get_template(template_name)
  File "/opt/anaconda3/envs/aps/lib/python3.10/site-packages/django/template/backends/django.py", line 33, in get_template
    return Template(self.engine.get_template(template_name), self)
  File "/opt/anaconda3/envs/aps/lib/python3.10/site-packages/django/template/engine.py", line 177, in get_template
    template, origin = self.find_template(template_name)
  File "/opt/anaconda3/envs/aps/lib/python3.10/site-packages/django/template/engine.py", line 159, in find_template
    template = loader.get_template(name, skip=skip)
  File "/opt/anaconda3/envs/aps/lib/python3.10/site-packages/django/template/loaders/cached.py", line 57, in get_template
    template = super().get_template(template_name, skip)
  File "/opt/anaconda3/envs/aps/lib/python3.10/site-packages/django/template/loaders/base.py", line 28, in get_template
    return Template(
  File "/opt/anaconda3/envs/aps/lib/python3.10/site-packages/django/template/base.py", line 154, in __init__
    self.nodelist = self.compile_nodelist()
  File "/opt/anaconda3/envs/aps/lib/python3.10/site-packages/django/template/base.py", line 196, in compile_nodelist
    return parser.parse()
  File "/opt/anaconda3/envs/aps/lib/python3.10/site-packages/django/template/base.py", line 510, in parse
    raise self.error(token, e)
  File "/opt/anaconda3/envs/aps/lib/python3.10/site-packages/django/template/base.py", line 508, in parse
    compiled_result = compile_func(self, token)
  File "/opt/anaconda3/envs/aps/lib/python3.10/site-packages/django/template/loader_tags.py", line 295, in do_extends
    nodelist = parser.parse()
  File "/opt/anaconda3/envs/aps/lib/python3.10/site-packages/django/template/base.py", line 510, in parse
    raise self.error(token, e)
  File "/opt/anaconda3/envs/aps/lib/python3.10/site-packages/django/template/base.py", line 508, in parse
    compiled_result = compile_func(self, token)
  File "/opt/anaconda3/envs/aps/lib/python3.10/site-packages/django/template/loader_tags.py", line 234, in do_block
    nodelist = parser.parse(("endblock",))
  File "/opt/anaconda3/envs/aps/lib/python3.10/site-packages/django/template/base.py", line 510, in parse
    raise self.error(token, e)
  File "/opt/anaconda3/envs/aps/lib/python3.10/site-packages/django/template/base.py", line 508, in parse
    compiled_result = compile_func(self, token)
  File "/opt/anaconda3/envs/aps/lib/python3.10/site-packages/django/template/loader_tags.py", line 234, in do_block
    nodelist = parser.parse(("endblock",))
  File "/opt/anaconda3/envs/aps/lib/python3.10/site-packages/django/template/base.py", line 510, in parse
    raise self.error(token, e)
  File "/opt/anaconda3/envs/aps/lib/python3.10/site-packages/django/template/base.py", line 508, in parse
    compiled_result = compile_func(self, token)
  File "/opt/anaconda3/envs/aps/lib/python3.10/site-packages/django/template/defaulttags.py", line 961, in do_if
    nodelist = parser.parse(("elif", "else", "endif"))
  File "/opt/anaconda3/envs/aps/lib/python3.10/site-packages/django/template/base.py", line 510, in parse
    raise self.error(token, e)
  File "/opt/anaconda3/envs/aps/lib/python3.10/site-packages/django/template/base.py", line 508, in parse
    compiled_result = compile_func(self, token)
  File "/opt/anaconda3/envs/aps/lib/python3.10/site-packages/django/template/defaulttags.py", line 861, in do_for
    nodelist_loop = parser.parse(
  File "/opt/anaconda3/envs/aps/lib/python3.10/site-packages/django/template/base.py", line 504, in parse
    self.invalid_block_tag(token, command, parse_until)
  File "/opt/anaconda3/envs/aps/lib/python3.10/site-packages/django/template/base.py", line 555, in invalid_block_tag
    raise self.error(
django.template.exceptions.TemplateSyntaxError: Invalid block tag on line 261: 'else', expected 'empty' or 'endfor'. Did you forget to register or load this tag?
[2025-09-16 14:34:14] ERROR - django.server - log_message:212 - "GET /notes/global-updates/?lang=en&page=1 HTTP/1.1" 500 385791
[2025-09-16 14:35:40] ERROR - django.request - log_response:241 - Internal Server Error: /notes/global-updates/
Traceback (most recent call last):
  File "/opt/anaconda3/envs/aps/lib/python3.10/site-packages/django/template/base.py", line 502, in parse
    compile_func = self.tags[command]
KeyError: 'elif'

During handling of the above exception, another exception occurred:

Traceback (most recent call last):
  File "/opt/anaconda3/envs/aps/lib/python3.10/site-packages/django/core/handlers/exception.py", line 55, in inner
    response = get_response(request)
  File "/opt/anaconda3/envs/aps/lib/python3.10/site-packages/django/core/handlers/base.py", line 197, in _get_response
    response = wrapped_callback(request, *callback_args, **callback_kwargs)
  File "/opt/anaconda3/envs/aps/lib/python3.10/site-packages/django/contrib/auth/decorators.py", line 23, in _wrapper_view
    return view_func(request, *args, **kwargs)
  File "/Users/harshalsmac/WORK/ardur/ardurHome/trueAlign/notes/views.py", line 115, in global_update_list
    return render(request, 'notes/global_update_list.html', context)
  File "/opt/anaconda3/envs/aps/lib/python3.10/site-packages/django/shortcuts.py", line 25, in render
    content = loader.render_to_string(template_name, context, request, using=using)
  File "/opt/anaconda3/envs/aps/lib/python3.10/site-packages/django/template/loader.py", line 61, in render_to_string
    template = get_template(template_name, using=using)
  File "/opt/anaconda3/envs/aps/lib/python3.10/site-packages/django/template/loader.py", line 15, in get_template
    return engine.get_template(template_name)
  File "/opt/anaconda3/envs/aps/lib/python3.10/site-packages/django/template/backends/django.py", line 33, in get_template
    return Template(self.engine.get_template(template_name), self)
  File "/opt/anaconda3/envs/aps/lib/python3.10/site-packages/django/template/engine.py", line 177, in get_template
    template, origin = self.find_template(template_name)
  File "/opt/anaconda3/envs/aps/lib/python3.10/site-packages/django/template/engine.py", line 159, in find_template
    template = loader.get_template(name, skip=skip)
  File "/opt/anaconda3/envs/aps/lib/python3.10/site-packages/django/template/loaders/cached.py", line 57, in get_template
    template = super().get_template(template_name, skip)
  File "/opt/anaconda3/envs/aps/lib/python3.10/site-packages/django/template/loaders/base.py", line 28, in get_template
    return Template(
  File "/opt/anaconda3/envs/aps/lib/python3.10/site-packages/django/template/base.py", line 154, in __init__
    self.nodelist = self.compile_nodelist()
  File "/opt/anaconda3/envs/aps/lib/python3.10/site-packages/django/template/base.py", line 196, in compile_nodelist
    return parser.parse()
  File "/opt/anaconda3/envs/aps/lib/python3.10/site-packages/django/template/base.py", line 510, in parse
    raise self.error(token, e)
  File "/opt/anaconda3/envs/aps/lib/python3.10/site-packages/django/template/base.py", line 508, in parse
    compiled_result = compile_func(self, token)
  File "/opt/anaconda3/envs/aps/lib/python3.10/site-packages/django/template/loader_tags.py", line 295, in do_extends
    nodelist = parser.parse()
  File "/opt/anaconda3/envs/aps/lib/python3.10/site-packages/django/template/base.py", line 510, in parse
    raise self.error(token, e)
  File "/opt/anaconda3/envs/aps/lib/python3.10/site-packages/django/template/base.py", line 508, in parse
    compiled_result = compile_func(self, token)
  File "/opt/anaconda3/envs/aps/lib/python3.10/site-packages/django/template/loader_tags.py", line 234, in do_block
    nodelist = parser.parse(("endblock",))
  File "/opt/anaconda3/envs/aps/lib/python3.10/site-packages/django/template/base.py", line 510, in parse
    raise self.error(token, e)
  File "/opt/anaconda3/envs/aps/lib/python3.10/site-packages/django/template/base.py", line 508, in parse
    compiled_result = compile_func(self, token)
  File "/opt/anaconda3/envs/aps/lib/python3.10/site-packages/django/template/loader_tags.py", line 234, in do_block
    nodelist = parser.parse(("endblock",))
  File "/opt/anaconda3/envs/aps/lib/python3.10/site-packages/django/template/base.py", line 510, in parse
    raise self.error(token, e)
  File "/opt/anaconda3/envs/aps/lib/python3.10/site-packages/django/template/base.py", line 508, in parse
    compiled_result = compile_func(self, token)
  File "/opt/anaconda3/envs/aps/lib/python3.10/site-packages/django/template/defaulttags.py", line 961, in do_if
    nodelist = parser.parse(("elif", "else", "endif"))
  File "/opt/anaconda3/envs/aps/lib/python3.10/site-packages/django/template/base.py", line 510, in parse
    raise self.error(token, e)
  File "/opt/anaconda3/envs/aps/lib/python3.10/site-packages/django/template/base.py", line 508, in parse
    compiled_result = compile_func(self, token)
  File "/opt/anaconda3/envs/aps/lib/python3.10/site-packages/django/template/defaulttags.py", line 961, in do_if
    nodelist = parser.parse(("elif", "else", "endif"))
  File "/opt/anaconda3/envs/aps/lib/python3.10/site-packages/django/template/base.py", line 510, in parse
    raise self.error(token, e)
  File "/opt/anaconda3/envs/aps/lib/python3.10/site-packages/django/template/base.py", line 508, in parse
    compiled_result = compile_func(self, token)
  File "/opt/anaconda3/envs/aps/lib/python3.10/site-packages/django/template/defaulttags.py", line 861, in do_for
    nodelist_loop = parser.parse(
  File "/opt/anaconda3/envs/aps/lib/python3.10/site-packages/django/template/base.py", line 504, in parse
    self.invalid_block_tag(token, command, parse_until)
  File "/opt/anaconda3/envs/aps/lib/python3.10/site-packages/django/template/base.py", line 555, in invalid_block_tag
    raise self.error(
django.template.exceptions.TemplateSyntaxError: Invalid block tag on line 366: 'elif', expected 'empty' or 'endfor'. Did you forget to register or load this tag?
[2025-09-16 14:35:40] ERROR - django.server - log_message:212 - "GET /notes/global-updates/?lang=en&page=1 HTTP/1.1" 500 380687
[2025-09-16 14:35:55] ERROR - django.request - log_response:241 - Internal Server Error: /notes/global-updates/
Traceback (most recent call last):
  File "/opt/anaconda3/envs/aps/lib/python3.10/site-packages/django/core/handlers/exception.py", line 55, in inner
    response = get_response(request)
  File "/opt/anaconda3/envs/aps/lib/python3.10/site-packages/django/core/handlers/base.py", line 197, in _get_response
    response = wrapped_callback(request, *callback_args, **callback_kwargs)
  File "/opt/anaconda3/envs/aps/lib/python3.10/site-packages/django/contrib/auth/decorators.py", line 23, in _wrapper_view
    return view_func(request, *args, **kwargs)
  File "/Users/harshalsmac/WORK/ardur/ardurHome/trueAlign/notes/views.py", line 115, in global_update_list
    return render(request, 'notes/global_update_list.html', context)
  File "/opt/anaconda3/envs/aps/lib/python3.10/site-packages/django/shortcuts.py", line 25, in render
    content = loader.render_to_string(template_name, context, request, using=using)
  File "/opt/anaconda3/envs/aps/lib/python3.10/site-packages/django/template/loader.py", line 61, in render_to_string
    template = get_template(template_name, using=using)
  File "/opt/anaconda3/envs/aps/lib/python3.10/site-packages/django/template/loader.py", line 15, in get_template
    return engine.get_template(template_name)
  File "/opt/anaconda3/envs/aps/lib/python3.10/site-packages/django/template/backends/django.py", line 33, in get_template
    return Template(self.engine.get_template(template_name), self)
  File "/opt/anaconda3/envs/aps/lib/python3.10/site-packages/django/template/engine.py", line 177, in get_template
    template, origin = self.find_template(template_name)
  File "/opt/anaconda3/envs/aps/lib/python3.10/site-packages/django/template/engine.py", line 159, in find_template
    template = loader.get_template(name, skip=skip)
  File "/opt/anaconda3/envs/aps/lib/python3.10/site-packages/django/template/loaders/cached.py", line 57, in get_template
    template = super().get_template(template_name, skip)
  File "/opt/anaconda3/envs/aps/lib/python3.10/site-packages/django/template/loaders/base.py", line 28, in get_template
    return Template(
  File "/opt/anaconda3/envs/aps/lib/python3.10/site-packages/django/template/base.py", line 154, in __init__
    self.nodelist = self.compile_nodelist()
  File "/opt/anaconda3/envs/aps/lib/python3.10/site-packages/django/template/base.py", line 196, in compile_nodelist
    return parser.parse()
  File "/opt/anaconda3/envs/aps/lib/python3.10/site-packages/django/template/base.py", line 510, in parse
    raise self.error(token, e)
  File "/opt/anaconda3/envs/aps/lib/python3.10/site-packages/django/template/base.py", line 508, in parse
    compiled_result = compile_func(self, token)
  File "/opt/anaconda3/envs/aps/lib/python3.10/site-packages/django/template/loader_tags.py", line 295, in do_extends
    nodelist = parser.parse()
  File "/opt/anaconda3/envs/aps/lib/python3.10/site-packages/django/template/base.py", line 510, in parse
    raise self.error(token, e)
  File "/opt/anaconda3/envs/aps/lib/python3.10/site-packages/django/template/base.py", line 508, in parse
    compiled_result = compile_func(self, token)
  File "/opt/anaconda3/envs/aps/lib/python3.10/site-packages/django/template/loader_tags.py", line 234, in do_block
    nodelist = parser.parse(("endblock",))
  File "/opt/anaconda3/envs/aps/lib/python3.10/site-packages/django/template/base.py", line 515, in parse
    self.unclosed_block_tag(parse_until)
  File "/opt/anaconda3/envs/aps/lib/python3.10/site-packages/django/template/base.py", line 578, in unclosed_block_tag
    raise self.error(token, msg)
django.template.exceptions.TemplateSyntaxError: Unclosed tag on line 1: 'block'. Looking for one of: endblock.
[2025-09-16 14:35:55] ERROR - django.server - log_message:212 - "GET /notes/global-updates/?lang=en&page=1 HTTP/1.1" 500 213259
[2025-09-17 09:37:24] ERROR - django.request - log_response:241 - Internal Server Error: /support/
Traceback (most recent call last):
  File "/opt/anaconda3/envs/aps/lib/python3.10/site-packages/django/template/base.py", line 502, in parse
    compile_func = self.tags[command]
KeyError: 'endfor'

During handling of the above exception, another exception occurred:

Traceback (most recent call last):
  File "/opt/anaconda3/envs/aps/lib/python3.10/site-packages/django/core/handlers/exception.py", line 55, in inner
    response = get_response(request)
  File "/opt/anaconda3/envs/aps/lib/python3.10/site-packages/django/core/handlers/base.py", line 220, in _get_response
    response = response.render()
  File "/opt/anaconda3/envs/aps/lib/python3.10/site-packages/django/template/response.py", line 114, in render
    self.content = self.rendered_content
  File "/opt/anaconda3/envs/aps/lib/python3.10/site-packages/django/template/response.py", line 90, in rendered_content
    template = self.resolve_template(self.template_name)
  File "/opt/anaconda3/envs/aps/lib/python3.10/site-packages/django/template/response.py", line 72, in resolve_template
    return select_template(template, using=self.using)
  File "/opt/anaconda3/envs/aps/lib/python3.10/site-packages/django/template/loader.py", line 42, in select_template
    return engine.get_template(template_name)
  File "/opt/anaconda3/envs/aps/lib/python3.10/site-packages/django/template/backends/django.py", line 33, in get_template
    return Template(self.engine.get_template(template_name), self)
  File "/opt/anaconda3/envs/aps/lib/python3.10/site-packages/django/template/engine.py", line 177, in get_template
    template, origin = self.find_template(template_name)
  File "/opt/anaconda3/envs/aps/lib/python3.10/site-packages/django/template/engine.py", line 159, in find_template
    template = loader.get_template(name, skip=skip)
  File "/opt/anaconda3/envs/aps/lib/python3.10/site-packages/django/template/loaders/cached.py", line 57, in get_template
    template = super().get_template(template_name, skip)
  File "/opt/anaconda3/envs/aps/lib/python3.10/site-packages/django/template/loaders/base.py", line 28, in get_template
    return Template(
  File "/opt/anaconda3/envs/aps/lib/python3.10/site-packages/django/template/base.py", line 154, in __init__
    self.nodelist = self.compile_nodelist()
  File "/opt/anaconda3/envs/aps/lib/python3.10/site-packages/django/template/base.py", line 196, in compile_nodelist
    return parser.parse()
  File "/opt/anaconda3/envs/aps/lib/python3.10/site-packages/django/template/base.py", line 510, in parse
    raise self.error(token, e)
  File "/opt/anaconda3/envs/aps/lib/python3.10/site-packages/django/template/base.py", line 508, in parse
    compiled_result = compile_func(self, token)
  File "/opt/anaconda3/envs/aps/lib/python3.10/site-packages/django/template/loader_tags.py", line 295, in do_extends
    nodelist = parser.parse()
  File "/opt/anaconda3/envs/aps/lib/python3.10/site-packages/django/template/base.py", line 510, in parse
    raise self.error(token, e)
  File "/opt/anaconda3/envs/aps/lib/python3.10/site-packages/django/template/base.py", line 508, in parse
    compiled_result = compile_func(self, token)
  File "/opt/anaconda3/envs/aps/lib/python3.10/site-packages/django/template/loader_tags.py", line 234, in do_block
    nodelist = parser.parse(("endblock",))
  File "/opt/anaconda3/envs/aps/lib/python3.10/site-packages/django/template/base.py", line 504, in parse
    self.invalid_block_tag(token, command, parse_until)
  File "/opt/anaconda3/envs/aps/lib/python3.10/site-packages/django/template/base.py", line 555, in invalid_block_tag
    raise self.error(
django.template.exceptions.TemplateSyntaxError: Invalid block tag on line 337: 'endfor', expected 'endblock'. Did you forget to register or load this tag?
[2025-09-17 09:37:24] ERROR - django.server - log_message:212 - "GET /support/ HTTP/1.1" 500 271367
[2025-09-17 09:38:05] ERROR - django.request - log_response:241 - Internal Server Error: /support/
Traceback (most recent call last):
  File "/opt/anaconda3/envs/aps/lib/python3.10/site-packages/django/template/base.py", line 502, in parse
    compile_func = self.tags[command]
KeyError: 'endfor'

During handling of the above exception, another exception occurred:

Traceback (most recent call last):
  File "/opt/anaconda3/envs/aps/lib/python3.10/site-packages/django/core/handlers/exception.py", line 55, in inner
    response = get_response(request)
  File "/opt/anaconda3/envs/aps/lib/python3.10/site-packages/django/core/handlers/base.py", line 220, in _get_response
    response = response.render()
  File "/opt/anaconda3/envs/aps/lib/python3.10/site-packages/django/template/response.py", line 114, in render
    self.content = self.rendered_content
  File "/opt/anaconda3/envs/aps/lib/python3.10/site-packages/django/template/response.py", line 90, in rendered_content
    template = self.resolve_template(self.template_name)
  File "/opt/anaconda3/envs/aps/lib/python3.10/site-packages/django/template/response.py", line 72, in resolve_template
    return select_template(template, using=self.using)
  File "/opt/anaconda3/envs/aps/lib/python3.10/site-packages/django/template/loader.py", line 42, in select_template
    return engine.get_template(template_name)
  File "/opt/anaconda3/envs/aps/lib/python3.10/site-packages/django/template/backends/django.py", line 33, in get_template
    return Template(self.engine.get_template(template_name), self)
  File "/opt/anaconda3/envs/aps/lib/python3.10/site-packages/django/template/engine.py", line 177, in get_template
    template, origin = self.find_template(template_name)
  File "/opt/anaconda3/envs/aps/lib/python3.10/site-packages/django/template/engine.py", line 159, in find_template
    template = loader.get_template(name, skip=skip)
  File "/opt/anaconda3/envs/aps/lib/python3.10/site-packages/django/template/loaders/cached.py", line 57, in get_template
    template = super().get_template(template_name, skip)
  File "/opt/anaconda3/envs/aps/lib/python3.10/site-packages/django/template/loaders/base.py", line 28, in get_template
    return Template(
  File "/opt/anaconda3/envs/aps/lib/python3.10/site-packages/django/template/base.py", line 154, in __init__
    self.nodelist = self.compile_nodelist()
  File "/opt/anaconda3/envs/aps/lib/python3.10/site-packages/django/template/base.py", line 196, in compile_nodelist
    return parser.parse()
  File "/opt/anaconda3/envs/aps/lib/python3.10/site-packages/django/template/base.py", line 510, in parse
    raise self.error(token, e)
  File "/opt/anaconda3/envs/aps/lib/python3.10/site-packages/django/template/base.py", line 508, in parse
    compiled_result = compile_func(self, token)
  File "/opt/anaconda3/envs/aps/lib/python3.10/site-packages/django/template/loader_tags.py", line 295, in do_extends
    nodelist = parser.parse()
  File "/opt/anaconda3/envs/aps/lib/python3.10/site-packages/django/template/base.py", line 510, in parse
    raise self.error(token, e)
  File "/opt/anaconda3/envs/aps/lib/python3.10/site-packages/django/template/base.py", line 508, in parse
    compiled_result = compile_func(self, token)
  File "/opt/anaconda3/envs/aps/lib/python3.10/site-packages/django/template/loader_tags.py", line 234, in do_block
    nodelist = parser.parse(("endblock",))
  File "/opt/anaconda3/envs/aps/lib/python3.10/site-packages/django/template/base.py", line 504, in parse
    self.invalid_block_tag(token, command, parse_until)
  File "/opt/anaconda3/envs/aps/lib/python3.10/site-packages/django/template/base.py", line 555, in invalid_block_tag
    raise self.error(
django.template.exceptions.TemplateSyntaxError: Invalid block tag on line 352: 'endfor', expected 'endblock'. Did you forget to register or load this tag?
[2025-09-17 09:38:05] ERROR - django.server - log_message:212 - "GET /support/ HTTP/1.1" 500 271132
[2025-09-17 09:38:26] ERROR - django.request - log_response:241 - Internal Server Error: /support/
Traceback (most recent call last):
  File "/opt/anaconda3/envs/aps/lib/python3.10/site-packages/django/template/base.py", line 502, in parse
    compile_func = self.tags[command]
KeyError: 'endif'

During handling of the above exception, another exception occurred:

Traceback (most recent call last):
  File "/opt/anaconda3/envs/aps/lib/python3.10/site-packages/django/core/handlers/exception.py", line 55, in inner
    response = get_response(request)
  File "/opt/anaconda3/envs/aps/lib/python3.10/site-packages/django/core/handlers/base.py", line 220, in _get_response
    response = response.render()
  File "/opt/anaconda3/envs/aps/lib/python3.10/site-packages/django/template/response.py", line 114, in render
    self.content = self.rendered_content
  File "/opt/anaconda3/envs/aps/lib/python3.10/site-packages/django/template/response.py", line 90, in rendered_content
    template = self.resolve_template(self.template_name)
  File "/opt/anaconda3/envs/aps/lib/python3.10/site-packages/django/template/response.py", line 72, in resolve_template
    return select_template(template, using=self.using)
  File "/opt/anaconda3/envs/aps/lib/python3.10/site-packages/django/template/loader.py", line 42, in select_template
    return engine.get_template(template_name)
  File "/opt/anaconda3/envs/aps/lib/python3.10/site-packages/django/template/backends/django.py", line 33, in get_template
    return Template(self.engine.get_template(template_name), self)
  File "/opt/anaconda3/envs/aps/lib/python3.10/site-packages/django/template/engine.py", line 177, in get_template
    template, origin = self.find_template(template_name)
  File "/opt/anaconda3/envs/aps/lib/python3.10/site-packages/django/template/engine.py", line 159, in find_template
    template = loader.get_template(name, skip=skip)
  File "/opt/anaconda3/envs/aps/lib/python3.10/site-packages/django/template/loaders/cached.py", line 57, in get_template
    template = super().get_template(template_name, skip)
  File "/opt/anaconda3/envs/aps/lib/python3.10/site-packages/django/template/loaders/base.py", line 28, in get_template
    return Template(
  File "/opt/anaconda3/envs/aps/lib/python3.10/site-packages/django/template/base.py", line 154, in __init__
    self.nodelist = self.compile_nodelist()
  File "/opt/anaconda3/envs/aps/lib/python3.10/site-packages/django/template/base.py", line 196, in compile_nodelist
    return parser.parse()
  File "/opt/anaconda3/envs/aps/lib/python3.10/site-packages/django/template/base.py", line 510, in parse
    raise self.error(token, e)
  File "/opt/anaconda3/envs/aps/lib/python3.10/site-packages/django/template/base.py", line 508, in parse
    compiled_result = compile_func(self, token)
  File "/opt/anaconda3/envs/aps/lib/python3.10/site-packages/django/template/loader_tags.py", line 295, in do_extends
    nodelist = parser.parse()
  File "/opt/anaconda3/envs/aps/lib/python3.10/site-packages/django/template/base.py", line 510, in parse
    raise self.error(token, e)
  File "/opt/anaconda3/envs/aps/lib/python3.10/site-packages/django/template/base.py", line 508, in parse
    compiled_result = compile_func(self, token)
  File "/opt/anaconda3/envs/aps/lib/python3.10/site-packages/django/template/loader_tags.py", line 234, in do_block
    nodelist = parser.parse(("endblock",))
  File "/opt/anaconda3/envs/aps/lib/python3.10/site-packages/django/template/base.py", line 510, in parse
    raise self.error(token, e)
  File "/opt/anaconda3/envs/aps/lib/python3.10/site-packages/django/template/base.py", line 508, in parse
    compiled_result = compile_func(self, token)
  File "/opt/anaconda3/envs/aps/lib/python3.10/site-packages/django/template/defaulttags.py", line 961, in do_if
    nodelist = parser.parse(("elif", "else", "endif"))
  File "/opt/anaconda3/envs/aps/lib/python3.10/site-packages/django/template/base.py", line 510, in parse
    raise self.error(token, e)
  File "/opt/anaconda3/envs/aps/lib/python3.10/site-packages/django/template/base.py", line 508, in parse
    compiled_result = compile_func(self, token)
  File "/opt/anaconda3/envs/aps/lib/python3.10/site-packages/django/template/defaulttags.py", line 861, in do_for
    nodelist_loop = parser.parse(
  File "/opt/anaconda3/envs/aps/lib/python3.10/site-packages/django/template/base.py", line 504, in parse
    self.invalid_block_tag(token, command, parse_until)
  File "/opt/anaconda3/envs/aps/lib/python3.10/site-packages/django/template/base.py", line 555, in invalid_block_tag
    raise self.error(
django.template.exceptions.TemplateSyntaxError: Invalid block tag on line 557: 'endif', expected 'empty' or 'endfor'. Did you forget to register or load this tag?
[2025-09-17 09:38:26] ERROR - django.server - log_message:212 - "GET /support/ HTTP/1.1" 500 340627
[2025-09-17 09:38:48] ERROR - django.request - log_response:241 - Internal Server Error: /support/
Traceback (most recent call last):
  File "/opt/anaconda3/envs/aps/lib/python3.10/site-packages/django/template/base.py", line 502, in parse
    compile_func = self.tags[command]
KeyError: 'endfor'

During handling of the above exception, another exception occurred:

Traceback (most recent call last):
  File "/opt/anaconda3/envs/aps/lib/python3.10/site-packages/django/core/handlers/exception.py", line 55, in inner
    response = get_response(request)
  File "/opt/anaconda3/envs/aps/lib/python3.10/site-packages/django/core/handlers/base.py", line 220, in _get_response
    response = response.render()
  File "/opt/anaconda3/envs/aps/lib/python3.10/site-packages/django/template/response.py", line 114, in render
    self.content = self.rendered_content
  File "/opt/anaconda3/envs/aps/lib/python3.10/site-packages/django/template/response.py", line 90, in rendered_content
    template = self.resolve_template(self.template_name)
  File "/opt/anaconda3/envs/aps/lib/python3.10/site-packages/django/template/response.py", line 72, in resolve_template
    return select_template(template, using=self.using)
  File "/opt/anaconda3/envs/aps/lib/python3.10/site-packages/django/template/loader.py", line 42, in select_template
    return engine.get_template(template_name)
  File "/opt/anaconda3/envs/aps/lib/python3.10/site-packages/django/template/backends/django.py", line 33, in get_template
    return Template(self.engine.get_template(template_name), self)
  File "/opt/anaconda3/envs/aps/lib/python3.10/site-packages/django/template/engine.py", line 177, in get_template
    template, origin = self.find_template(template_name)
  File "/opt/anaconda3/envs/aps/lib/python3.10/site-packages/django/template/engine.py", line 159, in find_template
    template = loader.get_template(name, skip=skip)
  File "/opt/anaconda3/envs/aps/lib/python3.10/site-packages/django/template/loaders/cached.py", line 57, in get_template
    template = super().get_template(template_name, skip)
  File "/opt/anaconda3/envs/aps/lib/python3.10/site-packages/django/template/loaders/base.py", line 28, in get_template
    return Template(
  File "/opt/anaconda3/envs/aps/lib/python3.10/site-packages/django/template/base.py", line 154, in __init__
    self.nodelist = self.compile_nodelist()
  File "/opt/anaconda3/envs/aps/lib/python3.10/site-packages/django/template/base.py", line 196, in compile_nodelist
    return parser.parse()
  File "/opt/anaconda3/envs/aps/lib/python3.10/site-packages/django/template/base.py", line 510, in parse
    raise self.error(token, e)
  File "/opt/anaconda3/envs/aps/lib/python3.10/site-packages/django/template/base.py", line 508, in parse
    compiled_result = compile_func(self, token)
  File "/opt/anaconda3/envs/aps/lib/python3.10/site-packages/django/template/loader_tags.py", line 295, in do_extends
    nodelist = parser.parse()
  File "/opt/anaconda3/envs/aps/lib/python3.10/site-packages/django/template/base.py", line 510, in parse
    raise self.error(token, e)
  File "/opt/anaconda3/envs/aps/lib/python3.10/site-packages/django/template/base.py", line 508, in parse
    compiled_result = compile_func(self, token)
  File "/opt/anaconda3/envs/aps/lib/python3.10/site-packages/django/template/loader_tags.py", line 234, in do_block
    nodelist = parser.parse(("endblock",))
  File "/opt/anaconda3/envs/aps/lib/python3.10/site-packages/django/template/base.py", line 510, in parse
    raise self.error(token, e)
  File "/opt/anaconda3/envs/aps/lib/python3.10/site-packages/django/template/base.py", line 508, in parse
    compiled_result = compile_func(self, token)
  File "/opt/anaconda3/envs/aps/lib/python3.10/site-packages/django/template/defaulttags.py", line 961, in do_if
    nodelist = parser.parse(("elif", "else", "endif"))
  File "/opt/anaconda3/envs/aps/lib/python3.10/site-packages/django/template/base.py", line 504, in parse
    self.invalid_block_tag(token, command, parse_until)
  File "/opt/anaconda3/envs/aps/lib/python3.10/site-packages/django/template/base.py", line 555, in invalid_block_tag
    raise self.error(
django.template.exceptions.TemplateSyntaxError: Invalid block tag on line 666: 'endfor', expected 'elif', 'else' or 'endif'. Did you forget to register or load this tag?
[2025-09-17 09:38:48] ERROR - django.server - log_message:212 - "GET /support/ HTTP/1.1" 500 251659
[2025-09-17 09:39:15] ERROR - django.request - log_response:241 - Internal Server Error: /support/
Traceback (most recent call last):
  File "/opt/anaconda3/envs/aps/lib/python3.10/site-packages/django/template/base.py", line 502, in parse
    compile_func = self.tags[command]
KeyError: 'endif'

During handling of the above exception, another exception occurred:

Traceback (most recent call last):
  File "/opt/anaconda3/envs/aps/lib/python3.10/site-packages/django/core/handlers/exception.py", line 55, in inner
    response = get_response(request)
  File "/opt/anaconda3/envs/aps/lib/python3.10/site-packages/django/core/handlers/base.py", line 220, in _get_response
    response = response.render()
  File "/opt/anaconda3/envs/aps/lib/python3.10/site-packages/django/template/response.py", line 114, in render
    self.content = self.rendered_content
  File "/opt/anaconda3/envs/aps/lib/python3.10/site-packages/django/template/response.py", line 90, in rendered_content
    template = self.resolve_template(self.template_name)
  File "/opt/anaconda3/envs/aps/lib/python3.10/site-packages/django/template/response.py", line 72, in resolve_template
    return select_template(template, using=self.using)
  File "/opt/anaconda3/envs/aps/lib/python3.10/site-packages/django/template/loader.py", line 42, in select_template
    return engine.get_template(template_name)
  File "/opt/anaconda3/envs/aps/lib/python3.10/site-packages/django/template/backends/django.py", line 33, in get_template
    return Template(self.engine.get_template(template_name), self)
  File "/opt/anaconda3/envs/aps/lib/python3.10/site-packages/django/template/engine.py", line 177, in get_template
    template, origin = self.find_template(template_name)
  File "/opt/anaconda3/envs/aps/lib/python3.10/site-packages/django/template/engine.py", line 159, in find_template
    template = loader.get_template(name, skip=skip)
  File "/opt/anaconda3/envs/aps/lib/python3.10/site-packages/django/template/loaders/cached.py", line 57, in get_template
    template = super().get_template(template_name, skip)
  File "/opt/anaconda3/envs/aps/lib/python3.10/site-packages/django/template/loaders/base.py", line 28, in get_template
    return Template(
  File "/opt/anaconda3/envs/aps/lib/python3.10/site-packages/django/template/base.py", line 154, in __init__
    self.nodelist = self.compile_nodelist()
  File "/opt/anaconda3/envs/aps/lib/python3.10/site-packages/django/template/base.py", line 196, in compile_nodelist
    return parser.parse()
  File "/opt/anaconda3/envs/aps/lib/python3.10/site-packages/django/template/base.py", line 510, in parse
    raise self.error(token, e)
  File "/opt/anaconda3/envs/aps/lib/python3.10/site-packages/django/template/base.py", line 508, in parse
    compiled_result = compile_func(self, token)
  File "/opt/anaconda3/envs/aps/lib/python3.10/site-packages/django/template/loader_tags.py", line 295, in do_extends
    nodelist = parser.parse()
  File "/opt/anaconda3/envs/aps/lib/python3.10/site-packages/django/template/base.py", line 510, in parse
    raise self.error(token, e)
  File "/opt/anaconda3/envs/aps/lib/python3.10/site-packages/django/template/base.py", line 508, in parse
    compiled_result = compile_func(self, token)
  File "/opt/anaconda3/envs/aps/lib/python3.10/site-packages/django/template/loader_tags.py", line 234, in do_block
    nodelist = parser.parse(("endblock",))
  File "/opt/anaconda3/envs/aps/lib/python3.10/site-packages/django/template/base.py", line 504, in parse
    self.invalid_block_tag(token, command, parse_until)
  File "/opt/anaconda3/envs/aps/lib/python3.10/site-packages/django/template/base.py", line 555, in invalid_block_tag
    raise self.error(
django.template.exceptions.TemplateSyntaxError: Invalid block tag on line 749: 'endif', expected 'endblock'. Did you forget to register or load this tag?
[2025-09-17 09:39:15] ERROR - django.server - log_message:212 - "GET /support/ HTTP/1.1" 500 215195
[2025-09-17 09:39:18] ERROR - django.request - log_response:241 - Internal Server Error: /support/
Traceback (most recent call last):
  File "/opt/anaconda3/envs/aps/lib/python3.10/site-packages/django/template/base.py", line 502, in parse
    compile_func = self.tags[command]
KeyError: 'endif'

During handling of the above exception, another exception occurred:

Traceback (most recent call last):
  File "/opt/anaconda3/envs/aps/lib/python3.10/site-packages/django/core/handlers/exception.py", line 55, in inner
    response = get_response(request)
  File "/opt/anaconda3/envs/aps/lib/python3.10/site-packages/django/core/handlers/base.py", line 220, in _get_response
    response = response.render()
  File "/opt/anaconda3/envs/aps/lib/python3.10/site-packages/django/template/response.py", line 114, in render
    self.content = self.rendered_content
  File "/opt/anaconda3/envs/aps/lib/python3.10/site-packages/django/template/response.py", line 90, in rendered_content
    template = self.resolve_template(self.template_name)
  File "/opt/anaconda3/envs/aps/lib/python3.10/site-packages/django/template/response.py", line 72, in resolve_template
    return select_template(template, using=self.using)
  File "/opt/anaconda3/envs/aps/lib/python3.10/site-packages/django/template/loader.py", line 42, in select_template
    return engine.get_template(template_name)
  File "/opt/anaconda3/envs/aps/lib/python3.10/site-packages/django/template/backends/django.py", line 33, in get_template
    return Template(self.engine.get_template(template_name), self)
  File "/opt/anaconda3/envs/aps/lib/python3.10/site-packages/django/template/engine.py", line 177, in get_template
    template, origin = self.find_template(template_name)
  File "/opt/anaconda3/envs/aps/lib/python3.10/site-packages/django/template/engine.py", line 159, in find_template
    template = loader.get_template(name, skip=skip)
  File "/opt/anaconda3/envs/aps/lib/python3.10/site-packages/django/template/loaders/cached.py", line 57, in get_template
    template = super().get_template(template_name, skip)
  File "/opt/anaconda3/envs/aps/lib/python3.10/site-packages/django/template/loaders/base.py", line 28, in get_template
    return Template(
  File "/opt/anaconda3/envs/aps/lib/python3.10/site-packages/django/template/base.py", line 154, in __init__
    self.nodelist = self.compile_nodelist()
  File "/opt/anaconda3/envs/aps/lib/python3.10/site-packages/django/template/base.py", line 196, in compile_nodelist
    return parser.parse()
  File "/opt/anaconda3/envs/aps/lib/python3.10/site-packages/django/template/base.py", line 510, in parse
    raise self.error(token, e)
  File "/opt/anaconda3/envs/aps/lib/python3.10/site-packages/django/template/base.py", line 508, in parse
    compiled_result = compile_func(self, token)
  File "/opt/anaconda3/envs/aps/lib/python3.10/site-packages/django/template/loader_tags.py", line 295, in do_extends
    nodelist = parser.parse()
  File "/opt/anaconda3/envs/aps/lib/python3.10/site-packages/django/template/base.py", line 510, in parse
    raise self.error(token, e)
  File "/opt/anaconda3/envs/aps/lib/python3.10/site-packages/django/template/base.py", line 508, in parse
    compiled_result = compile_func(self, token)
  File "/opt/anaconda3/envs/aps/lib/python3.10/site-packages/django/template/loader_tags.py", line 234, in do_block
    nodelist = parser.parse(("endblock",))
  File "/opt/anaconda3/envs/aps/lib/python3.10/site-packages/django/template/base.py", line 504, in parse
    self.invalid_block_tag(token, command, parse_until)
  File "/opt/anaconda3/envs/aps/lib/python3.10/site-packages/django/template/base.py", line 555, in invalid_block_tag
    raise self.error(
django.template.exceptions.TemplateSyntaxError: Invalid block tag on line 749: 'endif', expected 'endblock'. Did you forget to register or load this tag?
[2025-09-17 09:39:18] ERROR - django.server - log_message:212 - "GET /support/ HTTP/1.1" 500 215195
[2025-09-17 09:39:37] ERROR - django.request - log_response:241 - Internal Server Error: /support/create/
Traceback (most recent call last):
  File "/opt/anaconda3/envs/aps/lib/python3.10/site-packages/django/template/base.py", line 502, in parse
    compile_func = self.tags[command]
KeyError: 'endif'

During handling of the above exception, another exception occurred:

Traceback (most recent call last):
  File "/opt/anaconda3/envs/aps/lib/python3.10/site-packages/django/core/handlers/exception.py", line 55, in inner
    response = get_response(request)
  File "/opt/anaconda3/envs/aps/lib/python3.10/site-packages/django/core/handlers/base.py", line 220, in _get_response
    response = response.render()
  File "/opt/anaconda3/envs/aps/lib/python3.10/site-packages/django/template/response.py", line 114, in render
    self.content = self.rendered_content
  File "/opt/anaconda3/envs/aps/lib/python3.10/site-packages/django/template/response.py", line 90, in rendered_content
    template = self.resolve_template(self.template_name)
  File "/opt/anaconda3/envs/aps/lib/python3.10/site-packages/django/template/response.py", line 72, in resolve_template
    return select_template(template, using=self.using)
  File "/opt/anaconda3/envs/aps/lib/python3.10/site-packages/django/template/loader.py", line 42, in select_template
    return engine.get_template(template_name)
  File "/opt/anaconda3/envs/aps/lib/python3.10/site-packages/django/template/backends/django.py", line 33, in get_template
    return Template(self.engine.get_template(template_name), self)
  File "/opt/anaconda3/envs/aps/lib/python3.10/site-packages/django/template/engine.py", line 177, in get_template
    template, origin = self.find_template(template_name)
  File "/opt/anaconda3/envs/aps/lib/python3.10/site-packages/django/template/engine.py", line 159, in find_template
    template = loader.get_template(name, skip=skip)
  File "/opt/anaconda3/envs/aps/lib/python3.10/site-packages/django/template/loaders/cached.py", line 57, in get_template
    template = super().get_template(template_name, skip)
  File "/opt/anaconda3/envs/aps/lib/python3.10/site-packages/django/template/loaders/base.py", line 28, in get_template
    return Template(
  File "/opt/anaconda3/envs/aps/lib/python3.10/site-packages/django/template/base.py", line 154, in __init__
    self.nodelist = self.compile_nodelist()
  File "/opt/anaconda3/envs/aps/lib/python3.10/site-packages/django/template/base.py", line 196, in compile_nodelist
    return parser.parse()
  File "/opt/anaconda3/envs/aps/lib/python3.10/site-packages/django/template/base.py", line 510, in parse
    raise self.error(token, e)
  File "/opt/anaconda3/envs/aps/lib/python3.10/site-packages/django/template/base.py", line 508, in parse
    compiled_result = compile_func(self, token)
  File "/opt/anaconda3/envs/aps/lib/python3.10/site-packages/django/template/loader_tags.py", line 295, in do_extends
    nodelist = parser.parse()
  File "/opt/anaconda3/envs/aps/lib/python3.10/site-packages/django/template/base.py", line 510, in parse
    raise self.error(token, e)
  File "/opt/anaconda3/envs/aps/lib/python3.10/site-packages/django/template/base.py", line 508, in parse
    compiled_result = compile_func(self, token)
  File "/opt/anaconda3/envs/aps/lib/python3.10/site-packages/django/template/loader_tags.py", line 234, in do_block
    nodelist = parser.parse(("endblock",))
  File "/opt/anaconda3/envs/aps/lib/python3.10/site-packages/django/template/base.py", line 504, in parse
    self.invalid_block_tag(token, command, parse_until)
  File "/opt/anaconda3/envs/aps/lib/python3.10/site-packages/django/template/base.py", line 555, in invalid_block_tag
    raise self.error(
django.template.exceptions.TemplateSyntaxError: Invalid block tag on line 116: 'endif', expected 'endblock'. Did you forget to register or load this tag?
[2025-09-17 09:39:37] ERROR - django.server - log_message:212 - "GET /support/create/ HTTP/1.1" 500 253183
[2025-09-17 09:40:02] ERROR - django.request - log_response:241 - Internal Server Error: /support/create/
Traceback (most recent call last):
  File "/opt/anaconda3/envs/aps/lib/python3.10/site-packages/django/template/base.py", line 502, in parse
    compile_func = self.tags[command]
KeyError: 'endif'

During handling of the above exception, another exception occurred:

Traceback (most recent call last):
  File "/opt/anaconda3/envs/aps/lib/python3.10/site-packages/django/core/handlers/exception.py", line 55, in inner
    response = get_response(request)
  File "/opt/anaconda3/envs/aps/lib/python3.10/site-packages/django/core/handlers/base.py", line 220, in _get_response
    response = response.render()
  File "/opt/anaconda3/envs/aps/lib/python3.10/site-packages/django/template/response.py", line 114, in render
    self.content = self.rendered_content
  File "/opt/anaconda3/envs/aps/lib/python3.10/site-packages/django/template/response.py", line 90, in rendered_content
    template = self.resolve_template(self.template_name)
  File "/opt/anaconda3/envs/aps/lib/python3.10/site-packages/django/template/response.py", line 72, in resolve_template
    return select_template(template, using=self.using)
  File "/opt/anaconda3/envs/aps/lib/python3.10/site-packages/django/template/loader.py", line 42, in select_template
    return engine.get_template(template_name)
  File "/opt/anaconda3/envs/aps/lib/python3.10/site-packages/django/template/backends/django.py", line 33, in get_template
    return Template(self.engine.get_template(template_name), self)
  File "/opt/anaconda3/envs/aps/lib/python3.10/site-packages/django/template/engine.py", line 177, in get_template
    template, origin = self.find_template(template_name)
  File "/opt/anaconda3/envs/aps/lib/python3.10/site-packages/django/template/engine.py", line 159, in find_template
    template = loader.get_template(name, skip=skip)
  File "/opt/anaconda3/envs/aps/lib/python3.10/site-packages/django/template/loaders/cached.py", line 57, in get_template
    template = super().get_template(template_name, skip)
  File "/opt/anaconda3/envs/aps/lib/python3.10/site-packages/django/template/loaders/base.py", line 28, in get_template
    return Template(
  File "/opt/anaconda3/envs/aps/lib/python3.10/site-packages/django/template/base.py", line 154, in __init__
    self.nodelist = self.compile_nodelist()
  File "/opt/anaconda3/envs/aps/lib/python3.10/site-packages/django/template/base.py", line 196, in compile_nodelist
    return parser.parse()
  File "/opt/anaconda3/envs/aps/lib/python3.10/site-packages/django/template/base.py", line 510, in parse
    raise self.error(token, e)
  File "/opt/anaconda3/envs/aps/lib/python3.10/site-packages/django/template/base.py", line 508, in parse
    compiled_result = compile_func(self, token)
  File "/opt/anaconda3/envs/aps/lib/python3.10/site-packages/django/template/loader_tags.py", line 295, in do_extends
    nodelist = parser.parse()
  File "/opt/anaconda3/envs/aps/lib/python3.10/site-packages/django/template/base.py", line 510, in parse
    raise self.error(token, e)
  File "/opt/anaconda3/envs/aps/lib/python3.10/site-packages/django/template/base.py", line 508, in parse
    compiled_result = compile_func(self, token)
  File "/opt/anaconda3/envs/aps/lib/python3.10/site-packages/django/template/loader_tags.py", line 234, in do_block
    nodelist = parser.parse(("endblock",))
  File "/opt/anaconda3/envs/aps/lib/python3.10/site-packages/django/template/base.py", line 504, in parse
    self.invalid_block_tag(token, command, parse_until)
  File "/opt/anaconda3/envs/aps/lib/python3.10/site-packages/django/template/base.py", line 555, in invalid_block_tag
    raise self.error(
django.template.exceptions.TemplateSyntaxError: Invalid block tag on line 116: 'endif', expected 'endblock'. Did you forget to register or load this tag?
[2025-09-17 09:40:02] ERROR - django.server - log_message:212 - "GET /support/create/ HTTP/1.1" 500 253183
[2025-09-17 09:43:24] ERROR - django.request - log_response:241 - Internal Server Error: /attendance/
Traceback (most recent call last):
  File "/Users/harshalsmac/WORK/ardur/ardurHome/trueAlign/attendance/views.py", line 1079, in _get_user_current_shift
    return ShiftAssignment.objects.filter(
  File "/opt/anaconda3/envs/aps/lib/python3.10/site-packages/django/db/models/manager.py", line 87, in manager_method
    return getattr(self.get_queryset(), name)(*args, **kwargs)
  File "/opt/anaconda3/envs/aps/lib/python3.10/site-packages/django/db/models/query.py", line 1476, in filter
    return self._filter_or_exclude(False, args, kwargs)
  File "/opt/anaconda3/envs/aps/lib/python3.10/site-packages/django/db/models/query.py", line 1494, in _filter_or_exclude
    clone._filter_or_exclude_inplace(negate, args, kwargs)
  File "/opt/anaconda3/envs/aps/lib/python3.10/site-packages/django/db/models/query.py", line 1501, in _filter_or_exclude_inplace
    self._query.add_q(Q(*args, **kwargs))
  File "/opt/anaconda3/envs/aps/lib/python3.10/site-packages/django/db/models/sql/query.py", line 1613, in add_q
    clause, _ = self._add_q(q_object, self.used_aliases)
  File "/opt/anaconda3/envs/aps/lib/python3.10/site-packages/django/db/models/sql/query.py", line 1645, in _add_q
    child_clause, needed_inner = self.build_filter(
  File "/opt/anaconda3/envs/aps/lib/python3.10/site-packages/django/db/models/sql/query.py", line 1495, in build_filter
    lookups, parts, reffed_expression = self.solve_lookup_type(arg, summarize)
  File "/opt/anaconda3/envs/aps/lib/python3.10/site-packages/django/db/models/sql/query.py", line 1307, in solve_lookup_type
    _, field, _, lookup_parts = self.names_to_path(lookup_splitted, self.get_meta())
  File "/opt/anaconda3/envs/aps/lib/python3.10/site-packages/django/db/models/sql/query.py", line 1772, in names_to_path
    raise FieldError(
django.core.exceptions.FieldError: Cannot resolve keyword 'end_date' into field. Choices are: created_at, created_by, created_by_id, effective_from, effective_to, id, is_current, notes, shift, shift_id, updated_at, user, user_id

During handling of the above exception, another exception occurred:

Traceback (most recent call last):
  File "/Users/harshalsmac/WORK/ardur/ardurHome/trueAlign/attendance/views.py", line 73, in attendance_dashboard
    context = _build_dashboard_context(request)
  File "/Users/harshalsmac/WORK/ardur/ardurHome/trueAlign/attendance/views.py", line 119, in _build_dashboard_context
    'current_shift': _get_user_current_shift(request.user, today),
  File "/Users/harshalsmac/WORK/ardur/ardurHome/trueAlign/attendance/views.py", line 1085, in _get_user_current_shift
    logger.error(f"Error getting current shift for {user.username}: {e}")
NameError: name 'logger' is not defined

During handling of the above exception, another exception occurred:

Traceback (most recent call last):
  File "/opt/anaconda3/envs/aps/lib/python3.10/site-packages/django/core/handlers/exception.py", line 55, in inner
    response = get_response(request)
  File "/opt/anaconda3/envs/aps/lib/python3.10/site-packages/django/core/handlers/base.py", line 197, in _get_response
    response = wrapped_callback(request, *callback_args, **callback_kwargs)
  File "/opt/anaconda3/envs/aps/lib/python3.10/site-packages/django/contrib/auth/decorators.py", line 23, in _wrapper_view
    return view_func(request, *args, **kwargs)
  File "/Users/harshalsmac/WORK/ardur/ardurHome/trueAlign/attendance/decorators.py", line 167, in _wrapped_view
    return view_func(request, *args, **kwargs)
  File "/Users/harshalsmac/WORK/ardur/ardurHome/trueAlign/attendance/views.py", line 78, in attendance_dashboard
    logger.error(f"Error in attendance dashboard: {e}")
NameError: name 'logger' is not defined
[2025-09-17 09:43:24] ERROR - django.server - log_message:212 - "GET /attendance/ HTTP/1.1" 500 168128
[2025-09-17 10:03:07] ERROR - django.request - log_response:241 - Internal Server Error: /support/create/
Traceback (most recent call last):
  File "/opt/anaconda3/envs/aps/lib/python3.10/site-packages/django/template/base.py", line 502, in parse
    compile_func = self.tags[command]
KeyError: 'render_field'

During handling of the above exception, another exception occurred:

Traceback (most recent call last):
  File "/opt/anaconda3/envs/aps/lib/python3.10/site-packages/django/core/handlers/exception.py", line 55, in inner
    response = get_response(request)
  File "/opt/anaconda3/envs/aps/lib/python3.10/site-packages/django/core/handlers/base.py", line 220, in _get_response
    response = response.render()
  File "/opt/anaconda3/envs/aps/lib/python3.10/site-packages/django/template/response.py", line 114, in render
    self.content = self.rendered_content
  File "/opt/anaconda3/envs/aps/lib/python3.10/site-packages/django/template/response.py", line 90, in rendered_content
    template = self.resolve_template(self.template_name)
  File "/opt/anaconda3/envs/aps/lib/python3.10/site-packages/django/template/response.py", line 72, in resolve_template
    return select_template(template, using=self.using)
  File "/opt/anaconda3/envs/aps/lib/python3.10/site-packages/django/template/loader.py", line 42, in select_template
    return engine.get_template(template_name)
  File "/opt/anaconda3/envs/aps/lib/python3.10/site-packages/django/template/backends/django.py", line 33, in get_template
    return Template(self.engine.get_template(template_name), self)
  File "/opt/anaconda3/envs/aps/lib/python3.10/site-packages/django/template/engine.py", line 177, in get_template
    template, origin = self.find_template(template_name)
  File "/opt/anaconda3/envs/aps/lib/python3.10/site-packages/django/template/engine.py", line 159, in find_template
    template = loader.get_template(name, skip=skip)
  File "/opt/anaconda3/envs/aps/lib/python3.10/site-packages/django/template/loaders/cached.py", line 57, in get_template
    template = super().get_template(template_name, skip)
  File "/opt/anaconda3/envs/aps/lib/python3.10/site-packages/django/template/loaders/base.py", line 28, in get_template
    return Template(
  File "/opt/anaconda3/envs/aps/lib/python3.10/site-packages/django/template/base.py", line 154, in __init__
    self.nodelist = self.compile_nodelist()
  File "/opt/anaconda3/envs/aps/lib/python3.10/site-packages/django/template/base.py", line 196, in compile_nodelist
    return parser.parse()
  File "/opt/anaconda3/envs/aps/lib/python3.10/site-packages/django/template/base.py", line 510, in parse
    raise self.error(token, e)
  File "/opt/anaconda3/envs/aps/lib/python3.10/site-packages/django/template/base.py", line 508, in parse
    compiled_result = compile_func(self, token)
  File "/opt/anaconda3/envs/aps/lib/python3.10/site-packages/django/template/loader_tags.py", line 295, in do_extends
    nodelist = parser.parse()
  File "/opt/anaconda3/envs/aps/lib/python3.10/site-packages/django/template/base.py", line 510, in parse
    raise self.error(token, e)
  File "/opt/anaconda3/envs/aps/lib/python3.10/site-packages/django/template/base.py", line 508, in parse
    compiled_result = compile_func(self, token)
  File "/opt/anaconda3/envs/aps/lib/python3.10/site-packages/django/template/loader_tags.py", line 234, in do_block
    nodelist = parser.parse(("endblock",))
  File "/opt/anaconda3/envs/aps/lib/python3.10/site-packages/django/template/base.py", line 504, in parse
    self.invalid_block_tag(token, command, parse_until)
  File "/opt/anaconda3/envs/aps/lib/python3.10/site-packages/django/template/base.py", line 555, in invalid_block_tag
    raise self.error(
django.template.exceptions.TemplateSyntaxError: Invalid block tag on line 142: 'render_field', expected 'endblock'. Did you forget to register or load this tag?
[2025-09-17 10:03:07] ERROR - django.server - log_message:212 - "GET /support/create/ HTTP/1.1" 500 268902
[2025-09-17 10:03:25] ERROR - django.request - log_response:241 - Internal Server Error: /support/create/
Traceback (most recent call last):
  File "/opt/anaconda3/envs/aps/lib/python3.10/site-packages/django/template/base.py", line 502, in parse
    compile_func = self.tags[command]
KeyError: 'render_field'

During handling of the above exception, another exception occurred:

Traceback (most recent call last):
  File "/opt/anaconda3/envs/aps/lib/python3.10/site-packages/django/core/handlers/exception.py", line 55, in inner
    response = get_response(request)
  File "/opt/anaconda3/envs/aps/lib/python3.10/site-packages/django/core/handlers/base.py", line 220, in _get_response
    response = response.render()
  File "/opt/anaconda3/envs/aps/lib/python3.10/site-packages/django/template/response.py", line 114, in render
    self.content = self.rendered_content
  File "/opt/anaconda3/envs/aps/lib/python3.10/site-packages/django/template/response.py", line 90, in rendered_content
    template = self.resolve_template(self.template_name)
  File "/opt/anaconda3/envs/aps/lib/python3.10/site-packages/django/template/response.py", line 72, in resolve_template
    return select_template(template, using=self.using)
  File "/opt/anaconda3/envs/aps/lib/python3.10/site-packages/django/template/loader.py", line 42, in select_template
    return engine.get_template(template_name)
  File "/opt/anaconda3/envs/aps/lib/python3.10/site-packages/django/template/backends/django.py", line 33, in get_template
    return Template(self.engine.get_template(template_name), self)
  File "/opt/anaconda3/envs/aps/lib/python3.10/site-packages/django/template/engine.py", line 177, in get_template
    template, origin = self.find_template(template_name)
  File "/opt/anaconda3/envs/aps/lib/python3.10/site-packages/django/template/engine.py", line 159, in find_template
    template = loader.get_template(name, skip=skip)
  File "/opt/anaconda3/envs/aps/lib/python3.10/site-packages/django/template/loaders/cached.py", line 57, in get_template
    template = super().get_template(template_name, skip)
  File "/opt/anaconda3/envs/aps/lib/python3.10/site-packages/django/template/loaders/base.py", line 28, in get_template
    return Template(
  File "/opt/anaconda3/envs/aps/lib/python3.10/site-packages/django/template/base.py", line 154, in __init__
    self.nodelist = self.compile_nodelist()
  File "/opt/anaconda3/envs/aps/lib/python3.10/site-packages/django/template/base.py", line 196, in compile_nodelist
    return parser.parse()
  File "/opt/anaconda3/envs/aps/lib/python3.10/site-packages/django/template/base.py", line 510, in parse
    raise self.error(token, e)
  File "/opt/anaconda3/envs/aps/lib/python3.10/site-packages/django/template/base.py", line 508, in parse
    compiled_result = compile_func(self, token)
  File "/opt/anaconda3/envs/aps/lib/python3.10/site-packages/django/template/loader_tags.py", line 295, in do_extends
    nodelist = parser.parse()
  File "/opt/anaconda3/envs/aps/lib/python3.10/site-packages/django/template/base.py", line 510, in parse
    raise self.error(token, e)
  File "/opt/anaconda3/envs/aps/lib/python3.10/site-packages/django/template/base.py", line 508, in parse
    compiled_result = compile_func(self, token)
  File "/opt/anaconda3/envs/aps/lib/python3.10/site-packages/django/template/loader_tags.py", line 234, in do_block
    nodelist = parser.parse(("endblock",))
  File "/opt/anaconda3/envs/aps/lib/python3.10/site-packages/django/template/base.py", line 504, in parse
    self.invalid_block_tag(token, command, parse_until)
  File "/opt/anaconda3/envs/aps/lib/python3.10/site-packages/django/template/base.py", line 555, in invalid_block_tag
    raise self.error(
django.template.exceptions.TemplateSyntaxError: Invalid block tag on line 142: 'render_field', expected 'endblock'. Did you forget to register or load this tag?
[2025-09-17 10:03:25] ERROR - django.server - log_message:212 - "GET /support/create/ HTTP/1.1" 500 268765
[2025-09-17 10:03:55] ERROR - django.request - log_response:241 - Internal Server Error: /support/create/
Traceback (most recent call last):
  File "/opt/anaconda3/envs/aps/lib/python3.10/site-packages/django/template/base.py", line 502, in parse
    compile_func = self.tags[command]
KeyError: 'render_field'

During handling of the above exception, another exception occurred:

Traceback (most recent call last):
  File "/opt/anaconda3/envs/aps/lib/python3.10/site-packages/django/core/handlers/exception.py", line 55, in inner
    response = get_response(request)
  File "/opt/anaconda3/envs/aps/lib/python3.10/site-packages/django/core/handlers/base.py", line 220, in _get_response
    response = response.render()
  File "/opt/anaconda3/envs/aps/lib/python3.10/site-packages/django/template/response.py", line 114, in render
    self.content = self.rendered_content
  File "/opt/anaconda3/envs/aps/lib/python3.10/site-packages/django/template/response.py", line 90, in rendered_content
    template = self.resolve_template(self.template_name)
  File "/opt/anaconda3/envs/aps/lib/python3.10/site-packages/django/template/response.py", line 72, in resolve_template
    return select_template(template, using=self.using)
  File "/opt/anaconda3/envs/aps/lib/python3.10/site-packages/django/template/loader.py", line 42, in select_template
    return engine.get_template(template_name)
  File "/opt/anaconda3/envs/aps/lib/python3.10/site-packages/django/template/backends/django.py", line 33, in get_template
    return Template(self.engine.get_template(template_name), self)
  File "/opt/anaconda3/envs/aps/lib/python3.10/site-packages/django/template/engine.py", line 177, in get_template
    template, origin = self.find_template(template_name)
  File "/opt/anaconda3/envs/aps/lib/python3.10/site-packages/django/template/engine.py", line 159, in find_template
    template = loader.get_template(name, skip=skip)
  File "/opt/anaconda3/envs/aps/lib/python3.10/site-packages/django/template/loaders/cached.py", line 57, in get_template
    template = super().get_template(template_name, skip)
  File "/opt/anaconda3/envs/aps/lib/python3.10/site-packages/django/template/loaders/base.py", line 28, in get_template
    return Template(
  File "/opt/anaconda3/envs/aps/lib/python3.10/site-packages/django/template/base.py", line 154, in __init__
    self.nodelist = self.compile_nodelist()
  File "/opt/anaconda3/envs/aps/lib/python3.10/site-packages/django/template/base.py", line 196, in compile_nodelist
    return parser.parse()
  File "/opt/anaconda3/envs/aps/lib/python3.10/site-packages/django/template/base.py", line 510, in parse
    raise self.error(token, e)
  File "/opt/anaconda3/envs/aps/lib/python3.10/site-packages/django/template/base.py", line 508, in parse
    compiled_result = compile_func(self, token)
  File "/opt/anaconda3/envs/aps/lib/python3.10/site-packages/django/template/loader_tags.py", line 295, in do_extends
    nodelist = parser.parse()
  File "/opt/anaconda3/envs/aps/lib/python3.10/site-packages/django/template/base.py", line 510, in parse
    raise self.error(token, e)
  File "/opt/anaconda3/envs/aps/lib/python3.10/site-packages/django/template/base.py", line 508, in parse
    compiled_result = compile_func(self, token)
  File "/opt/anaconda3/envs/aps/lib/python3.10/site-packages/django/template/loader_tags.py", line 234, in do_block
    nodelist = parser.parse(("endblock",))
  File "/opt/anaconda3/envs/aps/lib/python3.10/site-packages/django/template/base.py", line 504, in parse
    self.invalid_block_tag(token, command, parse_until)
  File "/opt/anaconda3/envs/aps/lib/python3.10/site-packages/django/template/base.py", line 555, in invalid_block_tag
    raise self.error(
django.template.exceptions.TemplateSyntaxError: Invalid block tag on line 142: 'render_field', expected 'endblock'. Did you forget to register or load this tag?
[2025-09-17 10:03:55] ERROR - django.server - log_message:212 - "GET /support/create/ HTTP/1.1" 500 268765
[2025-09-17 10:03:56] ERROR - django.request - log_response:241 - Internal Server Error: /support/create/
Traceback (most recent call last):
  File "/opt/anaconda3/envs/aps/lib/python3.10/site-packages/django/template/base.py", line 502, in parse
    compile_func = self.tags[command]
KeyError: 'render_field'

During handling of the above exception, another exception occurred:

Traceback (most recent call last):
  File "/opt/anaconda3/envs/aps/lib/python3.10/site-packages/django/core/handlers/exception.py", line 55, in inner
    response = get_response(request)
  File "/opt/anaconda3/envs/aps/lib/python3.10/site-packages/django/core/handlers/base.py", line 220, in _get_response
    response = response.render()
  File "/opt/anaconda3/envs/aps/lib/python3.10/site-packages/django/template/response.py", line 114, in render
    self.content = self.rendered_content
  File "/opt/anaconda3/envs/aps/lib/python3.10/site-packages/django/template/response.py", line 90, in rendered_content
    template = self.resolve_template(self.template_name)
  File "/opt/anaconda3/envs/aps/lib/python3.10/site-packages/django/template/response.py", line 72, in resolve_template
    return select_template(template, using=self.using)
  File "/opt/anaconda3/envs/aps/lib/python3.10/site-packages/django/template/loader.py", line 42, in select_template
    return engine.get_template(template_name)
  File "/opt/anaconda3/envs/aps/lib/python3.10/site-packages/django/template/backends/django.py", line 33, in get_template
    return Template(self.engine.get_template(template_name), self)
  File "/opt/anaconda3/envs/aps/lib/python3.10/site-packages/django/template/engine.py", line 177, in get_template
    template, origin = self.find_template(template_name)
  File "/opt/anaconda3/envs/aps/lib/python3.10/site-packages/django/template/engine.py", line 159, in find_template
    template = loader.get_template(name, skip=skip)
  File "/opt/anaconda3/envs/aps/lib/python3.10/site-packages/django/template/loaders/cached.py", line 57, in get_template
    template = super().get_template(template_name, skip)
  File "/opt/anaconda3/envs/aps/lib/python3.10/site-packages/django/template/loaders/base.py", line 28, in get_template
    return Template(
  File "/opt/anaconda3/envs/aps/lib/python3.10/site-packages/django/template/base.py", line 154, in __init__
    self.nodelist = self.compile_nodelist()
  File "/opt/anaconda3/envs/aps/lib/python3.10/site-packages/django/template/base.py", line 196, in compile_nodelist
    return parser.parse()
  File "/opt/anaconda3/envs/aps/lib/python3.10/site-packages/django/template/base.py", line 510, in parse
    raise self.error(token, e)
  File "/opt/anaconda3/envs/aps/lib/python3.10/site-packages/django/template/base.py", line 508, in parse
    compiled_result = compile_func(self, token)
  File "/opt/anaconda3/envs/aps/lib/python3.10/site-packages/django/template/loader_tags.py", line 295, in do_extends
    nodelist = parser.parse()
  File "/opt/anaconda3/envs/aps/lib/python3.10/site-packages/django/template/base.py", line 510, in parse
    raise self.error(token, e)
  File "/opt/anaconda3/envs/aps/lib/python3.10/site-packages/django/template/base.py", line 508, in parse
    compiled_result = compile_func(self, token)
  File "/opt/anaconda3/envs/aps/lib/python3.10/site-packages/django/template/loader_tags.py", line 234, in do_block
    nodelist = parser.parse(("endblock",))
  File "/opt/anaconda3/envs/aps/lib/python3.10/site-packages/django/template/base.py", line 504, in parse
    self.invalid_block_tag(token, command, parse_until)
  File "/opt/anaconda3/envs/aps/lib/python3.10/site-packages/django/template/base.py", line 555, in invalid_block_tag
    raise self.error(
django.template.exceptions.TemplateSyntaxError: Invalid block tag on line 142: 'render_field', expected 'endblock'. Did you forget to register or load this tag?
[2025-09-17 10:03:56] ERROR - django.server - log_message:212 - "GET /support/create/ HTTP/1.1" 500 268765
[2025-09-17 10:04:11] ERROR - django.request - log_response:241 - Internal Server Error: /support/create/
Traceback (most recent call last):
  File "/opt/anaconda3/envs/aps/lib/python3.10/site-packages/django/template/base.py", line 502, in parse
    compile_func = self.tags[command]
KeyError: 'render_field'

During handling of the above exception, another exception occurred:

Traceback (most recent call last):
  File "/opt/anaconda3/envs/aps/lib/python3.10/site-packages/django/core/handlers/exception.py", line 55, in inner
    response = get_response(request)
  File "/opt/anaconda3/envs/aps/lib/python3.10/site-packages/django/core/handlers/base.py", line 220, in _get_response
    response = response.render()
  File "/opt/anaconda3/envs/aps/lib/python3.10/site-packages/django/template/response.py", line 114, in render
    self.content = self.rendered_content
  File "/opt/anaconda3/envs/aps/lib/python3.10/site-packages/django/template/response.py", line 90, in rendered_content
    template = self.resolve_template(self.template_name)
  File "/opt/anaconda3/envs/aps/lib/python3.10/site-packages/django/template/response.py", line 72, in resolve_template
    return select_template(template, using=self.using)
  File "/opt/anaconda3/envs/aps/lib/python3.10/site-packages/django/template/loader.py", line 42, in select_template
    return engine.get_template(template_name)
  File "/opt/anaconda3/envs/aps/lib/python3.10/site-packages/django/template/backends/django.py", line 33, in get_template
    return Template(self.engine.get_template(template_name), self)
  File "/opt/anaconda3/envs/aps/lib/python3.10/site-packages/django/template/engine.py", line 177, in get_template
    template, origin = self.find_template(template_name)
  File "/opt/anaconda3/envs/aps/lib/python3.10/site-packages/django/template/engine.py", line 159, in find_template
    template = loader.get_template(name, skip=skip)
  File "/opt/anaconda3/envs/aps/lib/python3.10/site-packages/django/template/loaders/cached.py", line 57, in get_template
    template = super().get_template(template_name, skip)
  File "/opt/anaconda3/envs/aps/lib/python3.10/site-packages/django/template/loaders/base.py", line 28, in get_template
    return Template(
  File "/opt/anaconda3/envs/aps/lib/python3.10/site-packages/django/template/base.py", line 154, in __init__
    self.nodelist = self.compile_nodelist()
  File "/opt/anaconda3/envs/aps/lib/python3.10/site-packages/django/template/base.py", line 196, in compile_nodelist
    return parser.parse()
  File "/opt/anaconda3/envs/aps/lib/python3.10/site-packages/django/template/base.py", line 510, in parse
    raise self.error(token, e)
  File "/opt/anaconda3/envs/aps/lib/python3.10/site-packages/django/template/base.py", line 508, in parse
    compiled_result = compile_func(self, token)
  File "/opt/anaconda3/envs/aps/lib/python3.10/site-packages/django/template/loader_tags.py", line 295, in do_extends
    nodelist = parser.parse()
  File "/opt/anaconda3/envs/aps/lib/python3.10/site-packages/django/template/base.py", line 510, in parse
    raise self.error(token, e)
  File "/opt/anaconda3/envs/aps/lib/python3.10/site-packages/django/template/base.py", line 508, in parse
    compiled_result = compile_func(self, token)
  File "/opt/anaconda3/envs/aps/lib/python3.10/site-packages/django/template/loader_tags.py", line 234, in do_block
    nodelist = parser.parse(("endblock",))
  File "/opt/anaconda3/envs/aps/lib/python3.10/site-packages/django/template/base.py", line 504, in parse
    self.invalid_block_tag(token, command, parse_until)
  File "/opt/anaconda3/envs/aps/lib/python3.10/site-packages/django/template/base.py", line 555, in invalid_block_tag
    raise self.error(
django.template.exceptions.TemplateSyntaxError: Invalid block tag on line 142: 'render_field', expected 'endblock'. Did you forget to register or load this tag?
[2025-09-17 10:04:11] ERROR - django.server - log_message:212 - "GET /support/create/ HTTP/1.1" 500 268902
[2025-09-17 10:04:19] ERROR - django.request - log_response:241 - Internal Server Error: /support/create/
Traceback (most recent call last):
  File "/opt/anaconda3/envs/aps/lib/python3.10/site-packages/django/template/base.py", line 502, in parse
    compile_func = self.tags[command]
KeyError: 'render_field'

During handling of the above exception, another exception occurred:

Traceback (most recent call last):
  File "/opt/anaconda3/envs/aps/lib/python3.10/site-packages/django/core/handlers/exception.py", line 55, in inner
    response = get_response(request)
  File "/opt/anaconda3/envs/aps/lib/python3.10/site-packages/django/core/handlers/base.py", line 220, in _get_response
    response = response.render()
  File "/opt/anaconda3/envs/aps/lib/python3.10/site-packages/django/template/response.py", line 114, in render
    self.content = self.rendered_content
  File "/opt/anaconda3/envs/aps/lib/python3.10/site-packages/django/template/response.py", line 90, in rendered_content
    template = self.resolve_template(self.template_name)
  File "/opt/anaconda3/envs/aps/lib/python3.10/site-packages/django/template/response.py", line 72, in resolve_template
    return select_template(template, using=self.using)
  File "/opt/anaconda3/envs/aps/lib/python3.10/site-packages/django/template/loader.py", line 42, in select_template
    return engine.get_template(template_name)
  File "/opt/anaconda3/envs/aps/lib/python3.10/site-packages/django/template/backends/django.py", line 33, in get_template
    return Template(self.engine.get_template(template_name), self)
  File "/opt/anaconda3/envs/aps/lib/python3.10/site-packages/django/template/engine.py", line 177, in get_template
    template, origin = self.find_template(template_name)
  File "/opt/anaconda3/envs/aps/lib/python3.10/site-packages/django/template/engine.py", line 159, in find_template
    template = loader.get_template(name, skip=skip)
  File "/opt/anaconda3/envs/aps/lib/python3.10/site-packages/django/template/loaders/cached.py", line 57, in get_template
    template = super().get_template(template_name, skip)
  File "/opt/anaconda3/envs/aps/lib/python3.10/site-packages/django/template/loaders/base.py", line 28, in get_template
    return Template(
  File "/opt/anaconda3/envs/aps/lib/python3.10/site-packages/django/template/base.py", line 154, in __init__
    self.nodelist = self.compile_nodelist()
  File "/opt/anaconda3/envs/aps/lib/python3.10/site-packages/django/template/base.py", line 196, in compile_nodelist
    return parser.parse()
  File "/opt/anaconda3/envs/aps/lib/python3.10/site-packages/django/template/base.py", line 510, in parse
    raise self.error(token, e)
  File "/opt/anaconda3/envs/aps/lib/python3.10/site-packages/django/template/base.py", line 508, in parse
    compiled_result = compile_func(self, token)
  File "/opt/anaconda3/envs/aps/lib/python3.10/site-packages/django/template/loader_tags.py", line 295, in do_extends
    nodelist = parser.parse()
  File "/opt/anaconda3/envs/aps/lib/python3.10/site-packages/django/template/base.py", line 510, in parse
    raise self.error(token, e)
  File "/opt/anaconda3/envs/aps/lib/python3.10/site-packages/django/template/base.py", line 508, in parse
    compiled_result = compile_func(self, token)
  File "/opt/anaconda3/envs/aps/lib/python3.10/site-packages/django/template/loader_tags.py", line 234, in do_block
    nodelist = parser.parse(("endblock",))
  File "/opt/anaconda3/envs/aps/lib/python3.10/site-packages/django/template/base.py", line 504, in parse
    self.invalid_block_tag(token, command, parse_until)
  File "/opt/anaconda3/envs/aps/lib/python3.10/site-packages/django/template/base.py", line 555, in invalid_block_tag
    raise self.error(
django.template.exceptions.TemplateSyntaxError: Invalid block tag on line 142: 'render_field', expected 'endblock'. Did you forget to register or load this tag?
[2025-09-17 10:04:19] ERROR - django.server - log_message:212 - "GET /support/create/ HTTP/1.1" 500 268765
[2025-09-17 10:04:20] ERROR - django.request - log_response:241 - Internal Server Error: /support/create/
Traceback (most recent call last):
  File "/opt/anaconda3/envs/aps/lib/python3.10/site-packages/django/template/base.py", line 502, in parse
    compile_func = self.tags[command]
KeyError: 'render_field'

During handling of the above exception, another exception occurred:

Traceback (most recent call last):
  File "/opt/anaconda3/envs/aps/lib/python3.10/site-packages/django/core/handlers/exception.py", line 55, in inner
    response = get_response(request)
  File "/opt/anaconda3/envs/aps/lib/python3.10/site-packages/django/core/handlers/base.py", line 220, in _get_response
    response = response.render()
  File "/opt/anaconda3/envs/aps/lib/python3.10/site-packages/django/template/response.py", line 114, in render
    self.content = self.rendered_content
  File "/opt/anaconda3/envs/aps/lib/python3.10/site-packages/django/template/response.py", line 90, in rendered_content
    template = self.resolve_template(self.template_name)
  File "/opt/anaconda3/envs/aps/lib/python3.10/site-packages/django/template/response.py", line 72, in resolve_template
    return select_template(template, using=self.using)
  File "/opt/anaconda3/envs/aps/lib/python3.10/site-packages/django/template/loader.py", line 42, in select_template
    return engine.get_template(template_name)
  File "/opt/anaconda3/envs/aps/lib/python3.10/site-packages/django/template/backends/django.py", line 33, in get_template
    return Template(self.engine.get_template(template_name), self)
  File "/opt/anaconda3/envs/aps/lib/python3.10/site-packages/django/template/engine.py", line 177, in get_template
    template, origin = self.find_template(template_name)
  File "/opt/anaconda3/envs/aps/lib/python3.10/site-packages/django/template/engine.py", line 159, in find_template
    template = loader.get_template(name, skip=skip)
  File "/opt/anaconda3/envs/aps/lib/python3.10/site-packages/django/template/loaders/cached.py", line 57, in get_template
    template = super().get_template(template_name, skip)
  File "/opt/anaconda3/envs/aps/lib/python3.10/site-packages/django/template/loaders/base.py", line 28, in get_template
    return Template(
  File "/opt/anaconda3/envs/aps/lib/python3.10/site-packages/django/template/base.py", line 154, in __init__
    self.nodelist = self.compile_nodelist()
  File "/opt/anaconda3/envs/aps/lib/python3.10/site-packages/django/template/base.py", line 196, in compile_nodelist
    return parser.parse()
  File "/opt/anaconda3/envs/aps/lib/python3.10/site-packages/django/template/base.py", line 510, in parse
    raise self.error(token, e)
  File "/opt/anaconda3/envs/aps/lib/python3.10/site-packages/django/template/base.py", line 508, in parse
    compiled_result = compile_func(self, token)
  File "/opt/anaconda3/envs/aps/lib/python3.10/site-packages/django/template/loader_tags.py", line 295, in do_extends
    nodelist = parser.parse()
  File "/opt/anaconda3/envs/aps/lib/python3.10/site-packages/django/template/base.py", line 510, in parse
    raise self.error(token, e)
  File "/opt/anaconda3/envs/aps/lib/python3.10/site-packages/django/template/base.py", line 508, in parse
    compiled_result = compile_func(self, token)
  File "/opt/anaconda3/envs/aps/lib/python3.10/site-packages/django/template/loader_tags.py", line 234, in do_block
    nodelist = parser.parse(("endblock",))
  File "/opt/anaconda3/envs/aps/lib/python3.10/site-packages/django/template/base.py", line 504, in parse
    self.invalid_block_tag(token, command, parse_until)
  File "/opt/anaconda3/envs/aps/lib/python3.10/site-packages/django/template/base.py", line 555, in invalid_block_tag
    raise self.error(
django.template.exceptions.TemplateSyntaxError: Invalid block tag on line 142: 'render_field', expected 'endblock'. Did you forget to register or load this tag?
[2025-09-17 10:04:20] ERROR - django.server - log_message:212 - "GET /support/create/ HTTP/1.1" 500 268765
[2025-09-17 10:05:26] ERROR - django.request - log_response:241 - Internal Server Error: /support/create/
Traceback (most recent call last):
  File "/opt/anaconda3/envs/aps/lib/python3.10/site-packages/django/template/base.py", line 502, in parse
    compile_func = self.tags[command]
KeyError: 'render_field'

During handling of the above exception, another exception occurred:

Traceback (most recent call last):
  File "/opt/anaconda3/envs/aps/lib/python3.10/site-packages/django/core/handlers/exception.py", line 55, in inner
    response = get_response(request)
  File "/opt/anaconda3/envs/aps/lib/python3.10/site-packages/django/core/handlers/base.py", line 220, in _get_response
    response = response.render()
  File "/opt/anaconda3/envs/aps/lib/python3.10/site-packages/django/template/response.py", line 114, in render
    self.content = self.rendered_content
  File "/opt/anaconda3/envs/aps/lib/python3.10/site-packages/django/template/response.py", line 90, in rendered_content
    template = self.resolve_template(self.template_name)
  File "/opt/anaconda3/envs/aps/lib/python3.10/site-packages/django/template/response.py", line 72, in resolve_template
    return select_template(template, using=self.using)
  File "/opt/anaconda3/envs/aps/lib/python3.10/site-packages/django/template/loader.py", line 42, in select_template
    return engine.get_template(template_name)
  File "/opt/anaconda3/envs/aps/lib/python3.10/site-packages/django/template/backends/django.py", line 33, in get_template
    return Template(self.engine.get_template(template_name), self)
  File "/opt/anaconda3/envs/aps/lib/python3.10/site-packages/django/template/engine.py", line 177, in get_template
    template, origin = self.find_template(template_name)
  File "/opt/anaconda3/envs/aps/lib/python3.10/site-packages/django/template/engine.py", line 159, in find_template
    template = loader.get_template(name, skip=skip)
  File "/opt/anaconda3/envs/aps/lib/python3.10/site-packages/django/template/loaders/cached.py", line 57, in get_template
    template = super().get_template(template_name, skip)
  File "/opt/anaconda3/envs/aps/lib/python3.10/site-packages/django/template/loaders/base.py", line 28, in get_template
    return Template(
  File "/opt/anaconda3/envs/aps/lib/python3.10/site-packages/django/template/base.py", line 154, in __init__
    self.nodelist = self.compile_nodelist()
  File "/opt/anaconda3/envs/aps/lib/python3.10/site-packages/django/template/base.py", line 196, in compile_nodelist
    return parser.parse()
  File "/opt/anaconda3/envs/aps/lib/python3.10/site-packages/django/template/base.py", line 510, in parse
    raise self.error(token, e)
  File "/opt/anaconda3/envs/aps/lib/python3.10/site-packages/django/template/base.py", line 508, in parse
    compiled_result = compile_func(self, token)
  File "/opt/anaconda3/envs/aps/lib/python3.10/site-packages/django/template/loader_tags.py", line 295, in do_extends
    nodelist = parser.parse()
  File "/opt/anaconda3/envs/aps/lib/python3.10/site-packages/django/template/base.py", line 510, in parse
    raise self.error(token, e)
  File "/opt/anaconda3/envs/aps/lib/python3.10/site-packages/django/template/base.py", line 508, in parse
    compiled_result = compile_func(self, token)
  File "/opt/anaconda3/envs/aps/lib/python3.10/site-packages/django/template/loader_tags.py", line 234, in do_block
    nodelist = parser.parse(("endblock",))
  File "/opt/anaconda3/envs/aps/lib/python3.10/site-packages/django/template/base.py", line 504, in parse
    self.invalid_block_tag(token, command, parse_until)
  File "/opt/anaconda3/envs/aps/lib/python3.10/site-packages/django/template/base.py", line 555, in invalid_block_tag
    raise self.error(
django.template.exceptions.TemplateSyntaxError: Invalid block tag on line 162: 'render_field', expected 'endblock'. Did you forget to register or load this tag?
[2025-09-17 10:05:26] ERROR - django.server - log_message:212 - "GET /support/create/ HTTP/1.1" 500 248583
[2025-09-17 10:05:27] ERROR - django.request - log_response:241 - Internal Server Error: /support/create/
Traceback (most recent call last):
  File "/opt/anaconda3/envs/aps/lib/python3.10/site-packages/django/template/base.py", line 502, in parse
    compile_func = self.tags[command]
KeyError: 'render_field'

During handling of the above exception, another exception occurred:

Traceback (most recent call last):
  File "/opt/anaconda3/envs/aps/lib/python3.10/site-packages/django/core/handlers/exception.py", line 55, in inner
    response = get_response(request)
  File "/opt/anaconda3/envs/aps/lib/python3.10/site-packages/django/core/handlers/base.py", line 220, in _get_response
    response = response.render()
  File "/opt/anaconda3/envs/aps/lib/python3.10/site-packages/django/template/response.py", line 114, in render
    self.content = self.rendered_content
  File "/opt/anaconda3/envs/aps/lib/python3.10/site-packages/django/template/response.py", line 90, in rendered_content
    template = self.resolve_template(self.template_name)
  File "/opt/anaconda3/envs/aps/lib/python3.10/site-packages/django/template/response.py", line 72, in resolve_template
    return select_template(template, using=self.using)
  File "/opt/anaconda3/envs/aps/lib/python3.10/site-packages/django/template/loader.py", line 42, in select_template
    return engine.get_template(template_name)
  File "/opt/anaconda3/envs/aps/lib/python3.10/site-packages/django/template/backends/django.py", line 33, in get_template
    return Template(self.engine.get_template(template_name), self)
  File "/opt/anaconda3/envs/aps/lib/python3.10/site-packages/django/template/engine.py", line 177, in get_template
    template, origin = self.find_template(template_name)
  File "/opt/anaconda3/envs/aps/lib/python3.10/site-packages/django/template/engine.py", line 159, in find_template
    template = loader.get_template(name, skip=skip)
  File "/opt/anaconda3/envs/aps/lib/python3.10/site-packages/django/template/loaders/cached.py", line 57, in get_template
    template = super().get_template(template_name, skip)
  File "/opt/anaconda3/envs/aps/lib/python3.10/site-packages/django/template/loaders/base.py", line 28, in get_template
    return Template(
  File "/opt/anaconda3/envs/aps/lib/python3.10/site-packages/django/template/base.py", line 154, in __init__
    self.nodelist = self.compile_nodelist()
  File "/opt/anaconda3/envs/aps/lib/python3.10/site-packages/django/template/base.py", line 196, in compile_nodelist
    return parser.parse()
  File "/opt/anaconda3/envs/aps/lib/python3.10/site-packages/django/template/base.py", line 510, in parse
    raise self.error(token, e)
  File "/opt/anaconda3/envs/aps/lib/python3.10/site-packages/django/template/base.py", line 508, in parse
    compiled_result = compile_func(self, token)
  File "/opt/anaconda3/envs/aps/lib/python3.10/site-packages/django/template/loader_tags.py", line 295, in do_extends
    nodelist = parser.parse()
  File "/opt/anaconda3/envs/aps/lib/python3.10/site-packages/django/template/base.py", line 510, in parse
    raise self.error(token, e)
  File "/opt/anaconda3/envs/aps/lib/python3.10/site-packages/django/template/base.py", line 508, in parse
    compiled_result = compile_func(self, token)
  File "/opt/anaconda3/envs/aps/lib/python3.10/site-packages/django/template/loader_tags.py", line 234, in do_block
    nodelist = parser.parse(("endblock",))
  File "/opt/anaconda3/envs/aps/lib/python3.10/site-packages/django/template/base.py", line 504, in parse
    self.invalid_block_tag(token, command, parse_until)
  File "/opt/anaconda3/envs/aps/lib/python3.10/site-packages/django/template/base.py", line 555, in invalid_block_tag
    raise self.error(
django.template.exceptions.TemplateSyntaxError: Invalid block tag on line 162: 'render_field', expected 'endblock'. Did you forget to register or load this tag?
[2025-09-17 10:05:27] ERROR - django.server - log_message:212 - "GET /support/create/ HTTP/1.1" 500 248583
[2025-09-17 10:05:42] ERROR - django.request - log_response:241 - Internal Server Error: /support/create/
Traceback (most recent call last):
  File "/opt/anaconda3/envs/aps/lib/python3.10/site-packages/django/template/base.py", line 502, in parse
    compile_func = self.tags[command]
KeyError: 'render_field'

During handling of the above exception, another exception occurred:

Traceback (most recent call last):
  File "/opt/anaconda3/envs/aps/lib/python3.10/site-packages/django/core/handlers/exception.py", line 55, in inner
    response = get_response(request)
  File "/opt/anaconda3/envs/aps/lib/python3.10/site-packages/django/core/handlers/base.py", line 220, in _get_response
    response = response.render()
  File "/opt/anaconda3/envs/aps/lib/python3.10/site-packages/django/template/response.py", line 114, in render
    self.content = self.rendered_content
  File "/opt/anaconda3/envs/aps/lib/python3.10/site-packages/django/template/response.py", line 90, in rendered_content
    template = self.resolve_template(self.template_name)
  File "/opt/anaconda3/envs/aps/lib/python3.10/site-packages/django/template/response.py", line 72, in resolve_template
    return select_template(template, using=self.using)
  File "/opt/anaconda3/envs/aps/lib/python3.10/site-packages/django/template/loader.py", line 42, in select_template
    return engine.get_template(template_name)
  File "/opt/anaconda3/envs/aps/lib/python3.10/site-packages/django/template/backends/django.py", line 33, in get_template
    return Template(self.engine.get_template(template_name), self)
  File "/opt/anaconda3/envs/aps/lib/python3.10/site-packages/django/template/engine.py", line 177, in get_template
    template, origin = self.find_template(template_name)
  File "/opt/anaconda3/envs/aps/lib/python3.10/site-packages/django/template/engine.py", line 159, in find_template
    template = loader.get_template(name, skip=skip)
  File "/opt/anaconda3/envs/aps/lib/python3.10/site-packages/django/template/loaders/cached.py", line 57, in get_template
    template = super().get_template(template_name, skip)
  File "/opt/anaconda3/envs/aps/lib/python3.10/site-packages/django/template/loaders/base.py", line 28, in get_template
    return Template(
  File "/opt/anaconda3/envs/aps/lib/python3.10/site-packages/django/template/base.py", line 154, in __init__
    self.nodelist = self.compile_nodelist()
  File "/opt/anaconda3/envs/aps/lib/python3.10/site-packages/django/template/base.py", line 196, in compile_nodelist
    return parser.parse()
  File "/opt/anaconda3/envs/aps/lib/python3.10/site-packages/django/template/base.py", line 510, in parse
    raise self.error(token, e)
  File "/opt/anaconda3/envs/aps/lib/python3.10/site-packages/django/template/base.py", line 508, in parse
    compiled_result = compile_func(self, token)
  File "/opt/anaconda3/envs/aps/lib/python3.10/site-packages/django/template/loader_tags.py", line 295, in do_extends
    nodelist = parser.parse()
  File "/opt/anaconda3/envs/aps/lib/python3.10/site-packages/django/template/base.py", line 510, in parse
    raise self.error(token, e)
  File "/opt/anaconda3/envs/aps/lib/python3.10/site-packages/django/template/base.py", line 508, in parse
    compiled_result = compile_func(self, token)
  File "/opt/anaconda3/envs/aps/lib/python3.10/site-packages/django/template/loader_tags.py", line 234, in do_block
    nodelist = parser.parse(("endblock",))
  File "/opt/anaconda3/envs/aps/lib/python3.10/site-packages/django/template/base.py", line 504, in parse
    self.invalid_block_tag(token, command, parse_until)
  File "/opt/anaconda3/envs/aps/lib/python3.10/site-packages/django/template/base.py", line 555, in invalid_block_tag
    raise self.error(
django.template.exceptions.TemplateSyntaxError: Invalid block tag on line 172: 'render_field', expected 'endblock'. Did you forget to register or load this tag?
[2025-09-17 10:05:42] ERROR - django.server - log_message:212 - "GET /support/create/ HTTP/1.1" 500 241671
[2025-09-17 10:05:56] ERROR - django.request - log_response:241 - Internal Server Error: /support/create/
Traceback (most recent call last):
  File "/opt/anaconda3/envs/aps/lib/python3.10/site-packages/django/template/base.py", line 502, in parse
    compile_func = self.tags[command]
KeyError: 'render_field'

During handling of the above exception, another exception occurred:

Traceback (most recent call last):
  File "/opt/anaconda3/envs/aps/lib/python3.10/site-packages/django/core/handlers/exception.py", line 55, in inner
    response = get_response(request)
  File "/opt/anaconda3/envs/aps/lib/python3.10/site-packages/django/core/handlers/base.py", line 220, in _get_response
    response = response.render()
  File "/opt/anaconda3/envs/aps/lib/python3.10/site-packages/django/template/response.py", line 114, in render
    self.content = self.rendered_content
  File "/opt/anaconda3/envs/aps/lib/python3.10/site-packages/django/template/response.py", line 90, in rendered_content
    template = self.resolve_template(self.template_name)
  File "/opt/anaconda3/envs/aps/lib/python3.10/site-packages/django/template/response.py", line 72, in resolve_template
    return select_template(template, using=self.using)
  File "/opt/anaconda3/envs/aps/lib/python3.10/site-packages/django/template/loader.py", line 42, in select_template
    return engine.get_template(template_name)
  File "/opt/anaconda3/envs/aps/lib/python3.10/site-packages/django/template/backends/django.py", line 33, in get_template
    return Template(self.engine.get_template(template_name), self)
  File "/opt/anaconda3/envs/aps/lib/python3.10/site-packages/django/template/engine.py", line 177, in get_template
    template, origin = self.find_template(template_name)
  File "/opt/anaconda3/envs/aps/lib/python3.10/site-packages/django/template/engine.py", line 159, in find_template
    template = loader.get_template(name, skip=skip)
  File "/opt/anaconda3/envs/aps/lib/python3.10/site-packages/django/template/loaders/cached.py", line 57, in get_template
    template = super().get_template(template_name, skip)
  File "/opt/anaconda3/envs/aps/lib/python3.10/site-packages/django/template/loaders/base.py", line 28, in get_template
    return Template(
  File "/opt/anaconda3/envs/aps/lib/python3.10/site-packages/django/template/base.py", line 154, in __init__
    self.nodelist = self.compile_nodelist()
  File "/opt/anaconda3/envs/aps/lib/python3.10/site-packages/django/template/base.py", line 196, in compile_nodelist
    return parser.parse()
  File "/opt/anaconda3/envs/aps/lib/python3.10/site-packages/django/template/base.py", line 510, in parse
    raise self.error(token, e)
  File "/opt/anaconda3/envs/aps/lib/python3.10/site-packages/django/template/base.py", line 508, in parse
    compiled_result = compile_func(self, token)
  File "/opt/anaconda3/envs/aps/lib/python3.10/site-packages/django/template/loader_tags.py", line 295, in do_extends
    nodelist = parser.parse()
  File "/opt/anaconda3/envs/aps/lib/python3.10/site-packages/django/template/base.py", line 510, in parse
    raise self.error(token, e)
  File "/opt/anaconda3/envs/aps/lib/python3.10/site-packages/django/template/base.py", line 508, in parse
    compiled_result = compile_func(self, token)
  File "/opt/anaconda3/envs/aps/lib/python3.10/site-packages/django/template/loader_tags.py", line 234, in do_block
    nodelist = parser.parse(("endblock",))
  File "/opt/anaconda3/envs/aps/lib/python3.10/site-packages/django/template/base.py", line 504, in parse
    self.invalid_block_tag(token, command, parse_until)
  File "/opt/anaconda3/envs/aps/lib/python3.10/site-packages/django/template/base.py", line 555, in invalid_block_tag
    raise self.error(
django.template.exceptions.TemplateSyntaxError: Invalid block tag on line 202: 'render_field', expected 'endblock'. Did you forget to register or load this tag?
[2025-09-17 10:05:56] ERROR - django.server - log_message:212 - "GET /support/create/ HTTP/1.1" 500 234541
[2025-09-17 10:05:57] ERROR - django.request - log_response:241 - Internal Server Error: /support/create/
Traceback (most recent call last):
  File "/opt/anaconda3/envs/aps/lib/python3.10/site-packages/django/template/base.py", line 502, in parse
    compile_func = self.tags[command]
KeyError: 'render_field'

During handling of the above exception, another exception occurred:

Traceback (most recent call last):
  File "/opt/anaconda3/envs/aps/lib/python3.10/site-packages/django/core/handlers/exception.py", line 55, in inner
    response = get_response(request)
  File "/opt/anaconda3/envs/aps/lib/python3.10/site-packages/django/core/handlers/base.py", line 220, in _get_response
    response = response.render()
  File "/opt/anaconda3/envs/aps/lib/python3.10/site-packages/django/template/response.py", line 114, in render
    self.content = self.rendered_content
  File "/opt/anaconda3/envs/aps/lib/python3.10/site-packages/django/template/response.py", line 90, in rendered_content
    template = self.resolve_template(self.template_name)
  File "/opt/anaconda3/envs/aps/lib/python3.10/site-packages/django/template/response.py", line 72, in resolve_template
    return select_template(template, using=self.using)
  File "/opt/anaconda3/envs/aps/lib/python3.10/site-packages/django/template/loader.py", line 42, in select_template
    return engine.get_template(template_name)
  File "/opt/anaconda3/envs/aps/lib/python3.10/site-packages/django/template/backends/django.py", line 33, in get_template
    return Template(self.engine.get_template(template_name), self)
  File "/opt/anaconda3/envs/aps/lib/python3.10/site-packages/django/template/engine.py", line 177, in get_template
    template, origin = self.find_template(template_name)
  File "/opt/anaconda3/envs/aps/lib/python3.10/site-packages/django/template/engine.py", line 159, in find_template
    template = loader.get_template(name, skip=skip)
  File "/opt/anaconda3/envs/aps/lib/python3.10/site-packages/django/template/loaders/cached.py", line 57, in get_template
    template = super().get_template(template_name, skip)
  File "/opt/anaconda3/envs/aps/lib/python3.10/site-packages/django/template/loaders/base.py", line 28, in get_template
    return Template(
  File "/opt/anaconda3/envs/aps/lib/python3.10/site-packages/django/template/base.py", line 154, in __init__
    self.nodelist = self.compile_nodelist()
  File "/opt/anaconda3/envs/aps/lib/python3.10/site-packages/django/template/base.py", line 196, in compile_nodelist
    return parser.parse()
  File "/opt/anaconda3/envs/aps/lib/python3.10/site-packages/django/template/base.py", line 510, in parse
    raise self.error(token, e)
  File "/opt/anaconda3/envs/aps/lib/python3.10/site-packages/django/template/base.py", line 508, in parse
    compiled_result = compile_func(self, token)
  File "/opt/anaconda3/envs/aps/lib/python3.10/site-packages/django/template/loader_tags.py", line 295, in do_extends
    nodelist = parser.parse()
  File "/opt/anaconda3/envs/aps/lib/python3.10/site-packages/django/template/base.py", line 510, in parse
    raise self.error(token, e)
  File "/opt/anaconda3/envs/aps/lib/python3.10/site-packages/django/template/base.py", line 508, in parse
    compiled_result = compile_func(self, token)
  File "/opt/anaconda3/envs/aps/lib/python3.10/site-packages/django/template/loader_tags.py", line 234, in do_block
    nodelist = parser.parse(("endblock",))
  File "/opt/anaconda3/envs/aps/lib/python3.10/site-packages/django/template/base.py", line 504, in parse
    self.invalid_block_tag(token, command, parse_until)
  File "/opt/anaconda3/envs/aps/lib/python3.10/site-packages/django/template/base.py", line 555, in invalid_block_tag
    raise self.error(
django.template.exceptions.TemplateSyntaxError: Invalid block tag on line 202: 'render_field', expected 'endblock'. Did you forget to register or load this tag?
[2025-09-17 10:05:57] ERROR - django.server - log_message:212 - "GET /support/create/ HTTP/1.1" 500 234541
[2025-09-17 10:07:14] ERROR - django.request - log_response:241 - Internal Server Error: /support/create/
Traceback (most recent call last):
  File "/opt/anaconda3/envs/aps/lib/python3.10/site-packages/django/template/base.py", line 502, in parse
    compile_func = self.tags[command]
KeyError: 'render_field'

During handling of the above exception, another exception occurred:

Traceback (most recent call last):
  File "/opt/anaconda3/envs/aps/lib/python3.10/site-packages/django/core/handlers/exception.py", line 55, in inner
    response = get_response(request)
  File "/opt/anaconda3/envs/aps/lib/python3.10/site-packages/django/core/handlers/base.py", line 220, in _get_response
    response = response.render()
  File "/opt/anaconda3/envs/aps/lib/python3.10/site-packages/django/template/response.py", line 114, in render
    self.content = self.rendered_content
  File "/opt/anaconda3/envs/aps/lib/python3.10/site-packages/django/template/response.py", line 90, in rendered_content
    template = self.resolve_template(self.template_name)
  File "/opt/anaconda3/envs/aps/lib/python3.10/site-packages/django/template/response.py", line 72, in resolve_template
    return select_template(template, using=self.using)
  File "/opt/anaconda3/envs/aps/lib/python3.10/site-packages/django/template/loader.py", line 42, in select_template
    return engine.get_template(template_name)
  File "/opt/anaconda3/envs/aps/lib/python3.10/site-packages/django/template/backends/django.py", line 33, in get_template
    return Template(self.engine.get_template(template_name), self)
  File "/opt/anaconda3/envs/aps/lib/python3.10/site-packages/django/template/engine.py", line 177, in get_template
    template, origin = self.find_template(template_name)
  File "/opt/anaconda3/envs/aps/lib/python3.10/site-packages/django/template/engine.py", line 159, in find_template
    template = loader.get_template(name, skip=skip)
  File "/opt/anaconda3/envs/aps/lib/python3.10/site-packages/django/template/loaders/cached.py", line 57, in get_template
    template = super().get_template(template_name, skip)
  File "/opt/anaconda3/envs/aps/lib/python3.10/site-packages/django/template/loaders/base.py", line 28, in get_template
    return Template(
  File "/opt/anaconda3/envs/aps/lib/python3.10/site-packages/django/template/base.py", line 154, in __init__
    self.nodelist = self.compile_nodelist()
  File "/opt/anaconda3/envs/aps/lib/python3.10/site-packages/django/template/base.py", line 196, in compile_nodelist
    return parser.parse()
  File "/opt/anaconda3/envs/aps/lib/python3.10/site-packages/django/template/base.py", line 510, in parse
    raise self.error(token, e)
  File "/opt/anaconda3/envs/aps/lib/python3.10/site-packages/django/template/base.py", line 508, in parse
    compiled_result = compile_func(self, token)
  File "/opt/anaconda3/envs/aps/lib/python3.10/site-packages/django/template/loader_tags.py", line 295, in do_extends
    nodelist = parser.parse()
  File "/opt/anaconda3/envs/aps/lib/python3.10/site-packages/django/template/base.py", line 510, in parse
    raise self.error(token, e)
  File "/opt/anaconda3/envs/aps/lib/python3.10/site-packages/django/template/base.py", line 508, in parse
    compiled_result = compile_func(self, token)
  File "/opt/anaconda3/envs/aps/lib/python3.10/site-packages/django/template/loader_tags.py", line 234, in do_block
    nodelist = parser.parse(("endblock",))
  File "/opt/anaconda3/envs/aps/lib/python3.10/site-packages/django/template/base.py", line 504, in parse
    self.invalid_block_tag(token, command, parse_until)
  File "/opt/anaconda3/envs/aps/lib/python3.10/site-packages/django/template/base.py", line 555, in invalid_block_tag
    raise self.error(
django.template.exceptions.TemplateSyntaxError: Invalid block tag on line 211: 'render_field', expected 'endblock'. Did you forget to register or load this tag?
[2025-09-17 10:07:14] ERROR - django.server - log_message:212 - "GET /support/create/ HTTP/1.1" 500 220232
[2025-09-17 10:07:16] ERROR - django.request - log_response:241 - Internal Server Error: /support/create/
Traceback (most recent call last):
  File "/opt/anaconda3/envs/aps/lib/python3.10/site-packages/django/template/base.py", line 502, in parse
    compile_func = self.tags[command]
KeyError: 'render_field'

During handling of the above exception, another exception occurred:

Traceback (most recent call last):
  File "/opt/anaconda3/envs/aps/lib/python3.10/site-packages/django/core/handlers/exception.py", line 55, in inner
    response = get_response(request)
  File "/opt/anaconda3/envs/aps/lib/python3.10/site-packages/django/core/handlers/base.py", line 220, in _get_response
    response = response.render()
  File "/opt/anaconda3/envs/aps/lib/python3.10/site-packages/django/template/response.py", line 114, in render
    self.content = self.rendered_content
  File "/opt/anaconda3/envs/aps/lib/python3.10/site-packages/django/template/response.py", line 90, in rendered_content
    template = self.resolve_template(self.template_name)
  File "/opt/anaconda3/envs/aps/lib/python3.10/site-packages/django/template/response.py", line 72, in resolve_template
    return select_template(template, using=self.using)
  File "/opt/anaconda3/envs/aps/lib/python3.10/site-packages/django/template/loader.py", line 42, in select_template
    return engine.get_template(template_name)
  File "/opt/anaconda3/envs/aps/lib/python3.10/site-packages/django/template/backends/django.py", line 33, in get_template
    return Template(self.engine.get_template(template_name), self)
  File "/opt/anaconda3/envs/aps/lib/python3.10/site-packages/django/template/engine.py", line 177, in get_template
    template, origin = self.find_template(template_name)
  File "/opt/anaconda3/envs/aps/lib/python3.10/site-packages/django/template/engine.py", line 159, in find_template
    template = loader.get_template(name, skip=skip)
  File "/opt/anaconda3/envs/aps/lib/python3.10/site-packages/django/template/loaders/cached.py", line 57, in get_template
    template = super().get_template(template_name, skip)
  File "/opt/anaconda3/envs/aps/lib/python3.10/site-packages/django/template/loaders/base.py", line 28, in get_template
    return Template(
  File "/opt/anaconda3/envs/aps/lib/python3.10/site-packages/django/template/base.py", line 154, in __init__
    self.nodelist = self.compile_nodelist()
  File "/opt/anaconda3/envs/aps/lib/python3.10/site-packages/django/template/base.py", line 196, in compile_nodelist
    return parser.parse()
  File "/opt/anaconda3/envs/aps/lib/python3.10/site-packages/django/template/base.py", line 510, in parse
    raise self.error(token, e)
  File "/opt/anaconda3/envs/aps/lib/python3.10/site-packages/django/template/base.py", line 508, in parse
    compiled_result = compile_func(self, token)
  File "/opt/anaconda3/envs/aps/lib/python3.10/site-packages/django/template/loader_tags.py", line 295, in do_extends
    nodelist = parser.parse()
  File "/opt/anaconda3/envs/aps/lib/python3.10/site-packages/django/template/base.py", line 510, in parse
    raise self.error(token, e)
  File "/opt/anaconda3/envs/aps/lib/python3.10/site-packages/django/template/base.py", line 508, in parse
    compiled_result = compile_func(self, token)
  File "/opt/anaconda3/envs/aps/lib/python3.10/site-packages/django/template/loader_tags.py", line 234, in do_block
    nodelist = parser.parse(("endblock",))
  File "/opt/anaconda3/envs/aps/lib/python3.10/site-packages/django/template/base.py", line 504, in parse
    self.invalid_block_tag(token, command, parse_until)
  File "/opt/anaconda3/envs/aps/lib/python3.10/site-packages/django/template/base.py", line 555, in invalid_block_tag
    raise self.error(
django.template.exceptions.TemplateSyntaxError: Invalid block tag on line 211: 'render_field', expected 'endblock'. Did you forget to register or load this tag?
[2025-09-17 10:07:16] ERROR - django.server - log_message:212 - "GET /support/create/ HTTP/1.1" 500 220232
[2025-09-17 10:16:40] ERROR - django.request - log_response:241 - Internal Server Error: /support/create/
Traceback (most recent call last):
  File "/opt/anaconda3/envs/aps/lib/python3.10/site-packages/django/template/defaulttags.py", line 1034, in find_library
    return parser.libraries[name]
KeyError: 'widget_tweaks'

During handling of the above exception, another exception occurred:

Traceback (most recent call last):
  File "/opt/anaconda3/envs/aps/lib/python3.10/site-packages/django/core/handlers/exception.py", line 55, in inner
    response = get_response(request)
  File "/opt/anaconda3/envs/aps/lib/python3.10/site-packages/django/core/handlers/base.py", line 220, in _get_response
    response = response.render()
  File "/opt/anaconda3/envs/aps/lib/python3.10/site-packages/django/template/response.py", line 114, in render
    self.content = self.rendered_content
  File "/opt/anaconda3/envs/aps/lib/python3.10/site-packages/django/template/response.py", line 90, in rendered_content
    template = self.resolve_template(self.template_name)
  File "/opt/anaconda3/envs/aps/lib/python3.10/site-packages/django/template/response.py", line 72, in resolve_template
    return select_template(template, using=self.using)
  File "/opt/anaconda3/envs/aps/lib/python3.10/site-packages/django/template/loader.py", line 42, in select_template
    return engine.get_template(template_name)
  File "/opt/anaconda3/envs/aps/lib/python3.10/site-packages/django/template/backends/django.py", line 33, in get_template
    return Template(self.engine.get_template(template_name), self)
  File "/opt/anaconda3/envs/aps/lib/python3.10/site-packages/django/template/engine.py", line 177, in get_template
    template, origin = self.find_template(template_name)
  File "/opt/anaconda3/envs/aps/lib/python3.10/site-packages/django/template/engine.py", line 159, in find_template
    template = loader.get_template(name, skip=skip)
  File "/opt/anaconda3/envs/aps/lib/python3.10/site-packages/django/template/loaders/cached.py", line 57, in get_template
    template = super().get_template(template_name, skip)
  File "/opt/anaconda3/envs/aps/lib/python3.10/site-packages/django/template/loaders/base.py", line 28, in get_template
    return Template(
  File "/opt/anaconda3/envs/aps/lib/python3.10/site-packages/django/template/base.py", line 154, in __init__
    self.nodelist = self.compile_nodelist()
  File "/opt/anaconda3/envs/aps/lib/python3.10/site-packages/django/template/base.py", line 196, in compile_nodelist
    return parser.parse()
  File "/opt/anaconda3/envs/aps/lib/python3.10/site-packages/django/template/base.py", line 510, in parse
    raise self.error(token, e)
  File "/opt/anaconda3/envs/aps/lib/python3.10/site-packages/django/template/base.py", line 508, in parse
    compiled_result = compile_func(self, token)
  File "/opt/anaconda3/envs/aps/lib/python3.10/site-packages/django/template/loader_tags.py", line 295, in do_extends
    nodelist = parser.parse()
  File "/opt/anaconda3/envs/aps/lib/python3.10/site-packages/django/template/base.py", line 510, in parse
    raise self.error(token, e)
  File "/opt/anaconda3/envs/aps/lib/python3.10/site-packages/django/template/base.py", line 508, in parse
    compiled_result = compile_func(self, token)
  File "/opt/anaconda3/envs/aps/lib/python3.10/site-packages/django/template/defaulttags.py", line 1096, in load
    lib = find_library(parser, name)
  File "/opt/anaconda3/envs/aps/lib/python3.10/site-packages/django/template/defaulttags.py", line 1036, in find_library
    raise TemplateSyntaxError(
django.template.exceptions.TemplateSyntaxError: 'widget_tweaks' is not a registered tag library. Must be one of:
admin_list
admin_modify
admin_urls
cache
crispy_forms_field
crispy_forms_filters
crispy_forms_tags
crispy_forms_utils
i18n
l10n
log
mathfilters
rest_framework
sessions_extras
static
tailwind_field
tailwind_filters
tz
[2025-09-17 10:16:40] ERROR - django.server - log_message:212 - "GET /support/create/ HTTP/1.1" 500 221889
[2025-09-17 10:19:28] ERROR - django.request - log_response:241 - Internal Server Error: /support/
Traceback (most recent call last):
  File "/opt/anaconda3/envs/aps/lib/python3.10/site-packages/django/template/base.py", line 502, in parse
    compile_func = self.tags[command]
KeyError: 'endfor'

During handling of the above exception, another exception occurred:

Traceback (most recent call last):
  File "/opt/anaconda3/envs/aps/lib/python3.10/site-packages/django/core/handlers/exception.py", line 55, in inner
    response = get_response(request)
  File "/opt/anaconda3/envs/aps/lib/python3.10/site-packages/django/core/handlers/base.py", line 220, in _get_response
    response = response.render()
  File "/opt/anaconda3/envs/aps/lib/python3.10/site-packages/django/template/response.py", line 114, in render
    self.content = self.rendered_content
  File "/opt/anaconda3/envs/aps/lib/python3.10/site-packages/django/template/response.py", line 90, in rendered_content
    template = self.resolve_template(self.template_name)
  File "/opt/anaconda3/envs/aps/lib/python3.10/site-packages/django/template/response.py", line 72, in resolve_template
    return select_template(template, using=self.using)
  File "/opt/anaconda3/envs/aps/lib/python3.10/site-packages/django/template/loader.py", line 42, in select_template
    return engine.get_template(template_name)
  File "/opt/anaconda3/envs/aps/lib/python3.10/site-packages/django/template/backends/django.py", line 33, in get_template
    return Template(self.engine.get_template(template_name), self)
  File "/opt/anaconda3/envs/aps/lib/python3.10/site-packages/django/template/engine.py", line 177, in get_template
    template, origin = self.find_template(template_name)
  File "/opt/anaconda3/envs/aps/lib/python3.10/site-packages/django/template/engine.py", line 159, in find_template
    template = loader.get_template(name, skip=skip)
  File "/opt/anaconda3/envs/aps/lib/python3.10/site-packages/django/template/loaders/cached.py", line 57, in get_template
    template = super().get_template(template_name, skip)
  File "/opt/anaconda3/envs/aps/lib/python3.10/site-packages/django/template/loaders/base.py", line 28, in get_template
    return Template(
  File "/opt/anaconda3/envs/aps/lib/python3.10/site-packages/django/template/base.py", line 154, in __init__
    self.nodelist = self.compile_nodelist()
  File "/opt/anaconda3/envs/aps/lib/python3.10/site-packages/django/template/base.py", line 196, in compile_nodelist
    return parser.parse()
  File "/opt/anaconda3/envs/aps/lib/python3.10/site-packages/django/template/base.py", line 510, in parse
    raise self.error(token, e)
  File "/opt/anaconda3/envs/aps/lib/python3.10/site-packages/django/template/base.py", line 508, in parse
    compiled_result = compile_func(self, token)
  File "/opt/anaconda3/envs/aps/lib/python3.10/site-packages/django/template/loader_tags.py", line 295, in do_extends
    nodelist = parser.parse()
  File "/opt/anaconda3/envs/aps/lib/python3.10/site-packages/django/template/base.py", line 510, in parse
    raise self.error(token, e)
  File "/opt/anaconda3/envs/aps/lib/python3.10/site-packages/django/template/base.py", line 508, in parse
    compiled_result = compile_func(self, token)
  File "/opt/anaconda3/envs/aps/lib/python3.10/site-packages/django/template/loader_tags.py", line 234, in do_block
    nodelist = parser.parse(("endblock",))
  File "/opt/anaconda3/envs/aps/lib/python3.10/site-packages/django/template/base.py", line 504, in parse
    self.invalid_block_tag(token, command, parse_until)
  File "/opt/anaconda3/envs/aps/lib/python3.10/site-packages/django/template/base.py", line 555, in invalid_block_tag
    raise self.error(
django.template.exceptions.TemplateSyntaxError: Invalid block tag on line 317: 'endfor', expected 'endblock'. Did you forget to register or load this tag?
[2025-09-17 10:19:28] ERROR - django.server - log_message:212 - "GET /support/ HTTP/1.1" 500 273685
[2025-09-17 10:21:11] ERROR - django.request - log_response:241 - Internal Server Error: /support/
Traceback (most recent call last):
  File "/opt/anaconda3/envs/aps/lib/python3.10/site-packages/django/template/base.py", line 502, in parse
    compile_func = self.tags[command]
KeyError: 'endfor'

During handling of the above exception, another exception occurred:

Traceback (most recent call last):
  File "/opt/anaconda3/envs/aps/lib/python3.10/site-packages/django/core/handlers/exception.py", line 55, in inner
    response = get_response(request)
  File "/opt/anaconda3/envs/aps/lib/python3.10/site-packages/django/core/handlers/base.py", line 220, in _get_response
    response = response.render()
  File "/opt/anaconda3/envs/aps/lib/python3.10/site-packages/django/template/response.py", line 114, in render
    self.content = self.rendered_content
  File "/opt/anaconda3/envs/aps/lib/python3.10/site-packages/django/template/response.py", line 90, in rendered_content
    template = self.resolve_template(self.template_name)
  File "/opt/anaconda3/envs/aps/lib/python3.10/site-packages/django/template/response.py", line 72, in resolve_template
    return select_template(template, using=self.using)
  File "/opt/anaconda3/envs/aps/lib/python3.10/site-packages/django/template/loader.py", line 42, in select_template
    return engine.get_template(template_name)
  File "/opt/anaconda3/envs/aps/lib/python3.10/site-packages/django/template/backends/django.py", line 33, in get_template
    return Template(self.engine.get_template(template_name), self)
  File "/opt/anaconda3/envs/aps/lib/python3.10/site-packages/django/template/engine.py", line 177, in get_template
    template, origin = self.find_template(template_name)
  File "/opt/anaconda3/envs/aps/lib/python3.10/site-packages/django/template/engine.py", line 159, in find_template
    template = loader.get_template(name, skip=skip)
  File "/opt/anaconda3/envs/aps/lib/python3.10/site-packages/django/template/loaders/cached.py", line 57, in get_template
    template = super().get_template(template_name, skip)
  File "/opt/anaconda3/envs/aps/lib/python3.10/site-packages/django/template/loaders/base.py", line 28, in get_template
    return Template(
  File "/opt/anaconda3/envs/aps/lib/python3.10/site-packages/django/template/base.py", line 154, in __init__
    self.nodelist = self.compile_nodelist()
  File "/opt/anaconda3/envs/aps/lib/python3.10/site-packages/django/template/base.py", line 196, in compile_nodelist
    return parser.parse()
  File "/opt/anaconda3/envs/aps/lib/python3.10/site-packages/django/template/base.py", line 510, in parse
    raise self.error(token, e)
  File "/opt/anaconda3/envs/aps/lib/python3.10/site-packages/django/template/base.py", line 508, in parse
    compiled_result = compile_func(self, token)
  File "/opt/anaconda3/envs/aps/lib/python3.10/site-packages/django/template/loader_tags.py", line 295, in do_extends
    nodelist = parser.parse()
  File "/opt/anaconda3/envs/aps/lib/python3.10/site-packages/django/template/base.py", line 510, in parse
    raise self.error(token, e)
  File "/opt/anaconda3/envs/aps/lib/python3.10/site-packages/django/template/base.py", line 508, in parse
    compiled_result = compile_func(self, token)
  File "/opt/anaconda3/envs/aps/lib/python3.10/site-packages/django/template/loader_tags.py", line 234, in do_block
    nodelist = parser.parse(("endblock",))
  File "/opt/anaconda3/envs/aps/lib/python3.10/site-packages/django/template/base.py", line 504, in parse
    self.invalid_block_tag(token, command, parse_until)
  File "/opt/anaconda3/envs/aps/lib/python3.10/site-packages/django/template/base.py", line 555, in invalid_block_tag
    raise self.error(
django.template.exceptions.TemplateSyntaxError: Invalid block tag on line 317: 'endfor', expected 'endblock'. Did you forget to register or load this tag?
[2025-09-17 10:21:11] ERROR - django.server - log_message:212 - "GET /support/ HTTP/1.1" 500 273627
[2025-09-17 10:21:13] ERROR - django.request - log_response:241 - Internal Server Error: /support/
Traceback (most recent call last):
  File "/opt/anaconda3/envs/aps/lib/python3.10/site-packages/django/template/base.py", line 502, in parse
    compile_func = self.tags[command]
KeyError: 'endfor'

During handling of the above exception, another exception occurred:

Traceback (most recent call last):
  File "/opt/anaconda3/envs/aps/lib/python3.10/site-packages/django/core/handlers/exception.py", line 55, in inner
    response = get_response(request)
  File "/opt/anaconda3/envs/aps/lib/python3.10/site-packages/django/core/handlers/base.py", line 220, in _get_response
    response = response.render()
  File "/opt/anaconda3/envs/aps/lib/python3.10/site-packages/django/template/response.py", line 114, in render
    self.content = self.rendered_content
  File "/opt/anaconda3/envs/aps/lib/python3.10/site-packages/django/template/response.py", line 90, in rendered_content
    template = self.resolve_template(self.template_name)
  File "/opt/anaconda3/envs/aps/lib/python3.10/site-packages/django/template/response.py", line 72, in resolve_template
    return select_template(template, using=self.using)
  File "/opt/anaconda3/envs/aps/lib/python3.10/site-packages/django/template/loader.py", line 42, in select_template
    return engine.get_template(template_name)
  File "/opt/anaconda3/envs/aps/lib/python3.10/site-packages/django/template/backends/django.py", line 33, in get_template
    return Template(self.engine.get_template(template_name), self)
  File "/opt/anaconda3/envs/aps/lib/python3.10/site-packages/django/template/engine.py", line 177, in get_template
    template, origin = self.find_template(template_name)
  File "/opt/anaconda3/envs/aps/lib/python3.10/site-packages/django/template/engine.py", line 159, in find_template
    template = loader.get_template(name, skip=skip)
  File "/opt/anaconda3/envs/aps/lib/python3.10/site-packages/django/template/loaders/cached.py", line 57, in get_template
    template = super().get_template(template_name, skip)
  File "/opt/anaconda3/envs/aps/lib/python3.10/site-packages/django/template/loaders/base.py", line 28, in get_template
    return Template(
  File "/opt/anaconda3/envs/aps/lib/python3.10/site-packages/django/template/base.py", line 154, in __init__
    self.nodelist = self.compile_nodelist()
  File "/opt/anaconda3/envs/aps/lib/python3.10/site-packages/django/template/base.py", line 196, in compile_nodelist
    return parser.parse()
  File "/opt/anaconda3/envs/aps/lib/python3.10/site-packages/django/template/base.py", line 510, in parse
    raise self.error(token, e)
  File "/opt/anaconda3/envs/aps/lib/python3.10/site-packages/django/template/base.py", line 508, in parse
    compiled_result = compile_func(self, token)
  File "/opt/anaconda3/envs/aps/lib/python3.10/site-packages/django/template/loader_tags.py", line 295, in do_extends
    nodelist = parser.parse()
  File "/opt/anaconda3/envs/aps/lib/python3.10/site-packages/django/template/base.py", line 510, in parse
    raise self.error(token, e)
  File "/opt/anaconda3/envs/aps/lib/python3.10/site-packages/django/template/base.py", line 508, in parse
    compiled_result = compile_func(self, token)
  File "/opt/anaconda3/envs/aps/lib/python3.10/site-packages/django/template/loader_tags.py", line 234, in do_block
    nodelist = parser.parse(("endblock",))
  File "/opt/anaconda3/envs/aps/lib/python3.10/site-packages/django/template/base.py", line 504, in parse
    self.invalid_block_tag(token, command, parse_until)
  File "/opt/anaconda3/envs/aps/lib/python3.10/site-packages/django/template/base.py", line 555, in invalid_block_tag
    raise self.error(
django.template.exceptions.TemplateSyntaxError: Invalid block tag on line 317: 'endfor', expected 'endblock'. Did you forget to register or load this tag?
[2025-09-17 10:21:13] ERROR - django.server - log_message:212 - "GET /support/ HTTP/1.1" 500 273627
[2025-09-17 10:21:35] ERROR - django.request - log_response:241 - Internal Server Error: /support/
Traceback (most recent call last):
  File "/opt/anaconda3/envs/aps/lib/python3.10/site-packages/django/template/base.py", line 502, in parse
    compile_func = self.tags[command]
KeyError: 'endfor'

During handling of the above exception, another exception occurred:

Traceback (most recent call last):
  File "/opt/anaconda3/envs/aps/lib/python3.10/site-packages/django/core/handlers/exception.py", line 55, in inner
    response = get_response(request)
  File "/opt/anaconda3/envs/aps/lib/python3.10/site-packages/django/core/handlers/base.py", line 220, in _get_response
    response = response.render()
  File "/opt/anaconda3/envs/aps/lib/python3.10/site-packages/django/template/response.py", line 114, in render
    self.content = self.rendered_content
  File "/opt/anaconda3/envs/aps/lib/python3.10/site-packages/django/template/response.py", line 90, in rendered_content
    template = self.resolve_template(self.template_name)
  File "/opt/anaconda3/envs/aps/lib/python3.10/site-packages/django/template/response.py", line 72, in resolve_template
    return select_template(template, using=self.using)
  File "/opt/anaconda3/envs/aps/lib/python3.10/site-packages/django/template/loader.py", line 42, in select_template
    return engine.get_template(template_name)
  File "/opt/anaconda3/envs/aps/lib/python3.10/site-packages/django/template/backends/django.py", line 33, in get_template
    return Template(self.engine.get_template(template_name), self)
  File "/opt/anaconda3/envs/aps/lib/python3.10/site-packages/django/template/engine.py", line 177, in get_template
    template, origin = self.find_template(template_name)
  File "/opt/anaconda3/envs/aps/lib/python3.10/site-packages/django/template/engine.py", line 159, in find_template
    template = loader.get_template(name, skip=skip)
  File "/opt/anaconda3/envs/aps/lib/python3.10/site-packages/django/template/loaders/cached.py", line 57, in get_template
    template = super().get_template(template_name, skip)
  File "/opt/anaconda3/envs/aps/lib/python3.10/site-packages/django/template/loaders/base.py", line 28, in get_template
    return Template(
  File "/opt/anaconda3/envs/aps/lib/python3.10/site-packages/django/template/base.py", line 154, in __init__
    self.nodelist = self.compile_nodelist()
  File "/opt/anaconda3/envs/aps/lib/python3.10/site-packages/django/template/base.py", line 196, in compile_nodelist
    return parser.parse()
  File "/opt/anaconda3/envs/aps/lib/python3.10/site-packages/django/template/base.py", line 510, in parse
    raise self.error(token, e)
  File "/opt/anaconda3/envs/aps/lib/python3.10/site-packages/django/template/base.py", line 508, in parse
    compiled_result = compile_func(self, token)
  File "/opt/anaconda3/envs/aps/lib/python3.10/site-packages/django/template/loader_tags.py", line 295, in do_extends
    nodelist = parser.parse()
  File "/opt/anaconda3/envs/aps/lib/python3.10/site-packages/django/template/base.py", line 510, in parse
    raise self.error(token, e)
  File "/opt/anaconda3/envs/aps/lib/python3.10/site-packages/django/template/base.py", line 508, in parse
    compiled_result = compile_func(self, token)
  File "/opt/anaconda3/envs/aps/lib/python3.10/site-packages/django/template/loader_tags.py", line 234, in do_block
    nodelist = parser.parse(("endblock",))
  File "/opt/anaconda3/envs/aps/lib/python3.10/site-packages/django/template/base.py", line 510, in parse
    raise self.error(token, e)
  File "/opt/anaconda3/envs/aps/lib/python3.10/site-packages/django/template/base.py", line 508, in parse
    compiled_result = compile_func(self, token)
  File "/opt/anaconda3/envs/aps/lib/python3.10/site-packages/django/template/defaulttags.py", line 961, in do_if
    nodelist = parser.parse(("elif", "else", "endif"))
  File "/opt/anaconda3/envs/aps/lib/python3.10/site-packages/django/template/base.py", line 504, in parse
    self.invalid_block_tag(token, command, parse_until)
  File "/opt/anaconda3/envs/aps/lib/python3.10/site-packages/django/template/base.py", line 555, in invalid_block_tag
    raise self.error(
django.template.exceptions.TemplateSyntaxError: Invalid block tag on line 678: 'endfor', expected 'elif', 'else' or 'endif'. Did you forget to register or load this tag?
[2025-09-17 10:21:35] ERROR - django.server - log_message:212 - "GET /support/ HTTP/1.1" 500 252275
[2025-09-17 10:22:37] ERROR - django.request - log_response:241 - Internal Server Error: /attendance/
Traceback (most recent call last):
  File "/Users/harshalsmac/WORK/ardur/ardurHome/trueAlign/attendance/views.py", line 1079, in _get_user_current_shift
    return ShiftAssignment.objects.filter(
  File "/opt/anaconda3/envs/aps/lib/python3.10/site-packages/django/db/models/manager.py", line 87, in manager_method
    return getattr(self.get_queryset(), name)(*args, **kwargs)
  File "/opt/anaconda3/envs/aps/lib/python3.10/site-packages/django/db/models/query.py", line 1476, in filter
    return self._filter_or_exclude(False, args, kwargs)
  File "/opt/anaconda3/envs/aps/lib/python3.10/site-packages/django/db/models/query.py", line 1494, in _filter_or_exclude
    clone._filter_or_exclude_inplace(negate, args, kwargs)
  File "/opt/anaconda3/envs/aps/lib/python3.10/site-packages/django/db/models/query.py", line 1501, in _filter_or_exclude_inplace
    self._query.add_q(Q(*args, **kwargs))
  File "/opt/anaconda3/envs/aps/lib/python3.10/site-packages/django/db/models/sql/query.py", line 1613, in add_q
    clause, _ = self._add_q(q_object, self.used_aliases)
  File "/opt/anaconda3/envs/aps/lib/python3.10/site-packages/django/db/models/sql/query.py", line 1645, in _add_q
    child_clause, needed_inner = self.build_filter(
  File "/opt/anaconda3/envs/aps/lib/python3.10/site-packages/django/db/models/sql/query.py", line 1495, in build_filter
    lookups, parts, reffed_expression = self.solve_lookup_type(arg, summarize)
  File "/opt/anaconda3/envs/aps/lib/python3.10/site-packages/django/db/models/sql/query.py", line 1307, in solve_lookup_type
    _, field, _, lookup_parts = self.names_to_path(lookup_splitted, self.get_meta())
  File "/opt/anaconda3/envs/aps/lib/python3.10/site-packages/django/db/models/sql/query.py", line 1772, in names_to_path
    raise FieldError(
django.core.exceptions.FieldError: Cannot resolve keyword 'end_date' into field. Choices are: created_at, created_by, created_by_id, effective_from, effective_to, id, is_current, notes, shift, shift_id, updated_at, user, user_id

During handling of the above exception, another exception occurred:

Traceback (most recent call last):
  File "/Users/harshalsmac/WORK/ardur/ardurHome/trueAlign/attendance/views.py", line 73, in attendance_dashboard
    context = _build_dashboard_context(request)
  File "/Users/harshalsmac/WORK/ardur/ardurHome/trueAlign/attendance/views.py", line 119, in _build_dashboard_context
    'current_shift': _get_user_current_shift(request.user, today),
  File "/Users/harshalsmac/WORK/ardur/ardurHome/trueAlign/attendance/views.py", line 1085, in _get_user_current_shift
    logger.error(f"Error getting current shift for {user.username}: {e}")
NameError: name 'logger' is not defined

During handling of the above exception, another exception occurred:

Traceback (most recent call last):
  File "/opt/anaconda3/envs/aps/lib/python3.10/site-packages/django/core/handlers/exception.py", line 55, in inner
    response = get_response(request)
  File "/opt/anaconda3/envs/aps/lib/python3.10/site-packages/django/core/handlers/base.py", line 197, in _get_response
    response = wrapped_callback(request, *callback_args, **callback_kwargs)
  File "/opt/anaconda3/envs/aps/lib/python3.10/site-packages/django/contrib/auth/decorators.py", line 23, in _wrapper_view
    return view_func(request, *args, **kwargs)
  File "/Users/harshalsmac/WORK/ardur/ardurHome/trueAlign/attendance/decorators.py", line 167, in _wrapped_view
    return view_func(request, *args, **kwargs)
  File "/Users/harshalsmac/WORK/ardur/ardurHome/trueAlign/attendance/views.py", line 78, in attendance_dashboard
    logger.error(f"Error in attendance dashboard: {e}")
NameError: name 'logger' is not defined
[2025-09-17 10:22:37] ERROR - django.server - log_message:212 - "GET /attendance/ HTTP/1.1" 500 168471
[2025-09-17 10:25:37] ERROR - django.request - log_response:241 - Internal Server Error: /support/create/
Traceback (most recent call last):
  File "/opt/anaconda3/envs/aps/lib/python3.10/site-packages/django/template/base.py", line 502, in parse
    compile_func = self.tags[command]
KeyError: 'endblock'

During handling of the above exception, another exception occurred:

Traceback (most recent call last):
  File "/opt/anaconda3/envs/aps/lib/python3.10/site-packages/django/core/handlers/exception.py", line 55, in inner
    response = get_response(request)
  File "/opt/anaconda3/envs/aps/lib/python3.10/site-packages/django/core/handlers/base.py", line 220, in _get_response
    response = response.render()
  File "/opt/anaconda3/envs/aps/lib/python3.10/site-packages/django/template/response.py", line 114, in render
    self.content = self.rendered_content
  File "/opt/anaconda3/envs/aps/lib/python3.10/site-packages/django/template/response.py", line 90, in rendered_content
    template = self.resolve_template(self.template_name)
  File "/opt/anaconda3/envs/aps/lib/python3.10/site-packages/django/template/response.py", line 72, in resolve_template
    return select_template(template, using=self.using)
  File "/opt/anaconda3/envs/aps/lib/python3.10/site-packages/django/template/loader.py", line 42, in select_template
    return engine.get_template(template_name)
  File "/opt/anaconda3/envs/aps/lib/python3.10/site-packages/django/template/backends/django.py", line 33, in get_template
    return Template(self.engine.get_template(template_name), self)
  File "/opt/anaconda3/envs/aps/lib/python3.10/site-packages/django/template/engine.py", line 177, in get_template
    template, origin = self.find_template(template_name)
  File "/opt/anaconda3/envs/aps/lib/python3.10/site-packages/django/template/engine.py", line 159, in find_template
    template = loader.get_template(name, skip=skip)
  File "/opt/anaconda3/envs/aps/lib/python3.10/site-packages/django/template/loaders/cached.py", line 57, in get_template
    template = super().get_template(template_name, skip)
  File "/opt/anaconda3/envs/aps/lib/python3.10/site-packages/django/template/loaders/base.py", line 28, in get_template
    return Template(
  File "/opt/anaconda3/envs/aps/lib/python3.10/site-packages/django/template/base.py", line 154, in __init__
    self.nodelist = self.compile_nodelist()
  File "/opt/anaconda3/envs/aps/lib/python3.10/site-packages/django/template/base.py", line 196, in compile_nodelist
    return parser.parse()
  File "/opt/anaconda3/envs/aps/lib/python3.10/site-packages/django/template/base.py", line 510, in parse
    raise self.error(token, e)
  File "/opt/anaconda3/envs/aps/lib/python3.10/site-packages/django/template/base.py", line 508, in parse
    compiled_result = compile_func(self, token)
  File "/opt/anaconda3/envs/aps/lib/python3.10/site-packages/django/template/loader_tags.py", line 295, in do_extends
    nodelist = parser.parse()
  File "/opt/anaconda3/envs/aps/lib/python3.10/site-packages/django/template/base.py", line 504, in parse
    self.invalid_block_tag(token, command, parse_until)
  File "/opt/anaconda3/envs/aps/lib/python3.10/site-packages/django/template/base.py", line 565, in invalid_block_tag
    raise self.error(
django.template.exceptions.TemplateSyntaxError: Invalid block tag on line 2: 'endblock'. Did you forget to register or load this tag?
[2025-09-17 10:25:37] ERROR - django.server - log_message:212 - "GET /support/create/ HTTP/1.1" 500 219253
[2025-09-17 10:25:53] ERROR - django.request - log_response:241 - Internal Server Error: /support/create/
Traceback (most recent call last):
  File "/opt/anaconda3/envs/aps/lib/python3.10/site-packages/django/template/base.py", line 502, in parse
    compile_func = self.tags[command]
KeyError: 'endblock'

During handling of the above exception, another exception occurred:

Traceback (most recent call last):
  File "/opt/anaconda3/envs/aps/lib/python3.10/site-packages/django/core/handlers/exception.py", line 55, in inner
    response = get_response(request)
  File "/opt/anaconda3/envs/aps/lib/python3.10/site-packages/django/core/handlers/base.py", line 220, in _get_response
    response = response.render()
  File "/opt/anaconda3/envs/aps/lib/python3.10/site-packages/django/template/response.py", line 114, in render
    self.content = self.rendered_content
  File "/opt/anaconda3/envs/aps/lib/python3.10/site-packages/django/template/response.py", line 90, in rendered_content
    template = self.resolve_template(self.template_name)
  File "/opt/anaconda3/envs/aps/lib/python3.10/site-packages/django/template/response.py", line 72, in resolve_template
    return select_template(template, using=self.using)
  File "/opt/anaconda3/envs/aps/lib/python3.10/site-packages/django/template/loader.py", line 42, in select_template
    return engine.get_template(template_name)
  File "/opt/anaconda3/envs/aps/lib/python3.10/site-packages/django/template/backends/django.py", line 33, in get_template
    return Template(self.engine.get_template(template_name), self)
  File "/opt/anaconda3/envs/aps/lib/python3.10/site-packages/django/template/engine.py", line 177, in get_template
    template, origin = self.find_template(template_name)
  File "/opt/anaconda3/envs/aps/lib/python3.10/site-packages/django/template/engine.py", line 159, in find_template
    template = loader.get_template(name, skip=skip)
  File "/opt/anaconda3/envs/aps/lib/python3.10/site-packages/django/template/loaders/cached.py", line 57, in get_template
    template = super().get_template(template_name, skip)
  File "/opt/anaconda3/envs/aps/lib/python3.10/site-packages/django/template/loaders/base.py", line 28, in get_template
    return Template(
  File "/opt/anaconda3/envs/aps/lib/python3.10/site-packages/django/template/base.py", line 154, in __init__
    self.nodelist = self.compile_nodelist()
  File "/opt/anaconda3/envs/aps/lib/python3.10/site-packages/django/template/base.py", line 196, in compile_nodelist
    return parser.parse()
  File "/opt/anaconda3/envs/aps/lib/python3.10/site-packages/django/template/base.py", line 510, in parse
    raise self.error(token, e)
  File "/opt/anaconda3/envs/aps/lib/python3.10/site-packages/django/template/base.py", line 508, in parse
    compiled_result = compile_func(self, token)
  File "/opt/anaconda3/envs/aps/lib/python3.10/site-packages/django/template/loader_tags.py", line 295, in do_extends
    nodelist = parser.parse()
  File "/opt/anaconda3/envs/aps/lib/python3.10/site-packages/django/template/base.py", line 504, in parse
    self.invalid_block_tag(token, command, parse_until)
  File "/opt/anaconda3/envs/aps/lib/python3.10/site-packages/django/template/base.py", line 565, in invalid_block_tag
    raise self.error(
django.template.exceptions.TemplateSyntaxError: Invalid block tag on line 2: 'endblock'. Did you forget to register or load this tag?
[2025-09-17 10:25:53] ERROR - django.server - log_message:212 - "GET /support/create/ HTTP/1.1" 500 219195
[2025-09-17 10:26:06] ERROR - django.request - log_response:241 - Internal Server Error: /support/create/
Traceback (most recent call last):
  File "/opt/anaconda3/envs/aps/lib/python3.10/site-packages/django/template/base.py", line 502, in parse
    compile_func = self.tags[command]
KeyError: 'endif'

During handling of the above exception, another exception occurred:

Traceback (most recent call last):
  File "/opt/anaconda3/envs/aps/lib/python3.10/site-packages/django/core/handlers/exception.py", line 55, in inner
    response = get_response(request)
  File "/opt/anaconda3/envs/aps/lib/python3.10/site-packages/django/core/handlers/base.py", line 220, in _get_response
    response = response.render()
  File "/opt/anaconda3/envs/aps/lib/python3.10/site-packages/django/template/response.py", line 114, in render
    self.content = self.rendered_content
  File "/opt/anaconda3/envs/aps/lib/python3.10/site-packages/django/template/response.py", line 90, in rendered_content
    template = self.resolve_template(self.template_name)
  File "/opt/anaconda3/envs/aps/lib/python3.10/site-packages/django/template/response.py", line 72, in resolve_template
    return select_template(template, using=self.using)
  File "/opt/anaconda3/envs/aps/lib/python3.10/site-packages/django/template/loader.py", line 42, in select_template
    return engine.get_template(template_name)
  File "/opt/anaconda3/envs/aps/lib/python3.10/site-packages/django/template/backends/django.py", line 33, in get_template
    return Template(self.engine.get_template(template_name), self)
  File "/opt/anaconda3/envs/aps/lib/python3.10/site-packages/django/template/engine.py", line 177, in get_template
    template, origin = self.find_template(template_name)
  File "/opt/anaconda3/envs/aps/lib/python3.10/site-packages/django/template/engine.py", line 159, in find_template
    template = loader.get_template(name, skip=skip)
  File "/opt/anaconda3/envs/aps/lib/python3.10/site-packages/django/template/loaders/cached.py", line 57, in get_template
    template = super().get_template(template_name, skip)
  File "/opt/anaconda3/envs/aps/lib/python3.10/site-packages/django/template/loaders/base.py", line 28, in get_template
    return Template(
  File "/opt/anaconda3/envs/aps/lib/python3.10/site-packages/django/template/base.py", line 154, in __init__
    self.nodelist = self.compile_nodelist()
  File "/opt/anaconda3/envs/aps/lib/python3.10/site-packages/django/template/base.py", line 196, in compile_nodelist
    return parser.parse()
  File "/opt/anaconda3/envs/aps/lib/python3.10/site-packages/django/template/base.py", line 510, in parse
    raise self.error(token, e)
  File "/opt/anaconda3/envs/aps/lib/python3.10/site-packages/django/template/base.py", line 508, in parse
    compiled_result = compile_func(self, token)
  File "/opt/anaconda3/envs/aps/lib/python3.10/site-packages/django/template/loader_tags.py", line 295, in do_extends
    nodelist = parser.parse()
  File "/opt/anaconda3/envs/aps/lib/python3.10/site-packages/django/template/base.py", line 510, in parse
    raise self.error(token, e)
  File "/opt/anaconda3/envs/aps/lib/python3.10/site-packages/django/template/base.py", line 508, in parse
    compiled_result = compile_func(self, token)
  File "/opt/anaconda3/envs/aps/lib/python3.10/site-packages/django/template/loader_tags.py", line 234, in do_block
    nodelist = parser.parse(("endblock",))
  File "/opt/anaconda3/envs/aps/lib/python3.10/site-packages/django/template/base.py", line 504, in parse
    self.invalid_block_tag(token, command, parse_until)
  File "/opt/anaconda3/envs/aps/lib/python3.10/site-packages/django/template/base.py", line 555, in invalid_block_tag
    raise self.error(
django.template.exceptions.TemplateSyntaxError: Invalid block tag on line 161: 'endif', expected 'endblock'. Did you forget to register or load this tag?
[2025-09-17 10:26:06] ERROR - django.server - log_message:212 - "GET /support/create/ HTTP/1.1" 500 241005
[2025-09-17 10:39:58] ERROR - django.request - log_response:241 - Internal Server Error: /support/create/
Traceback (most recent call last):
  File "/opt/anaconda3/envs/aps/lib/python3.10/site-packages/django/template/base.py", line 502, in parse
    compile_func = self.tags[command]
KeyError: 'endblock'

During handling of the above exception, another exception occurred:

Traceback (most recent call last):
  File "/opt/anaconda3/envs/aps/lib/python3.10/site-packages/django/core/handlers/exception.py", line 55, in inner
    response = get_response(request)
  File "/opt/anaconda3/envs/aps/lib/python3.10/site-packages/django/core/handlers/base.py", line 220, in _get_response
    response = response.render()
  File "/opt/anaconda3/envs/aps/lib/python3.10/site-packages/django/template/response.py", line 114, in render
    self.content = self.rendered_content
  File "/opt/anaconda3/envs/aps/lib/python3.10/site-packages/django/template/response.py", line 90, in rendered_content
    template = self.resolve_template(self.template_name)
  File "/opt/anaconda3/envs/aps/lib/python3.10/site-packages/django/template/response.py", line 72, in resolve_template
    return select_template(template, using=self.using)
  File "/opt/anaconda3/envs/aps/lib/python3.10/site-packages/django/template/loader.py", line 42, in select_template
    return engine.get_template(template_name)
  File "/opt/anaconda3/envs/aps/lib/python3.10/site-packages/django/template/backends/django.py", line 33, in get_template
    return Template(self.engine.get_template(template_name), self)
  File "/opt/anaconda3/envs/aps/lib/python3.10/site-packages/django/template/engine.py", line 177, in get_template
    template, origin = self.find_template(template_name)
  File "/opt/anaconda3/envs/aps/lib/python3.10/site-packages/django/template/engine.py", line 159, in find_template
    template = loader.get_template(name, skip=skip)
  File "/opt/anaconda3/envs/aps/lib/python3.10/site-packages/django/template/loaders/cached.py", line 57, in get_template
    template = super().get_template(template_name, skip)
  File "/opt/anaconda3/envs/aps/lib/python3.10/site-packages/django/template/loaders/base.py", line 28, in get_template
    return Template(
  File "/opt/anaconda3/envs/aps/lib/python3.10/site-packages/django/template/base.py", line 154, in __init__
    self.nodelist = self.compile_nodelist()
  File "/opt/anaconda3/envs/aps/lib/python3.10/site-packages/django/template/base.py", line 196, in compile_nodelist
    return parser.parse()
  File "/opt/anaconda3/envs/aps/lib/python3.10/site-packages/django/template/base.py", line 510, in parse
    raise self.error(token, e)
  File "/opt/anaconda3/envs/aps/lib/python3.10/site-packages/django/template/base.py", line 508, in parse
    compiled_result = compile_func(self, token)
  File "/opt/anaconda3/envs/aps/lib/python3.10/site-packages/django/template/loader_tags.py", line 295, in do_extends
    nodelist = parser.parse()
  File "/opt/anaconda3/envs/aps/lib/python3.10/site-packages/django/template/base.py", line 504, in parse
    self.invalid_block_tag(token, command, parse_until)
  File "/opt/anaconda3/envs/aps/lib/python3.10/site-packages/django/template/base.py", line 565, in invalid_block_tag
    raise self.error(
django.template.exceptions.TemplateSyntaxError: Invalid block tag on line 2: 'endblock'. Did you forget to register or load this tag?
[2025-09-17 10:39:58] ERROR - django.server - log_message:212 - "GET /support/create/ HTTP/1.1" 500 221645
[2025-09-17 10:43:19] ERROR - django.request - log_response:241 - Internal Server Error: /support/create/
Traceback (most recent call last):
  File "/opt/anaconda3/envs/aps/lib/python3.10/site-packages/django/template/base.py", line 502, in parse
    compile_func = self.tags[command]
KeyError: 'endblock'

During handling of the above exception, another exception occurred:

Traceback (most recent call last):
  File "/opt/anaconda3/envs/aps/lib/python3.10/site-packages/django/core/handlers/exception.py", line 55, in inner
    response = get_response(request)
  File "/opt/anaconda3/envs/aps/lib/python3.10/site-packages/django/core/handlers/base.py", line 220, in _get_response
    response = response.render()
  File "/opt/anaconda3/envs/aps/lib/python3.10/site-packages/django/template/response.py", line 114, in render
    self.content = self.rendered_content
  File "/opt/anaconda3/envs/aps/lib/python3.10/site-packages/django/template/response.py", line 90, in rendered_content
    template = self.resolve_template(self.template_name)
  File "/opt/anaconda3/envs/aps/lib/python3.10/site-packages/django/template/response.py", line 72, in resolve_template
    return select_template(template, using=self.using)
  File "/opt/anaconda3/envs/aps/lib/python3.10/site-packages/django/template/loader.py", line 42, in select_template
    return engine.get_template(template_name)
  File "/opt/anaconda3/envs/aps/lib/python3.10/site-packages/django/template/backends/django.py", line 33, in get_template
    return Template(self.engine.get_template(template_name), self)
  File "/opt/anaconda3/envs/aps/lib/python3.10/site-packages/django/template/engine.py", line 177, in get_template
    template, origin = self.find_template(template_name)
  File "/opt/anaconda3/envs/aps/lib/python3.10/site-packages/django/template/engine.py", line 159, in find_template
    template = loader.get_template(name, skip=skip)
  File "/opt/anaconda3/envs/aps/lib/python3.10/site-packages/django/template/loaders/cached.py", line 57, in get_template
    template = super().get_template(template_name, skip)
  File "/opt/anaconda3/envs/aps/lib/python3.10/site-packages/django/template/loaders/base.py", line 28, in get_template
    return Template(
  File "/opt/anaconda3/envs/aps/lib/python3.10/site-packages/django/template/base.py", line 154, in __init__
    self.nodelist = self.compile_nodelist()
  File "/opt/anaconda3/envs/aps/lib/python3.10/site-packages/django/template/base.py", line 196, in compile_nodelist
    return parser.parse()
  File "/opt/anaconda3/envs/aps/lib/python3.10/site-packages/django/template/base.py", line 510, in parse
    raise self.error(token, e)
  File "/opt/anaconda3/envs/aps/lib/python3.10/site-packages/django/template/base.py", line 508, in parse
    compiled_result = compile_func(self, token)
  File "/opt/anaconda3/envs/aps/lib/python3.10/site-packages/django/template/loader_tags.py", line 295, in do_extends
    nodelist = parser.parse()
  File "/opt/anaconda3/envs/aps/lib/python3.10/site-packages/django/template/base.py", line 504, in parse
    self.invalid_block_tag(token, command, parse_until)
  File "/opt/anaconda3/envs/aps/lib/python3.10/site-packages/django/template/base.py", line 565, in invalid_block_tag
    raise self.error(
django.template.exceptions.TemplateSyntaxError: Invalid block tag on line 2: 'endblock'. Did you forget to register or load this tag?
[2025-09-17 10:43:19] ERROR - django.server - log_message:212 - "GET /support/create/ HTTP/1.1" 500 220086
[2025-09-17 10:44:19] ERROR - django.request - log_response:241 - Internal Server Error: /support/ticket/4/
Traceback (most recent call last):
  File "/opt/anaconda3/envs/aps/lib/python3.10/site-packages/django/core/handlers/exception.py", line 55, in inner
    response = get_response(request)
  File "/opt/anaconda3/envs/aps/lib/python3.10/site-packages/django/core/handlers/base.py", line 220, in _get_response
    response = response.render()
  File "/opt/anaconda3/envs/aps/lib/python3.10/site-packages/django/template/response.py", line 114, in render
    self.content = self.rendered_content
  File "/opt/anaconda3/envs/aps/lib/python3.10/site-packages/django/template/response.py", line 90, in rendered_content
    template = self.resolve_template(self.template_name)
  File "/opt/anaconda3/envs/aps/lib/python3.10/site-packages/django/template/response.py", line 72, in resolve_template
    return select_template(template, using=self.using)
  File "/opt/anaconda3/envs/aps/lib/python3.10/site-packages/django/template/loader.py", line 42, in select_template
    return engine.get_template(template_name)
  File "/opt/anaconda3/envs/aps/lib/python3.10/site-packages/django/template/backends/django.py", line 33, in get_template
    return Template(self.engine.get_template(template_name), self)
  File "/opt/anaconda3/envs/aps/lib/python3.10/site-packages/django/template/engine.py", line 177, in get_template
    template, origin = self.find_template(template_name)
  File "/opt/anaconda3/envs/aps/lib/python3.10/site-packages/django/template/engine.py", line 159, in find_template
    template = loader.get_template(name, skip=skip)
  File "/opt/anaconda3/envs/aps/lib/python3.10/site-packages/django/template/loaders/cached.py", line 57, in get_template
    template = super().get_template(template_name, skip)
  File "/opt/anaconda3/envs/aps/lib/python3.10/site-packages/django/template/loaders/base.py", line 28, in get_template
    return Template(
  File "/opt/anaconda3/envs/aps/lib/python3.10/site-packages/django/template/base.py", line 154, in __init__
    self.nodelist = self.compile_nodelist()
  File "/opt/anaconda3/envs/aps/lib/python3.10/site-packages/django/template/base.py", line 196, in compile_nodelist
    return parser.parse()
  File "/opt/anaconda3/envs/aps/lib/python3.10/site-packages/django/template/base.py", line 510, in parse
    raise self.error(token, e)
  File "/opt/anaconda3/envs/aps/lib/python3.10/site-packages/django/template/base.py", line 508, in parse
    compiled_result = compile_func(self, token)
  File "/opt/anaconda3/envs/aps/lib/python3.10/site-packages/django/template/loader_tags.py", line 295, in do_extends
    nodelist = parser.parse()
  File "/opt/anaconda3/envs/aps/lib/python3.10/site-packages/django/template/base.py", line 510, in parse
    raise self.error(token, e)
  File "/opt/anaconda3/envs/aps/lib/python3.10/site-packages/django/template/base.py", line 508, in parse
    compiled_result = compile_func(self, token)
  File "/opt/anaconda3/envs/aps/lib/python3.10/site-packages/django/template/loader_tags.py", line 234, in do_block
    nodelist = parser.parse(("endblock",))
  File "/opt/anaconda3/envs/aps/lib/python3.10/site-packages/django/template/base.py", line 510, in parse
    raise self.error(token, e)
  File "/opt/anaconda3/envs/aps/lib/python3.10/site-packages/django/template/base.py", line 508, in parse
    compiled_result = compile_func(self, token)
  File "/opt/anaconda3/envs/aps/lib/python3.10/site-packages/django/template/defaulttags.py", line 961, in do_if
    nodelist = parser.parse(("elif", "else", "endif"))
  File "/opt/anaconda3/envs/aps/lib/python3.10/site-packages/django/template/base.py", line 515, in parse
    self.unclosed_block_tag(parse_until)
  File "/opt/anaconda3/envs/aps/lib/python3.10/site-packages/django/template/base.py", line 578, in unclosed_block_tag
    raise self.error(token, msg)
django.template.exceptions.TemplateSyntaxError: Unclosed tag on line 451: 'if'. Looking for one of: elif, else, endif.
[2025-09-17 10:44:19] ERROR - django.server - log_message:212 - "GET /support/ticket/4/ HTTP/1.1" 500 227471
